상가업소번호,상호명,지점명,상권업종대분류코드,상권업종대분류명,상권업종중분류코드,상권업종중분류명,상권업종소분류코드,상권업종소분류명,표준산업분류코드,표준산업분류명,시도코드,시도명,시군구코드,시군구명,행정동코드,행정동명,법정동코드,법정동명,지번코드,대지구분코드,대지구분명,지번주소,도로명코드,도로명,건물관리번호,도로명주소,우편번호,층정보
MA010120220806881427,뚜레쥬르비하,계룡점,I2,음식,I210,기타 간이,I21001,빵/도넛,I56191,제과점업,43,충청북도,43113,청주시 흥덕구,43113760,강서1동,4311313800,비하동,4.31131380010755e+18,1,대지,충청북도 청주시 흥덕구 비하동 755,431134511056,충청북도 청주시 흥덕구 2순환로1168번길,4.31131380010755e+24,충청북도 청주시 흥덕구 2순환로1168번길 26,28364.0,1.0
MA010120220810042302,세븐일레븐청주현도,산단점,G2,소매,G204,종합 소매,G20405,편의점,G47122,체인화 편의점,43,충청북도,43112,청주시 서원구,43112320,현도면,4311232026,현도면,4.3112320261048095e+18,1,대지,충청북도 청주시 서원구 현도면 선동리 481-4,431123236067,충청북도 청주시 서원구 현도면 청남로,4.31123202610481e+24,충청북도 청주시 서원구 현도면 청남로 332-1,28215.0,1.0
MA010120220813705661,지에스25가경,휴먼시아점,G2,소매,G204,종합 소매,G20405,편의점,G47122,체인화 편의점,43,충청북도,43113,청주시 흥덕구,43113747,가경동,4311311300,가경동,4.3113113001201e+18,1,대지,충청북도 청주시 흥덕구 가경동 2010,431134511591,충청북도 청주시 흥덕구 서현중로32번길,4.3113113001201e+24,충청북도 청주시 흥덕구 서현중로32번길 21,28384.0,1.0
MA010120220806975026,손문갈매기,연수점,I2,음식,I201,한식,I20107,돼지고기 구이/찜,I56113,한식 육류 요리 전문점,43,충청북도,43130,충주시,43130630,연수동,4313011800,연수동,4.3130118001073e+18,1,대지,충청북도 충주시 연수동 730-11,431303238046,충청북도 충주시 연원로,4.3130118001073e+24,충청북도 충주시 연원로 33,27347.0,1.0
MA010120220812555633,미용가로데오,2호점,S2,수리·개인,S207,이용·미용,S20701,미용실,S96112,두발 미용업,43,충청북도,43111,청주시 상당구,43111545,성안동,4311110200,북문로1가,4.31111020010132e+18,1,대지,충청북도 청주시 상당구 북문로1가 132-1,431114508336,충청북도 청주시 상당구 상당로91번길,4.31111020010132e+24,충청북도 청주시 상당구 상당로91번길 39-5,28525.0,2.0
MA010120220800046507,뉴에라/현대,충청점,G2,소매,G209,섬유·의복·신발 소매,G20905,기타 의류 소매업,G47419,기타 의복 소매업,43,충청북도,43113,청주시 흥덕구,43113741,복대1동,4311311400,복대동,4.3113114001338e+18,1,대지,충청북도 청주시 흥덕구 복대동 3380,431133236058,충청북도 청주시 흥덕구 직지대로,4.31131140010584e+24,충청북도 청주시 흥덕구 직지대로 308,28424.0,1.0
MA010120220806967460,킹콩부대찌개충북;92막창,혁신점,I2,음식,I201,한식,I20102,국/탕/찌개류,I56111,한식 일반 음식점업,43,충청북도,43770,음성군,43770330,맹동면,4377033028,맹동면,4.3770330281137695e+18,1,대지,충청북도 음성군 맹동면 두성리 1377,437703247042,충청북도 음성군 맹동면 원중로,4.37703302811377e+24,충청북도 음성군 맹동면 원중로 1406,27738.0,1.0
MA010120220802515528,용두,직영점,G2,소매,G208,가전·통신 소매,G20802,핸드폰 소매업,G47312,통신기기 소매업,43,충청북도,43150,제천시,43150560,용두동,4315011100,하소동,4.31501110010079e+18,1,대지,충청북도 제천시 하소동 79-8,431504517625,충청북도 제천시 용두대로15길,4.31501110010079e+24,충청북도 제천시 용두대로15길 4,27162.0,1.0
MA010120220813147520,예랑헤어샵예랑,대리점,S2,수리·개인,S207,이용·미용,S20701,미용실,S96112,두발 미용업,43,충청북도,43111,청주시 상당구,43111670,영운동,4311111900,영운동,4.31111190010174e+18,1,대지,충청북도 청주시 상당구 영운동 174-1,431113236037,충청북도 청주시 상당구 영운로,4.31111190010174e+24,충청북도 청주시 상당구 영운로 18,28713.0,1.0
MA010120220812657890,떡군이네떡볶이,복대점,I2,음식,I210,기타 간이,I21007,김밥/만두/분식,I56194,김밥 및 기타 간이 음식점업,43,충청북도,43113,청주시 흥덕구,43113741,복대1동,4311311400,복대동,4.3113114001296097e+18,1,대지,충청북도 청주시 흥덕구 복대동 2961,431133237081,충청북도 청주시 흥덕구 진재로,4.31131140012961e+24,충청북도 청주시 흥덕구 진재로 32,28420.0,1.0
MA010120220805301239,굿모닝안경.콘택트수곡.,분평점,G2,소매,G216,안경·정밀기기 소매,G21602,안경렌즈 소매업,G47822,안경 및 렌즈 소매업,43,충청북도,43112,청주시 서원구,43112570,수곡1동,4311210700,수곡동,4.31121070010074e+18,1,대지,충청북도 청주시 서원구 수곡동 74-22,431123236067,충청북도 청주시 서원구 청남로,4.31131090010074e+24,충청북도 청주시 서원구 청남로 2024-1,28709.0,1.0
MA010120220806334540,크린토피아청주율량현대,삼성점,S2,수리·개인,S209,세탁,S20901,세탁소,S96912,가정용 세탁업,43,충청북도,43114,청주시 청원구,43114540,율량.사천동,4311410300,율량동,4.31141030011195e+18,1,대지,충청북도 청주시 청원구 율량동 1195,431144508606,충청북도 청주시 청원구 주성로132번길,4.31111150011195e+24,충청북도 청주시 청원구 주성로132번길 38,28339.0,1.0
MA010120220804469394,교동면옥청주,죽림점,I2,음식,I201,한식,I20106,냉면/밀면,I56111,한식 일반 음식점업,43,충청북도,43112,청주시 서원구,43112310,남이면,4311231034,남이면,4.3112310341000694e+18,1,대지,충청북도 청주시 서원구 남이면 석판리 7-1,431123240091,충청북도 청주시 서원구 남이면 대림로,4.37103503400007e+24,충청북도 청주시 서원구 남이면 대림로 380,28619.0,1.0
MA010120220811929127,이디야커피충북,혁신점,I2,음식,I212,비알코올,I21201,카페,I56221,커피 전문점,43,충청북도,43770,음성군,43770330,맹동면,4377033031,맹동면,4.37703303110464e+18,1,대지,충청북도 음성군 맹동면 동성리 464,437703000235,충청북도 음성군 맹동면 대하로,4.37703302810523e+24,충청북도 음성군 맹동면 대하로 265,27738.0,1.0
MA010120220806314708,에듀케어,코리아,P1,교육,P107,교육 지원,P10701,교육컨설팅업,P85701,교육관련 자문 및 평가업,43,충청북도,43113,청주시 흥덕구,43113700,운천.신봉동,4311310400,운천동,4.3113104001092895e+18,1,대지,충청북도 청주시 흥덕구 운천동 929,431134511856,충청북도 청주시 흥덕구 직지대로743번길,4.31131040010929e+24,충청북도 청주시 흥덕구 직지대로743번길 21-2,28471.0,2.0
MA0101202302A0077867,굽네치킨,금천점,I2,음식,I210,기타 간이,I21006,치킨,I56193,치킨 전문점,43,충청북도,43111,청주시 상당구,43111680,금천동,4311112000,금천동,4.31111200010096e+18,1,대지,충청북도 청주시 상당구 금천동 96-15,431113236035,충청북도 청주시 상당구 수영로,4.31111200010096e+24,충청북도 청주시 상당구 수영로 236,28732.0,1.0
MA0101202302A0052706,전일맥주,봉명점,I2,음식,I211,주점,I21103,생맥주 전문,I56111,한식 일반 음식점업,43,충청북도,43113,청주시 흥덕구,43113756,봉명2.송정동,4311311500,봉명동,4.3113115001284705e+18,1,대지,충청북도 청주시 흥덕구 봉명동 2847-1,431134511762,충청북도 청주시 흥덕구 월명로178번길,4.31131150012847e+24,충청북도 청주시 흥덕구 월명로178번길 48,28463.0,1.0
MA0101202302A0041590,텀브커피,하이닉스점,I2,음식,I212,비알코올,I21201,카페,I56221,커피 전문점,43,충청북도,43113,청주시 흥덕구,43113770,강서2동,4311313600,외북동,4.31131360010322e+18,1,대지,충청북도 청주시 흥덕구 외북동 322,431133351022,충청북도 청주시 흥덕구 엘지로,4.31131360010322e+24,충청북도 청주시 흥덕구 엘지로 35,28356.0,1.0
MA0101202301A0061095,더맛있는족발보쌈,연수점,I2,음식,I201,한식,I20101,백반/한정식,I56111,한식 일반 음식점업,43,충청북도,43130,충주시,43130630,연수동,4313011800,연수동,4.31301180010856e+18,1,대지,충청북도 충주시 연수동 856,431304515019,충청북도 충주시 연수상가2길,4.31301180010856e+24,충청북도 충주시 연수상가2길 19,27347.0,1.0
MA0101202302A0008049,진국본가,가경점,I2,음식,I201,한식,I20102,국/탕/찌개류,I56111,한식 일반 음식점업,43,충청북도,43113,청주시 흥덕구,43113747,가경동,4311311300,가경동,4.3113113001161e+18,1,대지,충청북도 청주시 흥덕구 가경동 1610,431134511554,충청북도 청주시 흥덕구 서경로8번길,4.3113113001161e+24,충청북도 청주시 흥덕구 서경로8번길 2,28413.0,1.0
MA0101202302A0089421,로꼬브리또,충북대점,I2,음식,I204,서양식,I20401,경양식,I56123,서양식 음식점업,43,충청북도,43112,청주시 서원구,43112530,사창동,4311210200,사창동,4.3112102001045294e+18,1,대지,충청북도 청주시 서원구 사창동 453,431124512175,충청북도 청주시 서원구 1순환로672번길,4.31131020010453e+24,충청북도 청주시 서원구 1순환로672번길 45,28643.0,2.0
MA0101202301A0029607,이마트24R청주봉명,센터점,G2,소매,G204,종합 소매,G20405,편의점,G47122,체인화 편의점,43,충청북도,43113,청주시 흥덕구,43113756,봉명2.송정동,4311311500,봉명동,4.3113115001237094e+18,1,대지,충청북도 청주시 흥덕구 봉명동 2371-2,431134511767,충청북도 청주시 흥덕구 월명로236번길,4.31131150012371e+24,충청북도 청주시 흥덕구 월명로236번길 91,28461.0,1.0
MA0101202301A0060984,춘리마라탕청주,산남점,I2,음식,I202,중식,I20202,마라탕/훠궈,I56121,중식 음식점업,43,충청북도,43112,청주시 서원구,43112550,산남동,4311210400,산남동,4.3112104001056696e+18,1,대지,충청북도 청주시 서원구 산남동 567,431124511285,충청북도 청주시 서원구 두꺼비로78번길,4.31131060010567e+24,충청북도 청주시 서원구 두꺼비로78번길 21,28625.0,1.0
MA0101202302A0090690,강아지고양이편의점,진천점,G2,소매,G220,애완동물·용품 소매,G22001,애완동물/애완용품 소매업,G47852,애완용 동물 및 관련용품 소매업,43,충청북도,43750,진천군,43750370,광혜원면,4375037027,광혜원면,4.3750370271052897e+18,1,대지,충청북도 진천군 광혜원면 광혜원리 529-14,437504535424,충청북도 진천군 광혜원면 화랑1길,4.37503702710529e+24,충청북도 진천군 광혜원면 화랑1길 14,27802.0,1.0
MA0101202302A0006259,청주입이즐거운그만두,비하점,I2,음식,I210,기타 간이,I21007,김밥/만두/분식,I56194,김밥 및 기타 간이 음식점업,43,충청북도,43113,청주시 흥덕구,43113760,강서1동,4311313800,비하동,4.3113138001076495e+18,1,대지,충청북도 청주시 흥덕구 비하동 765,431133237035,충청북도 청주시 흥덕구 비하로,4.31131380010765e+24,충청북도 청주시 흥덕구 비하로 28,28365.0,1.0
MA0101202302A0090103,코리아세븐청주뉴,터미널점,G2,소매,G204,종합 소매,G20405,편의점,G47122,체인화 편의점,43,충청북도,43113,청주시 흥덕구,43113747,가경동,4311311300,가경동,4.31131130011395e+18,1,대지,충청북도 청주시 흥덕구 가경동 1395,431134512062,충청북도 청주시 흥덕구 풍산로25번길,4.31131130011395e+24,충청북도 청주시 흥덕구 풍산로25번길 12,28395.0,1.0
MA0101202302A0017344,달쥬과일상점청주,29호점,G2,소매,G205,식료품 소매,G20506,채소/과일 소매업,G47215,채소; 과실 및 뿌리작물 소매업,43,충청북도,43113,청주시 흥덕구,43113756,봉명2.송정동,4311311500,봉명동,4.31131150010685e+18,1,대지,충청북도 청주시 흥덕구 봉명동 685-19,431134512148,충청북도 청주시 흥덕구 1순환로549번길,4.31131150010685e+24,충청북도 청주시 흥덕구 1순환로549번길 65,28476.0,1.0
MA0101202302A0105411,카페인중독청주,용암점,I2,음식,I212,비알코올,I21201,카페,I56221,커피 전문점,43,충청북도,43111,청주시 상당구,43111720,용암1동,4311112400,용암동,4.3111124001307295e+18,1,대지,충청북도 청주시 상당구 용암동 3073,431114857347,충청북도 청주시 상당구 중고개로141번길,4.31111240010186e+24,충청북도 청주시 상당구 중고개로141번길 13-2,28808.0,1.0
MA0101202302A0052815,꼬꾸가경,복대점,I2,음식,I210,기타 간이,I21006,치킨,I56193,치킨 전문점,43,충청북도,43113,청주시 흥덕구,43113747,가경동,4311311300,가경동,4.3113113001078006e+18,1,대지,충청북도 청주시 흥덕구 가경동 780,431134511075,충청북도 청주시 흥덕구 가경로173번길,4.3113113001078e+24,충청북도 청주시 흥덕구 가경로173번길 32,28390.0,1.0
MA0101202302A0111300,이비가짬뽕,진천점,I2,음식,I202,중식,I20201,중국집,I56121,중식 음식점업,43,충청북도,43750,진천군,43750250,진천읍,4375025022,진천읍,4.3750250221067494e+18,1,대지,충청북도 진천군 진천읍 신정리 675-48,437504535125,충청북도 진천군 진천읍 문화3길,4.37502502210675e+24,충청북도 진천군 진천읍 문화3길 81,27841.0,1.0
MA0101202302A0063634,청주전자담배모충점,백화점,G2,소매,G207,담배 소매,G20701,담배/전자담배 소매업,G47222,담배 소매업,43,충청북도,43112,청주시 서원구,43112540,모충동,4311210300,모충동,4.3112103001012096e+18,1,대지,충청북도 청주시 서원구 모충동 121-1,431123236067,충청북도 청주시 서원구 청남로,4.31131030010121e+24,충청북도 청주시 서원구 청남로 2133,28676.0,1.0
MA0101202302A0018193,상하이양꼬치,테크노점,I2,음식,I202,중식,I20201,중국집,I56121,중식 음식점업,43,충청북도,43113,청주시 흥덕구,43113770,강서2동,4311313400,송절동,4.3113134001070095e+18,1,대지,충청북도 청주시 흥덕구 송절동 701,431134855164,충청북도 청주시 흥덕구 송화로150번길,4.31131340010701e+24,충청북도 청주시 흥덕구 송화로150번길 7-7,28292.0,1.0
MA0101202301A0028039,지에스25가경,서현점,G2,소매,G204,종합 소매,G20405,편의점,G47122,체인화 편의점,43,충청북도,43113,청주시 흥덕구,43113747,가경동,4311311300,가경동,4.3113113001181496e+18,1,대지,충청북도 청주시 흥덕구 가경동 1815,431134511582,충청북도 청주시 흥덕구 서현서로25번길,4.31131130011815e+24,충청북도 청주시 흥덕구 서현서로25번길 1,28383.0,1.0
MA0101202301A0095282,고망고청주,율량점,I2,음식,I212,비알코올,I21201,카페,I56221,커피 전문점,43,충청북도,43114,청주시 청원구,43114550,오근장동,4311410500,주성동,4.3114105001035494e+18,1,대지,충청북도 청주시 청원구 주성동 355,431144844115,충청북도 청주시 청원구 주성로279번길,4.31111310010142e+24,충청북도 청주시 청원구 주성로279번길 27-7,28318.0,1.0
MA0101202302A0108449,꾸브라꼬숯불두마리치킨,용암점,I2,음식,I210,기타 간이,I21006,치킨,I56193,치킨 전문점,43,충청북도,43111,청주시 상당구,43111720,용암1동,4311112400,용암동,4.3111124001165906e+18,1,대지,충청북도 청주시 상당구 용암동 1659,431114508560,충청북도 청주시 상당구 월평로184번길,4.31111240011659e+24,충청북도 청주시 상당구 월평로184번길 127,28776.0,1.0
MA0101202302A0020648,권가제면소,오창점,I2,음식,I203,일식,I20303,일식 면 요리,I56111,한식 일반 음식점업,43,충청북도,43114,청주시 청원구,43114253,오창읍,4311425345,오창읍,4.31142534510798e+18,1,대지,충청북도 청주시 청원구 오창읍 양청리 798-7,431143240076,충청북도 청주시 청원구 오창읍 중심상업2로,4.37102534510798e+24,충청북도 청주시 청원구 오창읍 중심상업2로 9-24,28119.0,1.0
MA0101202301A0052173,세븐율량주성점,코리아,G2,소매,G204,종합 소매,G20405,편의점,G47122,체인화 편의점,43,충청북도,43114,청주시 청원구,43114540,율량.사천동,4311410300,율량동,4.3114103001212e+18,1,대지,충청북도 청주시 청원구 율량동 2120,431144844106,충청북도 청주시 청원구 율량로189번길,4.3111115001212e+24,충청북도 청주시 청원구 율량로189번길 15,28321.0,1.0
MA0101202302A0009439,아이스크림할인점,호암점,G2,소매,G204,종합 소매,G20404,슈퍼마켓,G47216,빵류; 과자류 및 당류 소매업,43,충청북도,43130,충주시,43130580,호암.직동,4313010700,호암동,4.3130107001010294e+18,1,대지,충청북도 충주시 호암동 103-12,431303238084,충청북도 충주시 호암중앙1로,4.31301070010103e+24,충청북도 충주시 호암중앙1로 8,27483.0,1.0
MA0101202302A0038504,한상가득보리밥,산남점,I2,음식,I201,한식,I20101,백반/한정식,I56111,한식 일반 음식점업,43,충청북도,43112,청주시 서원구,43112550,산남동,4311210400,산남동,4.3112104001033103e+18,1,대지,충청북도 청주시 서원구 산남동 331-9,431123236001,충청북도 청주시 서원구 1순환로,4.31121040010331e+24,충청북도 청주시 서원구 1순환로 876,28640.0,1.0
MA0101202301A0057652,맛존호떡볶이,율량점,I2,음식,I210,기타 간이,I21007,김밥/만두/분식,I56194,김밥 및 기타 간이 음식점업,43,충청북도,43114,청주시 청원구,43114550,오근장동,4311410600,주중동,4.31141060011008e+18,1,대지,충청북도 청주시 청원구 주중동 1008,431143349124,충청북도 청주시 청원구 율량로,4.31111320010175e+24,충청북도 청주시 청원구 율량로 58,28325.0,1.0
MA0101202306A0052346,서울녹각삼계탕,율량점,I2,음식,I201,한식,I20102,국/탕/찌개류,I56111,한식 일반 음식점업,43,충청북도,43114,청주시 청원구,43114540,율량.사천동,4311410300,율량동,4.3114103001231e+18,1,대지,충청북도 청주시 청원구 율량동 2310,431143349125,충청북도 청주시 청원구 율중로,4.3114103001231e+24,충청북도 청주시 청원구 율중로 20,28315.0,1.0
MA0101202306A0032942,봉명동내커피,증평점,I2,음식,I212,비알코올,I21201,카페,I56221,커피 전문점,43,충청북도,43745,증평군,43745250,증평읍,4374525032,증평읍,4.37452503210882e+18,1,대지,충청북도 증평군 증평읍 송산리 882,437453244030,충청북도 증평군 증평읍 송산로,4.37452503210882e+24,충청북도 증평군 증평읍 송산로 141,27917.0,1.0
MA0101202306A0041253,제이디엑스충주,연수점,G2,소매,G209,섬유·의복·신발 소매,G20905,기타 의류 소매업,G47419,기타 의복 소매업,43,충청북도,43130,충주시,43130625,칠금.금릉동,4313011600,칠금동,4.3130116001058094e+18,1,대지,충청북도 충주시 칠금동 581,431302238004,충청북도 충주시 번영대로,4.31301160010581e+24,충청북도 충주시 번영대로 48,27355.0,1.0
MA0101202306A0016070,인생집,금천점,I2,음식,I201,한식,I20101,백반/한정식,I56111,한식 일반 음식점업,43,충청북도,43111,청주시 상당구,43111680,금천동,4311112000,금천동,4.311112000103e+18,1,대지,충청북도 청주시 상당구 금천동 300,431114508297,충청북도 청주시 상당구 산성로98번길,4.311112000103e+24,충청북도 청주시 상당구 산성로98번길 32,28744.0,1.0
MA0101202306A0026761,백로식당,하복대점,I2,음식,I201,한식,I20107,돼지고기 구이/찜,I56113,한식 육류 요리 전문점,43,충청북도,43113,청주시 흥덕구,43113741,복대1동,4311311400,복대동,4.31131140012835e+18,1,대지,충청북도 청주시 흥덕구 복대동 2835,431134511055,충청북도 청주시 흥덕구 2순환로1167번길,4.31131140012835e+24,충청북도 청주시 흥덕구 2순환로1167번길 4,28418.0,1.0
MA0101202306A0060673,정담손만두국수오송,봉산점,I2,음식,I210,기타 간이,I21007,김밥/만두/분식,I56194,김밥 및 기타 간이 음식점업,43,충청북도,43113,청주시 흥덕구,43113250,오송읍,4311325031,오송읍,4.3113250311108705e+18,1,대지,충청북도 청주시 흥덕구 오송읍 봉산리 1087,431134520285,충청북도 청주시 흥덕구 오송읍 봉산2길,4.31132503111087e+24,충청북도 청주시 흥덕구 오송읍 봉산2길 20-11,28222.0,1.0
MA0101202306A0018953,하마김밥,전문점,I2,음식,I210,기타 간이,I21007,김밥/만두/분식,I56194,김밥 및 기타 간이 음식점업,43,충청북도,43150,제천시,43150537,남현동,4315010300,동현동,4.3150103001022894e+18,1,대지,충청북도 제천시 동현동 229,431502014004,충청북도 제천시 의병대로,4.31501030010229e+24,충청북도 제천시 의병대로 150,27181.0,1.0
MA010120220811497705,교촌치킨,청주사천점,I2,음식,I210,기타 간이,I21006,치킨,I56193,치킨 전문점,43,충청북도,43114,청주시 청원구,43114540,율량.사천동,4311410300,율량동,4.3114103001156495e+18,1,대지,충청북도 청주시 청원구 율량동 1565,431143236023,충청북도 청주시 청원구 사뜸로,4.31111150011565e+24,충청북도 청주시 청원구 사뜸로 29,28347.0,1.0
MA010120220813132127,와이지컴퍼니나보나,스퀘어점,G2,소매,G209,섬유·의복·신발 소매,G20905,기타 의류 소매업,G47414,셔츠 및 블라우스 소매업,43,충청북도,43111,청주시 상당구,43111545,성안동,4311110700,문화동,4.3111107001009295e+18,1,대지,충청북도 청주시 상당구 문화동 93-1,431113236027,충청북도 청주시 상당구 상당로,4.31111070010093e+24,충청북도 청주시 상당구 상당로 66,28516.0,2.0
MA010120220810110096,위찜,오창점,I2,음식,I201,한식,I20111,횟집,I56114,한식 해산물 요리 전문점,43,충청북도,43114,청주시 청원구,43114253,오창읍,4311425332,오창읍,4.3114253321061294e+18,1,대지,충청북도 청주시 청원구 오창읍 주성리 613,431144571746,충청북도 청주시 청원구 오창읍 주성1길,4.31142533210613e+24,충청북도 청주시 청원구 오창읍 주성1길 18-1,28117.0,1.0
MA010120220812942873,김밥나라,옥산점,I2,음식,I210,기타 간이,I21007,김밥/만두/분식,I56194,김밥 및 기타 간이 음식점업,43,충청북도,43113,청주시 흥덕구,43113320,옥산면,4311332021,옥산면,4.31133202110211e+18,1,대지,충청북도 청주시 흥덕구 옥산면 오산리 211-7,431133237111,충청북도 청주시 흥덕구 옥산면 청주역로,4.37104102100211e+24,충청북도 청주시 흥덕구 옥산면 청주역로 661-2,28113.0,1.0
MA010120220814143057,짬뽕필란,전문점,I2,음식,I202,중식,I20201,중국집,I56121,중식 음식점업,43,충청북도,43112,청주시 서원구,43112550,산남동,4311210400,산남동,4.31121040010461e+18,1,대지,충청북도 청주시 서원구 산남동 461,431124511539,충청북도 청주시 서원구 산남로24번길,4.31131060010461e+24,충청북도 청주시 서원구 산남로24번길 24-2,28626.0,1.0
MA010120220805058538,살롱드도로시충주,연수점,S2,수리·개인,S207,이용·미용,S20701,미용실,S96112,두발 미용업,43,충청북도,43130,충주시,43130630,연수동,4313011800,연수동,4.31301180011494e+18,1,대지,충청북도 충주시 연수동 1494,431302238001,충청북도 충주시 계명대로,4.31301180011494e+24,충청북도 충주시 계명대로 231,27352.0,2.0
MA010120220814037374,연촌염소탕,본점,I2,음식,I201,한식,I20199,기타 한식 음식점,I56111,한식 일반 음식점업,43,충청북도,43113,청주시 흥덕구,43113700,운천.신봉동,4311310500,신봉동,4.3113105001020897e+18,1,대지,충청북도 청주시 흥덕구 신봉동 209-1,431134511487,충청북도 청주시 흥덕구 사운로359번길,4.31131050010209e+24,충청북도 청주시 흥덕구 사운로359번길 24,28457.0,1.0
MA010120220800291120,세븐일레븐청원,오창점,G2,소매,G204,종합 소매,G20405,편의점,G47122,체인화 편의점,43,충청북도,43114,청주시 청원구,43114253,오창읍,4311425330,오창읍,4.31142533010322e+18,1,대지,충청북도 청주시 청원구 오창읍 장대리 322-2,431143240028,충청북도 청주시 청원구 오창읍 두릉유리로,4.37102533000322e+24,충청북도 청주시 청원구 오창읍 두릉유리로 1135,28129.0,1.0
MA010120220805681048,파리바게뜨충북혁신,1호점,I2,음식,I210,기타 간이,I21001,빵/도넛,I56191,제과점업,43,충청북도,43770,음성군,43770330,맹동면,4377033031,맹동면,4.37703303110488e+18,1,대지,충청북도 음성군 맹동면 동성리 488,437703247042,충청북도 음성군 맹동면 원중로,4.37703303110488e+24,충청북도 음성군 맹동면 원중로 1438,27738.0,1.0
MA010120220810294559,메가엠지씨커피청주옥산,자이점,I2,음식,I212,비알코올,I21201,카페,I56221,커피 전문점,43,충청북도,43113,청주시 흥덕구,43113320,옥산면,4311332025,옥산면,4.31133202510975e+18,1,대지,충청북도 청주시 흥덕구 옥산면 가락리 975,431133240054,충청북도 청주시 흥덕구 옥산면 오송가락로,4.31133202510975e+24,충청북도 청주시 흥덕구 옥산면 오송가락로 1065,28113.0,1.0
MA010120220806568800,티앤케이모바일성서,2호점,G2,소매,G208,가전·통신 소매,G20802,핸드폰 소매업,G47312,통신기기 소매업,43,충청북도,43130,충주시,43130515,성내.충인동,4313010300,성서동,4.31301030010224e+18,1,대지,충청북도 충주시 성서동 224,431304514804,충청북도 충주시 성서7길,4.31301030010224e+24,충청북도 충주시 성서7길 36,27387.0,1.0
MA010120220803868176,길가옆에누룽지삼계탕,청주대점,I2,음식,I201,한식,I20102,국/탕/찌개류,I56111,한식 일반 음식점업,43,충청북도,43114,청주시 청원구,43114520,내덕1동,4311410200,내덕동,4.3114102001022495e+18,1,대지,충청북도 청주시 청원구 내덕동 225-1,431143236056,충청북도 청주시 청원구 중앙로,4.31111140010225e+24,충청북도 청주시 청원구 중앙로 186-4,28489.0,1.0
MA010120220806321208,그린,골프연습장,R1,예술·스포츠,R103,스포츠 서비스,R10311,골프 연습장,R91136,골프 연습장 운영업,43,충청북도,43114,청주시 청원구,43114550,오근장동,4311410500,주성동,4.31141050010106e+18,1,대지,충청북도 청주시 청원구 주성동 106-1,431143014065,충청북도 청주시 청원구 2순환로,4.31111310010106e+24,충청북도 청주시 청원구 2순환로 176-30,28309.0,1.0
MA010120220809859867,안경나라,중문점,G2,소매,G216,안경·정밀기기 소매,G21602,안경렌즈 소매업,G47822,안경 및 렌즈 소매업,43,충청북도,43112,청주시 서원구,43112530,사창동,4311210200,사창동,4.3112102001025695e+18,1,대지,충청북도 청주시 서원구 사창동 257-6,431123236001,충청북도 청주시 서원구 1순환로,4.31131020010257e+24,충청북도 청주시 서원구 1순환로 663,28647.0,1.0
MA010120220806921472,알선생알탕,전문점,I2,음식,I201,한식,I20101,백반/한정식,I56111,한식 일반 음식점업,43,충청북도,43130,충주시,43130625,칠금.금릉동,4313012800,금릉동,4.3130128001079695e+18,1,대지,충청북도 충주시 금릉동 797,431304514165,충청북도 충주시 금제2길,4.31301280010797e+24,충청북도 충주시 금제2길 20,27340.0,1.0
MA010120220806787941,올리브영,증평점,G2,소매,G215,의약·화장품 소매,G21503,화장품 소매업,G47813,화장품; 비누 및 방향제 소매업,43,충청북도,43745,증평군,43745250,증평읍,4374525025,증평읍,4.37452502510074e+18,1,대지,충청북도 증평군 증평읍 신동리 74,437453244026,충청북도 증평군 증평읍 중앙로,4.37452502510074e+24,충청북도 증평군 증평읍 중앙로 184-1,27937.0,1.0
MA010120220811493067,두리메링게듀레봄,호암점,I2,음식,I204,서양식,I20401,경양식,I56123,서양식 음식점업,43,충청북도,43130,충주시,43130580,호암.직동,4313010700,호암동,4.3130107001068e+18,1,대지,충청북도 충주시 호암동 680,431302246001,충청북도 충주시 중원대로,4.3130107001068e+24,충청북도 충주시 중원대로 3250,27502.0,3.0
MA010120220805656343,해맑은안경2호점,연수점,G2,소매,G216,안경·정밀기기 소매,G21602,안경렌즈 소매업,G47822,안경 및 렌즈 소매업,43,충청북도,43130,충주시,43130630,연수동,4313011800,연수동,4.31301180011498e+18,1,대지,충청북도 충주시 연수동 1498,431302238001,충청북도 충주시 계명대로,4.31301180011499e+24,충청북도 충주시 계명대로 237,27352.0,1.0
MA010120220814088248,푸라닭청주,용암점,I2,음식,I210,기타 간이,I21006,치킨,I56193,치킨 전문점,43,충청북도,43111,청주시 상당구,43111720,용암1동,4311112400,용암동,4.3111124001215e+18,1,대지,충청북도 청주시 상당구 용암동 2150,431113236057,충청북도 청주시 상당구 중흥로,4.3111124001215e+24,충청북도 청주시 상당구 중흥로 119,28767.0,1.0
MA0101202301A0051346,정든밤,충북대점,I2,음식,I211,주점,I21104,요리 주점,I56219,기타 주점업,43,충청북도,43112,청주시 서원구,43112530,사창동,4311210200,사창동,4.31121020010499e+18,1,대지,충청북도 청주시 서원구 사창동 499,431124511220,충청북도 청주시 서원구 내수동로114번길,4.31131020010499e+24,충청북도 청주시 서원구 내수동로114번길 36,28643.0,1.0
MA0101202301A0099600,남가네설악추어탕,진천점,I2,음식,I201,한식,I20102,국/탕/찌개류,I56111,한식 일반 음식점업,43,충청북도,43750,진천군,43750250,진천읍,4375025021,진천읍,4.37502502110448e+18,1,대지,충청북도 진천군 진천읍 교성리 448,437503245024,충청북도 진천군 진천읍 문화로,4.37502502110448e+24,충청북도 진천군 진천읍 문화로 91-22,27841.0,1.0
MA0101202301A0096791,금별맥주충주,호암점,I2,음식,I211,주점,I21103,생맥주 전문,I56219,기타 주점업,43,충청북도,43130,충주시,43130580,호암.직동,4313010700,호암동,4.31301070011002e+18,1,대지,충청북도 충주시 호암동 1002,431304856103,충청북도 충주시 호암수청4길,4.31301070011002e+24,충청북도 충주시 호암수청4길 16,27502.0,1.0
MA0101202301A0010532,윤휘씨앤에이치,중부지점,N1,시설관리·임대,N101,시설관리,N10101,사업시설 유지·관리 서비스업,N74100,사업시설 유지ㆍ관리 서비스업,43,충청북도,43113,청주시 흥덕구,43113700,운천.신봉동,4311310400,운천동,4.31131040011366e+18,1,대지,충청북도 청주시 흥덕구 운천동 1366,431133237036,충청북도 청주시 흥덕구 사운로,4.31131040011366e+24,충청북도 청주시 흥덕구 사운로 244-1,28468.0,4.0
MA0101202212A0066369,충북혁신도시점,흥덕대리점,G2,소매,G208,가전·통신 소매,G20802,핸드폰 소매업,G47312,통신기기 소매업,43,충청북도,43770,음성군,43770330,맹동면,4377033028,맹동면,4.3770330281140495e+18,1,대지,충청북도 음성군 맹동면 두성리 1405,437704541750,충청북도 음성군 맹동면 대하2가길,4.37703302811405e+24,충청북도 음성군 맹동면 대하2가길 31,27738.0,1.0
MA0101202212A0072152,용용선생청주지웰,복대점,I2,음식,I211,주점,I21104,요리 주점,I56219,기타 주점업,43,충청북도,43113,청주시 흥덕구,43113741,복대1동,4311311400,복대동,4.31131140013238e+18,1,대지,충청북도 청주시 흥덕구 복대동 3238,431133237081,충청북도 청주시 흥덕구 진재로,4.31131140013238e+24,충청북도 청주시 흥덕구 진재로 95,28427.0,1.0
MA0101202212A0029805,몰디브태닝,흥덕점,S2,수리·개인,S207,이용·미용,S20702,피부 관리실,S96999,그 외 기타 달리 분류되지 않은 개인 서비스업,43,충청북도,43113,청주시 흥덕구,43113760,강서1동,4311313800,비하동,4.311313800102e+18,1,대지,충청북도 청주시 흥덕구 비하동 200-6,431134511054,충청북도 청주시 흥덕구 2순환로1136번길,4.311313800102e+24,충청북도 청주시 흥덕구 2순환로1136번길 11,28363.0,2.0
MA0101202212A0059154,정관장오창2산단,본점,G2,소매,G205,식료품 소매,G20508,건강보조식품 소매업,G47217,건강 보조식품 소매업,43,충청북도,43114,청주시 청원구,43114253,오창읍,4311425332,오창읍,4.3114253321057894e+18,1,대지,충청북도 청주시 청원구 오창읍 주성리 579,431143257076,충청북도 청주시 청원구 오창읍 2산단로,4.31142533210579e+24,충청북도 청주시 청원구 오창읍 2산단로 136,28117.0,1.0
MA0101202212A0087294,쟈끄데상쥬,동남점,S2,수리·개인,S207,이용·미용,S20701,미용실,S96112,두발 미용업,43,충청북도,43111,청주시 상당구,43111720,용암1동,4311112400,용암동,4.31111240013028e+18,1,대지,충청북도 청주시 상당구 용암동 3028,431113236055,충청북도 청주시 상당구 중고개로,4.31111240013028e+24,충청북도 청주시 상당구 중고개로 143,28808.0,2.0
MA0101202212A0010892,라무진청주,동남점,I2,음식,I201,한식,I20101,백반/한정식,I56111,한식 일반 음식점업,43,충청북도,43111,청주시 상당구,43111720,용암1동,4311112400,용암동,4.31111240013072e+18,1,대지,충청북도 청주시 상당구 용암동 3072,431114857347,충청북도 청주시 상당구 중고개로141번길,4.31111240013072e+24,충청북도 청주시 상당구 중고개로141번길 13-10,28808.0,1.0
MA0101202212A0074685,불닭발땡초동대문엽기떡볶이,청주봉명점,I2,음식,I210,기타 간이,I21007,김밥/만두/분식,I56194,김밥 및 기타 간이 음식점업,43,충청북도,43113,청주시 흥덕구,43113756,봉명2.송정동,4311311500,봉명동,4.31131150012765e+18,1,대지,충청북도 청주시 흥덕구 봉명동 2765,431134511257,충청북도 청주시 흥덕구 덕암로30번길,4.31131150012765e+24,충청북도 청주시 흥덕구 덕암로30번길 24,28463.0,1.0
MA0101202301A0054083,로반드로잉카페,오창점,R1,예술·스포츠,R102,도서관·사적지,R10202,독서실/스터디 카페,R90212,독서실 운영업,43,충청북도,43114,청주시 청원구,43114253,오창읍,4311425345,오창읍,4.3114253451082e+18,1,대지,충청북도 청주시 청원구 오창읍 양청리 820-2,431143240075,충청북도 청주시 청원구 오창읍 중심상업1로,4.3114253451082e+24,충청북도 청주시 청원구 오창읍 중심상업1로 20,28120.0,2.0
MA0101202212A0008213,설아아이스크림동남,칸타빌점,G2,소매,G204,종합 소매,G20404,슈퍼마켓,G47216,빵류; 과자류 및 당류 소매업,43,충청북도,43111,청주시 상당구,43111720,용암1동,4311112400,용암동,4.31111240013151e+18,1,대지,충청북도 청주시 상당구 용암동 3151,431113236055,충청북도 청주시 상당구 중고개로,4.31111240010206e+24,충청북도 청주시 상당구 중고개로 140,28807.0,1.0
MA0101202212A0056750,취란,제천점,I2,음식,I202,중식,I20201,중국집,I56121,중식 음식점업,43,충청북도,43150,제천시,43150560,용두동,4315011200,신월동,4.3150112001110497e+18,1,대지,충청북도 제천시 신월동 1105-7,431502239001,충청북도 제천시 용두대로,4.31501120011106e+24,충청북도 제천시 용두대로 369,27158.0,1.0
MA0101202212A0005636,이디야커피복대,사거리점,I2,음식,I212,비알코올,I21201,카페,I56221,커피 전문점,43,충청북도,43113,청주시 흥덕구,43113742,복대2동,4311311400,복대동,4.31131140010978e+18,1,대지,충청북도 청주시 흥덕구 복대동 978-2,431133237030,충청북도 청주시 흥덕구 복대로,4.31131140010978e+24,충청북도 청주시 흥덕구 복대로 180,28597.0,1.0
MA0101202212A0092790,리프패럿청주,용암점,G2,소매,G220,애완동물·용품 소매,G22001,애완동물/애완용품 소매업,R91299,그 외 기타 분류 안된 오락관련 서비스업,43,충청북도,43111,청주시 상당구,43111720,용암1동,4311112400,용암동,4.3111124001303506e+18,1,대지,충청북도 청주시 상당구 용암동 3035,431114857347,충청북도 청주시 상당구 중고개로141번길,4.31111240013035e+24,충청북도 청주시 상당구 중고개로141번길 22,28808.0,3.0
MA0101202212A0100971,춘향골남원추어탕,청주사천점,I2,음식,I201,한식,I20102,국/탕/찌개류,I56111,한식 일반 음식점업,43,충청북도,43114,청주시 청원구,43114540,율량.사천동,4311410400,사천동,4.3114104001022305e+18,1,대지,충청북도 청주시 청원구 사천동 223-1,431143236054,충청북도 청주시 청원구 주성로,4.31141040010223e+24,충청북도 청주시 청원구 주성로 57,28336.0,1.0
MA0101202301A0015870,리파인,가경점,I2,음식,I202,중식,I20201,중국집,I56121,중식 음식점업,43,충청북도,43113,청주시 흥덕구,43113747,가경동,4311311300,가경동,4.3113113001227e+18,1,대지,충청북도 청주시 흥덕구 가경동 2270,431133237046,충청북도 청주시 흥덕구 서현로,4.3113113001227e+24,충청북도 청주시 흥덕구 서현로 60,28382.0,1.0
MA0101202212A0024272,프랭크버거,청주대점,I2,음식,I210,기타 간이,I21004,버거,I56194,김밥 및 기타 간이 음식점업,43,충청북도,43114,청주시 청원구,43114510,우암동,4311410100,우암동,4.31141010010236e+18,1,대지,충청북도 청주시 청원구 우암동 236-5,431143236058,충청북도 청주시 청원구 직지대로,4.31141010010236e+24,충청북도 청주시 청원구 직지대로 886,28536.0,1.0
MA0101202212A0093164,씨유대소,부영점,G2,소매,G204,종합 소매,G20405,편의점,G47122,체인화 편의점,43,충청북도,43770,음성군,43770340,대소면,4377034032,대소면,4.37703403210621e+18,1,대지,충청북도 음성군 대소면 대풍리 621,437703247010,충청북도 음성군 대소면 대청로,4.37703403210621e+24,충청북도 음성군 대소면 대청로 17,27658.0,1.0
MA0101202301A0029336,마루벌돌구이,분평점,I2,음식,I201,한식,I20107,돼지고기 구이/찜,I56111,한식 일반 음식점업,43,충청북도,43112,청주시 서원구,43112550,산남동,4311210600,분평동,4.31121060010326e+18,1,대지,충청북도 청주시 서원구 분평동 326-1,431123236001,충청북도 청주시 서원구 1순환로,4.31131080010323e+24,충청북도 청주시 서원구 1순환로 1019-1,28701.0,1.0
MA0101202301A0092978,도로시파스타연정율량,사천점,I2,음식,I204,서양식,I20402,파스타/스테이크,I56123,서양식 음식점업,43,충청북도,43114,청주시 청원구,43114540,율량.사천동,4311410400,사천동,4.3114104001040097e+18,1,대지,충청북도 청주시 청원구 사천동 401-16,431143236029,충청북도 청주시 청원구 새터로,4.31111160010401e+24,충청북도 청주시 청원구 새터로 157,28342.0,1.0
MA0101202301A0036834,아라치치킨,개신점,I2,음식,I210,기타 간이,I21006,치킨,I56193,치킨 전문점,43,충청북도,43112,청주시 서원구,43112590,성화.개신.죽림동,4311210900,개신동,4.3112109001044695e+18,1,대지,충청북도 청주시 서원구 개신동 447-36,431124511309,충청북도 청주시 서원구 모충로12번길,4.31131110010447e+24,충청북도 청주시 서원구 모충로12번길 9-13,28668.0,1.0
MA0101202212A0087685,79대포충주,호암점,I2,음식,I211,주점,I21104,요리 주점,I56111,한식 일반 음식점업,43,충청북도,43130,충주시,43130580,호암.직동,4313010700,호암동,4.31301070011005e+18,1,대지,충청북도 충주시 호암동 1005,431304856100,충청북도 충주시 호암수청7길,4.31301070011005e+24,충청북도 충주시 호암수청7길 3,27502.0,1.0
MA0101202212A0038858,보노보노웍,용암점,I2,음식,I204,서양식,I20402,파스타/스테이크,I56123,서양식 음식점업,43,충청북도,43111,청주시 상당구,43111730,용암2동,4311112400,용암동,4.31111240011906e+18,1,대지,충청북도 청주시 상당구 용암동 1906,431114508229,충청북도 청주시 상당구 무농정로3번길,4.31111240011906e+24,충청북도 청주시 상당구 무농정로3번길 54,28782.0,1.0
MA0101202212A0037917,짐승짐,율량점,R1,예술·스포츠,R103,스포츠 서비스,R10307,헬스장,R91132,체력 단련시설 운영업,43,충청북도,43114,청주시 청원구,43114540,율량.사천동,4311410300,율량동,4.31141030012372e+18,1,대지,충청북도 청주시 청원구 율량동 2372,431144571749,충청북도 청주시 청원구 율중로79번길,4.31141030012372e+24,충청북도 청주시 청원구 율중로79번길 34,28315.0,3.0
MA0101202212A0041384,서해리테일충주,연수점,G2,소매,G208,가전·통신 소매,G20802,핸드폰 소매업,G47312,통신기기 소매업,43,충청북도,43130,충주시,43130630,연수동,4313011800,연수동,4.31301180010884e+18,1,대지,충청북도 충주시 연수동 884,431302238004,충청북도 충주시 번영대로,4.31301180010884e+24,충청북도 충주시 번영대로 103,27347.0,1.0
MA0101202212A0021625,짜글이진주식당,전문점,I2,음식,I201,한식,I20101,백반/한정식,I56111,한식 일반 음식점업,43,충청북도,43113,청주시 흥덕구,43113747,가경동,4311311300,가경동,4.31131130011458e+18,1,대지,충청북도 청주시 흥덕구 가경동 1458-8,431133237007,충청북도 청주시 흥덕구 경산로,4.31131130011458e+24,충청북도 청주시 흥덕구 경산로 17,28397.0,1.0
MA010120220803047431,강변마을,2호점,I2,음식,I201,한식,I20101,백반/한정식,I56111,한식 일반 음식점업,43,충청북도,43800,단양군,43800250,단양읍,4380025025,단양읍,4.3800250251057295e+18,1,대지,충청북도 단양군 단양읍 별곡리 573,438004544210,충청북도 단양군 단양읍 별곡7길,4.38002502510573e+24,충청북도 단양군 단양읍 별곡7길 9-1,27011.0,2.0
MA010120220813158573,코리아세븐청주뉴,하복대점,G2,소매,G204,종합 소매,G20405,편의점,G47122,체인화 편의점,43,충청북도,43113,청주시 흥덕구,43113741,복대1동,4311311400,복대동,4.31131140012836e+18,1,대지,충청북도 청주시 흥덕구 복대동 2836,431134511888,충청북도 청주시 흥덕구 짐대로72번길,4.31131140012836e+24,충청북도 청주시 흥덕구 짐대로72번길 51,28418.0,1.0
MA010120220810162099,칼슨그레이시오창지부,코리아,P1,교육,P106,기타 교육,P10601,태권도/무술학원,P85611,태권도 및 무술 교육기관,43,충청북도,43114,청주시 청원구,43114253,오창읍,4311425332,오창읍,4.3114253321054095e+18,1,대지,충청북도 청주시 청원구 오창읍 주성리 541,431143257076,충청북도 청주시 청원구 오창읍 2산단로,4.31142533210541e+24,충청북도 청주시 청원구 오창읍 2산단로 184,28117.0,2.0
MA010120220805604717,건국우유단양,대리점,G2,소매,G206,음료 소매,G20604,우유 소매업,G47992,계약배달 판매업,43,충청북도,43800,단양군,43800253,매포읍,4380025327,매포읍,4.3800253271133e+18,1,대지,충청북도 단양군 매포읍 평동리 1330,438004544501,충청북도 단양군 매포읍 평동38길,4.3800253271133e+24,충청북도 단양군 매포읍 평동38길 24,27006.0,1.0
MA010120220808048371,고향축산물불고기,율량점,I2,음식,I201,한식,I20107,돼지고기 구이/찜,I56111,한식 일반 음식점업,43,충청북도,43114,청주시 청원구,43114540,율량.사천동,4311410300,율량동,4.31141030012227e+18,1,대지,충청북도 청주시 청원구 율량동 2227,431143236001,충청북도 청주시 청원구 1순환로,4.31141030012227e+24,충청북도 청주시 청원구 1순환로 108-1,28321.0,1.0
MA010120220809604707,미소야한스,타워점,I2,음식,I203,일식,I20302,일식 카레/돈가스/덮밥,I56122,일식 음식점업,43,충청북도,43130,충주시,43130540,교현2동,4313010500,교현동,4.3130105001054e+18,1,대지,충청북도 충주시 교현동 540-5,431302238002,충청북도 충주시 국원대로,4.31301050010539e+24,충청북도 충주시 국원대로 107,27364.0,1.0
MA010120220806347279,동원홈푸드굴드펌프주,옥산점,I2,음식,I207,구내식당·뷔페,I20701,구내식당,I56130,기관 구내식당업,43,충청북도,43113,청주시 흥덕구,43113320,옥산면,4311332032,옥산면,4.3113320321001206e+18,1,대지,충청북도 청주시 흥덕구 옥산면 호죽리 12,431133240086,충청북도 청주시 흥덕구 옥산면 호죽화산로,4.37104103200012e+24,충청북도 청주시 흥덕구 옥산면 호죽화산로 426,28106.0,1.0
MA010120220802739268,코닥사진관,오창점,M1,과학·기술,M113,사진 촬영,M11301,사진촬영업,M73301,인물 사진 및 행사용 영상 촬영업,43,충청북도,43114,청주시 청원구,43114253,오창읍,4311425345,오창읍,4.3114253451082097e+18,1,대지,충청북도 청주시 청원구 오창읍 양청리 821-4,431143240077,충청북도 청주시 청원구 오창읍 중심상업로,4.37102534500821e+24,충청북도 청주시 청원구 오창읍 중심상업로 7,28120.0,1.0
MA010120220812430242,파스쿠찌,사천점,I2,음식,I212,비알코올,I21201,카페,I56221,커피 전문점,43,충청북도,43114,청주시 청원구,43114540,율량.사천동,4311410400,사천동,4.3114104001003105e+18,1,대지,충청북도 청주시 청원구 사천동 31-13,431143236023,충청북도 청주시 청원구 사뜸로,4.31141040010031e+24,충청북도 청주시 청원구 사뜸로 95,28336.0,1.0
MA010120220808045879,아쿠아워시,복대점,S2,수리·개인,S209,세탁,S20901,세탁소,S96912,가정용 세탁업,43,충청북도,43113,청주시 흥덕구,43113741,복대1동,4311311400,복대동,4.31131140012582e+18,1,대지,충청북도 청주시 흥덕구 복대동 2582,431134511821,충청북도 청주시 흥덕구 증안로22번길,4.31131140012582e+24,충청북도 청주시 흥덕구 증안로22번길 10,28416.0,1.0
MA010120220812730106,곳간청주충대,중문점,G2,소매,G204,종합 소매,G20404,슈퍼마켓,G47221,음료 소매업,43,충청북도,43112,청주시 서원구,43112530,사창동,4311210200,사창동,4.3112102001042294e+18,1,대지,충청북도 청주시 서원구 사창동 423,431123237019,충청북도 청주시 서원구 내수동로,4.31131020010424e+24,충청북도 청주시 서원구 내수동로 116,28643.0,1.0
MA010120220803439744,틴팅,데일리,G2,소매,G202,자동차 부품 소매,G20202,자동차 부품 소매업,G45219,기타 자동차 신품 부품 및 내장품 판매업,43,충청북도,43113,청주시 흥덕구,43113770,강서2동,4311313400,송절동,4.3113134001056e+18,1,대지,충청북도 청주시 흥덕구 송절동 560-23,431134511492,충청북도 청주시 흥덕구 사운로404번길,4.3113134001056e+24,충청북도 청주시 흥덕구 사운로404번길 80,28455.0,1.0
MA010120220809297773,포토이즘컬러드,제천점,M1,과학·기술,M113,사진 촬영,M11301,사진촬영업,M73301,인물 사진 및 행사용 영상 촬영업,43,충청북도,43150,제천시,43150528,중앙동,4315010700,중앙로2가,4.31501070010132e+18,1,대지,충청북도 제천시 중앙로2가 132,431504517756,충청북도 제천시 의림대로16길,4.31501070010131e+24,충청북도 제천시 의림대로16길 12,27173.0,1.0
MA010120220813894078,촌댁맥주,지웰시티점,I2,음식,I211,주점,I21103,생맥주 전문,I56213,생맥주 전문점,43,충청북도,43113,청주시 흥덕구,43113741,복대1동,4311311400,복대동,4.3113114001323694e+18,1,대지,충청북도 청주시 흥덕구 복대동 3237,431133237081,충청북도 청주시 흥덕구 진재로,4.31131140013237e+24,충청북도 청주시 흥덕구 진재로 97,28427.0,1.0
MA010120220809860162,반도수산,분평점,I2,음식,I201,한식,I20111,횟집,I56114,한식 해산물 요리 전문점,43,충청북도,43112,청주시 서원구,43112550,산남동,4311210600,분평동,4.3112106001029294e+18,1,대지,충청북도 청주시 서원구 분평동 293-1,431124511289,충청북도 청주시 서원구 매봉로12번길,4.31131080010293e+24,충청북도 청주시 서원구 매봉로12번길 44,28699.0,1.0
MA010120220807492147,밥스토랑,사천점,I2,음식,I201,한식,I20101,백반/한정식,I56111,한식 일반 음식점업,43,충청북도,43114,청주시 청원구,43114540,율량.사천동,4311410400,사천동,4.3114104001022495e+18,1,대지,충청북도 청주시 청원구 사천동 225-76,431143236054,충청북도 청주시 청원구 주성로,4.31141040010225e+24,충청북도 청주시 청원구 주성로 74,28341.0,2.0
MA010120220814161101,세븐일레븐청주복대,행복점,G2,소매,G204,종합 소매,G20405,편의점,G47121,슈퍼마켓,43,충청북도,43113,청주시 흥덕구,43113741,복대1동,4311311400,복대동,4.3113114001266493e+18,1,대지,충청북도 청주시 흥덕구 복대동 2665,431134511875,충청북도 청주시 흥덕구 진재로35번길,4.31131140012665e+24,충청북도 청주시 흥덕구 진재로35번길 15,28417.0,1.0
MA010120220806924156,서민돼지갈비,제천점,I2,음식,I201,한식,I20102,국/탕/찌개류,I56113,한식 육류 요리 전문점,43,충청북도,43150,제천시,43150537,남현동,4315010400,남천동,4.31501040010333e+18,1,대지,충청북도 제천시 남천동 333,431503239051,충청북도 제천시 용두천로,4.31501040010333e+24,충청북도 제천시 용두천로 114-11,27174.0,1.0
MA010120220802588215,복고포차맛나슈퍼,청주대점,I2,음식,I211,주점,I21104,요리 주점,I56219,기타 주점업,43,충청북도,43114,청주시 청원구,43114510,우암동,4311410100,우암동,4.3114101001032294e+18,1,대지,충청북도 청주시 청원구 우암동 323-1,431143236056,충청북도 청주시 청원구 중앙로,4.31111130010323e+24,충청북도 청주시 청원구 중앙로 153-1,28535.0,2.0
MA010120220806791315,땅스부대찌개,금왕점,I2,음식,I201,한식,I20102,국/탕/찌개류,G47219,기타 식료품 소매업,43,충청북도,43770,음성군,43770253,금왕읍,4377025321,금왕읍,4.3770253211059297e+18,1,대지,충청북도 음성군 금왕읍 무극리 593,437703247019,충청북도 음성군 금왕읍 무극로,4.37702532110593e+24,충청북도 음성군 금왕읍 무극로 181,27630.0,1.0
MA010120220807090989,수아팜NC청주,터미널점,G2,소매,G209,섬유·의복·신발 소매,G20905,기타 의류 소매업,G47413,속옷 및 잠옷 소매업,43,충청북도,43113,청주시 흥덕구,43113747,가경동,4311311300,가경동,4.31131130011416e+18,1,대지,충청북도 청주시 흥덕구 가경동 1416-3,431133014065,충청북도 청주시 흥덕구 2순환로,4.31131130011416e+24,충청북도 청주시 흥덕구 2순환로 1233,28396.0,6.0
MA0101202211A0051912,오셀롯PC충주,교통대점,R1,예술·스포츠,R104,유원지·오락,R10406,PC방,R91222,컴퓨터 게임방 운영업,43,충청북도,43130,충주시,43130335,대소원면,4313033529,대소원면,4.3130335291035e+18,1,대지,충청북도 충주시 대소원면 검단리 350-57,431303238012,충청북도 충주시 대소원면 대학로,4.3130330291035e+24,충청북도 충주시 대소원면 대학로 24,27470.0,2.0
MA0101202211A0087554,씨유음성삼성,문화점,G2,소매,G204,종합 소매,G20405,편의점,G47122,체인화 편의점,43,충청북도,43770,음성군,43770350,삼성면,4377035021,삼성면,4.37703502111296e+18,1,대지,충청북도 음성군 삼성면 덕정리 1296,437704541281,충청북도 음성군 삼성면 삼문길,4.37703502111296e+24,충청북도 음성군 삼성면 삼문길 50,27651.0,1.0
MA0101202211A0052859,삼덕통닭충주신,연수점,I2,음식,I210,기타 간이,I21006,치킨,I56193,치킨 전문점,43,충청북도,43130,충주시,43130630,연수동,4313011800,연수동,4.31301180011592e+18,1,대지,충청북도 충주시 연수동 1592,431304515010,충청북도 충주시 연수동산로6길,4.31301180011592e+24,충청북도 충주시 연수동산로6길 26,27352.0,1.0
MA0101202211A0057779,지에스25충주연수,제일점,G2,소매,G204,종합 소매,G20405,편의점,G47122,체인화 편의점,43,충청북도,43130,충주시,43130630,연수동,4313011800,연수동,4.31301180010301e+18,1,대지,충청북도 충주시 연수동 301-1,431303238002,충청북도 충주시 갱고개로,4.31301180010301e+24,충청북도 충주시 갱고개로 218,27344.0,1.0
MA0101202211A0054951,세븐일레븐괴산사리,로드점,G2,소매,G204,종합 소매,G20405,편의점,G47122,체인화 편의점,43,충청북도,43760,괴산군,43760390,사리면,4376039025,사리면,4.37603902510232e+18,1,대지,충청북도 괴산군 사리면 방축리 232-2,437603240095,충청북도 괴산군 사리면 중부로,4.37603902510232e+24,충청북도 괴산군 사리면 중부로 3198,28046.0,1.0
MA0101202211A0011166,빈티지,청담동,G2,소매,G209,섬유·의복·신발 소매,G20901,남성 의류 소매업,G47411,남자용 겉옷 소매업,43,충청북도,43745,증평군,43745250,증평읍,4374525023,증평읍,4.37452502310076e+18,1,대지,충청북도 증평군 증평읍 중동리 76-5,437453244017,충청북도 증평군 증평읍 장뜰로,4.37452502310076e+24,충청북도 증평군 증평읍 장뜰로 63,27930.0,1.0
MA0101202211A0012498,지에스25충북대,후문점,G2,소매,G204,종합 소매,G20405,편의점,G47122,체인화 편의점,43,충청북도,43112,청주시 서원구,43112530,사창동,4311210200,사창동,4.31121020010531e+18,1,대지,충청북도 청주시 서원구 사창동 531,431124512177,충청북도 청주시 서원구 1순환로704번길,4.31131020010531e+24,충청북도 청주시 서원구 1순환로704번길 6,28643.0,1.0
MA0101202211A0010041,완미족발,복대점,I2,음식,I201,한식,I20103,족발/보쌈,I56113,한식 육류 요리 전문점,43,충청북도,43113,청주시 흥덕구,43113741,복대1동,4311311400,복대동,4.31131140013243e+18,1,대지,충청북도 청주시 흥덕구 복대동 3243,431134511866,충청북도 청주시 흥덕구 진재로110번길,4.31131140013243e+24,충청북도 청주시 흥덕구 진재로110번길 8,28426.0,1.0
MA0101202211A0041918,소림마라충주,용산점,I2,음식,I202,중식,I20202,마라탕/훠궈,I56121,중식 음식점업,43,충청북도,43130,충주시,43130550,용산동,4313010600,용산동,4.31301060011963e+18,1,대지,충청북도 충주시 용산동 1963,431303238083,충청북도 충주시 형설로,4.31301060011963e+24,충청북도 충주시 형설로 60-1,27403.0,1.0
MA0101202211A0041600,밥끼&워시팡팡,진천점,S2,수리·개인,S209,세탁,S20902,셀프 빨래방,G47219,기타 식료품 소매업,43,충청북도,43750,진천군,43750250,진천읍,4375025026,진천읍,4.37502502610036e+18,1,대지,충청북도 진천군 진천읍 벽암리 36-8,437504535407,충청북도 진천군 진천읍 포석길,4.37502502620002e+24,충청북도 진천군 진천읍 포석길 17,27832.0,1.0
MA0101202211A0018029,빽보이피자충주,연수점,I2,음식,I210,기타 간이,I21003,피자,I56192,피자; 햄버거; 샌드위치 및 유사 음식점업,43,충청북도,43130,충주시,43130625,칠금.금릉동,4313012800,금릉동,4.31301280010888e+18,1,대지,충청북도 충주시 금릉동 888-1,431302238004,충청북도 충주시 번영대로,4.31301280010888e+24,충청북도 충주시 번영대로 67,27340.0,1.0
MA0101202211A0060134,진1926청주,동남점,I2,음식,I201,한식,I20199,기타 한식 음식점,I56111,한식 일반 음식점업,43,충청북도,43111,청주시 상당구,43111720,용암1동,4311112400,용암동,4.3111124001307295e+18,1,대지,충청북도 청주시 상당구 용암동 3073,431114857347,충청북도 청주시 상당구 중고개로141번길,4.31111240010186e+24,충청북도 청주시 상당구 중고개로141번길 13-2,28808.0,2.0
MA0101202211A0038659,퐁당,오창점,I2,음식,I201,한식,I20101,백반/한정식,I56111,한식 일반 음식점업,43,충청북도,43114,청주시 청원구,43114253,오창읍,4311425345,오창읍,4.3114253451082e+18,1,대지,충청북도 청주시 청원구 오창읍 양청리 820-2,431143240075,충청북도 청주시 청원구 오창읍 중심상업1로,4.3114253451082e+24,충청북도 청주시 청원구 오창읍 중심상업1로 20,28120.0,2.0
MA0101202211A0088699,티바두마리치킨,오창점,I2,음식,I210,기타 간이,I21006,치킨,I56193,치킨 전문점,43,충청북도,43114,청주시 청원구,43114253,오창읍,4311425346,오창읍,4.3114253461041894e+18,1,대지,충청북도 청주시 청원구 오창읍 구룡리 419-6,431144520069,충청북도 청주시 청원구 오창읍 구룡6길,4.37102534600419e+24,충청북도 청주시 청원구 오창읍 구룡6길 40,28121.0,1.0
MA0101202301A0053487,방가삼대얼큰한뼈해장국제천,중앙점,I2,음식,I201,한식,I20102,국/탕/찌개류,I56111,한식 일반 음식점업,43,충청북도,43150,제천시,43150528,중앙동,4315010700,중앙로2가,4.3150107001000294e+18,1,대지,충청북도 제천시 중앙로2가 3-41,431503239071,충청북도 제천시 칠성로,4.31501070010003e+24,충청북도 제천시 칠성로 85,27166.0,1.0
MA0101202301A0034461,안성깍뚜기,광혜원점,I2,음식,I201,한식,I20101,백반/한정식,I56111,한식 일반 음식점업,43,충청북도,43750,진천군,43750370,광혜원면,4375037027,광혜원면,4.3750370271007293e+18,1,대지,충청북도 진천군 광혜원면 광혜원리 73-13,437504535429,충청북도 진천군 광혜원면 화랑5길,4.37503702720021e+24,충청북도 진천군 광혜원면 화랑5길 28,27802.0,1.0
MA0101202301A0094155,루시카토베이크카페현대백화점,충청점,I2,음식,I212,비알코올,I21201,카페,I56229,기타 비알코올 음료점업,43,충청북도,43113,청주시 흥덕구,43113741,복대1동,4311311400,복대동,4.3113114001338e+18,1,대지,충청북도 청주시 흥덕구 복대동 3380,431133236058,충청북도 청주시 흥덕구 직지대로,4.31131140010584e+24,충청북도 청주시 흥덕구 직지대로 308,28424.0,1.0
MA0101202301A0042860,데일리샐러드,호암점,I2,음식,I210,기타 간이,I21003,피자,I56192,피자; 햄버거; 샌드위치 및 유사 음식점업,43,충청북도,43130,충주시,43130580,호암.직동,4313010700,호암동,4.3130107001117496e+18,1,대지,충청북도 충주시 호암동 1175,431303352071,충청북도 충주시 호암토성1로,4.31301070011175e+24,충청북도 충주시 호암토성1로 28,27480.0,1.0
MA0101202301A0101510,씨유청주개신,오거리점,G2,소매,G204,종합 소매,G20405,편의점,G47122,체인화 편의점,43,충청북도,43112,청주시 서원구,43112590,성화.개신.죽림동,4311210900,개신동,4.31121090010052e+18,1,대지,충청북도 청주시 서원구 개신동 52-3,431123237104,충청북도 청주시 서원구 모충로,4.31121090010052e+24,충청북도 청주시 서원구 모충로 3,28666.0,1.0
MA0101202301A0077231,비에이치씨충북,금왕점,I2,음식,I210,기타 간이,I21006,치킨,I56193,치킨 전문점,43,충청북도,43770,음성군,43770253,금왕읍,4377025321,금왕읍,4.37702532110668e+18,1,대지,충청북도 음성군 금왕읍 무극리 668,437703247019,충청북도 음성군 금왕읍 무극로,4.37702532110668e+24,충청북도 음성군 금왕읍 무극로 220,27633.0,1.0
MA0101202302A0020405,컴포즈커피청주,하복대점,I2,음식,I212,비알코올,I21201,카페,I56221,커피 전문점,43,충청북도,43113,청주시 흥덕구,43113741,복대1동,4311311400,복대동,4.31131140012958e+18,1,대지,충청북도 청주시 흥덕구 복대동 2958,431133237081,충청북도 청주시 흥덕구 진재로,4.31131140012958e+24,충청북도 청주시 흥덕구 진재로 40,28420.0,1.0
MA0101202301A0074854,베베드피노,오창점,G2,소매,G209,섬유·의복·신발 소매,G20903,유아용 의류 소매업,G47417,유아용 의류 소매업,43,충청북도,43114,청주시 청원구,43114253,오창읍,4311425345,오창읍,4.3114253451082e+18,1,대지,충청북도 청주시 청원구 오창읍 양청리 820-2,431143240075,충청북도 청주시 청원구 오창읍 중심상업1로,4.3114253451082e+24,충청북도 청주시 청원구 오창읍 중심상업1로 20,28120.0,1.0
MA0101202301A0109188,커피밥,동남점,I2,음식,I212,비알코올,I21201,카페,I56221,커피 전문점,43,충청북도,43111,청주시 상당구,43111730,용암2동,4311112400,용암동,4.3111124001359e+18,1,대지,충청북도 청주시 상당구 용암동 3590,431114857319,충청북도 청주시 상당구 동남로83번길,4.31111240012943e+24,충청북도 청주시 상당구 동남로83번길 2-2,28786.0,1.0
MA0101202301A0066576,도축장인,호암점,I2,음식,I201,한식,I20107,돼지고기 구이/찜,I56113,한식 육류 요리 전문점,43,충청북도,43130,충주시,43130580,호암.직동,4313010700,호암동,4.3130107001099494e+18,1,대지,충청북도 충주시 호암동 995,431304856104,충청북도 충주시 호암수청1로,4.31301070010995e+24,충청북도 충주시 호암수청1로 47,27502.0,2.0
MA0101202301A0011675,춘천호반닭갈비&막국수충주,호암점,I2,음식,I201,한식,I20110,닭/오리고기 구이/찜,I56113,한식 육류 요리 전문점,43,충청북도,43130,충주시,43130580,호암.직동,4313010700,호암동,4.31301070011006e+18,1,대지,충청북도 충주시 호암동 1006,431304856100,충청북도 충주시 호암수청7길,4.31301070011006e+24,충청북도 충주시 호암수청7길 5,27502.0,1.0
MA0101202301A0010063,동희네집,2호점,I2,음식,I201,한식,I20105,국수/칼국수,I56112,한식 면 요리 전문점,43,충청북도,43150,제천시,43150528,중앙동,4315010100,의림동,4.3150101001000694e+18,1,대지,충청북도 제천시 의림동 7-64,431504518051,충청북도 제천시 칠성로10길,4.31501010010007e+24,충청북도 제천시 칠성로10길 9,27165.0,1.0
MA0101202301A0054244,토리헤어,가경점,S2,수리·개인,S207,이용·미용,S20701,미용실,S96112,두발 미용업,43,충청북도,43113,청주시 흥덕구,43113747,가경동,4311311300,가경동,4.31131130011674e+18,1,대지,충청북도 청주시 흥덕구 가경동 1674,431133237002,충청북도 청주시 흥덕구 가경로,4.31131130011674e+24,충청북도 청주시 흥덕구 가경로 9-8,28413.0,2.0
MA010120220809870828,가보가족,하복대점,I2,음식,I201,한식,I20101,백반/한정식,I56111,한식 일반 음식점업,43,충청북도,43113,청주시 흥덕구,43113741,복대1동,4311311400,복대동,4.31131140012838e+18,1,대지,충청북도 청주시 흥덕구 복대동 2838,431134511888,충청북도 청주시 흥덕구 짐대로72번길,4.31131140012838e+24,충청북도 청주시 흥덕구 짐대로72번길 41,28418.0,1.0
MA010120220805582562,다래생고기,전문점,I2,음식,I201,한식,I20107,돼지고기 구이/찜,I56113,한식 육류 요리 전문점,43,충청북도,43112,청주시 서원구,43112550,산남동,4311210400,산남동,4.31121040010435e+18,1,대지,충청북도 청주시 서원구 산남동 435,431124511758,충청북도 청주시 서원구 원흥로64번길,4.31131060010435e+24,충청북도 청주시 서원구 원흥로64번길 17,28626.0,1.0
MA010120220812623399,비지에프리테일진천큐브에스,1호점,G2,소매,G204,종합 소매,G20405,편의점,G47122,체인화 편의점,43,충청북도,43750,진천군,43750253,덕산읍,4375025323,덕산읍,4.37502532311074e+18,1,대지,충청북도 진천군 덕산읍 산수리 1074,437503350524,충청북도 진천군 덕산읍 산수산단3로,4.37503102311074e+24,충청북도 진천군 덕산읍 산수산단3로 66,27856.0,2.0
MA010120220813678195,자담치킨,분평점,I2,음식,I210,기타 간이,I21006,치킨,I56193,치킨 전문점,43,충청북도,43112,청주시 서원구,43112560,분평동,4311210600,분평동,4.3112106001121894e+18,1,대지,충청북도 청주시 서원구 분평동 1219,431123236067,충청북도 청주시 서원구 청남로,4.31121060011219e+24,충청북도 청주시 서원구 청남로 2018,28790.0,1.0
MA010120220813240029,스콜라몬테소리청주,지웰시티점,P1,교육,P106,기타 교육,P10605,레크리에이션 교육기관,P85613,레크리에이션 교육기관,43,충청북도,43113,청주시 흥덕구,43113741,복대1동,4311311400,복대동,4.31131140013379e+18,1,대지,충청북도 청주시 흥덕구 복대동 3379,431133237020,충청북도 청주시 흥덕구 대농로,4.31131140010584e+24,충청북도 청주시 흥덕구 대농로 17,28424.0,3.0
MA010120220808453318,커넥츠프랩수능관학원,복대점,P1,교육,P105,일반 교육,P10501,입시·교과학원,P85501,일반 교과학원,43,충청북도,43113,청주시 흥덕구,43113741,복대1동,4311311400,복대동,4.31131140013066e+18,1,대지,충청북도 청주시 흥덕구 복대동 3066,431133237021,충청북도 청주시 흥덕구 대신로,4.31131140013066e+24,충청북도 청주시 흥덕구 대신로 20,28423.0,4.0
MA010120220813373160,우리끼리키즈까페별빛마을청주,율량점,R1,예술·스포츠,R103,스포츠 서비스,R10314,기타 스포츠시설 운영업,G47221,음료 소매업,43,충청북도,43114,청주시 청원구,43114550,오근장동,4311410600,주중동,4.31141060011054e+18,1,대지,충청북도 청주시 청원구 주중동 1054,431143236054,충청북도 청주시 청원구 주성로,4.31141060011054e+24,충청북도 청주시 청원구 주성로 255,28325.0,2.0
MA010120220803587029,던킨충주,연수점,I2,음식,I210,기타 간이,I21001,빵/도넛,I56191,제과점업,43,충청북도,43130,충주시,43130630,연수동,4313011800,연수동,4.31301180010916e+18,1,대지,충청북도 충주시 연수동 916,431302238004,충청북도 충주시 번영대로,4.31301180010916e+24,충청북도 충주시 번영대로 117,27347.0,1.0
MA010120220806321454,붐바쥬청주동남지구,본점,S2,수리·개인,S207,이용·미용,S20701,미용실,S96112,두발 미용업,43,충청북도,43111,청주시 상당구,43111720,용암1동,4311112400,용암동,4.31111240012603e+18,1,대지,충청북도 청주시 상당구 용암동 2603,431114508510,충청북도 청주시 상당구 용암북로138번길,4.31111240012603e+24,충청북도 청주시 상당구 용암북로138번길 29-1,28763.0,2.0
MA010120220805286772,교촌치킨,수곡점,I2,음식,I210,기타 간이,I21006,치킨,I56193,치킨 전문점,43,충청북도,43112,청주시 서원구,43112580,수곡2동,4311210700,수곡동,4.31121070010896e+18,1,대지,충청북도 청주시 서원구 수곡동 896,431123237013,충청북도 청주시 서원구 구룡산로,4.31131090010896e+24,충청북도 청주시 서원구 구룡산로 245,28688.0,1.0
MA010120220807205706,로이드밤헤어,개신점,S2,수리·개인,S207,이용·미용,S20701,미용실,S96112,두발 미용업,43,충청북도,43112,청주시 서원구,43112590,성화.개신.죽림동,4311210900,개신동,4.3112109001062497e+18,1,대지,충청북도 청주시 서원구 개신동 625,431123237030,충청북도 청주시 서원구 복대로,4.31131110010625e+24,충청북도 청주시 서원구 복대로 34,28611.0,2.0
MA010120220809884518,야한식당,율량점,I2,음식,I211,주점,I21104,요리 주점,I56122,일식 음식점업,43,충청북도,43114,청주시 청원구,43114540,율량.사천동,4311410300,율량동,4.3114103001204495e+18,1,대지,충청북도 청주시 청원구 율량동 2045,431144844105,충청북도 청주시 청원구 율량로190번길,4.31141030012045e+24,충청북도 청주시 청원구 율량로190번길 11,28320.0,1.0
MA010120220805350543,배달해짬뽕하세,오창점,I2,음식,I202,중식,I20201,중국집,I56121,중식 음식점업,43,충청북도,43114,청주시 청원구,43114253,오창읍,4311425332,오창읍,4.31142533210604e+18,1,대지,충청북도 청주시 청원구 오창읍 주성리 604,431144571746,충청북도 청주시 청원구 오창읍 주성1길,4.31142533210604e+24,충청북도 청주시 청원구 오창읍 주성1길 8-1,28117.0,1.0
MA010120220808138068,열정국밥충북,증평점,I2,음식,I201,한식,I20102,국/탕/찌개류,I56111,한식 일반 음식점업,43,충청북도,43745,증평군,43745250,증평읍,4374525032,증평읍,4.3745250321073106e+18,1,대지,충청북도 증평군 증평읍 송산리 731,437453244030,충청북도 증평군 증평읍 송산로,4.37452503210731e+24,충청북도 증평군 증평읍 송산로 64,27918.0,1.0
MA010120220814344688,처갓집양념치킨,봉명점,I2,음식,I210,기타 간이,I21006,치킨,I56193,치킨 전문점,43,충청북도,43113,청주시 흥덕구,43113751,봉명1동,4311311500,봉명동,4.3113115001020897e+18,1,대지,충청북도 청주시 흥덕구 봉명동 209,431134511409,충청북도 청주시 흥덕구 봉명로149번길,4.31131150010209e+24,충청북도 청주시 흥덕구 봉명로149번길 6,28571.0,1.0
MA010120220806818030,씨유충주,문화점,G2,소매,G204,종합 소매,G20405,편의점,G47122,체인화 편의점,43,충청북도,43130,충주시,43130571,문화동,4313012700,문화동,4.31301270010658e+18,1,대지,충청북도 충주시 문화동 658,431303238091,충청북도 충주시 중앙로,4.31301270010658e+24,충청북도 충주시 중앙로 29,27406.0,1.0
MA0101202212A0030543,대박마라탕충북,혁신점,I2,음식,I202,중식,I20202,마라탕/훠궈,I56111,한식 일반 음식점업,43,충청북도,43750,진천군,43750253,덕산읍,4375025325,덕산읍,4.37502532512516e+18,1,대지,충청북도 진천군 덕산읍 두촌리 2516,437504541651,충청북도 진천군 덕산읍 예지2길,4.37503102512516e+24,충청북도 진천군 덕산읍 예지2길 11,27875.0,1.0
MA0101202301A0052771,내가조선의치킨이고맥주다신,연수점,I2,음식,I211,주점,I21103,생맥주 전문,I56111,한식 일반 음식점업,43,충청북도,43130,충주시,43130630,연수동,4313011800,연수동,4.3130118001152497e+18,1,대지,충청북도 충주시 연수동 1525-1,431304515009,충청북도 충주시 연수동산로5길,4.31301180011525e+24,충청북도 충주시 연수동산로5길 7,27352.0,1.0
MA0101202212A0076768,단성무이,율량점,I2,음식,I211,주점,I21104,요리 주점,I56219,기타 주점업,43,충청북도,43114,청주시 청원구,43114540,율량.사천동,4311410300,율량동,4.31141030012061e+18,1,대지,충청북도 청주시 청원구 율량동 2061,431144844107,충청북도 청주시 청원구 율량로202번길,4.31141030012061e+24,충청북도 청주시 청원구 율량로202번길 16,28320.0,1.0
MA0101202212A0036895,나이키골프현대백화점,충청점,G2,소매,G209,섬유·의복·신발 소매,G20905,기타 의류 소매업,G47419,기타 의복 소매업,43,충청북도,43113,청주시 흥덕구,43113741,복대1동,4311311400,복대동,4.3113114001338e+18,1,대지,충청북도 청주시 흥덕구 복대동 3380,431133236058,충청북도 청주시 흥덕구 직지대로,4.31131140010584e+24,충청북도 청주시 흥덕구 직지대로 308,28424.0,5.0
MA0101202212A0010071,맘스케익음성혁신청주오믈렛,대리점,I2,음식,I210,기타 간이,I21001,빵/도넛,I56191,제과점업,43,충청북도,43770,음성군,43770330,맹동면,4377033028,맹동면,4.37703302811286e+18,1,대지,충청북도 음성군 맹동면 두성리 1286,437704541737,충청북도 음성군 맹동면 용두1안길,4.37703302811286e+24,충청북도 음성군 맹동면 용두1안길 1,27738.0,1.0
MA0101202212A0001412,우리동네아이스크림청주,율량점,G2,소매,G204,종합 소매,G20404,슈퍼마켓,G47129,기타 음ㆍ식료품 위주 종합 소매업,43,충청북도,43114,청주시 청원구,43114540,율량.사천동,4311410300,율량동,4.3114103001087293e+18,1,대지,충청북도 청주시 청원구 율량동 873,431144508583,충청북도 청주시 청원구 율봉로201번길,4.31111150010873e+24,충청북도 청주시 청원구 율봉로201번길 8-2,28326.0,1.0
MA0101202212A0070426,푸라닭충주,호암점,I2,음식,I210,기타 간이,I21006,치킨,I56193,치킨 전문점,43,충청북도,43130,충주시,43130580,호암.직동,4313010700,호암동,4.3130107001013294e+18,1,대지,충청북도 충주시 호암동 133-12,431303238085,충청북도 충주시 호암중앙2로,4.31301070010133e+24,충청북도 충주시 호암중앙2로 19,27481.0,1.0
MA0101202212A0066509,홍콩반점0410,충북영동점,I2,음식,I202,중식,I20201,중국집,I56121,중식 음식점업,43,충청북도,43740,영동군,43740250,영동읍,4374025021,영동읍,4.37402502110687e+18,1,대지,충청북도 영동군 영동읍 계산리 687-22,437404529599,충청북도 영동군 영동읍 중앙로3길,4.37402502110687e+24,충청북도 영동군 영동읍 중앙로3길 6-1,29145.0,2.0
MA0101202211A0081483,이디야커피청주,하복대점,I2,음식,I212,비알코올,I21201,카페,I56221,커피 전문점,43,충청북도,43113,청주시 흥덕구,43113741,복대1동,4311311400,복대동,4.3113114001295503e+18,1,대지,충청북도 청주시 흥덕구 복대동 2955,431133237081,충청북도 청주시 흥덕구 진재로,4.31131140012955e+24,충청북도 청주시 흥덕구 진재로 46,28420.0,1.0
MA0101202212A0056323,컴포즈커피충주,연수점,I2,음식,I212,비알코올,I21201,카페,I56221,커피 전문점,43,충청북도,43130,충주시,43130630,연수동,4313011800,연수동,4.31301180011514e+18,1,대지,충청북도 충주시 연수동 1514,431303238002,충청북도 충주시 갱고개로,4.31301180011514e+24,충청북도 충주시 갱고개로 138,27352.0,1.0
MA0101202211A0101972,용가제면소오창,본점,I2,음식,I201,한식,I20101,백반/한정식,I56111,한식 일반 음식점업,43,충청북도,43114,청주시 청원구,43114253,오창읍,4311425345,오창읍,4.31142534510808e+18,1,대지,충청북도 청주시 청원구 오창읍 양청리 808-7,431144520438,충청북도 청주시 청원구 오창읍 양청송대길,4.31142534510808e+24,충청북도 청주시 청원구 오창읍 양청송대길 5,28118.0,1.0
MA0101202211A0088444,이디야커피충주,호암점,I2,음식,I212,비알코올,I21201,카페,I56221,커피 전문점,43,충청북도,43130,충주시,43130580,호암.직동,4313010700,호암동,4.31301070011212e+18,1,대지,충청북도 충주시 호암동 1212,431303352069,충청북도 충주시 사천개로,4.31301070011212e+24,충청북도 충주시 사천개로 40,27480.0,1.0
MA0101202211A0012463,라와마라탕,청주봉명점,I2,음식,I202,중식,I20202,마라탕/훠궈,I56121,중식 음식점업,43,충청북도,43113,청주시 흥덕구,43113756,봉명2.송정동,4311311500,봉명동,4.31131150011934e+18,1,대지,충청북도 청주시 흥덕구 봉명동 1934,431134511428,충청북도 청주시 흥덕구 봉정로56번길,4.31131150011934e+24,충청북도 청주시 흥덕구 봉정로56번길 27,28448.0,1.0
MA0101202211A0077848,스탠바이짐,오창점,R1,예술·스포츠,R103,스포츠 서비스,R10307,헬스장,R91132,체력 단련시설 운영업,43,충청북도,43114,청주시 청원구,43114253,오창읍,4311425345,오창읍,4.31142534510751e+18,1,대지,충청북도 청주시 청원구 오창읍 양청리 751-5,431143240062,충청북도 청주시 청원구 오창읍 오창공원로,4.37102534500751e+24,충청북도 청주시 청원구 오창읍 오창공원로 73-3,28115.0,1.0
MA0101202211A0096727,지에스25보은,대동점,G2,소매,G204,종합 소매,G20405,편의점,G47122,체인화 편의점,43,충청북도,43720,보은군,43720250,보은읍,4372025031,보은읍,4.3720250311013e+18,1,대지,충청북도 보은군 보은읍 이평리 130-1,437203241009,충청북도 보은군 보은읍 뱃들로,4.3720250311013e+24,충청북도 보은군 보은읍 뱃들로 36-1,28936.0,1.0
MA0101202211A0055243,1943충북,제천점,I2,음식,I211,주점,I21103,생맥주 전문,I56213,생맥주 전문점,43,충청북도,43150,제천시,43150510,교동,4315011600,장락동,4.31501160010542e+18,1,대지,충청북도 제천시 장락동 542-5,431504844152,충청북도 제천시 죽하로11길,4.31501160010542e+24,충청북도 제천시 죽하로11길 19,27144.0,2.0
MA0101202211A0020953,이마트24제천,고암점,G2,소매,G204,종합 소매,G20405,편의점,G47122,체인화 편의점,43,충청북도,43150,제천시,43150518,의림지동,4315011500,고암동,4.3150115001016294e+18,1,대지,충청북도 제천시 고암동 163-23,431503239010,충청북도 제천시 내토로,4.31501150020046e+24,충청북도 제천시 내토로 1103,27139.0,1.0
MA0101202211A0052487,브넬헤어,분평점,S2,수리·개인,S207,이용·미용,S20701,미용실,S96112,두발 미용업,43,충청북도,43112,청주시 서원구,43112560,분평동,4311210600,분평동,4.31121060011372e+18,1,대지,충청북도 청주시 서원구 분평동 1372,431124512136,충청북도 청주시 서원구 1순환로1107번길,4.31131080011372e+24,충청북도 청주시 서원구 1순환로1107번길 24,28800.0,2.0
MA010120220807786188,신전떡볶이,증평점,I2,음식,I210,기타 간이,I21007,김밥/만두/분식,I56194,김밥 및 기타 간이 음식점업,43,충청북도,43745,증평군,43745250,증평읍,4374525025,증평읍,4.37452502510078e+18,1,대지,충청북도 증평군 증평읍 신동리 78-1,437453244015,충청북도 증평군 증평읍 역전로,4.37452502510078e+24,충청북도 증평군 증평읍 역전로 44-1,27937.0,1.0
MA010120220810013793,일일양충북,혁신점,I2,음식,I201,한식,I20199,기타 한식 음식점,I56113,한식 육류 요리 전문점,43,충청북도,43750,진천군,43750253,덕산읍,4375025325,덕산읍,4.37502532512464e+18,1,대지,충청북도 진천군 덕산읍 두촌리 2464,437503000235,충청북도 진천군 덕산읍 대하로,4.37502532512464e+24,충청북도 진천군 덕산읍 대하로 151,27871.0,1.0
MA010120220805412684,스위트푸드;비온탑스터디카페청주,오창점,R1,예술·스포츠,R102,도서관·사적지,R10202,독서실/스터디 카페,N76299,그 외 기타 개인 및 가정용품 임대업,43,충청북도,43114,청주시 청원구,43114253,오창읍,4311425345,오창읍,4.3114253451082097e+18,1,대지,충청북도 청주시 청원구 오창읍 양청리 821-4,431143240077,충청북도 청주시 청원구 오창읍 중심상업로,4.37102534500821e+24,충청북도 청주시 청원구 오창읍 중심상업로 7,28120.0,4.0
MA010120220801934441,빽다방청주복대,사거리점,I2,음식,I212,비알코올,I21201,카페,I56221,커피 전문점,43,충청북도,43113,청주시 흥덕구,43113742,복대2동,4311311400,복대동,4.31131140010975e+18,1,대지,충청북도 청주시 흥덕구 복대동 975-5,431133237030,충청북도 청주시 흥덕구 복대로,4.31131140010975e+24,충청북도 청주시 흥덕구 복대로 173,28598.0,1.0
MA010120220804411101,위넌스터디카페,충북대점,R1,예술·스포츠,R102,도서관·사적지,R10202,독서실/스터디 카페,R90212,독서실 운영업,43,충청북도,43112,청주시 서원구,43112530,사창동,4311210200,사창동,4.31121020010156e+18,1,대지,충청북도 청주시 서원구 사창동 156-10,431123236001,충청북도 청주시 서원구 1순환로,4.31131020010156e+24,충청북도 청주시 서원구 1순환로 664,28642.0,2.0
MA010120220807482489,씨유성화주공,2단지점,G2,소매,G204,종합 소매,G20405,편의점,G47122,체인화 편의점,43,충청북도,43112,청주시 서원구,43112590,성화.개신.죽림동,4311210800,성화동,4.31121080010619e+18,1,대지,충청북도 청주시 서원구 성화동 619,431123237075,충청북도 청주시 서원구 장전로,4.31131100010619e+24,충청북도 청주시 서원구 장전로 80,28638.0,1.0
MA010120220814094509,이디야커피,지웰시티점,I2,음식,I212,비알코올,I21201,카페,I56221,커피 전문점,43,충청북도,43113,청주시 흥덕구,43113741,복대1동,4311311400,복대동,4.31131140010288e+18,1,대지,충청북도 청주시 흥덕구 복대동 288-119,431133237020,충청북도 청주시 흥덕구 대농로,4.31131140010288e+24,충청북도 청주시 흥덕구 대농로 56,28427.0,1.0
MA010120220805599882,GS25봉명,사거리점,G2,소매,G204,종합 소매,G20405,편의점,G47122,체인화 편의점,43,충청북도,43113,청주시 흥덕구,43113751,봉명1동,4311311500,봉명동,4.3113115001106094e+18,1,대지,충청북도 청주시 흥덕구 봉명동 1061,431133237031,충청북도 청주시 흥덕구 봉명로,4.31131150011061e+24,충청북도 청주시 흥덕구 봉명로 172,28562.0,1.0
MA010120220803702312,우리끼리키즈카페동화마을청주,오창점,R1,예술·스포츠,R104,유원지·오락,R10405,기타 오락장,R91229,기타 오락장 운영업,43,충청북도,43114,청주시 청원구,43114253,오창읍,4311425345,오창읍,4.31142534510818e+18,1,대지,충청북도 청주시 청원구 오창읍 양청리 818-4,431143240077,충청북도 청주시 청원구 오창읍 중심상업로,4.37102534500818e+24,충청북도 청주시 청원구 오창읍 중심상업로 20,28119.0,5.0
MA010120220806446530,꼬마김밥,동대문,I2,음식,I210,기타 간이,I21007,김밥/만두/분식,I56194,김밥 및 기타 간이 음식점업,43,충청북도,43112,청주시 서원구,43112560,분평동,4311210600,분평동,4.31121060011238e+18,1,대지,충청북도 청주시 서원구 분평동 1238,431124512137,충청북도 청주시 서원구 1순환로1063번길,4.31131080011238e+24,충청북도 청주시 서원구 1순환로1063번길 61-54,28797.0,1.0
MA010120220803034087,메가엠지씨커피청주,용암점,I2,음식,I212,비알코올,I21201,카페,I56221,커피 전문점,43,충청북도,43111,청주시 상당구,43111720,용암1동,4311112400,용암동,4.31111240011666e+18,1,대지,충청북도 청주시 상당구 용암동 1666,431114508560,충청북도 청주시 상당구 월평로184번길,4.31111240011666e+24,충청북도 청주시 상당구 월평로184번길 150,28776.0,1.0
MA010120220805603892,알파문구,용암점,G2,소매,G213,오락용품 소매,G21302,문구/회화용품 소매업,G47612,문구용품 및 회화용품 소매업,43,충청북도,43111,청주시 상당구,43111730,용암2동,4311112400,용암동,4.31111240011862e+18,1,대지,충청북도 청주시 상당구 용암동 1862,431113236049,충청북도 청주시 상당구 월평로,4.31111240011862e+24,충청북도 청주시 상당구 월평로 216-1,28782.0,1.0
MA010120220806944734,국가대표,연수점,I2,음식,I201,한식,I20107,돼지고기 구이/찜,I56113,한식 육류 요리 전문점,43,충청북도,43130,충주시,43130630,연수동,4313011800,연수동,4.3130118001171297e+18,1,대지,충청북도 충주시 연수동 1713,431302238001,충청북도 충주시 계명대로,4.31301180011713e+24,충청북도 충주시 계명대로 224,27371.0,1.0
MA010120220813273467,프로젝트엠청주점,롯데아울렛,G2,소매,G209,섬유·의복·신발 소매,G20905,기타 의류 소매업,G47414,셔츠 및 블라우스 소매업,43,충청북도,43113,청주시 흥덕구,43113760,강서1동,4311313800,비하동,4.31131380010811e+18,1,대지,충청북도 청주시 흥덕구 비하동 811,431133014065,충청북도 청주시 흥덕구 2순환로,4.31131380010332e+24,충청북도 청주시 흥덕구 2순환로 1004,28360.0,3.0
MA010120220807014207,다이아필라테스,율량점,P1,교육,P106,기타 교육,P10603,요가/필라테스 학원,P85612,기타 스포츠 교육기관,43,충청북도,43114,청주시 청원구,43114550,오근장동,4311410500,주성동,4.3114105001036897e+18,1,대지,충청북도 청주시 청원구 주성동 369,431143236054,충청북도 청주시 청원구 주성로,4.31111310010136e+24,충청북도 청주시 청원구 주성로 289,28318.0,4.0
MA010120220805270615,미카도스시충북,혁신도시점,I2,음식,I203,일식,I20301,일식 회/초밥,I56111,한식 일반 음식점업,43,충청북도,43770,음성군,43770330,맹동면,4377033031,맹동면,4.37703303110498e+18,1,대지,충청북도 음성군 맹동면 동성리 498,437703000235,충청북도 음성군 맹동면 대하로,4.37703303110498e+24,충청북도 음성군 맹동면 대하로 227,27738.0,1.0
MA010120220806345211,건설중기,명지,N1,시설관리·임대,N109,운송장비 대여,N10999,기타 운송장비 대여업,N76190,기타 운송장비 임대업,43,충청북도,43760,괴산군,43760250,괴산읍,4376025030,괴산읍,4.37602503010176e+18,1,대지,충청북도 괴산군 괴산읍 대사리 176-6,437604538179,충청북도 괴산군 괴산읍 대사2길,4.37602503010176e+24,충청북도 괴산군 괴산읍 대사2길 8,28036.0,1.0
MA010120220807125610,이마트24,음성금왕점,G2,소매,G204,종합 소매,G20405,편의점,G47122,체인화 편의점,43,충청북도,43770,음성군,43770253,금왕읍,4377025321,금왕읍,4.37702532110749e+18,1,대지,충청북도 음성군 금왕읍 무극리 749,437704541601,충청북도 음성군 금왕읍 탑골길,4.37702532110749e+24,충청북도 음성군 금왕읍 탑골길 43,27633.0,1.0
MA010120220808236925,힐더홈요술상자,충청점,G2,소매,G215,의약·화장품 소매,G21503,화장품 소매업,G47813,화장품; 비누 및 방향제 소매업,43,충청북도,43750,진천군,43750250,진천읍,4375025024,진천읍,4.37502502410122e+18,1,대지,충청북도 진천군 진천읍 읍내리 122-95,437504535367,충청북도 진천군 진천읍 중앙동5길,4.37502502410122e+24,충청북도 진천군 진천읍 중앙동5길 13-16,27834.0,1.0
MA010120220813902724,탑플레이스PC구,연수점,R1,예술·스포츠,R104,유원지·오락,R10406,PC방,R91222,컴퓨터 게임방 운영업,43,충청북도,43130,충주시,43130630,연수동,4313011800,연수동,4.31301180010712e+18,1,대지,충청북도 충주시 연수동 712-4,431303238046,충청북도 충주시 연원로,4.31301180010712e+24,충청북도 충주시 연원로 27-13,27347.0,1.0
MA010120220808330991,서리서리멸치국수,율량점,I2,음식,I201,한식,I20105,국수/칼국수,I56112,한식 면 요리 전문점,43,충청북도,43114,청주시 청원구,43114540,율량.사천동,4311410300,율량동,4.31141030010872e+18,1,대지,충청북도 청주시 청원구 율량동 872,431143236050,충청북도 청주시 청원구 율봉로,4.31141030010872e+24,충청북도 청주시 청원구 율봉로 209,28326.0,1.0
MA010120220805599475,두툼산남,본점,I2,음식,I201,한식,I20111,횟집,I56114,한식 해산물 요리 전문점,43,충청북도,43112,청주시 서원구,43112550,산남동,4311210400,산남동,4.3112104001099105e+18,1,대지,충청북도 청주시 서원구 산남동 991,431123237026,충청북도 청주시 서원구 두꺼비로,4.31121040010991e+24,충청북도 청주시 서원구 두꺼비로 29,28629.0,1.0
MA010120220805468080,한식주점양파링,충북대점,I2,음식,I211,주점,I21104,요리 주점,I56219,기타 주점업,43,충청북도,43112,청주시 서원구,43112530,사창동,4311210200,사창동,4.3112102001043896e+18,1,대지,충청북도 청주시 서원구 사창동 439,431124512173,충청북도 청주시 서원구 1순환로674번길,4.31131020010439e+24,충청북도 청주시 서원구 1순환로674번길 22,28643.0,1.0
MA0101202209A0026103,빽다방충북대,중문점,I2,음식,I212,비알코올,I21201,카페,I56221,커피 전문점,43,충청북도,43112,청주시 서원구,43112530,사창동,4311210200,사창동,4.31121020010154e+18,1,대지,충청북도 청주시 서원구 사창동 154-6,431123237019,충청북도 청주시 서원구 내수동로,4.31131020010154e+24,충청북도 청주시 서원구 내수동로 101,28642.0,2.0
MA0101202212A0038633,512살룬,오창점,I2,음식,I201,한식,I20101,백반/한정식,I56111,한식 일반 음식점업,43,충청북도,43114,청주시 청원구,43114253,오창읍,4311425345,오창읍,4.31142534510786e+18,1,대지,충청북도 청주시 청원구 오창읍 양청리 786-1,431143240075,충청북도 청주시 청원구 오창읍 중심상업1로,4.37102534500786e+24,충청북도 청주시 청원구 오창읍 중심상업1로 72,28120.0,1.0
MA0101202211A0045071,컴포즈커피진천,중앙점,I2,음식,I212,비알코올,I21201,카페,I56221,커피 전문점,43,충청북도,43750,진천군,43750250,진천읍,4375025024,진천읍,4.3750250241039503e+18,1,대지,충청북도 진천군 진천읍 읍내리 395-5,437503245007,충청북도 진천군 진천읍 상산로,4.37502502410395e+24,충청북도 진천군 진천읍 상산로 88-1,27833.0,1.0
MA0101202209A0064106,굽네치킨율량.,사천점,I2,음식,I210,기타 간이,I21006,치킨,I56193,치킨 전문점,43,충청북도,43114,청주시 청원구,43114540,율량.사천동,4311410400,사천동,4.3114104001024497e+18,1,대지,충청북도 청주시 청원구 사천동 245-13,431143236052,충청북도 청주시 청원구 율천북로,4.31111160010245e+24,충청북도 청주시 청원구 율천북로 55,28347.0,1.0
MA0101202211A0094384,한촌설렁탕충주,시청점,I2,음식,I201,한식,I20102,국/탕/찌개류,I56111,한식 일반 음식점업,43,충청북도,43130,충주시,43130630,연수동,4313011800,연수동,4.31301180010819e+18,1,대지,충청북도 충주시 연수동 819-4,431303238046,충청북도 충주시 연원로,4.31301180010819e+24,충청북도 충주시 연원로 1,27347.0,1.0
MA0101202211A0063691,계화동강서,직영점,I2,음식,I211,주점,I21104,요리 주점,I56219,기타 주점업,43,충청북도,43113,청주시 흥덕구,43113760,강서1동,4311311700,강서동,4.3113117001051694e+18,1,대지,충청북도 청주시 흥덕구 강서동 517,431133237045,충청북도 청주시 흥덕구 서현동로,4.31131170010519e+24,충청북도 청주시 흥덕구 서현동로 17,28378.0,1.0
MA0101202210A0060885,햇살꼬마김밥연수,2호점,I2,음식,I210,기타 간이,I21007,김밥/만두/분식,I56194,김밥 및 기타 간이 음식점업,43,충청북도,43130,충주시,43130630,연수동,4313011800,연수동,4.31301180010734e+18,1,대지,충청북도 충주시 연수동 734-4,431304515028,충청북도 충주시 연수서편3길,4.31301180010734e+24,충청북도 충주시 연수서편3길 9,27347.0,1.0
MA0101202210A0070313,가마치통닭,사직점,I2,음식,I210,기타 간이,I21006,치킨,I56193,치킨 전문점,43,충청북도,43112,청주시 서원구,43112510,사직1동,4311210100,사직동,4.3112101001026703e+18,1,대지,충청북도 청주시 서원구 사직동 267-1,431124511521,충청북도 청주시 서원구 사직대로265번길,4.31131010010267e+24,충청북도 청주시 서원구 사직대로265번길 19,28555.0,1.0
MA0101202210A0040471,구제,백화점,G2,소매,G222,중고 상품 소매,G22201,중고 상품 소매업,G47869,기타 중고 상품 소매업,43,충청북도,43111,청주시 상당구,43111545,성안동,4311110500,남문로1가,4.311110500101821e+18,1,대지,충청북도 청주시 상당구 남문로1가 182-1,431114508364,충청북도 청주시 상당구 성안로74번길,4.31111050010182e+24,충청북도 청주시 상당구 성안로74번길 5,28532.0,1.0
MA0101202210A0007208,배스킨라빈스,용암점,I2,음식,I210,기타 간이,I21008,아이스크림/빙수,I56194,김밥 및 기타 간이 음식점업,43,충청북도,43111,청주시 상당구,43111720,용암1동,4311112400,용암동,4.31111240011592e+18,1,대지,충청북도 청주시 상당구 용암동 1592,431113236057,충청북도 청주시 상당구 중흥로,4.31111240011592e+24,충청북도 청주시 상당구 중흥로 54,28776.0,1.0
MA0101202210A0028216,워시팡팡무인셀프빨래방오창,구룡점,S2,수리·개인,S209,세탁,S20902,셀프 빨래방,S96912,가정용 세탁업,43,충청북도,43114,청주시 청원구,43114253,오창읍,4311425346,오창읍,4.31142534610408e+18,1,대지,충청북도 청주시 청원구 오창읍 구룡리 408-10,431143240011,충청북도 청주시 청원구 오창읍 구룡택지1로,4.37102534600408e+24,충청북도 청주시 청원구 오창읍 구룡택지1로 19,28121.0,1.0
MA0101202210A0056789,맹드라이브운전면허,제천점,P1,교육,P106,기타 교육,P10623,운전학원,P85661,운전학원,43,충청북도,43150,제천시,43150528,중앙동,4315010800,명동,4.3150108001000294e+18,1,대지,충청북도 제천시 명동 3-10,431502014004,충청북도 제천시 의병대로,4.31501080010003e+24,충청북도 제천시 의병대로 79-1,27169.0,3.0
MA0101202210A0042810,해빔현대백화점,충청점,I2,음식,I201,한식,I20101,백반/한정식,I56111,한식 일반 음식점업,43,충청북도,43113,청주시 흥덕구,43113741,복대1동,4311311400,복대동,4.3113114001338e+18,1,대지,충청북도 청주시 흥덕구 복대동 3380,431133236058,충청북도 청주시 흥덕구 직지대로,4.31131140010584e+24,충청북도 청주시 흥덕구 직지대로 308,28424.0,6.0
MA0101202210A0002623,특수청소,제천점,N1,시설관리·임대,N102,청소·방제,N10201,건축물 일반 청소업,N74211,건축물 일반 청소업,43,충청북도,43150,제천시,43150528,중앙동,4315010700,중앙로2가,4.31501070010078e+18,1,대지,충청북도 제천시 중앙로2가 78-11,431504517305,충청북도 제천시 명륜로15길,4.31501070010078e+24,충청북도 제천시 명륜로15길 2,27168.0,2.0
MA0101202210A0002022,루페스빅풋디테일링센터청주,흥덕점,S2,수리·개인,S203,자동차 수리·세차,S20302,자동차 세차장,S95213,자동차 세차업,43,충청북도,43112,청주시 서원구,43112310,남이면,4311231034,남이면,4.31123103410009e+18,1,대지,충청북도 청주시 서원구 남이면 석판리 9-1,431123240091,충청북도 청주시 서원구 남이면 대림로,4.31123103410009e+24,충청북도 청주시 서원구 남이면 대림로 377,28619.0,1.0
MA0101202210A0098704,아마스빈청주가경,아이파크점,I2,음식,I212,비알코올,I21201,카페,I56221,커피 전문점,43,충청북도,43113,청주시 흥덕구,43113747,가경동,4311311300,가경동,4.3113113001227e+18,1,대지,충청북도 청주시 흥덕구 가경동 2270,431133237046,충청북도 청주시 흥덕구 서현로,4.3113113001227e+24,충청북도 청주시 흥덕구 서현로 60,28382.0,1.0
MA0101202210A0035549,말자싸롱옥산자이점,청담동,I2,음식,I201,한식,I20101,백반/한정식,I56111,한식 일반 음식점업,43,충청북도,43113,청주시 흥덕구,43113320,옥산면,4311332025,옥산면,4.31133202510269e+18,1,대지,충청북도 청주시 흥덕구 옥산면 가락리 269,431133240054,충청북도 청주시 흥덕구 옥산면 오송가락로,4.31133202510269e+24,충청북도 청주시 흥덕구 옥산면 오송가락로 1049,28113.0,1.0
MA0101202210A0073036,브루클린바이브,가경점,I2,음식,I204,서양식,I20401,경양식,I56123,서양식 음식점업,43,충청북도,43113,청주시 흥덕구,43113747,가경동,4311311300,가경동,4.3113113001227e+18,1,대지,충청북도 청주시 흥덕구 가경동 2270,431133237046,충청북도 청주시 흥덕구 서현로,4.3113113001227e+24,충청북도 청주시 흥덕구 서현로 60,28382.0,1.0
MA0101202210A0096443,시그니처랩,충청점,I2,음식,I204,서양식,I20401,경양식,I56123,서양식 음식점업,43,충청북도,43113,청주시 흥덕구,43113741,복대1동,4311311400,복대동,4.3113114001338e+18,1,대지,충청북도 청주시 흥덕구 복대동 3380,431133236058,충청북도 청주시 흥덕구 직지대로,4.31131140010584e+24,충청북도 청주시 흥덕구 직지대로 308,28424.0,6.0
MA0101202210A0009504,팔각도청주,지웰시티점,I2,음식,I201,한식,I20101,백반/한정식,I56111,한식 일반 음식점업,43,충청북도,43113,청주시 흥덕구,43113741,복대1동,4311311400,복대동,4.31131140013214e+18,1,대지,충청북도 청주시 흥덕구 복대동 3214,431133237081,충청북도 청주시 흥덕구 진재로,4.31131140013214e+24,충청북도 청주시 흥덕구 진재로 107,28427.0,1.0
MA0101202210A0055156,휘트니스휴,용암점,R1,예술·스포츠,R103,스포츠 서비스,R10307,헬스장,R91132,체력 단련시설 운영업,43,충청북도,43111,청주시 상당구,43111730,용암2동,4311112600,방서동,4.311112600108e+18,1,대지,충청북도 청주시 상당구 방서동 800,431113236049,충청북도 청주시 상당구 월평로,4.31111260010646e+24,충청북도 청주시 상당구 월평로 258,28785.0,4.0
MA0101202210A0048818,카페일분,수곡점,I2,음식,I212,비알코올,I21201,카페,I56221,커피 전문점,43,충청북도,43112,청주시 서원구,43112580,수곡2동,4311210700,수곡동,4.31121070010777e+18,1,대지,충청북도 청주시 서원구 수곡동 777,431123237053,충청북도 청주시 서원구 수곡로,4.31131090010777e+24,충청북도 청주시 서원구 수곡로 74,28686.0,1.0
MA0101202210A0063685,디저트,청담동,I2,음식,I210,기타 간이,I21001,빵/도넛,I56191,제과점업,43,충청북도,43130,충주시,43130625,칠금.금릉동,4313012800,금릉동,4.31301280010755e+18,1,대지,충청북도 충주시 금릉동 755,431304514167,충청북도 충주시 금제4길,4.31301280010755e+24,충청북도 충주시 금제4길 7-1,27340.0,1.0
MA0101202210A0027170,불닭발땡초엽기떡볶이청주동남점,동대문,I2,음식,I210,기타 간이,I21007,김밥/만두/분식,I56194,김밥 및 기타 간이 음식점업,43,충청북도,43111,청주시 상당구,43111720,용암1동,4311112400,용암동,4.3111124001302897e+18,1,대지,충청북도 청주시 상당구 용암동 3029,431114857347,충청북도 청주시 상당구 중고개로141번길,4.31111240010197e+24,충청북도 청주시 상당구 중고개로141번길 8,28808.0,1.0
MA0101202210A0052638,유캔두잇,금왕점,I2,음식,I212,비알코올,I21201,카페,I56221,커피 전문점,43,충청북도,43770,음성군,43770253,금왕읍,4377025322,금왕읍,4.3770253221034e+18,1,대지,충청북도 음성군 금왕읍 금석리 340-7,437703014058,충청북도 음성군 금왕읍 대금로,4.37702532110014e+24,충청북도 음성군 금왕읍 대금로 1458-5,27638.0,2.0
MA0101202210A0083075,탑크리닝업호암,1호점,S2,수리·개인,S209,세탁,S20901,세탁소,S96912,가정용 세탁업,43,충청북도,43130,충주시,43130580,호암.직동,4313010700,호암동,4.31301070011212e+18,1,대지,충청북도 충주시 호암동 1212,431303352069,충청북도 충주시 사천개로,4.31301070011212e+24,충청북도 충주시 사천개로 40,27480.0,1.0
MA0101202210A0039817,떡군이네떡볶이,봉명점,I2,음식,I210,기타 간이,I21007,김밥/만두/분식,I56194,김밥 및 기타 간이 음식점업,43,충청북도,43113,청주시 흥덕구,43113756,봉명2.송정동,4311311500,봉명동,4.3113115001134894e+18,1,대지,충청북도 청주시 흥덕구 봉명동 1349,431134512150,충청북도 청주시 흥덕구 1순환로512번길,4.31131150011349e+24,충청북도 청주시 흥덕구 1순환로512번길 27,28451.0,1.0
MA0101202210A0044398,타짜오리하우스,죽림점,I2,음식,I201,한식,I20110,닭/오리고기 구이/찜,I56113,한식 육류 요리 전문점,43,충청북도,43112,청주시 서원구,43112590,성화.개신.죽림동,4311211000,죽림동,4.31121100010144e+18,1,대지,충청북도 청주시 서원구 죽림동 144-1,431124512203,충청북도 청주시 서원구 대림로421번길,4.31121100010144e+24,충청북도 청주시 서원구 대림로421번길 19,28386.0,1.0
MA0101202210A0045227,피자꽁떼복,대동점,I2,음식,I210,기타 간이,I21003,피자,I56192,피자; 햄버거; 샌드위치 및 유사 음식점업,43,충청북도,43113,청주시 흥덕구,43113741,복대1동,4311311400,복대동,4.31131140010222e+18,1,대지,충청북도 청주시 흥덕구 복대동 222-8,431134511395,충청북도 청주시 흥덕구 복대로219번길,4.31131140010222e+24,충청북도 청주시 흥덕구 복대로219번길 28,28584.0,1.0
MA0101202210A0068214,헬로부찌,수곡점,I2,음식,I201,한식,I20102,국/탕/찌개류,I56191,제과점업,43,충청북도,43112,청주시 서원구,43112580,수곡2동,4311210700,수곡동,4.31121070010854e+18,1,대지,충청북도 청주시 서원구 수곡동 854,431124511625,충청북도 청주시 서원구 수곡로58번길,4.31131090010854e+24,충청북도 청주시 서원구 수곡로58번길 7-5,28687.0,1.0
MA0101202210A0100870,신전떡볶이,충북대점,I2,음식,I210,기타 간이,I21007,김밥/만두/분식,I56194,김밥 및 기타 간이 음식점업,43,충청북도,43113,청주시 흥덕구,43113742,복대2동,4311311400,복대동,4.3113114001086495e+18,1,대지,충청북도 청주시 흥덕구 복대동 865-2,431133350731,충청북도 청주시 흥덕구 충대로,4.31131140010865e+24,충청북도 청주시 흥덕구 충대로 7,28594.0,1.0
MA0101202210A0024692,롯데리아청주,동남점,I2,음식,I210,기타 간이,I21004,버거,I56192,피자; 햄버거; 샌드위치 및 유사 음식점업,43,충청북도,43111,청주시 상당구,43111720,용암1동,4311112400,용암동,4.31111240013082e+18,1,대지,충청북도 청주시 상당구 용암동 3082,431114857347,충청북도 청주시 상당구 중고개로141번길,4.31111240010186e+24,충청북도 청주시 상당구 중고개로141번길 13-16,28808.0,1.0
MA0101202210A0072413,꾸브라꼬숯불두마리치킨서충주,신도시점,I2,음식,I210,기타 간이,I21006,치킨,I56193,치킨 전문점,43,충청북도,43130,충주시,43130335,대소원면,4313033531,대소원면,4.3130335311079506e+18,1,대지,충청북도 충주시 대소원면 본리 795,431304515538,충청북도 충주시 대소원면 첨단쉼터7길,4.31303353110795e+24,충청북도 충주시 대소원면 첨단쉼터7길 40,27466.0,1.0
MA0101202210A0007776,세븐충주연수세영리첼점,코리아,G2,소매,G204,종합 소매,G20405,편의점,G47122,체인화 편의점,43,충청북도,43130,충주시,43130630,연수동,4313011800,연수동,4.3130118001156096e+18,1,대지,충청북도 충주시 연수동 1561,431303238044,충청북도 충주시 연수동산로,4.31301180011561e+24,충청북도 충주시 연수동산로 27,27352.0,2.0
MA0101202210A0076706,오렌지팟충주,호암점,G2,소매,G213,오락용품 소매,G21302,문구/회화용품 소매업,G47612,문구용품 및 회화용품 소매업,43,충청북도,43130,충주시,43130580,호암.직동,4313010700,호암동,4.31301070011052e+18,1,대지,충청북도 충주시 호암동 1052,431304856104,충청북도 충주시 호암수청1로,4.31301070011052e+24,충청북도 충주시 호암수청1로 13,27502.0,1.0
MA0101202210A0063265,세븐청주내수무지개점,코리아,G2,소매,G204,종합 소매,G20405,편의점,G47122,체인화 편의점,43,충청북도,43114,청주시 청원구,43114250,내수읍,4311425036,내수읍,4.31142503610258e+18,1,대지,충청북도 청주시 청원구 내수읍 은곡리 258-1,431143014017,충청북도 청주시 청원구 내수읍 내수로,4.31142503610258e+24,충청북도 청주시 청원구 내수읍 내수로 612,28143.0,1.0
MA0101202210A0092130,땅스부대찌개,분평점,I2,음식,I201,한식,I20102,국/탕/찌개류,I56194,김밥 및 기타 간이 음식점업,43,충청북도,43112,청주시 서원구,43112550,산남동,4311210600,분평동,4.311210600102461e+18,1,대지,충청북도 청주시 서원구 분평동 246-24,431123236067,충청북도 청주시 서원구 청남로,4.31131080010246e+24,충청북도 청주시 서원구 청남로 1999,28701.0,1.0
MA010120220809999094,처갓집양념치킨,옥산점,I2,음식,I210,기타 간이,I21006,치킨,I56193,치킨 전문점,43,충청북도,43113,청주시 흥덕구,43113320,옥산면,4311332025,옥산면,4.31133202510736e+18,1,대지,충청북도 청주시 흥덕구 옥산면 가락리 736,431134520490,충청북도 청주시 흥덕구 옥산면 옥산시내1길,4.37104102500736e+24,충청북도 청주시 흥덕구 옥산면 옥산시내1길 49,28113.0,1.0
MA010120220805634270,비비큐,옥천점,I2,음식,I210,기타 간이,I21006,치킨,I56193,치킨 전문점,43,충청북도,43730,옥천군,43730250,옥천읍,4373025022,옥천읍,4.3730250221037496e+18,1,대지,충청북도 옥천군 옥천읍 문정리 375,437303242012,충청북도 옥천군 옥천읍 문장로,4.37302502210375e+24,충청북도 옥천군 옥천읍 문장로 31,29040.0,2.0
MA010120220800607436,피굽남피자&할매치킨맛있는집,산남점,I2,음식,I210,기타 간이,I21003,피자,I56192,피자; 햄버거; 샌드위치 및 유사 음식점업,43,충청북도,43112,청주시 서원구,43112550,산남동,4311210400,산남동,4.31121040010772e+18,1,대지,충청북도 청주시 서원구 산남동 772,431123237026,충청북도 청주시 서원구 두꺼비로,4.31131060010772e+24,충청북도 청주시 서원구 두꺼비로 40,28630.0,1.0
MA010120220805572999,세종텔레콤,중앙점,G2,소매,G208,가전·통신 소매,G20802,핸드폰 소매업,G47312,통신기기 소매업,43,충청북도,43114,청주시 청원구,43114530,내덕2동,4311410200,내덕동,4.31141020010114e+18,1,대지,충청북도 청주시 청원구 내덕동 114,431143236036,충청북도 청주시 청원구 안덕벌로,4.31111140010114e+24,충청북도 청주시 청원구 안덕벌로 49,28499.0,1.0
MA010120220804959510,노가리비어강서,1호점,I2,음식,I211,주점,I21103,생맥주 전문,I56213,생맥주 전문점,43,충청북도,43113,청주시 흥덕구,43113760,강서1동,4311311700,강서동,4.31131170010498e+18,1,대지,충청북도 청주시 흥덕구 강서동 498,431133237045,충청북도 청주시 흥덕구 서현동로,4.31131170010498e+24,충청북도 청주시 흥덕구 서현동로 21,28378.0,1.0
MA010120220807084796,야채꽃샤브월남쌈,사직점,I2,음식,I205,동남아시아,I20501,베트남식 전문,I56129,기타 외국식 음식점업,43,충청북도,43112,청주시 서원구,43112520,사직2동,4311210100,사직동,4.3112101001092895e+18,1,대지,충청북도 청주시 서원구 사직동 929,431123237064,충청북도 청주시 서원구 예체로,4.31131010010666e+24,충청북도 청주시 서원구 예체로 55,28650.0,2.0
MA010120220811680631,지에스25진천,우미린점,G2,소매,G204,종합 소매,G20405,편의점,G47122,체인화 편의점,43,충청북도,43750,진천군,43750253,덕산읍,4375025325,덕산읍,4.37502532512698e+18,1,대지,충청북도 진천군 덕산읍 두촌리 2698,437504541657,충청북도 진천군 덕산읍 대월2길,4.37503102512698e+24,충청북도 진천군 덕산읍 대월2길 61,27872.0,1.0
MA010120220806850451,오토오아시스홈플러스청주,성안점,S2,수리·개인,S203,자동차 수리·세차,S20301,자동차 정비소,S95212,자동차 전문 수리업,43,충청북도,43111,청주시 상당구,43111545,성안동,4311110900,서문동,4.3111109001015695e+18,1,대지,충청북도 청주시 상당구 서문동 157-14,431113236025,충청북도 청주시 상당구 사직대로,4.31111090010157e+24,충청북도 청주시 상당구 사직대로 346,28524.0,2.0
MA010120220805592659,타이틀리스트현대,충청점,G2,소매,G209,섬유·의복·신발 소매,G20905,기타 의류 소매업,G47419,기타 의복 소매업,43,충청북도,43113,청주시 흥덕구,43113741,복대1동,4311311400,복대동,4.3113114001338e+18,1,대지,충청북도 청주시 흥덕구 복대동 3380,431133236058,충청북도 청주시 흥덕구 직지대로,4.31131140010584e+24,충청북도 청주시 흥덕구 직지대로 308,28424.0,5.0
MA010120220809995035,킴브로스피자&파스타청주,율량점,I2,음식,I210,기타 간이,I21003,피자,I56192,피자; 햄버거; 샌드위치 및 유사 음식점업,43,충청북도,43114,청주시 청원구,43114540,율량.사천동,4311410300,율량동,4.31141030012112e+18,1,대지,충청북도 청주시 청원구 율량동 2112,431143349124,충청북도 청주시 청원구 율량로,4.31141030012112e+24,충청북도 청주시 청원구 율량로 181,28321.0,1.0
MA010120220805549684,좋은사람들아울렛청주,성안점,G2,소매,G209,섬유·의복·신발 소매,G20905,기타 의류 소매업,G47413,속옷 및 잠옷 소매업,43,충청북도,43111,청주시 상당구,43111545,성안동,4311110500,남문로1가,4.3111105001020897e+18,1,대지,충청북도 청주시 상당구 남문로1가 209-2,431114508238,충청북도 청주시 상당구 무심동로336번길,4.31111050010209e+24,충청북도 청주시 상당구 무심동로336번길 108-1,28532.0,1.0
MA010120220809431751,브렌우드충주점,모다아울렛,G2,소매,G209,섬유·의복·신발 소매,G20901,남성 의류 소매업,G47411,남자용 겉옷 소매업,43,충청북도,43130,충주시,43130605,달천동,4313011400,달천동,4.31301140010786e+18,1,대지,충청북도 충주시 달천동 786-3,431302246001,충청북도 충주시 중원대로,4.31301140010786e+24,충청북도 충주시 중원대로 3683,27476.0,1.0
MA010120220803090212,비행접시버거청주,성안점,I2,음식,I210,기타 간이,I21004,버거,I56192,피자; 햄버거; 샌드위치 및 유사 음식점업,43,충청북도,43111,청주시 상당구,43111545,성안동,4311110200,북문로1가,4.3111102001012895e+18,1,대지,충청북도 청주시 상당구 북문로1가 129-6,431114508336,충청북도 청주시 상당구 상당로91번길,4.31111020010129e+24,충청북도 청주시 상당구 상당로91번길 31,28525.0,1.0
MA010120220812969427,워시테리아,연수점,S2,수리·개인,S209,세탁,S20901,세탁소,S96912,가정용 세탁업,43,충청북도,43130,충주시,43130630,연수동,4313011800,연수동,4.3130118001071094e+18,1,대지,충청북도 충주시 연수동 711-34,431304515027,충청북도 충주시 연수서편2길,4.31301180010711e+24,충청북도 충주시 연수서편2길 35,27346.0,1.0
MA010120220812917105,봉명동내카페,금천점,I2,음식,I210,기타 간이,I21099,그 외 기타 간이 음식점,I56199,간이 음식 포장 판매 전문점,43,충청북도,43111,청주시 상당구,43111680,금천동,4311112000,금천동,4.3111120001011697e+18,1,대지,충청북도 청주시 상당구 금천동 117-9,431113236032,충청북도 청주시 상당구 쇠내로,4.31111200010117e+24,충청북도 청주시 상당구 쇠내로 132-1,28740.0,1.0
MA010120220805592477,정관장개신,오거리점,G2,소매,G205,식료품 소매,G20508,건강보조식품 소매업,G47217,건강 보조식품 소매업,43,충청북도,43112,청주시 서원구,43112590,성화.개신.죽림동,4311210900,개신동,4.311210900104381e+18,1,대지,충청북도 청주시 서원구 개신동 438-3,431123237104,충청북도 청주시 서원구 모충로,4.31131110010438e+24,충청북도 청주시 서원구 모충로 39,28667.0,1.0
MA010120220808085511,맘스터치,율량점,I2,음식,I210,기타 간이,I21004,버거,I56192,피자; 햄버거; 샌드위치 및 유사 음식점업,43,충청북도,43114,청주시 청원구,43114540,율량.사천동,4311410300,율량동,4.3114103001104097e+18,1,대지,충청북도 청주시 청원구 율량동 1041,431143236050,충청북도 청주시 청원구 율봉로,4.31141030011041e+24,충청북도 청주시 청원구 율봉로 224,28333.0,1.0
MA010120220808711626,초월홍삼,산남점,G2,소매,G205,식료품 소매,G20508,건강보조식품 소매업,G47217,건강 보조식품 소매업,43,충청북도,43112,청주시 서원구,43112550,산남동,4311210400,산남동,4.31121040011074e+18,1,대지,충청북도 청주시 서원구 산남동 1074,431124511276,충청북도 청주시 서원구 두꺼비로27번길,4.31131060011074e+24,충청북도 청주시 서원구 두꺼비로27번길 5-11,28629.0,1.0
MA010120220806451802,옥스피시청주,분평점,R1,예술·스포츠,R104,유원지·오락,R10406,PC방,R91222,컴퓨터 게임방 운영업,43,충청북도,43112,청주시 서원구,43112560,분평동,4311210600,분평동,4.31121060011224e+18,1,대지,충청북도 청주시 서원구 분평동 1224,431123236049,충청북도 청주시 서원구 월평로,4.31131080011224e+24,충청북도 청주시 서원구 월평로 7,28790.0,7.0
MA010120220805547826,이가식당버섯,전문점,I2,음식,I201,한식,I20104,전/부침개,I56111,한식 일반 음식점업,43,충청북도,43112,청주시 서원구,43112590,성화.개신.죽림동,4311210900,개신동,4.311210900104381e+18,1,대지,충청북도 청주시 서원구 개신동 438-80,431124511703,충청북도 청주시 서원구 예체로1번길,4.31131110010438e+24,충청북도 청주시 서원구 예체로1번길 11,28667.0,1.0
MA010120220811788873,입이즐거운그만두,용암점,I2,음식,I210,기타 간이,I21007,김밥/만두/분식,I56194,김밥 및 기타 간이 음식점업,43,충청북도,43111,청주시 상당구,43111730,용암2동,4311112400,용암동,4.31111240012026e+18,1,대지,충청북도 청주시 상당구 용암동 2026,431113236049,충청북도 청주시 상당구 월평로,4.31111240012026e+24,충청북도 청주시 상당구 월평로 236,28783.0,1.0
MA0101202211A0041395,설빙,호암점,I2,음식,I210,기타 간이,I21008,아이스크림/빙수,I56194,김밥 및 기타 간이 음식점업,43,충청북도,43130,충주시,43130580,호암.직동,4313010700,호암동,4.3130107001099105e+18,1,대지,충청북도 충주시 호암동 991,431304856104,충청북도 충주시 호암수청1로,4.31301070010991e+24,충청북도 충주시 호암수청1로 53,27502.0,2.0
MA0101202211A0042174,담쟁이의국수이야기담쟁이장애인보호작업장,분평점,I2,음식,I201,한식,I20105,국수/칼국수,I56112,한식 면 요리 전문점,43,충청북도,43112,청주시 서원구,43112560,분평동,4311210600,분평동,4.31121060011238e+18,1,대지,충청북도 청주시 서원구 분평동 1238,431124512137,충청북도 청주시 서원구 1순환로1063번길,4.31131080011238e+24,충청북도 청주시 서원구 1순환로1063번길 61-54,28797.0,1.0
MA0101202211A0084393,맘보요리학원,청주지점,P1,교육,P107,교육 지원,P10701,교육컨설팅업,P85701,교육관련 자문 및 평가업,43,충청북도,43112,청주시 서원구,43112530,사창동,4311210200,사창동,4.31121020010171e+18,1,대지,충청북도 청주시 서원구 사창동 171-19,431124512195,충청북도 청주시 서원구 1순환로648번길,4.31131020010171e+24,충청북도 청주시 서원구 1순환로648번길 2,28575.0,2.0
MA0101202212A0097165,등촌샤브칼국수,증평점,I2,음식,I201,한식,I20105,국수/칼국수,I56111,한식 일반 음식점업,43,충청북도,43745,증평군,43745250,증평읍,4374525032,증평읍,4.37452503210782e+18,1,대지,충청북도 증평군 증평읍 송산리 782,437454532228,충청북도 증평군 증평읍 송산로2길,4.37452503210782e+24,충청북도 증평군 증평읍 송산로2길 34,27917.0,1.0
MA0101202212A0075870,씨유청주,빌리지점,G2,소매,G204,종합 소매,G20405,편의점,G47122,체인화 편의점,43,충청북도,43114,청주시 청원구,43114530,내덕2동,4311410200,내덕동,4.3114102001005e+18,1,대지,충청북도 청주시 청원구 내덕동 50-1,431144508215,충청북도 청주시 청원구 덕벌로31번길,4.3111114001005e+24,충청북도 청주시 청원구 덕벌로31번길 2,28502.0,1.0
MA0101202210A0077744,퀴드커피청주,복대점,I2,음식,I212,비알코올,I21201,카페,I56221,커피 전문점,43,충청북도,43113,청주시 흥덕구,43113741,복대1동,4311311400,복대동,4.3113114001307095e+18,1,대지,충청북도 청주시 흥덕구 복대동 3071,431134512147,충청북도 청주시 흥덕구 대신로10번길,4.31131140013071e+24,충청북도 청주시 흥덕구 대신로10번길 5-1,28423.0,1.0
MA0101202211A0077196,빅스짐청주,가경점,P1,교육,P106,기타 교육,P10603,요가/필라테스 학원,P85612,기타 스포츠 교육기관,43,충청북도,43113,청주시 흥덕구,43113760,강서1동,4311311700,강서동,4.31131170010492e+18,1,대지,충청북도 청주시 흥덕구 강서동 492,431133237005,충청북도 청주시 흥덕구 강서로,4.31131170010492e+24,충청북도 청주시 흥덕구 강서로 118,28378.0,6.0
MA0101202211A0091441,허가네돼지갈비율량,사천점,I2,음식,I201,한식,I20101,백반/한정식,I56111,한식 일반 음식점업,43,충청북도,43114,청주시 청원구,43114540,율량.사천동,4311410300,율량동,4.31141030011276e+18,1,대지,충청북도 청주시 청원구 율량동 1276,431144508258,충청북도 청주시 청원구 사뜸로61번길,4.31111150011276e+24,충청북도 청주시 청원구 사뜸로61번길 32,28340.0,1.0
MA0101202211A0101876,돈카츠야강제,본점,I2,음식,I204,서양식,I20401,경양식,I56123,서양식 음식점업,43,충청북도,43150,제천시,43150547,영서동,4315011000,영천동,4.3150110001194895e+18,1,대지,충청북도 제천시 영천동 1949,431503239070,충청북도 제천시 청풍호로,4.31501100011949e+24,충청북도 제천시 청풍호로 57,27193.0,1.0
MA0101202211A0033494,택이네조개전골청주,동남점,I2,음식,I201,한식,I20112,해산물 구이/찜,I56111,한식 일반 음식점업,43,충청북도,43111,청주시 상당구,43111720,용암1동,4311112400,용암동,4.31111240013081e+18,1,대지,충청북도 청주시 상당구 용암동 3081,431114857347,충청북도 청주시 상당구 중고개로141번길,4.31111240013081e+24,충청북도 청주시 상당구 중고개로141번길 13-18,28808.0,1.0
MA0101202211A0017862,모서릿집,금천점,I2,음식,I201,한식,I20107,돼지고기 구이/찜,I56113,한식 육류 요리 전문점,43,충청북도,43111,청주시 상당구,43111680,금천동,4311112000,금천동,4.3111120001029693e+18,1,대지,충청북도 청주시 상당구 금천동 297,431114508297,충청북도 청주시 상당구 산성로98번길,4.31111200010298e+24,충청북도 청주시 상당구 산성로98번길 18,28744.0,1.0
MA0101202211A0095737,금별맥주청주,테크노폴리스점,I2,음식,I211,주점,I21103,생맥주 전문,I56111,한식 일반 음식점업,43,충청북도,43113,청주시 흥덕구,43113770,강서2동,4311313400,송절동,4.31131340010824e+18,1,대지,충청북도 청주시 흥덕구 송절동 824,431134855165,충청북도 청주시 흥덕구 송화로166번길,4.31131340010824e+24,충청북도 청주시 흥덕구 송화로166번길 9,28292.0,1.0
MA0101202211A0037854,글라스타안경원,오창점,G2,소매,G216,안경·정밀기기 소매,G21602,안경렌즈 소매업,G47822,안경 및 렌즈 소매업,43,충청북도,43114,청주시 청원구,43114253,오창읍,4311425345,오창읍,4.3114253451082097e+18,1,대지,충청북도 청주시 청원구 오창읍 양청리 821-4,431143240077,충청북도 청주시 청원구 오창읍 중심상업로,4.37102534500821e+24,충청북도 청주시 청원구 오창읍 중심상업로 7,28120.0,1.0
MA0101202210A0076779,씨마트스크린실내,골프연습장,R1,예술·스포츠,R103,스포츠 서비스,R10311,골프 연습장,R91136,골프 연습장 운영업,43,충청북도,43130,충주시,43130625,칠금.금릉동,4313011600,칠금동,4.31301160010598e+18,1,대지,충청북도 충주시 칠금동 598,431304515382,충청북도 충주시 칠금15길,4.31301160010598e+24,충청북도 충주시 칠금15길 21,27355.0,1.0
MA0101202211A0040557,찌개공방,오창점,I2,음식,I201,한식,I20102,국/탕/찌개류,I56111,한식 일반 음식점업,43,충청북도,43114,청주시 청원구,43114253,오창읍,4311425345,오창읍,4.3114253451074806e+18,1,대지,충청북도 청주시 청원구 오창읍 양청리 748-11,431143240050,충청북도 청주시 청원구 오창읍 양청택지로,4.37102534500748e+24,충청북도 청주시 청원구 오창읍 양청택지로 85,28115.0,1.0
MA0101202212A0043763,삼동소바,청주사천점,I2,음식,I203,일식,I20303,일식 면 요리,I56122,일식 음식점업,43,충청북도,43114,청주시 청원구,43114540,율량.사천동,4311410400,사천동,4.31141040010518e+18,1,대지,충청북도 청주시 청원구 사천동 518-3,431143236054,충청북도 청주시 청원구 주성로,4.31141040010518e+24,충청북도 청주시 청원구 주성로 3,28335.0,1.0
MA0101202212A0058018,피자런상당,용암점,I2,음식,I210,기타 간이,I21003,피자,I56192,피자; 햄버거; 샌드위치 및 유사 음식점업,43,충청북도,43111,청주시 상당구,43111730,용암2동,4311112400,용암동,4.31111240011938e+18,1,대지,충청북도 청주시 상당구 용암동 1938,431114508225,충청북도 청주시 상당구 무농정로15번길,4.31111240011938e+24,충청북도 청주시 상당구 무농정로15번길 17,28782.0,1.0
MA0101202211A0077844,우리끼리키즈카페스마일마을,금천점,R1,예술·스포츠,R104,유원지·오락,R10405,기타 오락장,R91229,기타 오락장 운영업,43,충청북도,43111,청주시 상당구,43111690,용담.명암.산성동,4311112100,용담동,4.3111121001041106e+18,1,대지,충청북도 청주시 상당구 용담동 411,431114508280,충청북도 청주시 상당구 산성로116번길,4.31111210010411e+24,충청북도 청주시 상당구 산성로116번길 28,28744.0,2.0
MA010120220806641011,맛찬들3.5왕소금구이,오창점,I2,음식,I201,한식,I20107,돼지고기 구이/찜,I56113,한식 육류 요리 전문점,43,충청북도,43114,청주시 청원구,43114253,오창읍,4311425344,오창읍,4.31142534410649e+18,1,대지,충청북도 청주시 청원구 오창읍 각리 649-2,431143240063,충청북도 청주시 청원구 오창읍 오창중앙로,4.37102534400649e+24,충청북도 청주시 청원구 오창읍 오창중앙로 123-6,28123.0,1.0
MA010120220810185199,투존치킨,봉명점,I2,음식,I210,기타 간이,I21006,치킨,I56193,치킨 전문점,43,충청북도,43113,청주시 흥덕구,43113756,봉명2.송정동,4311311500,봉명동,4.31131150010659e+18,1,대지,충청북도 청주시 흥덕구 봉명동 659,431134511848,충청북도 청주시 흥덕구 직지대로639번길,4.31131150010659e+24,충청북도 청주시 흥덕구 직지대로639번길 31,28477.0,1.0
MA010120220808077502,도미노피자서충주,신도시점,I2,음식,I210,기타 간이,I21003,피자,I56192,피자; 햄버거; 샌드위치 및 유사 음식점업,43,충청북도,43130,충주시,43130385,중앙탑면,4313038526,중앙탑면,4.31303852610656e+18,1,대지,충청북도 충주시 중앙탑면 용전리 656,431303238103,충청북도 충주시 중앙탑면 기업도시로,4.31303852610656e+24,충청북도 충주시 중앙탑면 기업도시로 189,27465.0,1.0
MA010120220803145100,맘스터치,복대점,I2,음식,I210,기타 간이,I21004,버거,I56192,피자; 햄버거; 샌드위치 및 유사 음식점업,43,충청북도,43113,청주시 흥덕구,43113742,복대2동,4311311400,복대동,4.311311400111421e+18,1,대지,충청북도 청주시 흥덕구 복대동 1142,431133237030,충청북도 청주시 흥덕구 복대로,4.31131140011142e+24,충청북도 청주시 흥덕구 복대로 138-1,28605.0,1.0
MA010120220805704664,세븐건대충주학사점주,코리아,G2,소매,G204,종합 소매,G20405,편의점,G47122,체인화 편의점,43,충청북도,43130,충주시,43130605,달천동,4313010900,단월동,4.31301090010322e+18,1,대지,충청북도 충주시 단월동 322,431302238008,충청북도 충주시 충원대로,4.31301090010219e+24,충청북도 충주시 충원대로 268,27478.0,1.0
MA010120220806647101,이디야커피,충북영동점,I2,음식,I212,비알코올,I21201,카페,I56221,커피 전문점,43,충청북도,43740,영동군,43740250,영동읍,4374025021,영동읍,4.3740250211054894e+18,1,대지,충청북도 영동군 영동읍 계산리 549,437403243042,충청북도 영동군 영동읍 영산로,4.37402502110549e+24,충청북도 영동군 영동읍 영산로 19,29146.0,1.0
MA010120220805662515,애니카랜드,음성점,S2,수리·개인,S203,자동차 수리·세차,S20301,자동차 정비소,S95212,자동차 전문 수리업,43,충청북도,43770,음성군,43770250,음성읍,4377025022,음성읍,4.37702502210918e+18,1,대지,충청북도 음성군 음성읍 평곡리 918-1,437704541344,충청북도 음성군 음성읍 시장로50번길,4.37702502210918e+24,충청북도 음성군 음성읍 시장로50번길 33,27701.0,1.0
MA010120220800660306,케이에스케이,복대점,G2,소매,G208,가전·통신 소매,G20802,핸드폰 소매업,G47312,통신기기 소매업,43,충청북도,43113,청주시 흥덕구,43113741,복대1동,4311311400,복대동,4.31131140012928e+18,1,대지,충청북도 청주시 흥덕구 복대동 2928,431133237081,충청북도 청주시 흥덕구 진재로,4.31131140012928e+24,충청북도 청주시 흥덕구 진재로 54,28420.0,1.0
MA010120220813766449,롯데리아,용암점,I2,음식,I210,기타 간이,I21004,버거,I56192,피자; 햄버거; 샌드위치 및 유사 음식점업,43,충청북도,43111,청주시 상당구,43111720,용암1동,4311112400,용암동,4.31111240011592e+18,1,대지,충청북도 청주시 상당구 용암동 1592-1,431113236049,충청북도 청주시 상당구 월평로,4.31111240011592e+24,충청북도 청주시 상당구 월평로 172,28776.0,1.0
MA010120220812530862,올탑스터디카페,진천점,R1,예술·스포츠,R102,도서관·사적지,R10202,독서실/스터디 카페,R90212,독서실 운영업,43,충청북도,43750,진천군,43750250,진천읍,4375025024,진천읍,4.37502502410386e+18,1,대지,충청북도 진천군 진천읍 읍내리 386-3,437504535364,충청북도 진천군 진천읍 중앙동2길,4.37502502410386e+24,충청북도 진천군 진천읍 중앙동2길 11-1,27833.0,2.0
MA010120220813325274,두마리찜닭두찜청주,가경점,I2,음식,I201,한식,I20110,닭/오리고기 구이/찜,I56113,한식 육류 요리 전문점,43,충청북도,43113,청주시 흥덕구,43113747,가경동,4311311300,가경동,4.31131130012031e+18,1,대지,충청북도 청주시 흥덕구 가경동 2031,431134511589,충청북도 청주시 흥덕구 서현중로28번길,4.31131130012031e+24,충청북도 청주시 흥덕구 서현중로28번길 16,28384.0,1.0
MA010120220813236883,넥센타이어,산단점,S2,수리·개인,S203,자동차 수리·세차,S20301,자동차 정비소,G45211,자동차 신품 타이어 및 튜브 판매업,43,충청북도,43114,청주시 청원구,43114253,오창읍,4311425333,오창읍,4.31142533310333e+18,1,대지,충청북도 청주시 청원구 오창읍 송대리 333,431143240095,충청북도 청주시 청원구 오창읍 중부로,4.37102533310333e+24,충청북도 청주시 청원구 오창읍 중부로 1005,28117.0,1.0
MA010120220813146878,아리랑숯불갈비,전문점,I2,음식,I201,한식,I20107,돼지고기 구이/찜,I56113,한식 육류 요리 전문점,43,충청북도,43130,충주시,43130625,칠금.금릉동,4313012800,금릉동,4.31301280010179e+18,1,대지,충청북도 충주시 금릉동 179-24,431304515437,충청북도 충주시 팽고리산길,4.31301280010179e+24,충청북도 충주시 팽고리산길 74,27336.0,1.0
MA010120220807790680,금별맥주,청주대점,I2,음식,I211,주점,I21103,생맥주 전문,I56213,생맥주 전문점,43,충청북도,43114,청주시 청원구,43114510,우암동,4311410100,우암동,4.31141010010235e+18,1,대지,충청북도 청주시 청원구 우암동 235-4,431143236056,충청북도 청주시 청원구 중앙로,4.31111130010235e+24,충청북도 청주시 청원구 중앙로 164-2,28489.0,1.0
MA010120220806377709,피자마루수곡,산남점,I2,음식,I210,기타 간이,I21003,피자,I56192,피자; 햄버거; 샌드위치 및 유사 음식점업,43,충청북도,43112,청주시 서원구,43112580,수곡2동,4311210700,수곡동,4.31121070010911e+18,1,대지,충청북도 청주시 서원구 수곡동 911,431123237053,충청북도 청주시 서원구 수곡로,4.31131090010911e+24,충청북도 청주시 서원구 수곡로 43,28697.0,1.0
MA010120220809393971,지에스수퍼청주센트럴,자이점,G2,소매,G204,종합 소매,G20404,슈퍼마켓,G47121,슈퍼마켓,43,충청북도,43111,청주시 상당구,43111730,용암2동,4311112600,방서동,4.31111260010654e+18,1,대지,충청북도 청주시 상당구 방서동 654,431113236065,충청북도 청주시 상당구 단재로,4.31111260010247e+24,충청북도 청주시 상당구 단재로 316,28787.0,1.0
MA010120220806763588,케이원리더스,산남점,G2,소매,G208,가전·통신 소매,G20802,핸드폰 소매업,G47312,통신기기 소매업,43,충청북도,43112,청주시 서원구,43112550,산남동,4311210400,산남동,4.31121040010491e+18,1,대지,충청북도 청주시 서원구 산남동 491,431124511538,충청북도 청주시 서원구 산남로10번길,4.31131060010491e+24,충청북도 청주시 서원구 산남로10번길 4,28626.0,1.0
MA010120220805605612,다비치안경,용암점,G2,소매,G216,안경·정밀기기 소매,G21602,안경렌즈 소매업,G47822,안경 및 렌즈 소매업,43,충청북도,43111,청주시 상당구,43111730,용암2동,4311112400,용암동,4.31111240011854e+18,1,대지,충청북도 청주시 상당구 용암동 1854,431113236049,충청북도 청주시 상당구 월평로,4.31111240011854e+24,충청북도 청주시 상당구 월평로 212,28782.0,1.0
MA010120220802662067,윙스풋와이컨셉청주점,롯데아울렛,G2,소매,G209,섬유·의복·신발 소매,G20910,신발 소매업,G47430,신발 소매업,43,충청북도,43113,청주시 흥덕구,43113760,강서1동,4311313800,비하동,4.31131380010811e+18,1,대지,충청북도 청주시 흥덕구 비하동 811,431133014065,충청북도 청주시 흥덕구 2순환로,4.31131380010332e+24,충청북도 청주시 흥덕구 2순환로 1004,28360.0,3.0
MA010120220812626412,씨유제천,미소점,G2,소매,G204,종합 소매,G20405,편의점,G47122,체인화 편의점,43,충청북도,43150,제천시,43150518,의림지동,4315011500,고암동,4.31501150011254e+18,1,대지,충청북도 제천시 고암동 1254,431504517694,충청북도 제천시 용두천로46길,4.315011500111e+24,충청북도 제천시 용두천로46길 12,27145.0,1.0
MA010120220810244333,뚜레쥬르청주,동남점,I2,음식,I210,기타 간이,I21001,빵/도넛,I56191,제과점업,43,충청북도,43111,청주시 상당구,43111720,용암1동,4311112400,용암동,4.31111240013151e+18,1,대지,충청북도 청주시 상당구 용암동 3151,431113236055,충청북도 청주시 상당구 중고개로,4.31111240010206e+24,충청북도 청주시 상당구 중고개로 140,28807.0,1.0
MA010120220811738440,멕시카나,옥산점,I2,음식,I210,기타 간이,I21006,치킨,I56193,치킨 전문점,43,충청북도,43113,청주시 흥덕구,43113320,옥산면,4311332025,옥산면,4.3113320251046897e+18,1,대지,충청북도 청주시 흥덕구 옥산면 가락리 469-9,431134520010,충청북도 청주시 흥덕구 옥산면 가락길,4.31133202520068e+24,충청북도 청주시 흥덕구 옥산면 가락길 32,28113.0,1.0
MA010120220807828311,가장맛있는족발,율량점,I2,음식,I201,한식,I20103,족발/보쌈,I56111,한식 일반 음식점업,43,충청북도,43114,청주시 청원구,43114550,오근장동,4311410500,주성동,4.31141050010348e+18,1,대지,충청북도 청주시 청원구 주성동 348,431143236054,충청북도 청주시 청원구 주성로,4.31111310010348e+24,충청북도 청주시 청원구 주성로 269,28318.0,1.0
MA010120220805620181,새롬주,코리아,N1,시설관리·임대,N104,고용 알선,N10402,임시/일용 인력 공급업,N75121,임시 및 일용 인력 공급업,43,충청북도,43112,청주시 서원구,43112510,사직1동,4311210100,사직동,4.311210100105661e+18,1,대지,충청북도 청주시 서원구 사직동 566-2,431123236025,충청북도 청주시 서원구 사직대로,4.31131010010566e+24,충청북도 청주시 서원구 사직대로 259,28556.0,2.0
MA010120220805080099,양자강,삼성점,I2,음식,I202,중식,I20201,중국집,I56121,중식 음식점업,43,충청북도,43770,음성군,43770350,삼성면,4377035022,삼성면,4.3770350221047905e+18,1,대지,충청북도 음성군 삼성면 양덕리 479-1,437703000129,충청북도 음성군 삼성면 금일로,4.37703502210479e+24,충청북도 음성군 삼성면 금일로 1032,27650.0,1.0
MA010120220806327417,청주현대갤럭시,백화점,G2,소매,G209,섬유·의복·신발 소매,G20901,남성 의류 소매업,G47411,남자용 겉옷 소매업,43,충청북도,43113,청주시 흥덕구,43113741,복대1동,4311311400,복대동,4.3113114001338e+18,1,대지,충청북도 청주시 흥덕구 복대동 3380,431133236058,충청북도 청주시 흥덕구 직지대로,4.31131140010584e+24,충청북도 청주시 흥덕구 직지대로 308,28424.0,4.0
MA010120220811889190,카폐인워시,청주지점,S2,수리·개인,S203,자동차 수리·세차,S20302,자동차 세차장,S95213,자동차 세차업,43,충청북도,43113,청주시 흥덕구,43113700,운천.신봉동,4311310500,신봉동,4.31131050010173e+18,1,대지,충청북도 청주시 흥덕구 신봉동 173-4,431134511484,충청북도 청주시 흥덕구 사운로334번길,4.31131050010173e+24,충청북도 청주시 흥덕구 사운로334번길 22,28456.0,1.0
MA010120220810649116,포토이즘박스,충북영동점,M1,과학·기술,M113,사진 촬영,M11301,사진촬영업,M73301,인물 사진 및 행사용 영상 촬영업,43,충청북도,43740,영동군,43740250,영동읍,4374025021,영동읍,4.37402502110686e+18,1,대지,충청북도 영동군 영동읍 계산리 686-7,437404529600,충청북도 영동군 영동읍 중앙로4길,4.37402502110686e+24,충청북도 영동군 영동읍 중앙로4길 8,29145.0,1.0
MA010120220813657267,우리할매떡볶이,증평점,I2,음식,I210,기타 간이,I21007,김밥/만두/분식,I56194,김밥 및 기타 간이 음식점업,43,충청북도,43745,증평군,43745250,증평읍,4374525027,증평읍,4.37452502710072e+18,1,대지,충청북도 증평군 증평읍 장동리 72,437454532056,충청북도 증평군 증평읍 북부두름길,4.37452502710072e+24,충청북도 증평군 증평읍 북부두름길 48,27920.0,1.0
MA010120220805679737,놀부부대찌개충주신,연수점,I2,음식,I201,한식,I20102,국/탕/찌개류,I56111,한식 일반 음식점업,43,충청북도,43130,충주시,43130630,연수동,4313011800,연수동,4.31301180011613e+18,1,대지,충청북도 충주시 연수동 1613,431303238002,충청북도 충주시 갱고개로,4.31301180011613e+24,충청북도 충주시 갱고개로 162,27352.0,1.0
MA010120220806321720,남양우유청원주간,대리점,G2,소매,G206,음료 소매,G20604,우유 소매업,G47992,계약배달 판매업,43,충청북도,43111,청주시 상당구,43111330,가덕면,4311133031,가덕면,4.31113303110118e+18,1,대지,충청북도 청주시 상당구 가덕면 병암리 118-5,431113236065,충청북도 청주시 상당구 가덕면 단재로,4.37103303200118e+24,충청북도 청주시 상당구 가덕면 단재로 1458,28205.0,1.0
MA010120220814167513,가람그룹세무법인,청주지점,M1,과학·기술,M104,회계·세무,M10402,세무사,M71202,세무사업,43,충청북도,43112,청주시 서원구,43112510,사직1동,4311210100,사직동,4.31121010010141e+18,1,대지,충청북도 청주시 서원구 사직동 141-6,431123236024,충청북도 청주시 서원구 사북로,4.31131010010141e+24,충청북도 청주시 서원구 사북로 87,28549.0,4.0
MA010120220806468226,워시엔조이셀프빨래방,광혜원점,S2,수리·개인,S209,세탁,S20902,셀프 빨래방,S96912,가정용 세탁업,43,충청북도,43750,진천군,43750370,광혜원면,4375037027,광혜원면,4.37503702710386e+18,1,대지,충청북도 진천군 광혜원면 광혜원리 386-7,437504535349,충청북도 진천군 광혜원면 중리1길,4.37503702710386e+24,충청북도 진천군 광혜원면 중리1길 32-5,27806.0,1.0
MA010120220807104600,항아리보쌈,광혜원점,I2,음식,I201,한식,I20103,족발/보쌈,I56111,한식 일반 음식점업,43,충청북도,43750,진천군,43750370,광혜원면,4375037027,광혜원면,4.3750370271052897e+18,1,대지,충청북도 진천군 광혜원면 광혜원리 529-25,437504535425,충청북도 진천군 광혜원면 화랑2길,4.37503702710529e+24,충청북도 진천군 광혜원면 화랑2길 2,27802.0,1.0
MA010120220802861859,우리할매떡볶이,오창점,I2,음식,I210,기타 간이,I21007,김밥/만두/분식,I56194,김밥 및 기타 간이 음식점업,43,충청북도,43114,청주시 청원구,43114253,오창읍,4311425345,오창읍,4.3114253451082097e+18,1,대지,충청북도 청주시 청원구 오창읍 양청리 821-2,431142014001,충청북도 청주시 청원구 오창읍 오창대로,4.37102534500821e+24,충청북도 청주시 청원구 오창읍 오창대로 315,28120.0,1.0
MA010120220802909494,싸다김밥충북,증평점,I2,음식,I210,기타 간이,I21007,김밥/만두/분식,I56194,김밥 및 기타 간이 음식점업,43,충청북도,43745,증평군,43745250,증평읍,4374525032,증평읍,4.37452503210734e+18,1,대지,충청북도 증평군 증평읍 송산리 734,437453014040,충청북도 증평군 증평읍 광장로,4.37452503210734e+24,충청북도 증평군 증평읍 광장로 30,27918.0,1.0
MA010120220812655714,위고키친청주,율량점,I2,음식,I204,서양식,I20401,경양식,I56123,서양식 음식점업,43,충청북도,43114,청주시 청원구,43114530,내덕2동,4311410200,내덕동,4.31141020010528e+18,1,대지,충청북도 청주시 청원구 내덕동 528-7,431144508063,충청북도 청주시 청원구 공항로64번길,4.31111140010528e+24,충청북도 청주시 청원구 공항로64번길 24,28492.0,1.0
MA010120220807160217,임지훈의시골생고기,동남점,I2,음식,I201,한식,I20107,돼지고기 구이/찜,I56113,한식 육류 요리 전문점,43,충청북도,43111,청주시 상당구,43111720,용암1동,4311112400,용암동,4.31111240013038e+18,1,대지,충청북도 청주시 상당구 용암동 3038,431114857347,충청북도 청주시 상당구 중고개로141번길,4.31111240013038e+24,충청북도 청주시 상당구 중고개로141번길 22-4,28808.0,1.0
MA010120220812950930,비비큐청주,산남점,I2,음식,I210,기타 간이,I21006,치킨,I56193,치킨 전문점,43,충청북도,43112,청주시 서원구,43112550,산남동,4311210400,산남동,4.31121040010493e+18,1,대지,충청북도 청주시 서원구 산남동 493,431123237037,충청북도 청주시 서원구 산남로,4.31131060010493e+24,충청북도 청주시 서원구 산남로 16,28626.0,1.0
MA010120220812161949,비비큐올리브치킨카페(),옥산점,I2,음식,I210,기타 간이,I21006,치킨,I56193,치킨 전문점,43,충청북도,43113,청주시 흥덕구,43113320,옥산면,4311332025,옥산면,4.3113320251026493e+18,1,대지,충청북도 청주시 흥덕구 옥산면 가락리 265,431133240054,충청북도 청주시 흥덕구 옥산면 오송가락로,4.31133202510265e+24,충청북도 청주시 흥덕구 옥산면 오송가락로 1022,28113.0,1.0
MA010120220800168628,쿱스토어대전충청,가경점,G2,소매,G205,식료품 소매,G20509,반찬/식료품 소매업,G47219,기타 식료품 소매업,43,충청북도,43113,청주시 흥덕구,43113747,가경동,4311311300,가경동,4.3113113001176494e+18,1,대지,충청북도 청주시 흥덕구 가경동 1765,431133237047,충청북도 청주시 흥덕구 서현북로,4.31131130011765e+24,충청북도 청주시 흥덕구 서현북로 2,28383.0,1.0
MA010120220809795736,프렌즈스크린,제천점,R1,예술·스포츠,R103,스포츠 서비스,R10311,골프 연습장,R91136,골프 연습장 운영업,43,충청북도,43150,제천시,43150518,의림지동,4315011500,고암동,4.315011500111e+18,1,대지,충청북도 제천시 고암동 1100-30,431503239041,충청북도 제천시 신죽하로,4.315011500111e+24,충청북도 제천시 신죽하로 123,27145.0,2.0
MA010120220813693176,동방생고기정육점식당,산남점,I2,음식,I201,한식,I20107,돼지고기 구이/찜,I56113,한식 육류 요리 전문점,43,충청북도,43112,청주시 서원구,43112550,산남동,4311210400,산남동,4.31121040010442e+18,1,대지,충청북도 청주시 서원구 산남동 442,431124511758,충청북도 청주시 서원구 원흥로64번길,4.31131060010442e+24,충청북도 청주시 서원구 원흥로64번길 51,28626.0,1.0
MA010120220813231347,골프존파크그늘집,봉명점,R1,예술·스포츠,R103,스포츠 서비스,R10311,골프 연습장,R91136,골프 연습장 운영업,43,충청북도,43113,청주시 흥덕구,43113756,봉명2.송정동,4311311500,봉명동,4.31131150012888e+18,1,대지,충청북도 청주시 흥덕구 봉명동 2888,431134512151,충청북도 청주시 흥덕구 덕암로6번길,4.31131150012888e+24,충청북도 청주시 흥덕구 덕암로6번길 67,28463.0,4.0
MA010120220813723512,퍼틴현대백화점,충청점,I2,음식,I205,동남아시아,I20501,베트남식 전문,I56129,기타 외국식 음식점업,43,충청북도,43113,청주시 흥덕구,43113741,복대1동,4311311400,복대동,4.3113114001338e+18,1,대지,충청북도 청주시 흥덕구 복대동 3380,431133236058,충청북도 청주시 흥덕구 직지대로,4.31131140010584e+24,충청북도 청주시 흥덕구 직지대로 308,28424.0,6.0
MA010120220805591307,경아두마리치킨,수곡점,I2,음식,I210,기타 간이,I21006,치킨,I56193,치킨 전문점,43,충청북도,43112,청주시 서원구,43112580,수곡2동,4311210700,수곡동,4.3112107001077494e+18,1,대지,충청북도 청주시 서원구 수곡동 775,431123237053,충청북도 청주시 서원구 수곡로,4.31131090010775e+24,충청북도 청주시 서원구 수곡로 102,28686.0,1.0
MA010120220805986875,화자본가,호암점,I2,음식,I201,한식,I20107,돼지고기 구이/찜,I56113,한식 육류 요리 전문점,43,충청북도,43130,충주시,43130580,호암.직동,4313010700,호암동,4.31301070011212e+18,1,대지,충청북도 충주시 호암동 1212,431303352069,충청북도 충주시 사천개로,4.31301070011212e+24,충청북도 충주시 사천개로 40,27480.0,2.0
MA010120220805580962,소영칼국수,산남점,I2,음식,I201,한식,I20105,국수/칼국수,I56112,한식 면 요리 전문점,43,충청북도,43112,청주시 서원구,43112550,산남동,4311210400,산남동,4.31121040010378e+18,1,대지,충청북도 청주시 서원구 산남동 378,431124511757,충청북도 청주시 서원구 원흥로100번길,4.31131060010378e+24,충청북도 청주시 서원구 원흥로100번길 39,28626.0,1.0
MA010120220812661264,골라먹는덮밥찌개충주,1호점,I2,음식,I203,일식,I20302,일식 카레/돈가스/덮밥,I56111,한식 일반 음식점업,43,충청북도,43130,충주시,43130560,지현동,4313012500,지현동,4.3130125001033697e+18,1,대지,충청북도 충주시 지현동 337,431304514638,충청북도 충주시 사직산12길,4.31301250010337e+24,충청북도 충주시 사직산12길 64,27409.0,2.0
MA010120220813342618,참숯골닭갈비하복대,본점,I2,음식,I201,한식,I20110,닭/오리고기 구이/찜,I56113,한식 육류 요리 전문점,43,충청북도,43113,청주시 흥덕구,43113741,복대1동,4311311400,복대동,4.31131140012748e+18,1,대지,충청북도 청주시 흥덕구 복대동 2748,431134511884,충청북도 청주시 흥덕구 짐대로42번길,4.31131140012748e+24,충청북도 청주시 흥덕구 짐대로42번길 4-10,28417.0,1.0
MA010120220805479519,헤비수헤어,충북대점,S2,수리·개인,S207,이용·미용,S20701,미용실,S96112,두발 미용업,43,충청북도,43112,청주시 서원구,43112530,사창동,4311210200,사창동,4.3112102001025695e+18,1,대지,충청북도 청주시 서원구 사창동 257-7,431123236001,충청북도 청주시 서원구 1순환로,4.31131020010257e+24,충청북도 청주시 서원구 1순환로 663-1,28647.0,1.0
MA010120220803877910,세무법인대정,보은지점,M1,과학·기술,M104,회계·세무,M10402,세무사,M71202,세무사업,43,충청북도,43720,보은군,43720250,보은읍,4372025021,보은읍,4.3720250211013094e+18,1,대지,충청북도 보은군 보은읍 삼산리 131-7,437203241015,충청북도 보은군 보은읍 삼산로,4.37202502110131e+24,충청북도 보은군 보은읍 삼산로 44,28947.0,3.0
MA010120220812018040,삼첩분식,율량점,I2,음식,I210,기타 간이,I21007,김밥/만두/분식,I56194,김밥 및 기타 간이 음식점업,43,충청북도,43114,청주시 청원구,43114530,내덕2동,4311410200,내덕동,4.31141020010399e+18,1,대지,충청북도 청주시 청원구 내덕동 399-6,431144508060,충청북도 청주시 청원구 공항로52번길,4.31111140010399e+24,충청북도 청주시 청원구 공항로52번길 36,28493.0,1.0
MA010120220813307818,파이낸셜,코리아,G2,소매,G209,섬유·의복·신발 소매,G20907,액세서리/잡화 소매업,G47422,의복 액세서리 및 모조 장신구 소매업,43,충청북도,43130,충주시,43130625,칠금.금릉동,4313012800,금릉동,4.3130128001067e+18,1,대지,충청북도 충주시 금릉동 670,431304514162,충청북도 충주시 금제12길,4.3130128001067e+24,충청북도 충주시 금제12길 2-1,27339.0,1.0
MA010120220812192581,리틀그라운드현대백화점,충청점,G2,소매,G209,섬유·의복·신발 소매,G20903,유아용 의류 소매업,G47417,유아용 의류 소매업,43,충청북도,43113,청주시 흥덕구,43113741,복대1동,4311311400,복대동,4.3113114001338e+18,1,대지,충청북도 청주시 흥덕구 복대동 3380,431133236058,충청북도 청주시 흥덕구 직지대로,4.31131140010584e+24,충청북도 청주시 흥덕구 직지대로 308,28424.0,5.0
MA010120220812258664,정다운샤브막국수복대지웰,본점,I2,음식,I201,한식,I20105,국수/칼국수,I56111,한식 일반 음식점업,43,충청북도,43113,청주시 흥덕구,43113741,복대1동,4311311400,복대동,4.31131140013038e+18,1,대지,충청북도 청주시 흥덕구 복대동 3038,431133237078,충청북도 청주시 흥덕구 죽천로,4.31131140013038e+24,충청북도 청주시 흥덕구 죽천로 96-2,28426.0,1.0
MA010120220812254015,토프레소제천,명동점,I2,음식,I212,비알코올,I21201,카페,I56221,커피 전문점,43,충청북도,43150,제천시,43150528,중앙동,4315010800,명동,4.31501080010168e+18,1,대지,충청북도 제천시 명동 168-2,431504517502,충청북도 제천시 숭문로4길,4.31501080010168e+24,충청북도 제천시 숭문로4길 6,27171.0,1.0
MA010120220813095398,점프윙스줄넘기클럽,율량점,P1,교육,P106,기타 교육,P10603,요가/필라테스 학원,P85612,기타 스포츠 교육기관,43,충청북도,43114,청주시 청원구,43114540,율량.사천동,4311410300,율량동,4.3114103001141e+18,1,대지,충청북도 청주시 청원구 율량동 1410,431143236023,충청북도 청주시 청원구 사뜸로,4.3111115001141e+24,충청북도 청주시 청원구 사뜸로 48-1,28349.0,4.0
MA010120220805040238,신두꺼비전집,용암점,I2,음식,I211,주점,I21104,요리 주점,I56219,기타 주점업,43,충청북도,43111,청주시 상당구,43111720,용암1동,4311112400,용암동,4.3111124001167e+18,1,대지,충청북도 청주시 상당구 용암동 1670,431114508560,충청북도 청주시 상당구 월평로184번길,4.3111124001167e+24,충청북도 청주시 상당구 월평로184번길 142,28776.0,1.0
MA010120220801158246,디쉐어에이닷,충주지점,P1,교육,P105,일반 교육,P10501,입시·교과학원,P85501,일반 교과학원,43,충청북도,43130,충주시,43130630,연수동,4313011800,연수동,4.3130118001171297e+18,1,대지,충청북도 충주시 연수동 1713,431302238001,충청북도 충주시 계명대로,4.31301180011713e+24,충청북도 충주시 계명대로 224,27371.0,4.0
MA010120220811756002,이디야제천장락,중앙점,I2,음식,I212,비알코올,I21201,카페,I56221,커피 전문점,43,충청북도,43150,제천시,43150510,교동,4315011600,장락동,4.3150116001032494e+18,1,대지,충청북도 제천시 장락동 325,431504517194,충청북도 제천시 내토로57길,4.31501160010324e+24,충청북도 제천시 내토로57길 19,27150.0,3.0
MA010120220808168850,빅커피카페,시청점,I2,음식,I212,비알코올,I21201,카페,I56221,커피 전문점,43,충청북도,43130,충주시,43130625,칠금.금릉동,4313012800,금릉동,4.3130128001075297e+18,1,대지,충청북도 충주시 금릉동 753,431304514167,충청북도 충주시 금제4길,4.31301280010753e+24,충청북도 충주시 금제4길 5,27340.0,1.0
MA010120220806263472,골드워터생맥주,전문점,I2,음식,I211,주점,I21104,요리 주점,I56219,기타 주점업,43,충청북도,43113,청주시 흥덕구,43113751,봉명1동,4311311500,봉명동,4.3113115001019694e+18,1,대지,충청북도 청주시 흥덕구 봉명동 197-11,431133236001,충청북도 청주시 흥덕구 1순환로,4.31131150010197e+24,충청북도 청주시 흥덕구 1순환로 592,28571.0,1.0
MA010120220814052292,장앤제이,가경점,S2,수리·개인,S207,이용·미용,S20701,미용실,S96112,두발 미용업,43,충청북도,43113,청주시 흥덕구,43113747,가경동,4311311300,가경동,4.3113113001155297e+18,1,대지,충청북도 청주시 흥덕구 가경동 1553,431133237002,충청북도 청주시 흥덕구 가경로,4.31131130011553e+24,충청북도 청주시 흥덕구 가경로 8,28409.0,1.0
MA010120220805581882,한샘키친가경플러스,대리점,G2,소매,G211,가구 소매,G21101,가구 소매업,G47520,가구 소매업,43,충청북도,43113,청주시 흥덕구,43113747,가경동,4311311300,가경동,4.31131130010336e+18,1,대지,충청북도 청주시 흥덕구 가경동 336-19,431134511060,충청북도 청주시 흥덕구 2순환로1340번길,4.31131130010336e+24,충청북도 청주시 흥덕구 2순환로1340번길 8-28,28382.0,4.0
MA010120220803424522,군자대한곱창청주,율량점,I2,음식,I201,한식,I20109,곱창 전골/구이,I56113,한식 육류 요리 전문점,43,충청북도,43114,청주시 청원구,43114540,율량.사천동,4311410300,율량동,4.31141030012063e+18,1,대지,충청북도 청주시 청원구 율량동 2063,431144844107,충청북도 청주시 청원구 율량로202번길,4.31141030012063e+24,충청북도 청주시 청원구 율량로202번길 20,28320.0,1.0
MA010120220806325219,에스테티아성안,1호점,S2,수리·개인,S207,이용·미용,S20702,피부 관리실,S96113,피부 미용업,43,충청북도,43111,청주시 상당구,43111545,성안동,4311110200,북문로1가,4.31111020010078e+18,1,대지,충청북도 청주시 상당구 북문로1가 78,431113236031,충청북도 청주시 상당구 성안로,4.31111020010078e+24,충청북도 청주시 상당구 성안로 19-11,28526.0,2.0
MA010120220812389520,곱짱,본점,I2,음식,I201,한식,I20101,백반/한정식,I56111,한식 일반 음식점업,43,충청북도,43130,충주시,43130625,칠금.금릉동,4313011600,칠금동,4.3130116001111506e+18,1,대지,충청북도 충주시 칠금동 1115,431304514263,충청북도 충주시 대가미2길,4.31301160011115e+24,충청북도 충주시 대가미2길 14,27363.0,1.0
MA010120220805618270,나라셀라현대백화점주,충청점,G2,소매,G206,음료 소매,G20602,주류 소매업,G47221,음료 소매업,43,충청북도,43113,청주시 흥덕구,43113741,복대1동,4311311400,복대동,4.3113114001338e+18,1,대지,충청북도 청주시 흥덕구 복대동 3380,431133236058,충청북도 청주시 흥덕구 직지대로,4.31131140010584e+24,충청북도 청주시 흥덕구 직지대로 308,28424.0,1.0
MA010120220813497487,크린토피아청주,옥산점,S2,수리·개인,S209,세탁,S20901,세탁소,S96912,가정용 세탁업,43,충청북도,43113,청주시 흥덕구,43113320,옥산면,4311332021,옥산면,4.31133202110196e+18,1,대지,충청북도 청주시 흥덕구 옥산면 오산리 196-4,431133237111,충청북도 청주시 흥덕구 옥산면 청주역로,4.37104102100196e+24,충청북도 청주시 흥덕구 옥산면 청주역로 663,28113.0,1.0
MA010120220813574807,세탁풍경,수곡점,S2,수리·개인,S209,세탁,S20902,셀프 빨래방,S96912,가정용 세탁업,43,충청북도,43112,청주시 서원구,43112580,수곡2동,4311210700,수곡동,4.3112107001063506e+18,1,대지,충청북도 청주시 서원구 수곡동 635,431123237053,충청북도 청주시 서원구 수곡로,4.31131090010635e+24,충청북도 청주시 서원구 수곡로 118-1,28684.0,1.0
MA010120220814080456,제제브런치,봉명점,I2,음식,I201,한식,I20101,백반/한정식,I56111,한식 일반 음식점업,43,충청북도,43113,청주시 흥덕구,43113756,봉명2.송정동,4311311500,봉명동,4.3113115001130296e+18,1,대지,충청북도 청주시 흥덕구 봉명동 1303,431134511377,충청북도 청주시 흥덕구 백봉로224번길,4.31131150011303e+24,충청북도 청주시 흥덕구 백봉로224번길 58,28449.0,1.0
MA010120220806792822,올리비아로렌,금왕점,G2,소매,G209,섬유·의복·신발 소매,G20902,여성 의류 소매업,G47412,여자용 겉옷 소매업,43,충청북도,43770,음성군,43770253,금왕읍,4377025321,금왕읍,4.3770253211025106e+18,1,대지,충청북도 음성군 금왕읍 무극리 251-1,437703247019,충청북도 음성군 금왕읍 무극로,4.37702532110251e+24,충청북도 음성군 금왕읍 무극로 261-1,27629.0,1.0
MA0101202209A0027112,펀비어킹,호암점,I2,음식,I211,주점,I21103,생맥주 전문,I56213,생맥주 전문점,43,충청북도,43130,충주시,43130580,호암.직동,4313010700,호암동,4.3130107001013294e+18,1,대지,충청북도 충주시 호암동 133-13,431303238085,충청북도 충주시 호암중앙2로,4.31301070010133e+24,충청북도 충주시 호암중앙2로 21,27481.0,1.0
MA0101202209A0050769,공차충주,용산점,I2,음식,I212,비알코올,I21201,카페,I56221,커피 전문점,43,충청북도,43130,충주시,43130550,용산동,4313010600,용산동,4.3130106001165e+18,1,대지,충청북도 충주시 용산동 1650-2,431303238008,충청북도 충주시 남산로,4.3130106001165e+24,충청북도 충주시 남산로 90,27403.0,1.0
MA0101202209A0037591,꾸브라꼬숯불두마리치킨,오창점,I2,음식,I210,기타 간이,I21006,치킨,I56193,치킨 전문점,43,충청북도,43114,청주시 청원구,43114253,오창읍,4311425345,오창읍,4.3114253451078e+18,1,대지,충청북도 청주시 청원구 오창읍 양청리 780-5,431144520431,충청북도 청주시 청원구 오창읍 양청2안길,4.3114253451078e+24,충청북도 청주시 청원구 오창읍 양청2안길 57-1,28115.0,1.0
MA0101202209A0052241,설빙,금천점,I2,음식,I212,비알코올,I21201,카페,I56229,기타 비알코올 음료점업,43,충청북도,43111,청주시 상당구,43111690,용담.명암.산성동,4311112100,용담동,4.31111210010386e+18,1,대지,충청북도 청주시 상당구 용담동 386,431114508278,충청북도 청주시 상당구 산성로104번길,4.31111210010386e+24,충청북도 청주시 상당구 산성로104번길 15,28744.0,2.0
MA0101202209A0026465,유노점프,율량점,P1,교육,P106,기타 교육,P10603,요가/필라테스 학원,P85612,기타 스포츠 교육기관,43,충청북도,43114,청주시 청원구,43114550,오근장동,4311410500,주성동,4.31141050010372e+18,1,대지,충청북도 청주시 청원구 주성동 372,431143236054,충청북도 청주시 청원구 주성로,4.31141050010372e+24,충청북도 청주시 청원구 주성로 293,28318.0,2.0
MA0101202209A0000728,피자스쿨,오창점,I2,음식,I210,기타 간이,I21003,피자,I56192,피자; 햄버거; 샌드위치 및 유사 음식점업,43,충청북도,43114,청주시 청원구,43114253,오창읍,4311425344,오창읍,4.3114253441064494e+18,1,대지,충청북도 청주시 청원구 오창읍 각리 645-1,431143240063,충청북도 청주시 청원구 오창읍 오창중앙로,4.37102534400645e+24,충청북도 청주시 청원구 오창읍 오창중앙로 29,28124.0,1.0
MA0101202209A0095200,그집등갈비,충대점,I2,음식,I201,한식,I20107,돼지고기 구이/찜,I56113,한식 육류 요리 전문점,43,충청북도,43113,청주시 흥덕구,43113742,복대2동,4311311400,복대동,4.3113114001187896e+18,1,대지,충청북도 청주시 흥덕구 복대동 1879,431133237050,충청북도 청주시 흥덕구 성봉로,4.31131140011879e+24,충청북도 청주시 흥덕구 성봉로 253,28604.0,1.0
MA0101202209A0026962,맘스터치,광혜원점,I2,음식,I210,기타 간이,I21004,버거,I56193,치킨 전문점,43,충청북도,43750,진천군,43750370,광혜원면,4375037027,광혜원면,4.3750370271050296e+18,1,대지,충청북도 진천군 광혜원면 광혜원리 503-3,437504535349,충청북도 진천군 광혜원면 중리1길,4.37503702710503e+24,충청북도 진천군 광혜원면 중리1길 5,27805.0,1.0
MA0101202209A0048204,침대토피아청주,2호점,S2,수리·개인,S209,세탁,S20901,세탁소,S96912,가정용 세탁업,43,충청북도,43112,청주시 서원구,43112530,사창동,4311210200,사창동,4.3112102001044695e+18,1,대지,충청북도 청주시 서원구 사창동 447,431124511219,충청북도 청주시 서원구 내수동로108번길,4.31131020010447e+24,충청북도 청주시 서원구 내수동로108번길 40,28643.0,2.0
MA0101202209A0029820,비에이치씨충주,건대점,I2,음식,I210,기타 간이,I21006,치킨,I56193,치킨 전문점,43,충청북도,43130,충주시,43130605,달천동,4313010900,단월동,4.31301090010335e+18,1,대지,충청북도 충주시 단월동 335-16,431304515361,충청북도 충주시 충열1길,4.31301090010335e+24,충청북도 충주시 충열1길 20-9,27478.0,1.0
MA0101202209A0087777,노걸대감자탕앤오리지널,오창점,I2,음식,I201,한식,I20102,국/탕/찌개류,I56111,한식 일반 음식점업,43,충청북도,43114,청주시 청원구,43114253,오창읍,4311425345,오창읍,4.311425345107901e+18,1,대지,충청북도 청주시 청원구 오창읍 양청리 790-7,431143240077,충청북도 청주시 청원구 오창읍 중심상업로,4.3710253450079e+24,충청북도 청주시 청원구 오창읍 중심상업로 51-12,28120.0,1.0
MA0101202209A0029888,역전할머니맥주청주,하복대점,I2,음식,I211,주점,I21103,생맥주 전문,I56219,기타 주점업,43,충청북도,43113,청주시 흥덕구,43113741,복대1동,4311311400,복대동,4.3113114001286497e+18,1,대지,충청북도 청주시 흥덕구 복대동 2865,431134511867,충청북도 청주시 흥덕구 진재로15번길,4.31131140012865e+24,충청북도 청주시 흥덕구 진재로15번길 23,28419.0,1.0
MA0101202209A0085829,뚜레쥬르,산남점,I2,음식,I210,기타 간이,I21001,빵/도넛,I56191,제과점업,43,충청북도,43112,청주시 서원구,43112550,산남동,4311210400,산남동,4.31121040010685e+18,1,대지,충청북도 청주시 서원구 산남동 685,431123237037,충청북도 청주시 서원구 산남로,4.31131060010685e+24,충청북도 청주시 서원구 산남로 75,28630.0,1.0
MA010120220813630947,홈플러스청주더샘,가경점,G2,소매,G215,의약·화장품 소매,G21503,화장품 소매업,G47813,화장품; 비누 및 방향제 소매업,43,충청북도,43113,청주시 흥덕구,43113747,가경동,4311311300,가경동,4.31131130011696e+18,1,대지,충청북도 청주시 흥덕구 가경동 1696,431133014066,충청북도 청주시 흥덕구 서부로,4.31131130011696e+24,충청북도 청주시 흥덕구 서부로 1291,28413.0,2.0
MA010120220806603402,씨유청주우암,대성점,G2,소매,G204,종합 소매,G20405,편의점,G47122,체인화 편의점,43,충청북도,43114,청주시 청원구,43114510,우암동,4311410100,우암동,4.31141010010397e+18,1,대지,충청북도 청주시 청원구 우암동 397-21,431144508080,충청북도 청주시 청원구 교서로150번길,4.31111130010397e+24,충청북도 청주시 청원구 교서로150번길 1,28486.0,1.0
MA010120220808396457,씨유청주개신,푸르지오점,G2,소매,G204,종합 소매,G20405,편의점,G47122,체인화 편의점,43,충청북도,43112,청주시 서원구,43112590,성화.개신.죽림동,4311210900,개신동,4.311210900106301e+18,1,대지,충청북도 청주시 서원구 개신동 630,431123237008,충청북도 청주시 서원구 경신로,4.3113111001063e+24,충청북도 청주시 서원구 경신로 32-15,28611.0,1.0
MA010120220808616231,웍쟁이,본점,I2,음식,I201,한식,I20101,백반/한정식,I56111,한식 일반 음식점업,43,충청북도,43113,청주시 흥덕구,43113310,강내면,4311331031,강내면,4.31133103110148e+18,1,대지,충청북도 청주시 흥덕구 강내면 탑연리 148-18,431134520642,충청북도 청주시 흥덕구 강내면 탑연1길,4.31133103110148e+24,충청북도 청주시 흥덕구 강내면 탑연1길 11,28172.0,1.0
MA010120220807290109,충북음성지역자활센터오백국수,2호점,I2,음식,I201,한식,I20105,국수/칼국수,I56112,한식 면 요리 전문점,43,충청북도,43770,음성군,43770250,음성읍,4377025021,음성읍,4.3770250211054e+18,1,대지,충청북도 음성군 음성읍 읍내리 540-5,437704541473,충청북도 음성군 음성읍 음성천서길,4.3770250211054e+24,충청북도 음성군 음성읍 음성천서길 165,27695.0,2.0
MA010120220805582600,한국종합문구,분평점,G2,소매,G213,오락용품 소매,G21302,문구/회화용품 소매업,G47612,문구용품 및 회화용품 소매업,43,충청북도,43112,청주시 서원구,43112550,산남동,4311210600,분평동,4.31121060010242e+18,1,대지,충청북도 청주시 서원구 분평동 242-1,431123236067,충청북도 청주시 서원구 청남로,4.31131080010242e+24,충청북도 청주시 서원구 청남로 1997,28701.0,1.0
MA010120220813254564,강릉교동짬뽕수곡,산남점,I2,음식,I202,중식,I20201,중국집,I56121,중식 음식점업,43,충청북도,43112,청주시 서원구,43112580,수곡2동,4311210700,수곡동,4.3112107001093294e+18,1,대지,충청북도 청주시 서원구 수곡동 933,431124511620,충청북도 청주시 서원구 수곡로37번길,4.31131090010933e+24,충청북도 청주시 서원구 수곡로37번길 16-15,28697.0,1.0
MA010120220814265700,세븐일레븐단양,코아루점,G2,소매,G204,종합 소매,G20405,편의점,G47122,체인화 편의점,43,충청북도,43800,단양군,43800250,단양읍,4380025027,단양읍,4.38002502711038e+18,1,대지,충청북도 단양군 단양읍 상진리 1038,438003248032,충청북도 단양군 단양읍 상진2로,4.38002502720014e+24,충청북도 단양군 단양읍 상진2로 31,27012.0,1.0
MA010120220805527427,두리이비인후과,오창점,Q1,보건의료,Q102,의원,Q10206,이비인후과 의원,Q86201,일반의원,43,충청북도,43114,청주시 청원구,43114253,오창읍,4311425345,오창읍,4.31142534510792e+18,1,대지,충청북도 청주시 청원구 오창읍 양청리 792-5,431143240077,충청북도 청주시 청원구 오창읍 중심상업로,4.37102534500792e+24,충청북도 청주시 청원구 오창읍 중심상업로 31-4,28120.0,2.0
MA010120220806734903,충주축산업협동조합하나로마트,본점,G2,소매,G204,종합 소매,G20404,슈퍼마켓,G47121,슈퍼마켓,43,충청북도,43130,충주시,43130535,교현.안림동,4313010500,교현동,4.31301050010508e+18,1,대지,충청북도 충주시 교현동 508-3,431303238048,충청북도 충주시 예성로,4.31301050010766e+24,충청북도 충주시 예성로 256,27374.0,1.0
MA010120220805712084,알파,중앙점,G2,소매,G213,오락용품 소매,G21302,문구/회화용품 소매업,G47612,문구용품 및 회화용품 소매업,43,충청북도,43150,제천시,43150528,중앙동,4315010600,중앙로1가,4.3150106001008896e+18,1,대지,충청북도 제천시 중앙로1가 89-1,431504518097,충청북도 제천시 풍양로15길,4.31501060010081e+24,충청북도 제천시 풍양로15길 5-1,27173.0,2.0
MA010120220808988911,라인의류,모다아울렛,G2,소매,G209,섬유·의복·신발 소매,G20902,여성 의류 소매업,G47412,여자용 겉옷 소매업,43,충청북도,43130,충주시,43130605,달천동,4313011400,달천동,4.31301140010786e+18,1,대지,충청북도 충주시 달천동 786-3,431302246001,충청북도 충주시 중원대로,4.31301140010786e+24,충청북도 충주시 중원대로 3683,27476.0,2.0
MA010120220812240126,세븐일레븐음성,중앙점,G2,소매,G204,종합 소매,G20405,편의점,G47122,체인화 편의점,43,충청북도,43770,음성군,43770250,음성읍,4377025021,음성읍,4.37702502110244e+18,1,대지,충청북도 음성군 음성읍 읍내리 244-21,437703247062,충청북도 음성군 음성읍 중앙로,4.37702502110244e+24,충청북도 음성군 음성읍 중앙로 176,27697.0,1.0
MA010120220803107527,세븐일레븐충북혁신,타워점,G2,소매,G204,종합 소매,G20405,편의점,G47122,체인화 편의점,43,충청북도,43770,음성군,43770330,맹동면,4377033028,맹동면,4.37703302811366e+18,1,대지,충청북도 음성군 맹동면 두성리 1366,437703247072,충청북도 음성군 맹동면 산학로,4.37703302811365e+24,충청북도 음성군 맹동면 산학로 35,27738.0,1.0
MA010120220808080374,내셔널지오그래픽키즈현대,충청점,G2,소매,G209,섬유·의복·신발 소매,G20903,유아용 의류 소매업,G47417,유아용 의류 소매업,43,충청북도,43113,청주시 흥덕구,43113741,복대1동,4311311400,복대동,4.3113114001338e+18,1,대지,충청북도 청주시 흥덕구 복대동 3380,431133236058,충청북도 청주시 흥덕구 직지대로,4.31131140010584e+24,충청북도 청주시 흥덕구 직지대로 308,28424.0,3.0
MA010120220805723263,모이몰른,제천점,G2,소매,G209,섬유·의복·신발 소매,G20903,유아용 의류 소매업,G47417,유아용 의류 소매업,43,충청북도,43150,제천시,43150528,중앙동,4315010700,중앙로2가,4.31501070010088e+18,1,대지,충청북도 제천시 중앙로2가 88-3,431504517306,충청북도 제천시 명륜로16길,4.31501070010165e+24,충청북도 제천시 명륜로16길 20,27173.0,1.0
MA010120220809596958,연암곱창,본점,I2,음식,I201,한식,I20109,곱창 전골/구이,I56113,한식 육류 요리 전문점,43,충청북도,43113,청주시 흥덕구,43113741,복대1동,4311311400,복대동,4.3113114001320494e+18,1,대지,충청북도 청주시 흥덕구 복대동 3205,431134511865,충청북도 청주시 흥덕구 진재로109번길,4.31131140013205e+24,충청북도 청주시 흥덕구 진재로109번길 22,28427.0,1.0
MA010120220810073961,오봉집청주,율량점,I2,음식,I201,한식,I20107,돼지고기 구이/찜,I56113,한식 육류 요리 전문점,43,충청북도,43114,청주시 청원구,43114540,율량.사천동,4311410300,율량동,4.3114103001206006e+18,1,대지,충청북도 청주시 청원구 율량동 2060,431144844107,충청북도 청주시 청원구 율량로202번길,4.3114103001206e+24,충청북도 청주시 청원구 율량로202번길 22,28320.0,1.0
MA010120220809900145,이지쿡청주,수곡점,I2,음식,I201,한식,I20101,백반/한정식,I56111,한식 일반 음식점업,43,충청북도,43112,청주시 서원구,43112580,수곡2동,4311210700,수곡동,4.31121070010314e+18,1,대지,충청북도 청주시 서원구 수곡동 314,431123237013,충청북도 청주시 서원구 구룡산로,4.31131090010314e+24,충청북도 청주시 서원구 구룡산로 275-13,28683.0,2.0
MA010120220808166160,명인만두,분평점,I2,음식,I210,기타 간이,I21007,김밥/만두/분식,I56194,김밥 및 기타 간이 음식점업,43,충청북도,43112,청주시 서원구,43112560,분평동,4311210600,분평동,4.31121060011417e+18,1,대지,충청북도 청주시 서원구 분평동 1417,431124512137,충청북도 청주시 서원구 1순환로1063번길,4.31131080011417e+24,충청북도 청주시 서원구 1순환로1063번길 24,28799.0,1.0
MA010120220802832922,아리따움,청주사천점,G2,소매,G215,의약·화장품 소매,G21503,화장품 소매업,G47813,화장품; 비누 및 방향제 소매업,43,충청북도,43114,청주시 청원구,43114540,율량.사천동,4311410300,율량동,4.3114103001128294e+18,1,대지,충청북도 청주시 청원구 율량동 1283,431143236050,충청북도 청주시 청원구 율봉로,4.31111150011283e+24,충청북도 청주시 청원구 율봉로 97,28340.0,1.0
MA010120220802918443,오유미당,율량점,I2,음식,I203,일식,I20301,일식 회/초밥,I56122,일식 음식점업,43,충청북도,43114,청주시 청원구,43114550,오근장동,4311410500,주성동,4.31141050010422e+18,1,대지,충청북도 청주시 청원구 주성동 422,431144571735,충청북도 청주시 청원구 율량로138번길,4.31111310010142e+24,충청북도 청주시 청원구 율량로138번길 42-1,28318.0,1.0
MA010120220809872302,힐링돈까스청주,본점,I2,음식,I204,서양식,I20401,경양식,I56123,서양식 음식점업,43,충청북도,43111,청주시 상당구,43111720,용암1동,4311112500,용정동,4.31111250011204e+18,1,대지,충청북도 청주시 상당구 용정동 1204,431114571731,충청북도 청주시 상당구 용정로38번길,4.31111250011204e+24,충청북도 청주시 상당구 용정로38번길 27-2,28748.0,1.0
MA0101202209A0082176,못난이찹쌀꽈배기육,거리점,I2,음식,I210,기타 간이,I21099,그 외 기타 간이 음식점,I56199,간이 음식 포장 판매 전문점,43,충청북도,43111,청주시 상당구,43111545,성안동,4311111100,석교동,4.31111110010126e+18,1,대지,충청북도 청주시 상당구 석교동 126-137,431114508309,충청북도 청주시 상당구 상당로1번길,4.31111110010126e+24,충청북도 청주시 상당구 상당로1번길 9,28534.0,1.0
MA0101202209A0071385,버커루충주점,모다아울렛,G2,소매,G209,섬유·의복·신발 소매,G20905,기타 의류 소매업,G47419,기타 의복 소매업,43,충청북도,43130,충주시,43130605,달천동,4313011400,달천동,4.31301140010786e+18,1,대지,충청북도 충주시 달천동 786-3,431302246001,충청북도 충주시 중원대로,4.31301140010786e+24,충청북도 충주시 중원대로 3683,27476.0,3.0
MA0101202209A0062401,씨유괴산,서부점,G2,소매,G204,종합 소매,G20405,편의점,G47122,체인화 편의점,43,충청북도,43760,괴산군,43760250,괴산읍,4376025022,괴산읍,4.3760250221015296e+18,1,대지,충청북도 괴산군 괴산읍 서부리 153-1,437603246025,충청북도 괴산군 괴산읍 임꺽정로,4.37602502210153e+24,충청북도 괴산군 괴산읍 임꺽정로 76-1,28027.0,1.0
MA0101202209A0065450,크린토피아서충주,첨단점,S2,수리·개인,S209,세탁,S20901,세탁소,S96912,가정용 세탁업,43,충청북도,43130,충주시,43130335,대소원면,4313033531,대소원면,4.3130335311110497e+18,1,대지,충청북도 충주시 대소원면 본리 1105,431304515534,충청북도 충주시 대소원면 첨단쉼터1길,4.31303353111105e+24,충청북도 충주시 대소원면 첨단쉼터1길 6,27466.0,1.0
MA0101202209A0059774,철길부산집청주,복대점,I2,음식,I211,주점,I21101,일반 유흥 주점,I56211,일반 유흥 주점업,43,충청북도,43113,청주시 흥덕구,43113741,복대1동,4311311400,복대동,4.31131140013248e+18,1,대지,충청북도 청주시 흥덕구 복대동 3248,431134511235,충청북도 청주시 흥덕구 대신로73번길,4.31131140013248e+24,충청북도 청주시 흥덕구 대신로73번길 86-1,28426.0,1.0
MA0101202209A0038419,로이드밤,테크노점,S2,수리·개인,S207,이용·미용,S20701,미용실,S96112,두발 미용업,43,충청북도,43113,청주시 흥덕구,43113770,강서2동,4311313400,송절동,4.3113134001083295e+18,1,대지,충청북도 청주시 흥덕구 송절동 833,431134855167,충청북도 청주시 흥덕구 송화로184번길,4.31131340010833e+24,충청북도 청주시 흥덕구 송화로184번길 10,28292.0,2.0
MA0101202209A0083922,길가옆에누룽지삼계탕충북,혁신점,I2,음식,I201,한식,I20102,국/탕/찌개류,I56111,한식 일반 음식점업,43,충청북도,43750,진천군,43750253,덕산읍,4375025325,덕산읍,4.3750253251245906e+18,1,대지,충청북도 진천군 덕산읍 두촌리 2459,437503245035,충청북도 진천군 덕산읍 시가로,4.37502532512459e+24,충청북도 진천군 덕산읍 시가로 56,27871.0,2.0
MA0101202209A0017844,씨유청주,드림점,G2,소매,G204,종합 소매,G20405,편의점,G47122,체인화 편의점,43,충청북도,43114,청주시 청원구,43114540,율량.사천동,4311410400,사천동,4.31141040010022e+18,1,대지,충청북도 청주시 청원구 사천동 22-21,431144508261,충청북도 청주시 청원구 사뜸로76번길,4.31141040010022e+24,충청북도 청주시 청원구 사뜸로76번길 67,28338.0,1.0
MA0101202210A0066967,닭장애웬오리청주,본점,I2,음식,I201,한식,I20107,돼지고기 구이/찜,I56113,한식 육류 요리 전문점,43,충청북도,43111,청주시 상당구,43111320,미원면,4311132021,미원면,4.3111320211057e+18,1,대지,충청북도 청주시 상당구 미원면 미원리 570-19,431113240031,충청북도 청주시 상당구 미원면 미원초정로,4.3710320210057e+24,충청북도 청주시 상당구 미원면 미원초정로 8-1,28199.0,1.0
MA0101202210A0013425,강다짐,수곡점,I2,음식,I210,기타 간이,I21007,김밥/만두/분식,I56199,간이 음식 포장 판매 전문점,43,충청북도,43112,청주시 서원구,43112580,수곡2동,4311210700,수곡동,4.3112107001100093e+18,1,대지,충청북도 청주시 서원구 수곡동 1001,431123237013,충청북도 청주시 서원구 구룡산로,4.31131090011001e+24,충청북도 청주시 서원구 구룡산로 254,28696.0,1.0
MA0101202210A0073550,제주올래고기국수,죽림점,I2,음식,I201,한식,I20107,돼지고기 구이/찜,I56111,한식 일반 음식점업,43,충청북도,43112,청주시 서원구,43112590,성화.개신.죽림동,4311211000,죽림동,4.31121100010134e+18,1,대지,충청북도 청주시 서원구 죽림동 134,431123240091,충청북도 청주시 서원구 대림로,4.31131120010134e+24,충청북도 청주시 서원구 대림로 396,28386.0,1.0
MA0101202209A0038070,도로시파스타연정용정,금천점,I2,음식,I204,서양식,I20402,파스타/스테이크,I56123,서양식 음식점업,43,충청북도,43111,청주시 상당구,43111720,용암1동,4311112500,용정동,4.31111250010623e+18,1,대지,충청북도 청주시 상당구 용정동 623,431114508454,충청북도 청주시 상당구 영운천로133번길,4.31111250010623e+24,충청북도 청주시 상당구 영운천로133번길 32,28730.0,2.0
MA0101202210A0077348,빵꾸똥꾸문구야청주,율량점,G2,소매,G213,오락용품 소매,G21302,문구/회화용품 소매업,G47612,문구용품 및 회화용품 소매업,43,충청북도,43114,청주시 청원구,43114540,율량.사천동,4311410400,사천동,4.3114104001070894e+18,1,대지,충청북도 청주시 청원구 사천동 709,431143236054,충청북도 청주시 청원구 주성로,4.31141040010709e+24,충청북도 청주시 청원구 주성로 107,28337.0,1.0
MA0101202209A0013756,씨유맹동,휴먼시아점,G2,소매,G204,종합 소매,G20405,편의점,G47122,체인화 편의점,43,충청북도,43770,음성군,43770330,맹동면,4377033021,맹동면,4.3770330211013094e+18,1,대지,충청북도 음성군 맹동면 쌍정리 131-1,437703247005,충청북도 음성군 맹동면 대동로,4.37703302110131e+24,충청북도 음성군 맹동면 대동로 26,27733.0,1.0
MA0101202209A0072985,낭만짚불구이충주,연수점,I2,음식,I211,주점,I21104,요리 주점,I56113,한식 육류 요리 전문점,43,충청북도,43130,충주시,43130630,연수동,4313011800,연수동,4.3130118001162296e+18,1,대지,충청북도 충주시 연수동 1623,431304515006,충청북도 충주시 연수동산로2길,4.31301180011623e+24,충청북도 충주시 연수동산로2길 3,27352.0,1.0
MA0101202209A0033093,배달의빙수,가경점,I2,음식,I212,비알코올,I21201,카페,I56221,커피 전문점,43,충청북도,43113,청주시 흥덕구,43113747,가경동,4311311300,가경동,4.3113113001169505e+18,1,대지,충청북도 청주시 흥덕구 가경동 1695,431134511061,충청북도 청주시 흥덕구 2순환로1375번길,4.31131130011695e+24,충청북도 청주시 흥덕구 2순환로1375번길 24,28412.0,1.0
MA0101202209A0064098,하나로,골프연습장,R1,예술·스포츠,R103,스포츠 서비스,R10311,골프 연습장,R91136,골프 연습장 운영업,43,충청북도,43112,청주시 서원구,43112560,분평동,4311210600,분평동,4.31121060011387e+18,1,대지,충청북도 청주시 서원구 분평동 1387,431123237034,충청북도 청주시 서원구 분평로,4.31131080011387e+24,충청북도 청주시 서원구 분평로 26,28799.0,4.0
MA0101202209A0003389,네네치킨,개신점,I2,음식,I210,기타 간이,I21006,치킨,I56193,치킨 전문점,43,충청북도,43112,청주시 서원구,43112590,성화.개신.죽림동,4311210900,개신동,4.311210900106e+18,1,대지,충청북도 청주시 서원구 개신동 600,431123237058,충청북도 청주시 서원구 신율로,4.311311100106e+24,충청북도 청주시 서원구 신율로 61,28608.0,1.0
MA0101202209A0005196,워시팡팡셀프빨래방,삼성점,S2,수리·개인,S209,세탁,S20902,셀프 빨래방,S96912,가정용 세탁업,43,충청북도,43770,음성군,43770350,삼성면,4377035021,삼성면,4.37703502110514e+18,1,대지,충청북도 음성군 삼성면 덕정리 514-4,437703247013,충청북도 음성군 삼성면 덕정로,4.37703502110514e+24,충청북도 음성군 삼성면 덕정로 59-1,27649.0,1.0
MA0101202209A0089034,장호덕손만두청주,가경점,I2,음식,I210,기타 간이,I21007,김밥/만두/분식,I56194,김밥 및 기타 간이 음식점업,43,충청북도,43113,청주시 흥덕구,43113747,가경동,4311311300,가경동,4.3113113001151094e+18,1,대지,충청북도 청주시 흥덕구 가경동 1511,431133237002,충청북도 청주시 흥덕구 가경로,4.31131130011511e+24,충청북도 청주시 흥덕구 가경로 126,28400.0,2.0
MA0101202209A0030713,공차청주,가경점,I2,음식,I212,비알코올,I21201,카페,I56229,기타 비알코올 음료점업,43,충청북도,43113,청주시 흥덕구,43113747,가경동,4311311300,가경동,4.31131130011555e+18,1,대지,충청북도 청주시 흥덕구 가경동 1555,431133237002,충청북도 청주시 흥덕구 가경로,4.31131130011555e+24,충청북도 청주시 흥덕구 가경로 10,28409.0,1.0
MA0101202209A0022969,베베드피노충주,호암점,G2,소매,G209,섬유·의복·신발 소매,G20903,유아용 의류 소매업,G47417,유아용 의류 소매업,43,충청북도,43130,충주시,43130580,호암.직동,4313010700,호암동,4.31301070011026e+18,1,대지,충청북도 충주시 호암동 1026,431303352068,충청북도 충주시 호암수청2로,4.31301070011026e+24,충청북도 충주시 호암수청2로 10,27502.0,1.0
MA010120220802739439,백두산생고기,전문점,I2,음식,I201,한식,I20107,돼지고기 구이/찜,I56113,한식 육류 요리 전문점,43,충청북도,43113,청주시 흥덕구,43113741,복대1동,4311311400,복대동,4.31131140013053e+18,1,대지,충청북도 청주시 흥덕구 복대동 3053,431133237078,충청북도 청주시 흥덕구 죽천로,4.31131140013053e+24,충청북도 청주시 흥덕구 죽천로 96-13,28426.0,1.0
MA010120220805496190,세븐청주교대점,코리아,G2,소매,G204,종합 소매,G20405,편의점,G47122,체인화 편의점,43,충청북도,43112,청주시 서원구,43112570,수곡1동,4311210700,수곡동,4.31121070010079e+18,1,대지,충청북도 청주시 서원구 수곡동 79-10,431123236067,충청북도 청주시 서원구 청남로,4.31131090010079e+24,충청북도 청주시 서원구 청남로 2074,28708.0,1.0
MA010120220813008749,다이아필라테스,오창점,P1,교육,P106,기타 교육,P10603,요가/필라테스 학원,P85612,기타 스포츠 교육기관,43,충청북도,43114,청주시 청원구,43114253,오창읍,4311425345,오창읍,4.3114253451082e+18,1,대지,충청북도 청주시 청원구 오창읍 양청리 820-2,431143240075,충청북도 청주시 청원구 오창읍 중심상업1로,4.3114253451082e+24,충청북도 청주시 청원구 오창읍 중심상업1로 20,28120.0,23.0
MA010120220812494134,에스디이포,청주지점,G2,소매,G208,가전·통신 소매,G20802,핸드폰 소매업,G47312,통신기기 소매업,43,충청북도,43111,청주시 상당구,43111525,중앙동,4311110300,북문로2가,4.31111030010116e+18,1,대지,충청북도 청주시 상당구 북문로2가 116-231,431113236027,충청북도 청주시 상당구 상당로,4.31111030010116e+24,충청북도 청주시 상당구 상당로 117-1,28543.0,3.0
MA010120220807124967,7-ELEVEN,지웰시티점,G2,소매,G204,종합 소매,G20405,편의점,G47122,체인화 편의점,43,충청북도,43113,청주시 흥덕구,43113741,복대1동,4311311400,복대동,4.31131140013379e+18,1,대지,충청북도 청주시 흥덕구 복대동 3379,431133237020,충청북도 청주시 흥덕구 대농로,4.31131140010584e+24,충청북도 청주시 흥덕구 대농로 17,28424.0,1.0
MA010120220806042854,매일청주흥덕상하목장,대리점,G2,소매,G206,음료 소매,G20604,우유 소매업,G47992,계약배달 판매업,43,충청북도,43113,청주시 흥덕구,43113756,봉명2.송정동,4311311500,봉명동,4.31131150012014e+18,1,대지,충청북도 청주시 흥덕구 봉명동 2014,431134511428,충청북도 청주시 흥덕구 봉정로56번길,4.31131150012014e+24,충청북도 청주시 흥덕구 봉정로56번길 41,28448.0,1.0
MA010120220808458310,펀비어킹,진천광혜원점,I2,음식,I211,주점,I21103,생맥주 전문,I56213,생맥주 전문점,43,충청북도,43750,진천군,43750370,광혜원면,4375037027,광혜원면,4.37503702710526e+18,1,대지,충청북도 진천군 광혜원면 광혜원리 526-5,437504535429,충청북도 진천군 광혜원면 화랑5길,4.37503702710526e+24,충청북도 진천군 광혜원면 화랑5길 24-8,27802.0,1.0
MA010120220810030224,도미노피자,진천점,I2,음식,I210,기타 간이,I21003,피자,I56192,피자; 햄버거; 샌드위치 및 유사 음식점업,43,충청북도,43750,진천군,43750250,진천읍,4375025021,진천읍,4.3750250211000494e+18,1,대지,충청북도 진천군 진천읍 교성리 5-4,437503245012,충청북도 진천군 진천읍 원덕로,4.37502502110005e+24,충청북도 진천군 진천읍 원덕로 313,27838.0,1.0
MA010120220805371484,빽다방청주금천,광장점,I2,음식,I212,비알코올,I21201,카페,I56221,커피 전문점,43,충청북도,43111,청주시 상당구,43111690,용담.명암.산성동,4311112100,용담동,4.3111121001037496e+18,1,대지,충청북도 청주시 상당구 용담동 375,431114508297,충청북도 청주시 상당구 산성로98번길,4.31111210010375e+24,충청북도 청주시 상당구 산성로98번길 35,28744.0,1.0
MA010120220812779402,현대그릇,백화점,G2,소매,G212,기타 생활용품 소매,G21202,주방/가정용품 소매업,G47592,주방용품 및 가정용 유리; 요업제품 소매업,43,충청북도,43150,제천시,43150528,중앙동,4315010700,중앙로2가,4.3150107001012306e+18,1,대지,충청북도 제천시 중앙로2가 123,431504517273,충청북도 제천시 독순로13길,4.31501070010121e+24,충청북도 제천시 독순로13길 1,27173.0,1.0
MA010120220805396012,삼육구모두의뷔페.유니스,오창점,I2,음식,I207,구내식당·뷔페,I20702,뷔페,I56111,한식 일반 음식점업,43,충청북도,43114,청주시 청원구,43114253,오창읍,4311425345,오창읍,4.3114253451082e+18,1,대지,충청북도 청주시 청원구 오창읍 양청리 820-1,431143240075,충청북도 청주시 청원구 오창읍 중심상업1로,4.3114253451082e+24,충청북도 청주시 청원구 오창읍 중심상업1로 8-9,28120.0,2.0
MA010120220806324700,한삼인,오창점,G2,소매,G205,식료품 소매,G20508,건강보조식품 소매업,G47217,건강 보조식품 소매업,43,충청북도,43114,청주시 청원구,43114253,오창읍,4311425345,오창읍,4.31142534510819e+18,1,대지,충청북도 청주시 청원구 오창읍 양청리 819-2,431143240077,충청북도 청주시 청원구 오창읍 중심상업로,4.37102534500819e+24,충청북도 청주시 청원구 오창읍 중심상업로 23,28120.0,1.0
MA010120220814108445,파스쿠찌서충주,신도시점,I2,음식,I212,비알코올,I21201,카페,I56221,커피 전문점,43,충청북도,43130,충주시,43130385,중앙탑면,4313038526,중앙탑면,4.3130385261067e+18,1,대지,충청북도 충주시 중앙탑면 용전리 670,431303238103,충청북도 충주시 중앙탑면 기업도시로,4.3130385261067e+24,충청북도 충주시 중앙탑면 기업도시로 222,27465.0,3.0
MA010120220806318391,닉스청주점,롯데아울렛,G2,소매,G209,섬유·의복·신발 소매,G20905,기타 의류 소매업,G47414,셔츠 및 블라우스 소매업,43,충청북도,43113,청주시 흥덕구,43113760,강서1동,4311313800,비하동,4.31131380010811e+18,1,대지,충청북도 청주시 흥덕구 비하동 811,431133014065,충청북도 청주시 흥덕구 2순환로,4.31131380010332e+24,충청북도 청주시 흥덕구 2순환로 1004,28360.0,2.0
MA010120220814321468,코웨이충주문화,대리점,G2,소매,G208,가전·통신 소매,G20803,가전제품 소매업,G47320,가전제품 소매업,43,충청북도,43130,충주시,43130571,문화동,4313012700,문화동,4.31301270011144e+18,1,대지,충청북도 충주시 문화동 1144,431302246001,충청북도 충주시 중원대로,4.31301270011144e+24,충청북도 충주시 중원대로 3447,27420.0,2.0
MA010120220805600459,빅터청주,흥덕점,G2,소매,G213,오락용품 소매,G21304,운동용품 소매업,G47631,운동 및 경기용품 소매업,43,충청북도,43112,청주시 서원구,43112510,사직1동,4311210100,사직동,4.31121010010818e+18,1,대지,충청북도 청주시 서원구 사직동 818,431123237098,충청북도 청주시 서원구 흥덕로,4.31131010010818e+24,충청북도 청주시 서원구 흥덕로 34,28556.0,1.0
MA010120220806840640,송주불냉면충주,1호점,I2,음식,I201,한식,I20106,냉면/밀면,I56112,한식 면 요리 전문점,43,충청북도,43130,충주시,43130535,교현.안림동,4313010500,교현동,4.31301050010143e+18,1,대지,충청북도 충주시 교현동 143-33,431304514447,충청북도 충주시 만리산9길,4.31301050010143e+24,충청북도 충주시 만리산9길 59,27383.0,1.0
MA010120220803277170,한국피자헛충북대,본점,I2,음식,I210,기타 간이,I21003,피자,I56192,피자; 햄버거; 샌드위치 및 유사 음식점업,43,충청북도,43112,청주시 서원구,43112530,사창동,4311210200,사창동,4.31121020010521e+18,1,대지,충청북도 청주시 서원구 사창동 521,431123236001,충청북도 청주시 서원구 1순환로,4.31131020010521e+24,충청북도 청주시 서원구 1순환로 694,28643.0,1.0
MA010120220807041983,지벤처스,코리아,M1,과학·기술,M107,본사·경영 컨설팅,M10703,경영 컨설팅업,M71531,경영 컨설팅업,43,충청북도,43112,청주시 서원구,43112590,성화.개신.죽림동,4311210900,개신동,4.3112109001001206e+18,1,대지,충청북도 청주시 서원구 개신동 12,431123350731,충청북도 청주시 서원구 충대로,4.31131110010012e+24,충청북도 청주시 서원구 충대로 1,28644.0,9.0
MA010120220814360665,고구려짬뽕,분평점,I2,음식,I202,중식,I20201,중국집,I56121,중식 음식점업,43,충청북도,43112,청주시 서원구,43112560,분평동,4311210600,분평동,4.3112106001056097e+18,1,대지,충청북도 청주시 서원구 분평동 561,431123236001,충청북도 청주시 서원구 1순환로,4.31121060010561e+24,충청북도 청주시 서원구 1순환로 1142,28804.0,1.0
MA010120220812858514,디스포저,코리아,G2,소매,G208,가전·통신 소매,G20803,가전제품 소매업,G47320,가전제품 소매업,43,충청북도,43114,청주시 청원구,43114550,오근장동,4311410600,주중동,4.3114106001030497e+18,1,대지,충청북도 청주시 청원구 주중동 305-21,431143240096,충청북도 청주시 청원구 주중로,4.31141060020061e+24,충청북도 청주시 청원구 주중로 52-1,28307.0,1.0
MA010120220805042823,하이24교통대,1호점,G2,소매,G204,종합 소매,G20405,편의점,G47122,체인화 편의점,43,충청북도,43130,충주시,43130335,대소원면,4313033529,대소원면,4.3130335291035e+18,1,대지,충청북도 충주시 대소원면 검단리 350-59,431304514308,충청북도 충주시 대소원면 대학촌1길,4.3130330291035e+24,충청북도 충주시 대소원면 대학촌1길 21,27470.0,1.0
MA010120220806083249,현대백화점휠라언더웨어,충청점,G2,소매,G209,섬유·의복·신발 소매,G20905,기타 의류 소매업,G47413,속옷 및 잠옷 소매업,43,충청북도,43113,청주시 흥덕구,43113741,복대1동,4311311400,복대동,4.3113114001338e+18,1,대지,충청북도 청주시 흥덕구 복대동 3380,431133236058,충청북도 청주시 흥덕구 직지대로,4.31131140010584e+24,충청북도 청주시 흥덕구 직지대로 308,28424.0,3.0
MA010120220808071775,수이재1928현백,충청점,I2,음식,I201,한식,I20107,돼지고기 구이/찜,I56113,한식 육류 요리 전문점,43,충청북도,43113,청주시 흥덕구,43113741,복대1동,4311311400,복대동,4.3113114001338e+18,1,대지,충청북도 청주시 흥덕구 복대동 3380,431133236058,충청북도 청주시 흥덕구 직지대로,4.31131140010584e+24,충청북도 청주시 흥덕구 직지대로 308,28424.0,6.0
MA010120220811725384,초콜릿헤어염색,전문점,S2,수리·개인,S207,이용·미용,S20701,미용실,S96112,두발 미용업,43,충청북도,43113,청주시 흥덕구,43113742,복대2동,4311311400,복대동,4.31131140011168e+18,1,대지,충청북도 청주시 흥덕구 복대동 1168,431134512047,충청북도 청주시 흥덕구 풍산로118번길,4.31131140011168e+24,충청북도 청주시 흥덕구 풍산로118번길 6-2,28605.0,1.0
MA010120220813805760,시골생고기,본점,I2,음식,I201,한식,I20107,돼지고기 구이/찜,I56113,한식 육류 요리 전문점,43,충청북도,43111,청주시 상당구,43111720,용암1동,4311112400,용암동,4.3111124001244897e+18,1,대지,충청북도 청주시 상당구 용암동 2449,431114508528,충청북도 청주시 상당구 용암북로94번길,4.31111240012449e+24,충청북도 청주시 상당구 용암북로94번길 20-1,28766.0,1.0
MA010120220810737526,덴마크우유,청주대리점,G2,소매,G206,음료 소매,G20604,우유 소매업,G47221,음료 소매업,43,충청북도,43113,청주시 흥덕구,43113742,복대2동,4311311400,복대동,4.31131140012168e+18,1,대지,충청북도 청주시 흥덕구 복대동 2168,431134511661,충청북도 청주시 흥덕구 신율로111번길,4.31131140012168e+24,충청북도 청주시 흥덕구 신율로111번길 23-1,28606.0,1.0
MA010120220803114936,휴대폰맛집청주,오창점,G2,소매,G208,가전·통신 소매,G20802,핸드폰 소매업,G47312,통신기기 소매업,43,충청북도,43114,청주시 청원구,43114253,오창읍,4311425345,오창읍,4.3114253451082097e+18,1,대지,충청북도 청주시 청원구 오창읍 양청리 821-2,431142014001,충청북도 청주시 청원구 오창읍 오창대로,4.37102534500821e+24,충청북도 청주시 청원구 오창읍 오창대로 315,28120.0,1.0
MA010120220809175759,루이까스텔충북,금왕점,G2,소매,G213,오락용품 소매,G21304,운동용품 소매업,G47631,운동 및 경기용품 소매업,43,충청북도,43770,음성군,43770253,금왕읍,4377025321,금왕읍,4.3770253211051105e+18,1,대지,충청북도 음성군 금왕읍 무극리 511-6,437703247019,충청북도 음성군 금왕읍 무극로,4.37702532110511e+24,충청북도 음성군 금왕읍 무극로 247-1,27630.0,1.0
MA010120220808905116,백스비어금천,광장점,I2,음식,I211,주점,I21103,생맥주 전문,I56219,기타 주점업,43,충청북도,43111,청주시 상당구,43111690,용담.명암.산성동,4311112100,용담동,4.3111121001038894e+18,1,대지,충청북도 청주시 상당구 용담동 389,431114508279,충청북도 청주시 상당구 산성로112번길,4.31111210010389e+24,충청북도 청주시 상당구 산성로112번길 2,28744.0,1.0
MA010120220812433781,감동까스청주,수곡점,I2,음식,I203,일식,I20302,일식 카레/돈가스/덮밥,I56199,간이 음식 포장 판매 전문점,43,충청북도,43112,청주시 서원구,43112570,수곡1동,4311210700,수곡동,4.3112107001006694e+18,1,대지,충청북도 청주시 서원구 수곡동 67-14,431124511638,충청북도 청주시 서원구 수영로24번길,4.31131090010067e+24,충청북도 청주시 서원구 수영로24번길 6,28709.0,1.0
MA010120220804471979,씨유진천,우미린점,G2,소매,G204,종합 소매,G20405,편의점,G47122,체인화 편의점,43,충청북도,43750,진천군,43750253,덕산읍,4375025325,덕산읍,4.37502532513147e+18,1,대지,충청북도 진천군 덕산읍 두촌리 3147,437503000235,충청북도 진천군 덕산읍 대하로,4.37503102513147e+24,충청북도 진천군 덕산읍 대하로 144,27872.0,1.0
MA010120220806429924,닭갈비제작소,성안점,I2,음식,I201,한식,I20110,닭/오리고기 구이/찜,I56113,한식 육류 요리 전문점,43,충청북도,43111,청주시 상당구,43111545,성안동,4311110200,북문로1가,4.31111020010175e+18,1,대지,충청북도 청주시 상당구 북문로1가 175-5,431113236031,충청북도 청주시 상당구 성안로,4.31111020010175e+24,충청북도 청주시 상당구 성안로 26-1,28527.0,2.0
MA0101202210A0096260,푸라닭,음성금왕점,I2,음식,I210,기타 간이,I21006,치킨,I56193,치킨 전문점,43,충청북도,43770,음성군,43770253,금왕읍,4377025321,금왕읍,4.3770253211063e+18,1,대지,충청북도 음성군 금왕읍 무극리 630,437703247019,충청북도 음성군 금왕읍 무극로,4.3770253211063e+24,충청북도 음성군 금왕읍 무극로 206,27633.0,1.0
MA0101202209A0063123,시너지플레이스스터디카페,음성점,R1,예술·스포츠,R102,도서관·사적지,R10202,독서실/스터디 카페,R90212,독서실 운영업,43,충청북도,43770,음성군,43770250,음성읍,4377025021,음성읍,4.37702502110322e+18,1,대지,충청북도 음성군 음성읍 읍내리 322-15,437703247032,충청북도 음성군 음성읍 시장로,4.37702502110322e+24,충청북도 음성군 음성읍 시장로 94,27696.0,2.0
MA0101202209A0090686,현대스위치123,충청점,G2,소매,G209,섬유·의복·신발 소매,G20905,기타 의류 소매업,G47414,셔츠 및 블라우스 소매업,43,충청북도,43113,청주시 흥덕구,43113741,복대1동,4311311400,복대동,4.3113114001338e+18,1,대지,충청북도 청주시 흥덕구 복대동 3380,431133236058,충청북도 청주시 흥덕구 직지대로,4.31131140010584e+24,충청북도 청주시 흥덕구 직지대로 308,28424.0,2.0
MA010120220805588981,재근이순두부,전문점,I2,음식,I201,한식,I20101,백반/한정식,I56111,한식 일반 음식점업,43,충청북도,43113,청주시 흥덕구,43113747,가경동,4311311300,가경동,4.31131130011278e+18,1,대지,충청북도 청주시 흥덕구 가경동 1278,431134512065,충청북도 청주시 흥덕구 풍산로47번길,4.31131130011278e+24,충청북도 청주시 흥덕구 풍산로47번길 22,28393.0,1.0
MA010120220813924782,한상모아도시락청주,본점,I2,음식,I201,한식,I20101,백반/한정식,I56111,한식 일반 음식점업,43,충청북도,43112,청주시 서원구,43112530,사창동,4311210200,사창동,4.31121020010148e+18,1,대지,충청북도 청주시 서원구 사창동 148-3,431123236025,충청북도 청주시 서원구 사직대로,4.31121020010148e+24,충청북도 청주시 서원구 사직대로 107,28575.0,1.0
MA010120220803871968,우림칼국수,산남점,I2,음식,I201,한식,I20105,국수/칼국수,I56112,한식 면 요리 전문점,43,충청북도,43112,청주시 서원구,43112550,산남동,4311210400,산남동,4.3112104001037696e+18,1,대지,충청북도 청주시 서원구 산남동 377,431124511757,충청북도 청주시 서원구 원흥로100번길,4.31131060010377e+24,충청북도 청주시 서원구 원흥로100번길 43,28626.0,1.0
MA010120220808354864,이화연가청주,본점,I2,음식,I201,한식,I20107,돼지고기 구이/찜,I56113,한식 육류 요리 전문점,43,충청북도,43114,청주시 청원구,43114540,율량.사천동,4311410300,율량동,4.31141030012052e+18,1,대지,충청북도 청주시 청원구 율량동 2052,431143349124,충청북도 청주시 청원구 율량로,4.31141030012052e+24,충청북도 청주시 청원구 율량로 200,28320.0,2.0
MA010120220805596251,현대백화점탠디,충청점,G2,소매,G209,섬유·의복·신발 소매,G20910,신발 소매업,G47430,신발 소매업,43,충청북도,43113,청주시 흥덕구,43113741,복대1동,4311311400,복대동,4.31131140013379e+18,1,대지,충청북도 청주시 흥덕구 복대동 3379,431133237020,충청북도 청주시 흥덕구 대농로,4.31131140010584e+24,충청북도 청주시 흥덕구 대농로 17,28424.0,2.0
MA010120220812129470,배스킨라빈스충주,용산점,I2,음식,I210,기타 간이,I21008,아이스크림/빙수,I56194,김밥 및 기타 간이 음식점업,43,충청북도,43130,충주시,43130550,용산동,4313010600,용산동,4.3130106001163295e+18,1,대지,충청북도 충주시 용산동 1633,431303238083,충청북도 충주시 형설로,4.31301060011633e+24,충청북도 충주시 형설로 90,27398.0,1.0
MA010120220802648049,응급실국물떡볶이,청주봉명점,I2,음식,I210,기타 간이,I21007,김밥/만두/분식,I56194,김밥 및 기타 간이 음식점업,43,충청북도,43113,청주시 흥덕구,43113751,봉명1동,4311311500,봉명동,4.3113115001098097e+18,1,대지,충청북도 청주시 흥덕구 봉명동 981-2,431133237031,충청북도 청주시 흥덕구 봉명로,4.31131150010981e+24,충청북도 청주시 흥덕구 봉명로 205,28561.0,1.0
MA010120220806240904,와플칸,제천점,I2,음식,I210,기타 간이,I21001,빵/도넛,I56192,피자; 햄버거; 샌드위치 및 유사 음식점업,43,충청북도,43150,제천시,43150510,교동,4315011600,장락동,4.3150116001103e+18,1,대지,충청북도 제천시 장락동 1030,431503239067,충청북도 제천시 죽하로,4.31501160011026e+24,충청북도 제천시 죽하로 46,27149.0,1.0
MA010120220813817510,피디에스PC방,옥천점,R1,예술·스포츠,R104,유원지·오락,R10406,PC방,R91222,컴퓨터 게임방 운영업,43,충청북도,43730,옥천군,43730250,옥천읍,4373025036,옥천읍,4.3730250361003105e+18,1,대지,충청북도 옥천군 옥천읍 금구리 31-1,437303242004,충청북도 옥천군 옥천읍 금장로,4.37302503610031e+24,충청북도 옥천군 옥천읍 금장로 65,29046.0,2.0
MA010120220813821699,하카전자담배청주,가경점,G2,소매,G207,담배 소매,G20701,담배/전자담배 소매업,G47222,담배 소매업,43,충청북도,43113,청주시 흥덕구,43113747,가경동,4311311300,가경동,4.3113113001150305e+18,1,대지,충청북도 청주시 흥덕구 가경동 1503-11,431133237092,충청북도 청주시 흥덕구 풍년로,4.31131130011503e+24,충청북도 청주시 흥덕구 풍년로 74,28406.0,1.0
MA010120220805276014,그램그램,광혜원점,I2,음식,I201,한식,I20108,소고기 구이/찜,I56113,한식 육류 요리 전문점,43,충청북도,43750,진천군,43750370,광혜원면,4375037027,광혜원면,4.37503702710384e+18,1,대지,충청북도 진천군 광혜원면 광혜원리 384-8,437504535338,충청북도 진천군 광혜원면 장기길,4.37503702710384e+24,충청북도 진천군 광혜원면 장기길 78,27806.0,1.0
MA010120220807202358,충북식당,율량점,I2,음식,I201,한식,I20107,돼지고기 구이/찜,I56113,한식 육류 요리 전문점,43,충청북도,43114,청주시 청원구,43114540,율량.사천동,4311410300,율량동,4.31141030012044e+18,1,대지,충청북도 청주시 청원구 율량동 2044,431144844105,충청북도 청주시 청원구 율량로190번길,4.31141030012044e+24,충청북도 청주시 청원구 율량로190번길 15,28320.0,1.0
MA010120220808799218,캠프치킨금천,광장점,I2,음식,I210,기타 간이,I21006,치킨,I56193,치킨 전문점,43,충청북도,43111,청주시 상당구,43111680,금천동,4311112000,금천동,4.31111200010286e+18,1,대지,충청북도 청주시 상당구 금천동 286,431113236055,충청북도 청주시 상당구 중고개로,4.31111200010286e+24,충청북도 청주시 상당구 중고개로 320,28744.0,1.0
MA010120220811123907,떡볶이가족,옥산점,I2,음식,I210,기타 간이,I21007,김밥/만두/분식,I56194,김밥 및 기타 간이 음식점업,43,충청북도,43113,청주시 흥덕구,43113320,옥산면,4311332021,옥산면,4.3113320211055094e+18,1,대지,충청북도 청주시 흥덕구 옥산면 오산리 551-30,431133240054,충청북도 청주시 흥덕구 옥산면 오송가락로,4.31133202110551e+24,충청북도 청주시 흥덕구 옥산면 오송가락로 847,28113.0,1.0
MA010120220809592841,빅돈부리,충북대점,I2,음식,I203,일식,I20302,일식 카레/돈가스/덮밥,I56111,한식 일반 음식점업,43,충청북도,43112,청주시 서원구,43112530,사창동,4311210200,사창동,4.31121020010466e+18,1,대지,충청북도 청주시 서원구 사창동 466,431124512173,충청북도 청주시 서원구 1순환로674번길,4.31131020010466e+24,충청북도 청주시 서원구 1순환로674번길 62,28643.0,1.0
MA010120220805723500,다울,중앙점,I2,음식,I212,비알코올,I21201,카페,I56221,커피 전문점,43,충청북도,43150,제천시,43150528,중앙동,4315010600,중앙로1가,4.3150106001004e+18,1,대지,충청북도 제천시 중앙로1가 40-3,431503239051,충청북도 제천시 용두천로,4.31501060010202e+24,충청북도 제천시 용두천로 101,27173.0,2.0
MA010120220800088187,세븐일레븐충북,혁신도시점,G2,소매,G204,종합 소매,G20405,편의점,G47122,체인화 편의점,43,충청북도,43770,음성군,43770330,맹동면,4377033028,맹동면,4.3770330281140306e+18,1,대지,충청북도 음성군 맹동면 두성리 1403,437704541750,충청북도 음성군 맹동면 대하2가길,4.37703302811403e+24,충청북도 음성군 맹동면 대하2가길 25,27738.0,1.0
MA010120220812632399,낮달커피,가경점,I2,음식,I212,비알코올,I21201,카페,I56221,커피 전문점,43,충청북도,43113,청주시 흥덕구,43113747,가경동,4311311300,가경동,4.31131130011878e+18,1,대지,충청북도 청주시 흥덕구 가경동 1878,431134511588,충청북도 청주시 흥덕구 서현중로27번길,4.31131130011878e+24,충청북도 청주시 흥덕구 서현중로27번길 44,28383.0,1.0
MA010120220805582715,처갓집양념치킨,복대점,I2,음식,I210,기타 간이,I21006,치킨,I56193,치킨 전문점,43,충청북도,43113,청주시 흥덕구,43113742,복대2동,4311311400,복대동,4.3113114001144095e+18,1,대지,충청북도 청주시 흥덕구 복대동 1441,431133237058,충청북도 청주시 흥덕구 신율로,4.31131140011441e+24,충청북도 청주시 흥덕구 신율로 127,28602.0,1.0
MA010120220806347174,밝은빛,오창지점,N1,시설관리·임대,N102,청소·방제,N10201,건축물 일반 청소업,N74211,건축물 일반 청소업,43,충청북도,43114,청주시 청원구,43114253,오창읍,4311425345,오창읍,4.31142534510792e+18,1,대지,충청북도 청주시 청원구 오창읍 양청리 792-1,431143240077,충청북도 청주시 청원구 오창읍 중심상업로,4.37102534510792e+24,충청북도 청주시 청원구 오창읍 중심상업로 47,28120.0,2.0
MA010120220805105333,붐바쥬,산남점,S2,수리·개인,S207,이용·미용,S20701,미용실,S96112,두발 미용업,43,충청북도,43112,청주시 서원구,43112550,산남동,4311210400,산남동,4.31121040010688e+18,1,대지,충청북도 청주시 서원구 산남동 688,431123237037,충청북도 청주시 서원구 산남로,4.31131060010688e+24,충청북도 청주시 서원구 산남로 81,28630.0,1.0
MA010120220811728970,팔공티,용산점,I2,음식,I212,비알코올,I21201,카페,I56221,커피 전문점,43,충청북도,43130,충주시,43130550,용산동,4313010600,용산동,4.31301060011642e+18,1,대지,충청북도 충주시 용산동 1642,431303238008,충청북도 충주시 남산로,4.31301060011642e+24,충청북도 충주시 남산로 81,27398.0,1.0
MA010120220805656756,나주홍어,전문점,I2,음식,I201,한식,I20111,횟집,I56114,한식 해산물 요리 전문점,43,충청북도,43111,청주시 상당구,43111720,용암1동,4311112400,용암동,4.31111240012182e+18,1,대지,충청북도 청주시 상당구 용암동 2182,431113236048,충청북도 청주시 상당구 원봉로,4.31111240012182e+24,충청북도 청주시 상당구 원봉로 88-1,28766.0,1.0
MA010120220806994459,왕천파닭,사직점,I2,음식,I210,기타 간이,I21006,치킨,I56193,치킨 전문점,43,충청북도,43112,청주시 서원구,43112520,사직2동,4311210100,사직동,4.311210100106e+18,1,대지,충청북도 청주시 서원구 사직동 600-26,431123236025,충청북도 청주시 서원구 사직대로,4.311310100106e+24,충청북도 청주시 서원구 사직대로 266,28654.0,1.0
MA010120220806337553,닥스키즈현대,충청점,G2,소매,G209,섬유·의복·신발 소매,G20905,기타 의류 소매업,G47419,기타 의복 소매업,43,충청북도,43113,청주시 흥덕구,43113741,복대1동,4311311400,복대동,4.3113114001338e+18,1,대지,충청북도 청주시 흥덕구 복대동 3380,431133236058,충청북도 청주시 흥덕구 직지대로,4.31131140010584e+24,충청북도 청주시 흥덕구 직지대로 308,28424.0,5.0
MA010120220805680915,하카전자담배충주,연수점,G2,소매,G207,담배 소매,G20701,담배/전자담배 소매업,G47222,담배 소매업,43,충청북도,43130,충주시,43130630,연수동,4313011800,연수동,4.3130118001115e+18,1,대지,충청북도 충주시 연수동 1150,431302238001,충청북도 충주시 계명대로,4.3130118001115e+24,충청북도 충주시 계명대로 127,27349.0,1.0
MA010120220805680334,씨유충북혁신골드,타워점,G2,소매,G204,종합 소매,G20405,편의점,G47122,체인화 편의점,43,충청북도,43770,음성군,43770330,맹동면,4377033031,맹동면,4.3770330311045494e+18,1,대지,충청북도 음성군 맹동면 동성리 455,437704541754,충청북도 음성군 맹동면 사예2길,4.37703302810517e+24,충청북도 음성군 맹동면 사예2길 26,27738.0,1.0
MA010120220804913800,명품순두부,봉명점,I2,음식,I201,한식,I20101,백반/한정식,I56111,한식 일반 음식점업,43,충청북도,43113,청주시 흥덕구,43113756,봉명2.송정동,4311311500,봉명동,4.3113115001243694e+18,1,대지,충청북도 청주시 흥덕구 봉명동 2437,431134511256,충청북도 청주시 흥덕구 덕암로29번길,4.31131150012437e+24,충청북도 청주시 흥덕구 덕암로29번길 32,28461.0,1.0
MA010120220802913041,택이네조개전골,호암점,I2,음식,I201,한식,I20112,해산물 구이/찜,I56111,한식 일반 음식점업,43,충청북도,43130,충주시,43130580,호암.직동,4313010700,호암동,4.31301070010879e+18,1,대지,충청북도 충주시 호암동 879-15,431303238085,충청북도 충주시 호암중앙2로,4.31301070010879e+24,충청북도 충주시 호암중앙2로 1,27481.0,1.0
MA010120220805239355,커피베이충주,호암점,I2,음식,I212,비알코올,I21201,카페,I56221,커피 전문점,43,충청북도,43130,충주시,43130580,호암.직동,4313010700,호암동,4.31301070011208e+18,1,대지,충청북도 충주시 호암동 1208,431303352070,충청북도 충주시 호암토성2로,4.31301070011208e+24,충청북도 충주시 호암토성2로 7,27480.0,1.0
MA010120220802956393,누리마루전골,전문점,I2,음식,I201,한식,I20102,국/탕/찌개류,I56112,한식 면 요리 전문점,43,충청북도,43112,청주시 서원구,43112320,현도면,4311232030,현도면,4.31123203010522e+18,1,대지,충청북도 청주시 서원구 현도면 노산리 522,431124520167,충청북도 청주시 서원구 현도면 노산2길,4.37103703000536e+24,충청북도 청주시 서원구 현도면 노산2길 3-45,28216.0,1.0
MA010120220810548123,5.5닭갈비,전문점,I2,음식,I201,한식,I20110,닭/오리고기 구이/찜,I56113,한식 육류 요리 전문점,43,충청북도,43111,청주시 상당구,43111720,용암1동,4311112400,용암동,4.31111240013078e+18,1,대지,충청북도 청주시 상당구 용암동 3078,431114857347,충청북도 청주시 상당구 중고개로141번길,4.31111240013078e+24,충청북도 청주시 상당구 중고개로141번길 11-17,28808.0,2.0
MA010120220805152949,롯데프레시청주용담,가맹점,G2,소매,G204,종합 소매,G20404,슈퍼마켓,G47129,기타 음ㆍ식료품 위주 종합 소매업,43,충청북도,43111,청주시 상당구,43111690,용담.명암.산성동,4311112100,용담동,4.3111121001047695e+18,1,대지,충청북도 청주시 상당구 용담동 477,431114508425,충청북도 청주시 상당구 수영로353번길,4.31111210010477e+24,충청북도 청주시 상당구 수영로353번길 39,28746.0,1.0
MA010120220806903063,청년다방,성안점,I2,음식,I210,기타 간이,I21007,김밥/만두/분식,I56194,김밥 및 기타 간이 음식점업,43,충청북도,43111,청주시 상당구,43111545,성안동,4311110900,서문동,4.31111090010002e+18,1,대지,충청북도 청주시 상당구 서문동 2-6,431114508271,충청북도 청주시 상당구 사직대로362번길,4.31111090010002e+24,충청북도 청주시 상당구 사직대로362번길 10-4,28525.0,1.0
MA010120220804124768,프렐린NC청주점,백화점,G2,소매,G209,섬유·의복·신발 소매,G20902,여성 의류 소매업,G47412,여자용 겉옷 소매업,43,충청북도,43113,청주시 흥덕구,43113747,가경동,4311311300,가경동,4.31131130011416e+18,1,대지,충청북도 청주시 흥덕구 가경동 1416-3,431133014065,충청북도 청주시 흥덕구 2순환로,4.31131130011416e+24,충청북도 청주시 흥덕구 2순환로 1233,28396.0,3.0
MA010120220800139769,풍기인견,백화점,G2,소매,G209,섬유·의복·신발 소매,G20902,여성 의류 소매업,G47412,여자용 겉옷 소매업,43,충청북도,43113,청주시 흥덕구,43113741,복대1동,4311311400,복대동,4.31131140010314e+18,1,대지,충청북도 청주시 흥덕구 복대동 314-4,431133237078,충청북도 청주시 흥덕구 죽천로,4.31131140010314e+24,충청북도 청주시 흥덕구 죽천로 120,28584.0,1.0
MA010120220813237229,제이디엑스충주,모다아울렛,G2,소매,G209,섬유·의복·신발 소매,G20905,기타 의류 소매업,G47414,셔츠 및 블라우스 소매업,43,충청북도,43130,충주시,43130605,달천동,4313011400,달천동,4.31301140010786e+18,1,대지,충청북도 충주시 달천동 786-3,431302246001,충청북도 충주시 중원대로,4.31301140010786e+24,충청북도 충주시 중원대로 3683,27476.0,2.0
MA010120220806700642,메가엠지씨커피청주,수곡점,I2,음식,I212,비알코올,I21201,카페,I56221,커피 전문점,43,충청북도,43112,청주시 서원구,43112580,수곡2동,4311210700,수곡동,4.3112107001100093e+18,1,대지,충청북도 청주시 서원구 수곡동 1001,431123237053,충청북도 청주시 서원구 수곡로,4.31131090011001e+24,충청북도 청주시 서원구 수곡로 46,28696.0,1.0
MA010120220803030232,웰메이드청주,중앙점,G2,소매,G209,섬유·의복·신발 소매,G20901,남성 의류 소매업,G47411,남자용 겉옷 소매업,43,충청북도,43111,청주시 상당구,43111545,성안동,4311110500,남문로1가,4.3111105001006894e+18,1,대지,충청북도 청주시 상당구 남문로1가 69,431113236031,충청북도 청주시 상당구 성안로,4.31111050010069e+24,충청북도 청주시 상당구 성안로 63-1,28531.0,1.0
MA010120220806276328,맘스케익청주오믈렛,율량점,I2,음식,I210,기타 간이,I21001,빵/도넛,I56191,제과점업,43,충청북도,43114,청주시 청원구,43114540,율량.사천동,4311410300,율량동,4.31141030011024e+18,1,대지,충청북도 청주시 청원구 율량동 1024,431144508584,충청북도 청주시 청원구 율봉로202번길,4.31111150011024e+24,충청북도 청주시 청원구 율봉로202번길 35,28333.0,1.0
MA010120220811049847,씨유청주서원대,스타점,G2,소매,G204,종합 소매,G20405,편의점,G47122,체인화 편의점,43,충청북도,43112,청주시 서원구,43112540,모충동,4311210300,모충동,4.3112103001024696e+18,1,대지,충청북도 청주시 서원구 모충동 247-21,431124511194,충청북도 청주시 서원구 남들로35번길,4.31131030010247e+24,충청북도 청주시 서원구 남들로35번길 19,28680.0,1.0
MA010120220804572014,코니카미놀타,분평점,S2,수리·개인,S203,자동차 수리·세차,S20301,자동차 정비소,S95212,자동차 전문 수리업,43,충청북도,43112,청주시 서원구,43112550,산남동,4311210600,분평동,4.31121060010288e+18,1,대지,충청북도 청주시 서원구 분평동 288-5,431123236001,충청북도 청주시 서원구 1순환로,4.31131080010289e+24,충청북도 청주시 서원구 1순환로 989,28699.0,1.0
MA010120220803112802,아이점프,옥천점,R1,예술·스포츠,R104,유원지·오락,R10405,기타 오락장,R91229,기타 오락장 운영업,43,충청북도,43730,옥천군,43730250,옥천읍,4373025037,옥천읍,4.37302503710266e+18,1,대지,충청북도 옥천군 옥천읍 장야리 266-12,437303242012,충청북도 옥천군 옥천읍 문장로,4.37302503710266e+24,충청북도 옥천군 옥천읍 문장로 82,29046.0,2.0
MA010120220811502204,모이몰른앤컬리수,증평점,G2,소매,G209,섬유·의복·신발 소매,G20903,유아용 의류 소매업,G47417,유아용 의류 소매업,43,충청북도,43745,증평군,43745250,증평읍,4374525023,증평읍,4.37452502310015e+18,1,대지,충청북도 증평군 증평읍 중동리 15-3,437453244026,충청북도 증평군 증평읍 중앙로,4.37452502310015e+24,충청북도 증평군 증평읍 중앙로 199-1,27927.0,1.0
MA010120220803537947,스케쳐스충청점,코리아,G2,소매,G209,섬유·의복·신발 소매,G20910,신발 소매업,G47430,신발 소매업,43,충청북도,43113,청주시 흥덕구,43113741,복대1동,4311311400,복대동,4.3113114001338e+18,1,대지,충청북도 청주시 흥덕구 복대동 3380,431133236058,충청북도 청주시 흥덕구 직지대로,4.31131140010584e+24,충청북도 청주시 흥덕구 직지대로 308,28424.0,2.0
MA010120220804820685,교반,용암점,I2,음식,I201,한식,I20101,백반/한정식,I56111,한식 일반 음식점업,43,충청북도,43111,청주시 상당구,43111720,용암1동,4311112400,용암동,4.31111240012282e+18,1,대지,충청북도 청주시 상당구 용암동 2282,431113236008,충청북도 청주시 상당구 낙영로,4.31111240012282e+24,충청북도 청주시 상당구 낙영로 13,28766.0,1.0
MA010120220809859460,석호네닭발,금천점,I2,음식,I201,한식,I20110,닭/오리고기 구이/찜,I56113,한식 육류 요리 전문점,43,충청북도,43111,청주시 상당구,43111680,금천동,4311112000,금천동,4.3111120001029e+18,1,대지,충청북도 청주시 상당구 금천동 290,431114508296,충청북도 청주시 상당구 산성로92번길,4.3111120001029e+24,충청북도 청주시 상당구 산성로92번길 27,28744.0,1.0
MA010120220812166764,COFFEEBAY,충북영동점,I2,음식,I212,비알코올,I21201,카페,I56221,커피 전문점,43,충청북도,43740,영동군,43740250,영동읍,4374025021,영동읍,4.3740250211067494e+18,1,대지,충청북도 영동군 영동읍 계산리 675-15,437404529033,충청북도 영동군 영동읍 계산로2길,4.37402502110675e+24,충청북도 영동군 영동읍 계산로2길 29,29144.0,2.0
MA010120220805714625,신발,백화점,G2,소매,G209,섬유·의복·신발 소매,G20910,신발 소매업,G47430,신발 소매업,43,충청북도,43800,단양군,43800250,단양읍,4380025026,단양읍,4.3800250261061294e+18,1,대지,충청북도 단양군 단양읍 도전리 613,438004544127,충청북도 단양군 단양읍 도전4길,4.38002502610613e+24,충청북도 단양군 단양읍 도전4길 36,27011.0,1.0
MA010120220812672712,스마트스포츠,금왕점,R1,예술·스포츠,R103,스포츠 서비스,R10311,골프 연습장,R91136,골프 연습장 운영업,43,충청북도,43770,음성군,43770253,금왕읍,4377025321,금왕읍,4.3770253211051295e+18,1,대지,충청북도 음성군 금왕읍 무극리 513-6,437703247019,충청북도 음성군 금왕읍 무극로,4.37702532110513e+24,충청북도 음성군 금왕읍 무극로 256,27633.0,2.0
MA010120220800538054,족도리청주,용암점,I2,음식,I201,한식,I20103,족발/보쌈,I56111,한식 일반 음식점업,43,충청북도,43111,청주시 상당구,43111720,용암1동,4311112400,용암동,4.31111240012607e+18,1,대지,충청북도 청주시 상당구 용암동 2607,431114508510,충청북도 청주시 상당구 용암북로138번길,4.31111240012607e+24,충청북도 청주시 상당구 용암북로138번길 15,28763.0,1.0
MA010120220812630349,공차,산남점,I2,음식,I212,비알코올,I21201,카페,I56229,기타 비알코올 음료점업,43,충청북도,43112,청주시 서원구,43112550,산남동,4311210400,산남동,4.31121040010838e+18,1,대지,충청북도 청주시 서원구 산남동 838,431123237037,충청북도 청주시 서원구 산남로,4.31131060010838e+24,충청북도 청주시 서원구 산남로 49,28630.0,1.0
MA010120220805589783,크린,코리아,N1,시설관리·임대,N102,청소·방제,N10202,산업설비; 운송장비 및 공공장소 청소업,N74212,산업설비; 운송장비 및 공공장소 청소업,43,충청북도,43113,청주시 흥덕구,43113742,복대2동,4311311400,복대동,4.3113114001219e+18,1,대지,충청북도 청주시 흥덕구 복대동 2190,431134512053,충청북도 청주시 흥덕구 풍산로148번길,4.3113114001219e+24,충청북도 청주시 흥덕구 풍산로148번길 14-2,28605.0,1.0
MA010120220805639022,위찜충주,호암점,I2,음식,I201,한식,I20111,횟집,I56114,한식 해산물 요리 전문점,43,충청북도,43130,충주시,43130580,호암.직동,4313010700,호암동,4.3130107001120497e+18,1,대지,충청북도 충주시 호암동 1205,431304856097,충청북도 충주시 사천개1길,4.31301070011205e+24,충청북도 충주시 사천개1길 2,27480.0,1.0
MA010120220805491075,어타충북,혁신도시점,G2,소매,G206,음료 소매,G20603,생수/음료 소매업,G47221,음료 소매업,43,충청북도,43770,음성군,43770330,맹동면,4377033031,맹동면,4.377033031105e+18,1,대지,충청북도 음성군 맹동면 동성리 500,437704541746,충청북도 음성군 맹동면 대하1길,4.377033031105e+24,충청북도 음성군 맹동면 대하1길 10,27738.0,1.0
MA010120220807391151,설빙청주,용암점,I2,음식,I212,비알코올,I21201,카페,I56221,커피 전문점,43,충청북도,43111,청주시 상당구,43111720,용암1동,4311112400,용암동,4.31111240013091e+18,1,대지,충청북도 청주시 상당구 용암동 3091,431114857346,충청북도 청주시 상당구 중고개로125번길,4.31111240013091e+24,충청북도 청주시 상당구 중고개로125번길 11,28808.0,2.0
MA010120220808284014,이디야커피,청주대점,I2,음식,I212,비알코올,I21201,카페,I56221,커피 전문점,43,충청북도,43114,청주시 청원구,43114510,우암동,4311410100,우암동,4.31141010010235e+18,1,대지,충청북도 청주시 청원구 우암동 235-3,431143236027,충청북도 청주시 청원구 상당로,4.31111130010235e+24,충청북도 청주시 청원구 상당로 261-1,28489.0,1.0
MA010120220805601546,깐부치킨청주,지웰시티점,I2,음식,I210,기타 간이,I21006,치킨,I56193,치킨 전문점,43,충청북도,43113,청주시 흥덕구,43113741,복대1동,4311311400,복대동,4.31131140010288e+18,1,대지,충청북도 청주시 흥덕구 복대동 288-123,431133237020,충청북도 청주시 흥덕구 대농로,4.31131140010288e+24,충청북도 청주시 흥덕구 대농로 70,28427.0,1.0
MA010120220806553225,생선구이정가네,전문점,I2,음식,I201,한식,I20112,해산물 구이/찜,I56111,한식 일반 음식점업,43,충청북도,43113,청주시 흥덕구,43113700,운천.신봉동,4311310400,운천동,4.31131040011118e+18,1,대지,충청북도 청주시 흥덕구 운천동 1118,431133237036,충청북도 청주시 흥덕구 사운로,4.31131040011118e+24,충청북도 청주시 흥덕구 사운로 199,28470.0,1.0
MA010120220813496937,푸르넷스쿨호암,1호점,P1,교육,P105,일반 교육,P10501,입시·교과학원,P85501,일반 교과학원,43,충청북도,43130,충주시,43130580,호암.직동,4313010700,호암동,4.31301070011084e+18,1,대지,충청북도 충주시 호암동 1084,431304856109,충청북도 충주시 호암토성5길,4.31301070011084e+24,충청북도 충주시 호암토성5길 14,27480.0,2.0
MA010120220805712263,포라리,제천점,G2,소매,G209,섬유·의복·신발 소매,G20905,기타 의류 소매업,G47414,셔츠 및 블라우스 소매업,43,충청북도,43150,제천시,43150528,중앙동,4315010600,중앙로1가,4.3150106001010094e+18,1,대지,충청북도 제천시 중앙로1가 101,431502014004,충청북도 제천시 의병대로,4.31501060010101e+24,충청북도 제천시 의병대로 89,27173.0,1.0
MA010120220812148005,푸라닭,청주금천점,I2,음식,I210,기타 간이,I21006,치킨,I56193,치킨 전문점,43,충청북도,43111,청주시 상당구,43111690,용담.명암.산성동,4311112100,용담동,4.3111121001044895e+18,1,대지,충청북도 청주시 상당구 용담동 449,431113236016,충청북도 청주시 상당구 명암로,4.31111210010449e+24,충청북도 청주시 상당구 명암로 32,28313.0,1.0
MA010120220808878153,스피드메이트이마트,제천점,S2,수리·개인,S203,자동차 수리·세차,S20301,자동차 정비소,S95212,자동차 전문 수리업,43,충청북도,43150,제천시,43150605,화산동,4315012100,강제동,4.31501210010684e+18,1,대지,충청북도 제천시 강제동 684,431503239064,충청북도 제천시 장평천로,4.31501210010278e+24,충청북도 제천시 장평천로 11,27198.0,3.0
MA010120220810176736,남도복국,율량점,I2,음식,I201,한식,I20113,복 요리 전문,I56111,한식 일반 음식점업,43,충청북도,43114,청주시 청원구,43114540,율량.사천동,4311410300,율량동,4.3114103001202493e+18,1,대지,충청북도 청주시 청원구 율량동 2025,431144844105,충청북도 청주시 청원구 율량로190번길,4.31141030012025e+24,충청북도 청주시 청원구 율량로190번길 63,28320.0,1.0
MA010120220805618410,호서세무법인남,청주지점,M1,과학·기술,M104,회계·세무,M10402,세무사,M71202,세무사업,43,충청북도,43112,청주시 서원구,43112530,사창동,4311210200,사창동,4.31121020010147e+18,1,대지,충청북도 청주시 서원구 사창동 147-9,431124511533,충청북도 청주시 서원구 사직대로81번길,4.31131020010147e+24,충청북도 청주시 서원구 사직대로81번길 4,28575.0,4.0
MA010120220808732220,연승어패럴홈플러스청주,성안점,G2,소매,G209,섬유·의복·신발 소매,G20905,기타 의류 소매업,G47414,셔츠 및 블라우스 소매업,43,충청북도,43111,청주시 상당구,43111545,성안동,4311110900,서문동,4.3111109001015695e+18,1,대지,충청북도 청주시 상당구 서문동 157-14,431113236025,충청북도 청주시 상당구 사직대로,4.31111090010157e+24,충청북도 청주시 상당구 사직대로 346,28524.0,1.0
MA010120220810652190,제너스PC청주,분평점,R1,예술·스포츠,R104,유원지·오락,R10406,PC방,R91222,컴퓨터 게임방 운영업,43,충청북도,43112,청주시 서원구,43112560,분평동,4311210600,분평동,4.3112106001138e+18,1,대지,충청북도 청주시 서원구 분평동 1380,431124512136,충청북도 청주시 서원구 1순환로1107번길,4.3113108001138e+24,충청북도 청주시 서원구 1순환로1107번길 33,28799.0,5.0
MA010120220809289408,문구잼,율량점,G2,소매,G213,오락용품 소매,G21302,문구/회화용품 소매업,G47612,문구용품 및 회화용품 소매업,43,충청북도,43114,청주시 청원구,43114550,오근장동,4311410500,주성동,4.3114105001038495e+18,1,대지,충청북도 청주시 청원구 주성동 385,431143349124,충청북도 청주시 청원구 율량로,4.31141050010385e+24,충청북도 청주시 청원구 율량로 126,28318.0,1.0
MA010120220803821979,세븐일레븐봉명,스타점,G2,소매,G204,종합 소매,G20405,편의점,G47122,체인화 편의점,43,충청북도,43113,청주시 흥덕구,43113756,봉명2.송정동,4311311500,봉명동,4.3113115001053906e+18,1,대지,충청북도 청주시 흥덕구 봉명동 539,431134512201,충청북도 청주시 흥덕구 1순환로535번길,4.31131150010539e+24,충청북도 청주시 흥덕구 1순환로535번길 11,28475.0,1.0
MA010120220806994634,씨유충북대,사랑점,G2,소매,G204,종합 소매,G20405,편의점,G47122,체인화 편의점,43,충청북도,43112,청주시 서원구,43112530,사창동,4311210200,사창동,4.31121020010386e+18,1,대지,충청북도 청주시 서원구 사창동 386-9,431124511218,충청북도 청주시 서원구 내수동로102번길,4.31121020010386e+24,충청북도 청주시 서원구 내수동로102번길 50,28643.0,1.0
MA010120220806346751,세정트레몰로동주,청주지점,G2,소매,G209,섬유·의복·신발 소매,G20905,기타 의류 소매업,G47414,셔츠 및 블라우스 소매업,43,충청북도,43114,청주시 청원구,43114540,율량.사천동,4311410300,율량동,4.311410300105e+18,1,대지,충청북도 청주시 청원구 율량동 500-3,431142014003,충청북도 청주시 청원구 충청대로,4.311111500105e+24,충청북도 청주시 청원구 충청대로 114,28320.0,1.0
MA010120220803605260,영한세무법인,충주지점,M1,과학·기술,M104,회계·세무,M10402,세무사,M71202,세무사업,43,충청북도,43130,충주시,43130625,칠금.금릉동,4313012800,금릉동,4.31301280010104e+18,1,대지,충청북도 충주시 금릉동 104-1,431302238004,충청북도 충주시 번영대로,4.31301280010104e+24,충청북도 충주시 번영대로 43,27338.0,2.0
MA010120220808914855,성화왕족발,금천점,I2,음식,I201,한식,I20103,족발/보쌈,I56111,한식 일반 음식점업,43,충청북도,43111,청주시 상당구,43111720,용암1동,4311112500,용정동,4.31111250010704e+18,1,대지,충청북도 청주시 상당구 용정동 704,431113236038,충청북도 청주시 상당구 영운천로,4.31111250010704e+24,충청북도 청주시 상당구 영운천로 159,28750.0,1.0
MA010120220807943807,종근당건강헬스벨스토리청주,율량점,G2,소매,G205,식료품 소매,G20508,건강보조식품 소매업,G47217,건강 보조식품 소매업,43,충청북도,43114,청주시 청원구,43114540,율량.사천동,4311410300,율량동,4.31141030010717e+18,1,대지,충청북도 청주시 청원구 율량동 717,431143236054,충청북도 청주시 청원구 주성로,4.31111150010717e+24,충청북도 청주시 청원구 주성로 184,28328.0,1.0
MA010120220805012096,안경매니져,개신점,G2,소매,G216,안경·정밀기기 소매,G21602,안경렌즈 소매업,G47822,안경 및 렌즈 소매업,43,충청북도,43112,청주시 서원구,43112590,성화.개신.죽림동,4311210900,개신동,4.3112109001044695e+18,1,대지,충청북도 청주시 서원구 개신동 447-36,431124511309,충청북도 청주시 서원구 모충로12번길,4.31131110010447e+24,충청북도 청주시 서원구 모충로12번길 9-13,28668.0,1.0
MA010120220804919085,메가엠지씨커피충주,터미널점,I2,음식,I212,비알코올,I21201,카페,I56221,커피 전문점,43,충청북도,43130,충주시,43130625,칠금.금릉동,4313011600,칠금동,4.31301160010851e+18,1,대지,충청북도 충주시 칠금동 851,431304514580,충청북도 충주시 봉계1길,4.31301160010851e+24,충청북도 충주시 봉계1길 50,27361.0,1.0
MA010120220805603496,오똥포차,가경점,I2,음식,I211,주점,I21104,요리 주점,I56219,기타 주점업,43,충청북도,43113,청주시 흥덕구,43113747,가경동,4311311300,가경동,4.3113113001146706e+18,1,대지,충청북도 청주시 흥덕구 가경동 1467-4,431133237092,충청북도 청주시 흥덕구 풍년로,4.31131130011467e+24,충청북도 청주시 흥덕구 풍년로 117,28404.0,1.0
MA010120220805592070,울대마을,분평점,I2,음식,I201,한식,I20101,백반/한정식,I56111,한식 일반 음식점업,43,충청북도,43112,청주시 서원구,43112560,분평동,4311210600,분평동,4.3112106001132e+18,1,대지,충청북도 청주시 서원구 분평동 1320,431124511741,충청북도 청주시 서원구 원마루로14번길,4.3113108001132e+24,충청북도 청주시 서원구 원마루로14번길 18,28794.0,1.0
MA010120220806791815,워시팡팡셀프빨래방충주,건대점,S2,수리·개인,S209,세탁,S20902,셀프 빨래방,S96912,가정용 세탁업,43,충청북도,43130,충주시,43130605,달천동,4313010900,단월동,4.31301090010335e+18,1,대지,충청북도 충주시 단월동 335-1,431304515364,충청북도 충주시 충열4길,4.31301090010335e+24,충청북도 충주시 충열4길 6,27478.0,1.0
MA010120220808338793,미니스톱청주강서,행복점,G2,소매,G204,종합 소매,G20405,편의점,G47122,체인화 편의점,43,충청북도,43113,청주시 흥덕구,43113747,가경동,4311311300,가경동,4.31131130011956e+18,1,대지,충청북도 청주시 흥덕구 가경동 1956,431134511588,충청북도 청주시 흥덕구 서현중로27번길,4.31131130011956e+24,충청북도 청주시 흥덕구 서현중로27번길 4,28383.0,1.0
MA010120220810315262,경아두마리치킨,용암점,I2,음식,I210,기타 간이,I21006,치킨,I56193,치킨 전문점,43,충청북도,43111,청주시 상당구,43111720,용암1동,4311112400,용암동,4.3111124001117696e+18,1,대지,충청북도 청주시 상당구 용암동 1177,431113236043,충청북도 청주시 상당구 용암로,4.31111240011177e+24,충청북도 청주시 상당구 용암로 101,28771.0,1.0
MA010120220810182422,미소야,용암점,I2,음식,I203,일식,I20302,일식 카레/돈가스/덮밥,I56122,일식 음식점업,43,충청북도,43111,청주시 상당구,43111720,용암1동,4311112400,용암동,4.3111124001159695e+18,1,대지,충청북도 청주시 상당구 용암동 1597,431114508560,충청북도 청주시 상당구 월평로184번길,4.31111240011597e+24,충청북도 청주시 상당구 월평로184번길 22,28776.0,1.0
MA010120220804518245,파리바게뜨,제천강저점,I2,음식,I210,기타 간이,I21001,빵/도넛,I56191,제과점업,43,충청북도,43150,제천시,43150605,화산동,4315012100,강제동,4.3150121001083e+18,1,대지,충청북도 제천시 강제동 830,431503239070,충청북도 제천시 청풍호로,4.3150121001083e+24,충청북도 제천시 청풍호로 100,27192.0,1.0
MA010120220806688327,리셋카케어,1호점,S2,수리·개인,S203,자동차 수리·세차,S20301,자동차 정비소,S95211,자동차 종합 수리업,43,충청북도,43111,청주시 상당구,43111720,용암1동,4311112500,용정동,4.31111250011131e+18,1,대지,충청북도 청주시 상당구 용정동 1131,431114844100,충청북도 청주시 상당구 용정로28번길,4.31111250011131e+24,충청북도 청주시 상당구 용정로28번길 15,28748.0,1.0
MA010120220804963109,교촌치킨음성,혁신도시점,I2,음식,I210,기타 간이,I21006,치킨,I56193,치킨 전문점,43,충청북도,43770,음성군,43770330,맹동면,4377033028,맹동면,4.3770330281125094e+18,1,대지,충청북도 음성군 맹동면 두성리 1251,437704541740,충청북도 음성군 맹동면 용두2나길,4.37703302811251e+24,충청북도 음성군 맹동면 용두2나길 15,27738.0,1.0
MA010120220800674124,세탁풍경부용,1호점,S2,수리·개인,S209,세탁,S20902,셀프 빨래방,S96912,가정용 세탁업,43,충청북도,43740,영동군,43740250,영동읍,4374025028,영동읍,4.3740250281041894e+18,1,대지,충청북도 영동군 영동읍 부용리 419-12,437403243025,충청북도 영동군 영동읍 상부용로,4.37402502810419e+24,충청북도 영동군 영동읍 상부용로 8-14,29148.0,1.0
MA010120220806273048,토스트카페마리,충북대점,I2,음식,I210,기타 간이,I21005,토스트/샌드위치/샐러드,I56192,피자; 햄버거; 샌드위치 및 유사 음식점업,43,충청북도,43112,청주시 서원구,43112590,성화.개신.죽림동,4311210900,개신동,4.31121090010292e+18,1,대지,충청북도 청주시 서원구 개신동 292-3,431124511596,충청북도 청주시 서원구 성봉로220번길,4.31131110010292e+24,충청북도 청주시 서원구 성봉로220번길 98,28645.0,1.0
MA010120220805562270,오대륙통닭,율량점,I2,음식,I210,기타 간이,I21006,치킨,I56219,기타 주점업,43,충청북도,43114,청주시 청원구,43114540,율량.사천동,4311410300,율량동,4.3114103001086095e+18,1,대지,충청북도 청주시 청원구 율량동 861,431144508648,충청북도 청주시 청원구 충청대로139번길,4.31111150010861e+24,충청북도 청주시 청원구 충청대로139번길 40,28326.0,1.0
MA010120220806334246,멕시카나오창,호수공원점,I2,음식,I210,기타 간이,I21006,치킨,I56213,생맥주 전문점,43,충청북도,43114,청주시 청원구,43114253,오창읍,4311425345,오창읍,4.31142534510787e+18,1,대지,충청북도 청주시 청원구 오창읍 양청리 787-5,431143240075,충청북도 청주시 청원구 오창읍 중심상업1로,4.37102534500787e+24,충청북도 청주시 청원구 오창읍 중심상업1로 50,28120.0,2.0
MA010120220805602971,누구나홀딱반한닭&떡군이네떡볶이,증평점,I2,음식,I210,기타 간이,I21007,김밥/만두/분식,I56193,치킨 전문점,43,충청북도,43745,증평군,43745250,증평읍,4374525026,증평읍,4.3745250261077e+18,1,대지,충청북도 증평군 증평읍 창동리 770,437453244026,충청북도 증평군 증평읍 중앙로,4.3745250261077e+24,충청북도 증평군 증평읍 중앙로 167-1,27928.0,1.0
MA010120220805635924,SK텔레콤옥천,대리점,G2,소매,G208,가전·통신 소매,G20802,핸드폰 소매업,G47312,통신기기 소매업,43,충청북도,43730,옥천군,43730250,옥천읍,4373025036,옥천읍,4.37302503610008e+18,1,대지,충청북도 옥천군 옥천읍 금구리 8-3,437303242048,충청북도 옥천군 옥천읍 중앙로,4.37302503610174e+24,충청북도 옥천군 옥천읍 중앙로 47,29038.0,1.0
MA010120220810203293,비턴제천,중앙점,I2,음식,I211,주점,I21103,생맥주 전문,I56213,생맥주 전문점,43,충청북도,43150,제천시,43150528,중앙동,4315010700,중앙로2가,4.3150107001002706e+18,1,대지,충청북도 제천시 중앙로2가 27-4,431503239015,충청북도 제천시 독순로,4.31501070010027e+24,충청북도 제천시 독순로 55,27169.0,1.0
MA010120220800694742,토프레소,분평점,I2,음식,I212,비알코올,I21201,카페,I56221,커피 전문점,43,충청북도,43112,청주시 서원구,43112560,분평동,4311210600,분평동,4.3112106001142497e+18,1,대지,충청북도 청주시 서원구 분평동 1425,431123236001,충청북도 청주시 서원구 1순환로,4.31131080011425e+24,충청북도 청주시 서원구 1순환로 1059,28798.0,1.0
MA010120220805591900,뚜레쥬르,가경점,I2,음식,I210,기타 간이,I21001,빵/도넛,I56191,제과점업,43,충청북도,43113,청주시 흥덕구,43113747,가경동,4311311300,가경동,4.3113113001121695e+18,1,대지,충청북도 청주시 흥덕구 가경동 1217,431133237002,충청북도 청주시 흥덕구 가경로,4.31131130011217e+24,충청북도 청주시 흥덕구 가경로 155,28393.0,1.0
MA010120220810389690,파리바게뜨,개신점,I2,음식,I210,기타 간이,I21001,빵/도넛,I56191,제과점업,43,충청북도,43112,청주시 서원구,43112590,성화.개신.죽림동,4311210900,개신동,4.3112109001044695e+18,1,대지,충청북도 청주시 서원구 개신동 447-36,431124511309,충청북도 청주시 서원구 모충로12번길,4.31131110010447e+24,충청북도 청주시 서원구 모충로12번길 9-13,28668.0,1.0
MA010120220800159305,샹떼PC방오창,중앙점,R1,예술·스포츠,R104,유원지·오락,R10406,PC방,R91222,컴퓨터 게임방 운영업,43,충청북도,43114,청주시 청원구,43114253,오창읍,4311425344,오창읍,4.3114253441065e+18,1,대지,충청북도 청주시 청원구 오창읍 각리 650-1,431143240063,충청북도 청주시 청원구 오창읍 오창중앙로,4.3710253440065e+24,충청북도 청주시 청원구 오창읍 오창중앙로 123-7,28123.0,3.0
MA010120220813151071,명랑시대쌀핫도그,오창점,I2,음식,I210,기타 간이,I21001,빵/도넛,I56199,간이 음식 포장 판매 전문점,43,충청북도,43114,청주시 청원구,43114253,오창읍,4311425345,오창읍,4.31142534510819e+18,1,대지,충청북도 청주시 청원구 오창읍 양청리 819-2,431143240077,충청북도 청주시 청원구 오창읍 중심상업로,4.37102534500819e+24,충청북도 청주시 청원구 오창읍 중심상업로 23,28120.0,1.0
MA010120220803582248,피그말리온짐,가경점,R1,예술·스포츠,R103,스포츠 서비스,R10307,헬스장,R91132,체력 단련시설 운영업,43,충청북도,43113,청주시 흥덕구,43113747,가경동,4311311300,가경동,4.3113113001227e+18,1,대지,충청북도 청주시 흥덕구 가경동 2270,431133237046,충청북도 청주시 흥덕구 서현로,4.3113113001227e+24,충청북도 청주시 흥덕구 서현로 60,28382.0,7.0
MA010120220812626848,맛깔참죽충북음성,혁신도시점,I2,음식,I201,한식,I20101,백반/한정식,I56111,한식 일반 음식점업,43,충청북도,43770,음성군,43770330,맹동면,4377033031,맹동면,4.3770330311047096e+18,1,대지,충청북도 음성군 맹동면 동성리 471,437703000235,충청북도 음성군 맹동면 대하로,4.37703303110471e+24,충청북도 음성군 맹동면 대하로 255,27738.0,1.0
MA010120220805685102,본죽&비빔밥충주,터미널점,I2,음식,I201,한식,I20101,백반/한정식,I56111,한식 일반 음식점업,43,충청북도,43130,충주시,43130625,칠금.금릉동,4313011600,칠금동,4.31301160010856e+18,1,대지,충청북도 충주시 칠금동 856,431304514580,충청북도 충주시 봉계1길,4.31301160010856e+24,충청북도 충주시 봉계1길 60,27361.0,1.0
MA010120220808727198,아이스크림세계과자꽁꽁냠냠,모충트릴로채점,G2,소매,G204,종합 소매,G20404,슈퍼마켓,G47216,빵류; 과자류 및 당류 소매업,43,충청북도,43112,청주시 서원구,43112540,모충동,4311210300,모충동,4.3112103001055094e+18,1,대지,충청북도 청주시 서원구 모충동 551-24,431123237104,충청북도 청주시 서원구 모충로,4.31131030010551e+24,충청북도 청주시 서원구 모충로 157,28656.0,1.0
MA010120220806879700,말자싸롱산남점,청담동,I2,음식,I211,주점,I21103,생맥주 전문,I56219,기타 주점업,43,충청북도,43112,청주시 서원구,43112550,산남동,4311210400,산남동,4.31121040010496e+18,1,대지,충청북도 청주시 서원구 산남동 496,431123237037,충청북도 청주시 서원구 산남로,4.31131060010495e+24,충청북도 청주시 서원구 산남로 22,28626.0,1.0
MA010120220806331045,한빛철물종합상사,용암점,G2,소매,G210,철물·건설자재 소매,G21001,철물/공구 소매업,G47511,철물 및 난방용구 소매업,43,충청북도,43111,청주시 상당구,43111720,용암1동,4311112400,용암동,4.31111240011424e+18,1,대지,충청북도 청주시 상당구 용암동 1424,431113236049,충청북도 청주시 상당구 월평로,4.31111240011424e+24,충청북도 청주시 상당구 월평로 146,28775.0,1.0
MA010120220811236924,강남충북，송림황토;강남건축설비,대리점,G2,소매,G210,철물·건설자재 소매,G21001,철물/공구 소매업,G47511,철물 및 난방용구 소매업,43,충청북도,43770,음성군,43770360,생극면,4377036021,생극면,4.3770360211037696e+18,1,대지,충청북도 음성군 생극면 신양리 377-7,437704541446,충청북도 음성군 생극면 음성로1627번길,4.37703602110377e+24,충청북도 음성군 생극면 음성로1627번길 4,27619.0,1.0
MA010120220810223268,마코,증평점,G2,소매,G209,섬유·의복·신발 소매,G20902,여성 의류 소매업,G47412,여자용 겉옷 소매업,43,충청북도,43745,증평군,43745250,증평읍,4374525025,증평읍,4.37452502510002e+18,1,대지,충청북도 증평군 증평읍 신동리 2,437453244026,충청북도 증평군 증평읍 중앙로,4.37452502510002e+24,충청북도 증평군 증평읍 중앙로 194,27930.0,1.0
MA010120220807062372,꼼빠니아충주점,모다아울렛,G2,소매,G209,섬유·의복·신발 소매,G20902,여성 의류 소매업,G47412,여자용 겉옷 소매업,43,충청북도,43130,충주시,43130605,달천동,4313011400,달천동,4.31301140010786e+18,1,대지,충청북도 충주시 달천동 786-3,431302246001,충청북도 충주시 중원대로,4.31301140010786e+24,충청북도 충주시 중원대로 3683,27476.0,2.0
MA010120220803568950,워시피플청주,테크노폴리스점,S2,수리·개인,S209,세탁,S20901,세탁소,S96912,가정용 세탁업,43,충청북도,43113,청주시 흥덕구,43113770,강서2동,4311313400,송절동,4.31131340010692e+18,1,대지,충청북도 청주시 흥덕구 송절동 692,431134855164,충청북도 청주시 흥덕구 송화로150번길,4.31131340010692e+24,충청북도 청주시 흥덕구 송화로150번길 3,28292.0,1.0
MA010120220804911908,사랑관청주,하복대점,I2,음식,I211,주점,I21104,요리 주점,I56219,기타 주점업,43,충청북도,43113,청주시 흥덕구,43113741,복대1동,4311311400,복대동,4.3113114001273697e+18,1,대지,충청북도 청주시 흥덕구 복대동 2737,431134511867,충청북도 청주시 흥덕구 진재로15번길,4.31131140012737e+24,충청북도 청주시 흥덕구 진재로15번길 20,28417.0,1.0
MA010120220808081150,커피베이,증평점,I2,음식,I212,비알코올,I21201,카페,I56221,커피 전문점,43,충청북도,43745,증평군,43745250,증평읍,4374525027,증평읍,4.37452502710232e+18,1,대지,충청북도 증평군 증평읍 장동리 232,437453244018,충청북도 증평군 증평읍 증평로,4.37452502710232e+24,충청북도 증평군 증평읍 증평로 3,27923.0,1.0
MA010120220806272404,마녀돈&파스타;마녀식탁가경,복대점,I2,음식,I210,기타 간이,I21099,그 외 기타 간이 음식점,I56199,간이 음식 포장 판매 전문점,43,충청북도,43113,청주시 흥덕구,43113742,복대2동,4311311400,복대동,4.31131140011003e+18,1,대지,충청북도 청주시 흥덕구 복대동 1003,431134511384,충청북도 청주시 흥덕구 복대로162번길,4.31131140011003e+24,충청북도 청주시 흥덕구 복대로162번길 7,28600.0,1.0
MA010120220803347827,빽다방청주율량,사천점,I2,음식,I212,비알코올,I21201,카페,I56221,커피 전문점,43,충청북도,43114,청주시 청원구,43114540,율량.사천동,4311410300,율량동,4.31141030011282e+18,1,대지,충청북도 청주시 청원구 율량동 1282,431143236050,충청북도 청주시 청원구 율봉로,4.31111150011282e+24,충청북도 청주시 청원구 율봉로 95,28340.0,1.0
MA010120220812291455,이마트24오창구룡,중앙점,G2,소매,G204,종합 소매,G20405,편의점,G47122,체인화 편의점,43,충청북도,43114,청주시 청원구,43114253,오창읍,4311425346,오창읍,4.31142534610418e+18,1,대지,충청북도 청주시 청원구 오창읍 구룡리 418-8,431144520069,충청북도 청주시 청원구 오창읍 구룡6길,4.37102534600418e+24,충청북도 청주시 청원구 오창읍 구룡6길 14,28121.0,1.0
MA010120220805401082,파리바게뜨호암,신도시점,I2,음식,I210,기타 간이,I21001,빵/도넛,I56191,제과점업,43,충청북도,43130,충주시,43130580,호암.직동,4313010700,호암동,4.3130107001101906e+18,1,대지,충청북도 충주시 호암동 1019,431303352068,충청북도 충주시 호암수청2로,4.31301070011019e+24,충청북도 충주시 호암수청2로 25,27502.0,1.0
MA010120220808424007,몽땅연필스터디카페청주,용암점,R1,예술·스포츠,R102,도서관·사적지,R10202,독서실/스터디 카페,N75999,그 외 기타 분류 안된 사업 지원 서비스업,43,충청북도,43111,청주시 상당구,43111730,용암2동,4311112400,용암동,4.31111240012086e+18,1,대지,충청북도 청주시 상당구 용암동 2086,431113236049,충청북도 청주시 상당구 월평로,4.31111240012086e+24,충청북도 청주시 상당구 월평로 225,28781.0,3.0
MA010120220806933785,딜라익스프레스,제천점,I2,음식,I201,한식,I20101,백반/한정식,I56111,한식 일반 음식점업,43,충청북도,43150,제천시,43150560,용두동,4315011100,하소동,4.3150111001037e+18,1,대지,충청북도 제천시 하소동 370,431504517634,충청북도 제천시 용두대로21안길,4.31501110010371e+24,충청북도 제천시 용두대로21안길 13,27161.0,1.0
MA010120220805454922,굿샵가맹점청주,오창점,G2,소매,G204,종합 소매,G20405,편의점,G47122,체인화 편의점,43,충청북도,43114,청주시 청원구,43114253,오창읍,4311425344,오창읍,4.31142534410648e+18,1,대지,충청북도 청주시 청원구 오창읍 각리 648-4,431143240063,충청북도 청주시 청원구 오창읍 오창중앙로,4.37102534400648e+24,충청북도 청주시 청원구 오창읍 오창중앙로 115-4,28123.0,1.0
MA010120220807063029,씨유청주분평,3단지점,G2,소매,G204,종합 소매,G20405,편의점,G47122,체인화 편의점,43,충청북도,43112,청주시 서원구,43112560,분평동,4311210600,분평동,4.311210600112e+18,1,대지,충청북도 청주시 서원구 분평동 1200-2,431123236049,충청북도 청주시 서원구 월평로,4.311310800112e+24,충청북도 청주시 서원구 월평로 87,28793.0,1.0
MA010120220806763830,처갓집양념치킨지웰,복대점,I2,음식,I210,기타 간이,I21006,치킨,I56193,치킨 전문점,43,충청북도,43113,청주시 흥덕구,43113741,복대1동,4311311400,복대동,4.31131140012569e+18,1,대지,충청북도 청주시 흥덕구 복대동 2569,431134511821,충청북도 청주시 흥덕구 증안로22번길,4.31131140012569e+24,충청북도 청주시 흥덕구 증안로22번길 13-12,28416.0,1.0
MA010120220805723424,씨제이올리브영,제천점,G2,소매,G215,의약·화장품 소매,G21503,화장품 소매업,G47813,화장품; 비누 및 방향제 소매업,43,충청북도,43150,제천시,43150528,중앙동,4315010600,중앙로1가,4.3150106001009e+18,1,대지,충청북도 제천시 중앙로1가 90-2,431504518096,충청북도 제천시 풍양로13길,4.3150106001009e+24,충청북도 제천시 풍양로13길 6,27173.0,1.0
MA010120220806602440,알레르망스토어,율량점,G2,소매,G209,섬유·의복·신발 소매,G20906,침구류/커튼 소매업,G47421,가정용 직물제품 소매업,43,충청북도,43114,청주시 청원구,43114540,율량.사천동,4311410300,율량동,4.3114103001077e+18,1,대지,충청북도 청주시 청원구 율량동 770,431144508046,충청북도 청주시 청원구 공항로150번길,4.3111115001077e+24,충청북도 청주시 청원구 공항로150번길 5,28329.0,1.0
MA010120220803154816,이삭토스트,복대점,I2,음식,I210,기타 간이,I21005,토스트/샌드위치/샐러드,I56192,피자; 햄버거; 샌드위치 및 유사 음식점업,43,충청북도,43113,청주시 흥덕구,43113741,복대1동,4311311400,복대동,4.31131140012575e+18,1,대지,충청북도 청주시 흥덕구 복대동 2575,431133237079,충청북도 청주시 흥덕구 증안로,4.31131140012575e+24,충청북도 청주시 흥덕구 증안로 26-1,28416.0,1.0
MA010120220805248876,차이나린오창,본점,I2,음식,I202,중식,I20201,중국집,I56121,중식 음식점업,43,충청북도,43114,청주시 청원구,43114253,오창읍,4311425345,오창읍,4.3114253451074703e+18,1,대지,충청북도 청주시 청원구 오창읍 양청리 747-11,431143240050,충청북도 청주시 청원구 오창읍 양청택지로,4.37102534510747e+24,충청북도 청주시 청원구 오창읍 양청택지로 92,28115.0,1.0
MA010120220803572108,배스킨라빈스,수곡점,I2,음식,I210,기타 간이,I21008,아이스크림/빙수,G47216,빵류; 과자류 및 당류 소매업,43,충청북도,43112,청주시 서원구,43112580,수곡2동,4311210700,수곡동,4.31121070010875e+18,1,대지,충청북도 청주시 서원구 수곡동 875,431123237053,충청북도 청주시 서원구 수곡로,4.31131090010875e+24,충청북도 청주시 서원구 수곡로 56,28687.0,1.0
MA010120220804908597,웰빙엄마손꼬마김밥,산남점,I2,음식,I210,기타 간이,I21007,김밥/만두/분식,I56194,김밥 및 기타 간이 음식점업,43,충청북도,43112,청주시 서원구,43112550,산남동,4311210400,산남동,4.3112104001084e+18,1,대지,충청북도 청주시 서원구 산남동 840,431123237037,충청북도 청주시 서원구 산남로,4.3113106001084e+24,충청북도 청주시 서원구 산남로 45,28630.0,1.0
MA010120220813352791,신전떡볶이,봉명점,I2,음식,I210,기타 간이,I21007,김밥/만두/분식,I56194,김밥 및 기타 간이 음식점업,43,충청북도,43113,청주시 흥덕구,43113756,봉명2.송정동,4311311500,봉명동,4.31131150011602e+18,1,대지,충청북도 청주시 흥덕구 봉명동 1602,431134511842,충청북도 청주시 흥덕구 직지대로581번길,4.31131150011602e+24,충청북도 청주시 흥덕구 직지대로581번길 33-12,28453.0,1.0
MA010120220812895091,더바디샵현대,충청점,G2,소매,G215,의약·화장품 소매,G21503,화장품 소매업,G47813,화장품; 비누 및 방향제 소매업,43,충청북도,43113,청주시 흥덕구,43113741,복대1동,4311311400,복대동,4.3113114001338e+18,1,대지,충청북도 청주시 흥덕구 복대동 3380,431133236058,충청북도 청주시 흥덕구 직지대로,4.31131140010584e+24,충청북도 청주시 흥덕구 직지대로 308,28424.0,1.0
MA010120220806356990,긱스타PC카페제천,본점,R1,예술·스포츠,R104,유원지·오락,R10406,PC방,R91222,컴퓨터 게임방 운영업,43,충청북도,43150,제천시,43150605,화산동,4315012100,강제동,4.31501210010818e+18,1,대지,충청북도 제천시 강제동 818,431504844161,충청북도 제천시 강저로12길,4.31501210010818e+24,충청북도 제천시 강저로12길 13-21,27200.0,2.0
MA010120220813459573,페리미츠충주2,대리점,G2,소매,G209,섬유·의복·신발 소매,G20905,기타 의류 소매업,G47416,가죽 및 모피 의복 소매업,43,충청북도,43130,충주시,43130515,성내.충인동,4313010300,성서동,4.3130103001016095e+18,1,대지,충청북도 충주시 성서동 161,431304514798,충청북도 충주시 성서1길,4.31301030010161e+24,충청북도 충주시 성서1길 52,27387.0,1.0
MA010120220807165101,뉴욕쟁이디저트음성,터미널점,I2,음식,I212,비알코올,I21201,카페,I56221,커피 전문점,43,충청북도,43770,음성군,43770250,음성읍,4377025021,음성읍,4.3770250211048294e+18,1,대지,충청북도 음성군 음성읍 읍내리 483-1,437703247030,충청북도 음성군 음성읍 수정로,4.37702502110483e+24,충청북도 음성군 음성읍 수정로 31,27695.0,2.0
MA010120220804535164,팀몬스터,코리아,P1,교육,P106,기타 교육,P10601,태권도/무술학원,P85611,태권도 및 무술 교육기관,43,충청북도,43150,제천시,43150605,화산동,4315012100,강제동,4.31501210010848e+18,1,대지,충청북도 제천시 강제동 848,431504517996,충청북도 제천시 청풍호로10길,4.31501210010848e+24,충청북도 제천시 청풍호로10길 38,27192.0,2.0
MA010120220810240246,쿄우노식당오창2,산단점,I2,음식,I203,일식,I20301,일식 회/초밥,I56122,일식 음식점업,43,충청북도,43114,청주시 청원구,43114253,오창읍,4311425332,오창읍,4.31142533210335e+18,1,대지,충청북도 청주시 청원구 오창읍 주성리 335,431143257076,충청북도 청주시 청원구 오창읍 2산단로,4.31142533210335e+24,충청북도 청주시 청원구 오창읍 2산단로 183,28117.0,1.0
MA010120220810371182,반달커피충주,첨단점,I2,음식,I212,비알코올,I21201,카페,I56221,커피 전문점,43,충청북도,43130,충주시,43130335,대소원면,4313033531,대소원면,4.3130335311064494e+18,1,대지,충청북도 충주시 대소원면 본리 645,431303238097,충청북도 충주시 대소원면 첨단산업4로,4.31303353110645e+24,충청북도 충주시 대소원면 첨단산업4로 24,27466.0,1.0
MA010120220807929826,핸즈커피청주,율량점,I2,음식,I212,비알코올,I21201,카페,I56221,커피 전문점,43,충청북도,43114,청주시 청원구,43114540,율량.사천동,4311410300,율량동,4.3114103001009106e+18,1,대지,충청북도 청주시 청원구 율량동 91-2,431143014065,충청북도 청주시 청원구 2순환로,4.31141030010091e+24,충청북도 청주시 청원구 2순환로 30,28310.0,1.0
MA010120220806862080,크린토피아청주사직,푸르지오점,S2,수리·개인,S209,세탁,S20901,세탁소,S96912,가정용 세탁업,43,충청북도,43112,청주시 서원구,43112530,사창동,4311210200,사창동,4.31121020010316e+18,1,대지,충청북도 청주시 서원구 사창동 316-31,431123237064,충청북도 청주시 서원구 예체로,4.31131020010316e+24,충청북도 청주시 서원구 예체로 88,28650.0,1.0
MA010120220812100558,5.13낙곱새충북,혁신도시점,I2,음식,I201,한식,I20112,해산물 구이/찜,I56111,한식 일반 음식점업,43,충청북도,43770,음성군,43770330,맹동면,4377033031,맹동면,4.3770330311051295e+18,1,대지,충청북도 음성군 맹동면 동성리 513,437704541723,충청북도 음성군 맹동면 장성2길,4.37703303110513e+24,충청북도 음성군 맹동면 장성2길 5,27738.0,1.0
MA010120220810966044,문구야놀자,연수점,G2,소매,G213,오락용품 소매,G21302,문구/회화용품 소매업,G47612,문구용품 및 회화용품 소매업,43,충청북도,43130,충주시,43130630,연수동,4313011800,연수동,4.3130118001069696e+18,1,대지,충청북도 충주시 연수동 697-66,431304515028,충청북도 충주시 연수서편3길,4.31301180010697e+24,충청북도 충주시 연수서편3길 33,27347.0,2.0
MA010120220807371884,님프만중앙,대리점,G2,소매,G209,섬유·의복·신발 소매,G20906,침구류/커튼 소매업,G47421,가정용 직물제품 소매업,43,충청북도,43150,제천시,43150528,중앙동,4315010600,중앙로1가,4.31501060010077e+18,1,대지,충청북도 제천시 중앙로1가 77,431503239074,충청북도 제천시 풍양로,4.31501060010077e+24,충청북도 제천시 풍양로 108,27173.0,1.0
MA010120220812654983,닥엔돈스청주,오창점,I2,음식,I210,기타 간이,I21006,치킨,I56193,치킨 전문점,43,충청북도,43114,청주시 청원구,43114253,오창읍,4311425345,오창읍,4.3114253451081e+18,1,대지,충청북도 청주시 청원구 오창읍 양청리 810-2,431143240095,충청북도 청주시 청원구 오창읍 중부로,4.3114253451081e+24,충청북도 청주시 청원구 오창읍 중부로 760,28118.0,1.0
MA010120220804384880,소담촌충주,호암점,I2,음식,I205,동남아시아,I20599,기타 동남아식 전문,I56111,한식 일반 음식점업,43,충청북도,43130,충주시,43130580,호암.직동,4313010700,호암동,4.3130107001120497e+18,1,대지,충청북도 충주시 호암동 1205,431304856097,충청북도 충주시 사천개1길,4.31301070011205e+24,충청북도 충주시 사천개1길 2,27480.0,2.0
MA010120220808281574,금사인터내셔널,충북지점,G2,소매,G209,섬유·의복·신발 소매,G20902,여성 의류 소매업,G47412,여자용 겉옷 소매업,43,충청북도,43770,음성군,43770330,맹동면,4377033031,맹동면,4.3770330311047296e+18,1,대지,충청북도 음성군 맹동면 동성리 473,437704541753,충청북도 음성군 맹동면 사예3길,4.37703303110473e+24,충청북도 음성군 맹동면 사예3길 9,27738.0,4.0
MA010120220810541545,블럭팡,제천점,G2,소매,G213,오락용품 소매,G21306,장난감 소매업,G47640,게임용구; 인형 및 장난감 소매업,43,충청북도,43150,제천시,43150510,교동,4315011600,장락동,4.3150116001054894e+18,1,대지,충청북도 제천시 장락동 549-1,431504844153,충청북도 제천시 죽하로11안길,4.31501160010549e+24,충청북도 제천시 죽하로11안길 31,27144.0,2.0
MA010120220805602897,ANDZBYZIOZIA현대백화점,충청점,G2,소매,G209,섬유·의복·신발 소매,G20901,남성 의류 소매업,G47411,남자용 겉옷 소매업,43,충청북도,43113,청주시 흥덕구,43113741,복대1동,4311311400,복대동,4.3113114001338e+18,1,대지,충청북도 청주시 흥덕구 복대동 3380,431133236058,충청북도 청주시 흥덕구 직지대로,4.31131140010584e+24,충청북도 청주시 흥덕구 직지대로 308,28424.0,4.0
MA010120220807752348,씨유음성,읍내점,G2,소매,G204,종합 소매,G20405,편의점,G47122,체인화 편의점,43,충청북도,43770,음성군,43770250,음성읍,4377025021,음성읍,4.37702502110498e+18,1,대지,충청북도 음성군 음성읍 읍내리 498-2,437703247036,충청북도 음성군 음성읍 예술로,4.37702502110498e+24,충청북도 음성군 음성읍 예술로 3,27695.0,1.0
MA010120220810075685,맘스터치,하복대점,I2,음식,I210,기타 간이,I21004,버거,I56192,피자; 햄버거; 샌드위치 및 유사 음식점업,43,충청북도,43113,청주시 흥덕구,43113741,복대1동,4311311400,복대동,4.31131140012579e+18,1,대지,충청북도 청주시 흥덕구 복대동 2579,431133237079,충청북도 청주시 흥덕구 증안로,4.31131140012579e+24,충청북도 청주시 흥덕구 증안로 20,28416.0,1.0
MA010120220809900798,다이나핏청주,에버세이브점,G2,소매,G209,섬유·의복·신발 소매,G20905,기타 의류 소매업,G47419,기타 의복 소매업,43,충청북도,43112,청주시 서원구,43112560,분평동,4311210500,미평동,4.31121050010028e+18,1,대지,충청북도 청주시 서원구 미평동 28,431124511938,충청북도 청주시 서원구 청남로1936번길,4.31131070010031e+24,충청북도 청주시 서원구 청남로1936번길 2,28802.0,2.0
MA010120220807154625,딜리버리,코리아,I2,음식,I201,한식,I20101,백반/한정식,I56111,한식 일반 음식점업,43,충청북도,43114,청주시 청원구,43114510,우암동,4311410100,우암동,4.3114101001012096e+18,1,대지,충청북도 청주시 청원구 우암동 121-14,431143236027,충청북도 청주시 청원구 상당로,4.31111130010121e+24,충청북도 청주시 청원구 상당로 225-1,28536.0,1.0
MA010120220814120512,생각나는감자탕,첨단점,I2,음식,I201,한식,I20102,국/탕/찌개류,I56111,한식 일반 음식점업,43,충청북도,43130,충주시,43130335,대소원면,4313033531,대소원면,4.3130335311093903e+18,1,대지,충청북도 충주시 대소원면 본리 939,431304515537,충청북도 충주시 대소원면 첨단쉼터6길,4.31303353110939e+24,충청북도 충주시 대소원면 첨단쉼터6길 43-6,27466.0,1.0
MA010120220805433094,구피샵,분평점,S2,수리·개인,S207,이용·미용,S20701,미용실,S96112,두발 미용업,43,충청북도,43112,청주시 서원구,43112560,분평동,4311210600,분평동,4.31121060011312e+18,1,대지,충청북도 청주시 서원구 분평동 1312,431124511740,충청북도 청주시 서원구 원마루로10번길,4.31131080011312e+24,충청북도 청주시 서원구 원마루로10번길 1-1,28794.0,1.0
MA010120220813480230,워시팡팡무인셀프빨래방,청주대점,S2,수리·개인,S209,세탁,S20902,셀프 빨래방,S96912,가정용 세탁업,43,충청북도,43114,청주시 청원구,43114510,우암동,4311410100,우암동,4.3114101001020897e+18,1,대지,충청북도 청주시 청원구 우암동 209-17,431144508386,충청북도 청주시 청원구 수동로42번길,4.31141010010209e+24,충청북도 청주시 청원구 수동로42번길 80,28504.0,1.0
MA010120220813107681,세븐일레븐충청대,혁신점,G2,소매,G204,종합 소매,G20405,편의점,G47122,체인화 편의점,43,충청북도,43113,청주시 흥덕구,43113310,강내면,4311331034,강내면,4.31133103410244e+18,1,대지,충청북도 청주시 흥덕구 강내면 월곡리 244-10,431134520644,충청북도 청주시 흥덕구 강내면 탑연월곡길,4.37103903400244e+24,충청북도 청주시 흥덕구 강내면 탑연월곡길 62-15,28171.0,1.0
MA010120220806323762,렌즈미청주,로데오점,G2,소매,G216,안경·정밀기기 소매,G21602,안경렌즈 소매업,G47822,안경 및 렌즈 소매업,43,충청북도,43111,청주시 상당구,43111545,성안동,4311110200,북문로1가,4.31111020010152e+18,1,대지,충청북도 청주시 상당구 북문로1가 152-2,431114508271,충청북도 청주시 상당구 사직대로362번길,4.31111020010152e+24,충청북도 청주시 상당구 사직대로362번길 23,28525.0,1.0
MA010120220811714272,칠리노무인카페청주,1호점,I2,음식,I212,비알코올,I21201,카페,I56221,커피 전문점,43,충청북도,43113,청주시 흥덕구,43113250,오송읍,4311325031,오송읍,4.31132503110902e+18,1,대지,충청북도 청주시 흥덕구 오송읍 봉산리 902,431133351770,충청북도 청주시 흥덕구 오송읍 오송생명7로,4.31132503110902e+24,충청북도 청주시 흥덕구 오송읍 오송생명7로 189,28222.0,1.0
MA010120220811964518,청주하나로마트트레몰로,중간점,G2,소매,G209,섬유·의복·신발 소매,G20901,남성 의류 소매업,G47411,남자용 겉옷 소매업,43,충청북도,43111,청주시 상당구,43111730,용암2동,4311112600,방서동,4.311112600101181e+18,1,대지,충청북도 청주시 상당구 방서동 118,431113236018,충청북도 청주시 상당구 무농정로,4.31111260010118e+24,충청북도 청주시 상당구 무농정로 32,28783.0,1.0
MA010120220808480451,소이,증평점,G2,소매,G209,섬유·의복·신발 소매,G20903,유아용 의류 소매업,G47417,유아용 의류 소매업,43,충청북도,43745,증평군,43745250,증평읍,4374525023,증평읍,4.37452502310026e+18,1,대지,충청북도 증평군 증평읍 중동리 26-3,437454532159,충청북도 증평군 증평읍 중앙로6길,4.37452502310026e+24,충청북도 증평군 증평읍 중앙로6길 1,27930.0,1.0
MA010120220809816425,세븐일레븐충주,시청점,G2,소매,G204,종합 소매,G20405,편의점,G47122,체인화 편의점,43,충청북도,43130,충주시,43130625,칠금.금릉동,4313012800,금릉동,4.31301280010883e+18,1,대지,충청북도 충주시 금릉동 883,431303238037,충청북도 충주시 시청로,4.31301280010883e+24,충청북도 충주시 시청로 4,27340.0,1.0
MA010120220813379866,미스터피자청주,터미널점,I2,음식,I210,기타 간이,I21003,피자,I56192,피자; 햄버거; 샌드위치 및 유사 음식점업,43,충청북도,43113,청주시 흥덕구,43113747,가경동,4311311300,가경동,4.3113113001144893e+18,1,대지,충청북도 청주시 흥덕구 가경동 1449-3,431133237093,충청북도 청주시 흥덕구 풍산로,4.31131130011449e+24,충청북도 청주시 흥덕구 풍산로 18,28397.0,1.0
MA010120220802966271,뮤엠영어교습소,호암점,P1,교육,P105,일반 교육,P10501,입시·교과학원,P85501,일반 교과학원,43,충청북도,43130,충주시,43130580,호암.직동,4313010700,호암동,4.3130107001106294e+18,1,대지,충청북도 충주시 호암동 1063,431303352068,충청북도 충주시 호암수청2로,4.31301070011063e+24,충청북도 충주시 호암수청2로 78,27480.0,2.0
MA010120220807202685,명인갈비,테크노점,I2,음식,I201,한식,I20107,돼지고기 구이/찜,I56113,한식 육류 요리 전문점,43,충청북도,43113,청주시 흥덕구,43113770,강서2동,4311313400,송절동,4.3113134001071094e+18,1,대지,충청북도 청주시 흥덕구 송절동 711,431134855165,충청북도 청주시 흥덕구 송화로166번길,4.31131340010281e+24,충청북도 청주시 흥덕구 송화로166번길 14,28292.0,1.0
MA010120220803162656,쌤소나이트청주점,롯데아울렛,G2,소매,G209,섬유·의복·신발 소매,G20911,가방 소매업,G47440,가방 및 기타 가죽제품 소매업,43,충청북도,43113,청주시 흥덕구,43113760,강서1동,4311313800,비하동,4.31131380010811e+18,1,대지,충청북도 청주시 흥덕구 비하동 811,431133014065,충청북도 청주시 흥덕구 2순환로,4.31131380010332e+24,충청북도 청주시 흥덕구 2순환로 1004,28360.0,1.0
MA010120220805618343,세븐청주롯데아울렛점,코리아,G2,소매,G204,종합 소매,G20405,편의점,G47122,체인화 편의점,43,충청북도,43113,청주시 흥덕구,43113760,강서1동,4311313800,비하동,4.31131380010811e+18,1,대지,충청북도 청주시 흥덕구 비하동 811,431133014065,충청북도 청주시 흥덕구 2순환로,4.31131380010332e+24,충청북도 청주시 흥덕구 2순환로 1004,28360.0,1.0
MA010120220805600350,카페드슬리밍고,청주봉명점,S2,수리·개인,S207,이용·미용,S20702,피부 관리실,S96113,피부 미용업,43,충청북도,43113,청주시 흥덕구,43113756,봉명2.송정동,4311311500,봉명동,4.31131150012468e+18,1,대지,충청북도 청주시 흥덕구 봉명동 2468,431134511259,충청북도 청주시 흥덕구 덕암로41번길,4.31131150012468e+24,충청북도 청주시 흥덕구 덕암로41번길 15,28461.0,1.0
MA010120220810212894,파리바게뜨청주,사천2호점,I2,음식,I210,기타 간이,I21001,빵/도넛,I56191,제과점업,43,충청북도,43114,청주시 청원구,43114540,율량.사천동,4311410400,사천동,4.3114104001041295e+18,1,대지,충청북도 청주시 청원구 사천동 413-8,431143236050,충청북도 청주시 청원구 율봉로,4.31111160010413e+24,충청북도 청주시 청원구 율봉로 46,28346.0,2.0
MA010120220811904187,부루앤쥬디현대백화점,충청점,G2,소매,G209,섬유·의복·신발 소매,G20902,여성 의류 소매업,G47412,여자용 겉옷 소매업,43,충청북도,43113,청주시 흥덕구,43113741,복대1동,4311311400,복대동,4.3113114001338e+18,1,대지,충청북도 청주시 흥덕구 복대동 3380,431133236058,충청북도 청주시 흥덕구 직지대로,4.31131140010584e+24,충청북도 청주시 흥덕구 직지대로 308,28424.0,2.0
MA010120220804734421,소도둑,제천점,I2,음식,I201,한식,I20107,돼지고기 구이/찜,I56113,한식 육류 요리 전문점,43,충청북도,43150,제천시,43150547,영서동,4315010200,서부동,4.31501020011167e+18,1,대지,충청북도 제천시 서부동 1167,431504517143,충청북도 제천시 내토로15길,4.31501020011167e+24,충청북도 제천시 내토로15길 7,27186.0,1.0
MA010120220805106349,롯데프레시오창캠퍼스,가맹점,G2,소매,G204,종합 소매,G20404,슈퍼마켓,G47121,슈퍼마켓,43,충청북도,43114,청주시 청원구,43114253,오창읍,4311425345,오창읍,4.31142534510658e+18,1,대지,충청북도 청주시 청원구 오창읍 양청리 658-7,431143240051,충청북도 청주시 청원구 오창읍 연구단지로,4.37102534510658e+24,충청북도 청주시 청원구 오창읍 연구단지로 113,28116.0,1.0
MA010120220813826554,석호네닭발오창2,산단점,I2,음식,I211,주점,I21104,요리 주점,I56219,기타 주점업,43,충청북도,43114,청주시 청원구,43114253,오창읍,4311425332,오창읍,4.3114253321054095e+18,1,대지,충청북도 청주시 청원구 오창읍 주성리 541,431143257076,충청북도 청주시 청원구 오창읍 2산단로,4.31142533210541e+24,충청북도 청주시 청원구 오창읍 2산단로 184,28117.0,1.0
MA010120220800837312,구피샵,봉명점,S2,수리·개인,S207,이용·미용,S20701,미용실,S96112,두발 미용업,43,충청북도,43113,청주시 흥덕구,43113756,봉명2.송정동,4311311500,봉명동,4.3113115001046497e+18,1,대지,충청북도 청주시 흥덕구 봉명동 465,431134511847,충청북도 청주시 흥덕구 직지대로635번길,4.31131150010465e+24,충청북도 청주시 흥덕구 직지대로635번길 96,28475.0,1.0
MA010120220805582550,씨유하복대,중앙점,G2,소매,G204,종합 소매,G20405,편의점,G47122,체인화 편의점,43,충청북도,43113,청주시 흥덕구,43113741,복대1동,4311311400,복대동,4.3113114001286497e+18,1,대지,충청북도 청주시 흥덕구 복대동 2865,431134511867,충청북도 청주시 흥덕구 진재로15번길,4.31131140012865e+24,충청북도 청주시 흥덕구 진재로15번길 23,28419.0,1.0
MA010120220806333798,그램그램,오창점,I2,음식,I201,한식,I20108,소고기 구이/찜,I56113,한식 육류 요리 전문점,43,충청북도,43114,청주시 청원구,43114253,오창읍,4311425344,오창읍,4.31142534410649e+18,1,대지,충청북도 청주시 청원구 오창읍 각리 649-7,431143240006,충청북도 청주시 청원구 오창읍 과학산업2로,4.37102534400649e+24,충청북도 청주시 청원구 오창읍 과학산업2로 272,28123.0,1.0
MA010120220810878987,백로식당,본점,I2,음식,I201,한식,I20107,돼지고기 구이/찜,I56113,한식 육류 요리 전문점,43,충청북도,43111,청주시 상당구,43111545,성안동,4311110600,남문로2가,4.31111060010045e+18,1,대지,충청북도 청주시 상당구 남문로2가 45-1,431113236031,충청북도 청주시 상당구 성안로,4.31111060010045e+24,충청북도 청주시 상당구 성안로 47-1,28530.0,1.0
MA010120220808706738,코데즈컴바인이너,모다아울렛,G2,소매,G209,섬유·의복·신발 소매,G20905,기타 의류 소매업,G47413,속옷 및 잠옷 소매업,43,충청북도,43130,충주시,43130605,달천동,4313011400,달천동,4.31301140010786e+18,1,대지,충청북도 충주시 달천동 786-3,431302246001,충청북도 충주시 중원대로,4.31301140010786e+24,충청북도 충주시 중원대로 3683,27476.0,2.0
MA010120220806517985,메가엠지씨커피,충북대점,I2,음식,I212,비알코올,I21201,카페,I56221,커피 전문점,43,충청북도,43112,청주시 서원구,43112530,사창동,4311210200,사창동,4.3112102001042094e+18,1,대지,충청북도 청주시 서원구 사창동 421-1,431124512175,충청북도 청주시 서원구 1순환로672번길,4.31131020010421e+24,충청북도 청주시 서원구 1순환로672번길 6,28643.0,1.0
MA010120220813760871,신전떡볶이,율량점,I2,음식,I210,기타 간이,I21007,김밥/만두/분식,I56194,김밥 및 기타 간이 음식점업,43,충청북도,43114,청주시 청원구,43114540,율량.사천동,4311410300,율량동,4.31141030010875e+18,1,대지,충청북도 청주시 청원구 율량동 875-2,431143236050,충청북도 청주시 청원구 율봉로,4.31111150010875e+24,충청북도 청주시 청원구 율봉로 195-1,28327.0,1.0
MA010120220805570175,에끌라두,용암점,S2,수리·개인,S207,이용·미용,S20702,피부 관리실,S96113,피부 미용업,43,충청북도,43111,청주시 상당구,43111730,용암2동,4311112400,용암동,4.3111124001185695e+18,1,대지,충청북도 청주시 상당구 용암동 1857,431113236049,충청북도 청주시 상당구 월평로,4.31111240011857e+24,충청북도 청주시 상당구 월평로 212-1,28782.0,2.0
MA010120220805594804,모가비컴퓨터，늑대와여우컴퓨터,복대점,S2,수리·개인,S201,컴퓨터 수리,S20101,컴퓨터/노트북/프린터 수리업,S95110,컴퓨터 및 주변 기기 수리업,43,충청북도,43113,청주시 흥덕구,43113741,복대1동,4311311400,복대동,4.311311400133181e+18,1,대지,충청북도 청주시 흥덕구 복대동 3318,431134511235,충청북도 청주시 흥덕구 대신로73번길,4.31131140013318e+24,충청북도 청주시 흥덕구 대신로73번길 1,28426.0,1.0
MA010120220805669983,롯데리아충주,터미널점,I2,음식,I210,기타 간이,I21004,버거,I56192,피자; 햄버거; 샌드위치 및 유사 음식점업,43,충청북도,43130,충주시,43130625,칠금.금릉동,4313011600,칠금동,4.3130116001084897e+18,1,대지,충청북도 충주시 칠금동 849,431302238008,충청북도 충주시 충원대로,4.31301160010849e+24,충청북도 충주시 충원대로 626,27360.0,1.0
MA010120220803164867,프린트카페충북대,정문점,N1,시설관리·임대,N107,사무 지원,N10703,복사업,N75912,복사업,43,충청북도,43113,청주시 흥덕구,43113742,복대2동,4311311400,복대동,4.31131140010872e+18,1,대지,충청북도 청주시 흥덕구 복대동 872-7,431133350731,충청북도 청주시 흥덕구 충대로,4.31131140010872e+24,충청북도 청주시 흥덕구 충대로 14-1,28641.0,1.0
MA010120220805711155,와이드앵글,제천점,G2,소매,G209,섬유·의복·신발 소매,G20905,기타 의류 소매업,G47419,기타 의복 소매업,43,충청북도,43150,제천시,43150528,중앙동,4315010600,중앙로1가,4.31501060010111e+18,1,대지,충청북도 제천시 중앙로1가 111-19,431502239002,충청북도 제천시 의림대로,4.31501060010224e+24,충청북도 제천시 의림대로 115,27169.0,1.0
MA010120220805592379,지에스25뉴청주,미소점,G2,소매,G204,종합 소매,G20405,편의점,G47122,체인화 편의점,43,충청북도,43112,청주시 서원구,43112530,사창동,4311210200,사창동,4.31121020010211e+18,1,대지,충청북도 청주시 서원구 사창동 211-9,431124511934,충청북도 청주시 서원구 천수로8번길,4.31121020010211e+24,충청북도 청주시 서원구 천수로8번길 25,28568.0,1.0
MA010120220812944981,이배달마약삼겹떡볶이청주,직영점,I2,음식,I210,기타 간이,I21007,김밥/만두/분식,I56194,김밥 및 기타 간이 음식점업,43,충청북도,43114,청주시 청원구,43114540,율량.사천동,4311410300,율량동,4.3114103001087094e+18,1,대지,충청북도 청주시 청원구 율량동 871,431143236050,충청북도 청주시 청원구 율봉로,4.31141030010871e+24,충청북도 청주시 청원구 율봉로 211,28326.0,1.0
MA010120220806346946,세븐청주대중문점주,코리아,G2,소매,G204,종합 소매,G20405,편의점,G47122,체인화 편의점,43,충청북도,43114,청주시 청원구,43114510,우암동,4311410100,우암동,4.3114101001002e+18,1,대지,충청북도 청주시 청원구 우암동 20-2,431143236034,충청북도 청주시 청원구 수암로,4.3111113001002e+24,충청북도 청주시 청원구 수암로 98-15,28504.0,1.0
MA010120220806871777,아이디헤어청주,동남점,S2,수리·개인,S207,이용·미용,S20701,미용실,S96112,두발 미용업,43,충청북도,43111,청주시 상당구,43111720,용암1동,4311112400,용암동,4.31111240013082e+18,1,대지,충청북도 청주시 상당구 용암동 3082,431114857347,충청북도 청주시 상당구 중고개로141번길,4.31111240010186e+24,충청북도 청주시 상당구 중고개로141번길 13-16,28808.0,2.0
MA010120220803535813,무인,산남점,I2,음식,I211,주점,I21101,일반 유흥 주점,I56211,일반 유흥 주점업,43,충청북도,43112,청주시 서원구,43112550,산남동,4311210400,산남동,4.3112104001052897e+18,1,대지,충청북도 청주시 서원구 산남동 529,431124511286,충청북도 청주시 서원구 두꺼비로94번길,4.31131060010529e+24,충청북도 청주시 서원구 두꺼비로94번길 12-2,28625.0,1.0
MA010120220812846617,배스킨라빈스,제천강저점,I2,음식,I210,기타 간이,I21008,아이스크림/빙수,I56194,김밥 및 기타 간이 음식점업,43,충청북도,43150,제천시,43150605,화산동,4315012100,강제동,4.3150121001083e+18,1,대지,충청북도 제천시 강제동 830,431503239070,충청북도 제천시 청풍호로,4.3150121001083e+24,충청북도 제천시 청풍호로 100,27192.0,1.0
MA010120220813992922,강화한방순대,영천점,I2,음식,I201,한식,I20102,국/탕/찌개류,I56111,한식 일반 음식점업,43,충청북도,43150,제천시,43150547,영서동,4315011000,영천동,4.31501100010286e+18,1,대지,충청북도 제천시 영천동 286,431503239051,충청북도 제천시 용두천로,4.31501100010286e+24,충청북도 제천시 용두천로 7-1,27185.0,1.0
MA010120220803101748,마스터플랜스터디카페,음성금왕점,R1,예술·스포츠,R102,도서관·사적지,R10202,독서실/스터디 카페,R90212,독서실 운영업,43,충청북도,43770,음성군,43770253,금왕읍,4377025321,금왕읍,4.3770253211059297e+18,1,대지,충청북도 음성군 금왕읍 무극리 593-75,437703247019,충청북도 음성군 금왕읍 무극로,4.37702532110593e+24,충청북도 음성군 금왕읍 무극로 195,27630.0,3.0
MA010120220814349549,고화갈비살진천,혁신점,I2,음식,I201,한식,I20107,돼지고기 구이/찜,I56113,한식 육류 요리 전문점,43,충청북도,43750,진천군,43750253,덕산읍,4375025325,덕산읍,4.3750253251246295e+18,1,대지,충청북도 진천군 덕산읍 두촌리 2463,437503245035,충청북도 진천군 덕산읍 시가로,4.37503102512463e+24,충청북도 진천군 덕산읍 시가로 46,27871.0,3.0
MA010120220805730674,배스킨라빈스충북,음성점,I2,음식,I210,기타 간이,I21008,아이스크림/빙수,I56194,김밥 및 기타 간이 음식점업,43,충청북도,43770,음성군,43770250,음성읍,4377025021,음성읍,4.3770250211032e+18,1,대지,충청북도 음성군 음성읍 읍내리 320-15,437703247032,충청북도 음성군 음성읍 시장로,4.3770250211032e+24,충청북도 음성군 음성읍 시장로 91,27696.0,1.0
MA010120220806334541,그레이스헤어,금천점,S2,수리·개인,S207,이용·미용,S20701,미용실,S96112,두발 미용업,43,충청북도,43111,청주시 상당구,43111680,금천동,4311112000,금천동,4.3111120001028705e+18,1,대지,충청북도 청주시 상당구 금천동 287,431113236035,충청북도 청주시 상당구 수영로,4.31111200010287e+24,충청북도 청주시 상당구 수영로 285,28744.0,2.0
MA010120220800532913,버거킹,연수점,I2,음식,I210,기타 간이,I21004,버거,I56192,피자; 햄버거; 샌드위치 및 유사 음식점업,43,충청북도,43130,충주시,43130630,연수동,4313011800,연수동,4.31301180011354e+18,1,대지,충청북도 충주시 연수동 1354,431303238044,충청북도 충주시 연수동산로,4.31301180011354e+24,충청북도 충주시 연수동산로 47,27352.0,1.0
MA010120220805585458,네네치킨앤봉구스밥버거,하복대점,I2,음식,I210,기타 간이,I21007,김밥/만두/분식,I56194,김밥 및 기타 간이 음식점업,43,충청북도,43113,청주시 흥덕구,43113741,복대1동,4311311400,복대동,4.3113114001258706e+18,1,대지,충청북도 청주시 흥덕구 복대동 2587,431134511821,충청북도 청주시 흥덕구 증안로22번길,4.31131140012587e+24,충청북도 청주시 흥덕구 증안로22번길 13-1,28416.0,1.0
MA010120220803133772,리헤어분평,수곡점,S2,수리·개인,S207,이용·미용,S20701,미용실,S96112,두발 미용업,43,충청북도,43112,청주시 서원구,43112550,산남동,4311210600,분평동,4.311210600102461e+18,1,대지,충청북도 청주시 서원구 분평동 246-9,431123236067,충청북도 청주시 서원구 청남로,4.31131080010246e+24,충청북도 청주시 서원구 청남로 2011,28700.0,2.0
MA010120220808179599,굽네치킨호암,용산점,I2,음식,I210,기타 간이,I21006,치킨,I56193,치킨 전문점,43,충청북도,43130,충주시,43130580,호암.직동,4313010700,호암동,4.3130107001013294e+18,1,대지,충청북도 충주시 호암동 133-10,431303238085,충청북도 충주시 호암중앙2로,4.31301070010133e+24,충청북도 충주시 호암중앙2로 15,27481.0,1.0
MA010120220805723361,GS25제천,영천점,G2,소매,G204,종합 소매,G20405,편의점,G47122,체인화 편의점,43,충청북도,43150,제천시,43150547,영서동,4315011000,영천동,4.31501100012223e+18,1,대지,충청북도 제천시 영천동 2223,431504518049,충청북도 제천시 청풍호로7길,4.31501100012223e+24,충청북도 제천시 청풍호로7길 12,27200.0,1.0
MA010120220805596866,청주새마을식당,복대점,I2,음식,I201,한식,I20107,돼지고기 구이/찜,I56113,한식 육류 요리 전문점,43,충청북도,43113,청주시 흥덕구,43113741,복대1동,4311311400,복대동,4.31131140012718e+18,1,대지,충청북도 청주시 흥덕구 복대동 2718,431133237082,충청북도 청주시 흥덕구 짐대로,4.31131140012718e+24,충청북도 청주시 흥덕구 짐대로 45,28417.0,1.0
MA010120220805675886,아리따움,광혜원점,G2,소매,G215,의약·화장품 소매,G21503,화장품 소매업,G47813,화장품; 비누 및 방향제 소매업,43,충청북도,43750,진천군,43750370,광혜원면,4375037027,광혜원면,4.3750370271042703e+18,1,대지,충청북도 진천군 광혜원면 광혜원리 427-7,437504535349,충청북도 진천군 광혜원면 중리1길,4.37503702710427e+24,충청북도 진천군 광혜원면 중리1길 17,27805.0,1.0
MA010120220812060068,장날순대사창,시장점,I2,음식,I201,한식,I20102,국/탕/찌개류,I56111,한식 일반 음식점업,43,충청북도,43112,청주시 서원구,43112530,사창동,4311210200,사창동,4.31121020010262e+18,1,대지,충청북도 청주시 서원구 사창동 262-18,431123237083,충청북도 청주시 서원구 창신로,4.31131020010262e+24,충청북도 청주시 서원구 창신로 30,28649.0,1.0
MA010120220806331342,파리바게뜨청주율량,칸타빌점,I2,음식,I210,기타 간이,I21001,빵/도넛,I56191,제과점업,43,충청북도,43114,청주시 청원구,43114550,오근장동,4311410500,주성동,4.31141050010358e+18,1,대지,충청북도 청주시 청원구 주성동 358,431144844115,충청북도 청주시 청원구 주성로279번길,4.31111310010142e+24,충청북도 청주시 청원구 주성로279번길 36,28318.0,1.0
MA010120220803079586,에스지스크린골프,삼성점,R1,예술·스포츠,R103,스포츠 서비스,R10311,골프 연습장,R91136,골프 연습장 운영업,43,충청북도,43770,음성군,43770350,삼성면,4377035021,삼성면,4.3770350211079506e+18,1,대지,충청북도 음성군 삼성면 덕정리 795-25,437703247013,충청북도 음성군 삼성면 덕정로,4.37703502110795e+24,충청북도 음성군 삼성면 덕정로 10,27652.0,2.0
MA010120220808250595,김형제고기의철학충주,연수점,I2,음식,I201,한식,I20107,돼지고기 구이/찜,I56112,한식 면 요리 전문점,43,충청북도,43130,충주시,43130630,연수동,4313011800,연수동,4.3130118001143695e+18,1,대지,충청북도 충주시 연수동 1437,431303238002,충청북도 충주시 갱고개로,4.31301180011437e+24,충청북도 충주시 갱고개로 161,27351.0,1.0
MA010120220806624433,엠피아이모던필라테스청주,복대점,P1,교육,P106,기타 교육,P10603,요가/필라테스 학원,P85612,기타 스포츠 교육기관,43,충청북도,43113,청주시 흥덕구,43113741,복대1동,4311311400,복대동,4.31131140010288e+18,1,대지,충청북도 청주시 흥덕구 복대동 288-15,431133237020,충청북도 청주시 흥덕구 대농로,4.31131140010288e+24,충청북도 청주시 흥덕구 대농로 47,28425.0,5.0
MA010120220806347002,세무법인이우,청주지점,M1,과학·기술,M104,회계·세무,M10402,세무사,M71202,세무사업,43,충청북도,43114,청주시 청원구,43114530,내덕2동,4311410200,내덕동,4.31141020010275e+18,1,대지,충청북도 청주시 청원구 내덕동 275-1,431143236027,충청북도 청주시 청원구 상당로,4.31141020010275e+24,충청북도 청주시 청원구 상당로 286,28501.0,2.0
MA010120220805557864,교촌치킨,율량점,I2,음식,I210,기타 간이,I21006,치킨,I56193,치킨 전문점,43,충청북도,43114,청주시 청원구,43114540,율량.사천동,4311410300,율량동,4.3114103001207e+18,1,대지,충청북도 청주시 청원구 율량동 2070,431143236001,충청북도 청주시 청원구 1순환로,4.3114103001207e+24,충청북도 청주시 청원구 1순환로 140,28320.0,101.0
MA010120220806851815,만타스시31청주,산남점,I2,음식,I203,일식,I20301,일식 회/초밥,I56111,한식 일반 음식점업,43,충청북도,43112,청주시 서원구,43112550,산남동,4311210400,산남동,4.3112104001050097e+18,1,대지,충청북도 청주시 서원구 산남동 501,431123237037,충청북도 청주시 서원구 산남로,4.31131060010501e+24,충청북도 청주시 서원구 산남로 36,28626.0,1.0
MA010120220814047443,티타임커피,율량점,I2,음식,I212,비알코올,I21201,카페,I56221,커피 전문점,43,충청북도,43114,청주시 청원구,43114540,율량.사천동,4311410300,율량동,4.31141030010979e+18,1,대지,충청북도 청주시 청원구 율량동 979,431144508581,충청북도 청주시 청원구 율봉로192번길,4.31111150010979e+24,충청북도 청주시 청원구 율봉로192번길 35,28332.0,1.0
MA010120220809706482,웅배스시율량,2호점,I2,음식,I203,일식,I20301,일식 회/초밥,I56122,일식 음식점업,43,충청북도,43114,청주시 청원구,43114550,오근장동,4311410500,주성동,4.31141050010346e+18,1,대지,충청북도 청주시 청원구 주성동 346,431142014003,충청북도 청주시 청원구 충청대로,4.31111310010346e+24,충청북도 청주시 청원구 충청대로 168,28318.0,1.0
MA010120220814033973,유가네닭갈비오창,호수공원점,I2,음식,I201,한식,I20110,닭/오리고기 구이/찜,I56113,한식 육류 요리 전문점,43,충청북도,43114,청주시 청원구,43114253,오창읍,4311425345,오창읍,4.3114253451082e+18,1,대지,충청북도 청주시 청원구 오창읍 양청리 820-2,431143240075,충청북도 청주시 청원구 오창읍 중심상업1로,4.3114253451082e+24,충청북도 청주시 청원구 오창읍 중심상업1로 20,28120.0,2.0
MA010120220808419745,흥피자,본점,I2,음식,I210,기타 간이,I21003,피자,I56192,피자; 햄버거; 샌드위치 및 유사 음식점업,43,충청북도,43113,청주시 흥덕구,43113741,복대1동,4311311400,복대동,4.3113114001300495e+18,1,대지,충청북도 청주시 흥덕구 복대동 3005,431134511873,충청북도 청주시 흥덕구 진재로28번길,4.31131140013005e+24,충청북도 청주시 흥덕구 진재로28번길 6-5,28420.0,1.0
MA010120220808990081,로이드현대백화점,충청점,G2,소매,G217,시계·귀금속 소매,G21701,시계/귀금속 소매업,G47830,시계 및 귀금속 소매업,43,충청북도,43113,청주시 흥덕구,43113741,복대1동,4311311400,복대동,4.3113114001338e+18,1,대지,충청북도 청주시 흥덕구 복대동 3380,431133236058,충청북도 청주시 흥덕구 직지대로,4.31131140010584e+24,충청북도 청주시 흥덕구 직지대로 308,28424.0,1.0
MA010120220807978902,페리카나,테크노점,I2,음식,I210,기타 간이,I21006,치킨,I56193,치킨 전문점,43,충청북도,43113,청주시 흥덕구,43113770,강서2동,4311313400,송절동,4.311313400108221e+18,1,대지,충청북도 청주시 흥덕구 송절동 822,431134855165,충청북도 청주시 흥덕구 송화로166번길,4.31131340010822e+24,충청북도 청주시 흥덕구 송화로166번길 7-9,28292.0,1.0
MA010120220811940686,놀숲충주,연수점,I2,음식,I212,비알코올,I21201,카페,I56229,기타 비알코올 음료점업,43,충청북도,43130,충주시,43130630,연수동,4313011800,연수동,4.3130118001161e+18,1,대지,충청북도 충주시 연수동 1610,431303238002,충청북도 충주시 갱고개로,4.3130118001161e+24,충청북도 충주시 갱고개로 154-1,27352.0,2.0
MA010120220806516764,비엠,코리아,R1,예술·스포츠,R103,스포츠 서비스,R10311,골프 연습장,R91136,골프 연습장 운영업,43,충청북도,43113,청주시 흥덕구,43113756,봉명2.송정동,4311311500,봉명동,4.31131150011408e+18,1,대지,충청북도 청주시 흥덕구 봉명동 1408,431133236001,충청북도 청주시 흥덕구 1순환로,4.31131150011408e+24,충청북도 청주시 흥덕구 1순환로 526,28451.0,2.0
MA010120220812846862,아이더현대백화점,충청점,G2,소매,G209,섬유·의복·신발 소매,G20905,기타 의류 소매업,G47419,기타 의복 소매업,43,충청북도,43113,청주시 흥덕구,43113741,복대1동,4311311400,복대동,4.3113114001338e+18,1,대지,충청북도 청주시 흥덕구 복대동 3380,431133236058,충청북도 청주시 흥덕구 직지대로,4.31131140010584e+24,충청북도 청주시 흥덕구 직지대로 308,28424.0,4.0
MA010120220812899565,더바이크샵,오창점,G2,소매,G213,오락용품 소매,G21305,자전거 소매업,G47632,자전거 및 기타 운송장비 소매업,43,충청북도,43114,청주시 청원구,43114253,오창읍,4311425346,오창읍,4.3114253461040896e+18,1,대지,충청북도 청주시 청원구 오창읍 구룡리 409-14,431143240011,충청북도 청주시 청원구 오창읍 구룡택지1로,4.37102534610409e+24,충청북도 청주시 청원구 오창읍 구룡택지1로 24,28121.0,1.0
MA010120220811050228,미소야,지웰시티점,I2,음식,I203,일식,I20302,일식 카레/돈가스/덮밥,I56122,일식 음식점업,43,충청북도,43113,청주시 흥덕구,43113741,복대1동,4311311400,복대동,4.31131140010288e+18,1,대지,충청북도 청주시 흥덕구 복대동 288-15,431133237020,충청북도 청주시 흥덕구 대농로,4.31131140010288e+24,충청북도 청주시 흥덕구 대농로 47,28425.0,1.0
MA010120220810443375,닥터짐,분평점,P1,교육,P106,기타 교육,P10603,요가/필라테스 학원,P85612,기타 스포츠 교육기관,43,충청북도,43112,청주시 서원구,43112560,분평동,4311210600,분평동,4.31121060011234e+18,1,대지,충청북도 청주시 서원구 분평동 1234,431123236067,충청북도 청주시 서원구 청남로,4.31131080011234e+24,충청북도 청주시 서원구 청남로 1992,28797.0,5.0
MA010120220806316269,투썸플레이스청주,성안점,I2,음식,I212,비알코올,I21201,카페,I56221,커피 전문점,43,충청북도,43111,청주시 상당구,43111545,성안동,4311110200,북문로1가,4.3111102001012495e+18,1,대지,충청북도 청주시 상당구 북문로1가 125-1,431113236031,충청북도 청주시 상당구 성안로,4.31111020010125e+24,충청북도 청주시 상당구 성안로 8,28525.0,2.0
MA010120220813769950,둘리금왕,2호점,G2,소매,G208,가전·통신 소매,G20802,핸드폰 소매업,G47312,통신기기 소매업,43,충청북도,43770,음성군,43770253,금왕읍,4377025321,금왕읍,4.37702532110233e+18,1,대지,충청북도 음성군 금왕읍 무극리 233-2,437704541213,충청북도 음성군 금왕읍 무극로308번길,4.37702532110233e+24,충청북도 음성군 금왕읍 무극로308번길 2,27636.0,1.0
MA010120220814044067,뉴헤어샵,코리아,S2,수리·개인,S207,이용·미용,S20701,미용실,S96112,두발 미용업,43,충청북도,43111,청주시 상당구,43111525,중앙동,4311110400,북문로3가,4.3111104001004897e+18,1,대지,충청북도 청주시 상당구 북문로3가 49-1,431113236056,충청북도 청주시 상당구 중앙로,4.31111040010049e+24,충청북도 청주시 상당구 중앙로 83,28541.0,1.0
MA010120220804607322,가오리찜,전문점,I2,음식,I211,주점,I21104,요리 주점,I56219,기타 주점업,43,충청북도,43113,청주시 흥덕구,43113747,가경동,4311311300,가경동,4.31131130011396e+18,1,대지,충청북도 청주시 흥덕구 가경동 1396,431134512031,충청북도 청주시 흥덕구 풍년로160번길,4.31131130011396e+24,충청북도 청주시 흥덕구 풍년로160번길 3,28395.0,1.0
MA010120220805681207,알파,대리점,G2,소매,G208,가전·통신 소매,G20802,핸드폰 소매업,G47312,통신기기 소매업,43,충청북도,43130,충주시,43130630,연수동,4313011800,연수동,4.31301180011308e+18,1,대지,충청북도 충주시 연수동 1308-5,431303238002,충청북도 충주시 갱고개로,4.31301180011308e+24,충청북도 충주시 갱고개로 184,27344.0,1.0
MA010120220807138552,팔공티청주,개신점,I2,음식,I212,비알코올,I21201,카페,I56221,커피 전문점,43,충청북도,43112,청주시 서원구,43112590,성화.개신.죽림동,4311210900,개신동,4.31121090010696e+18,1,대지,충청북도 청주시 서원구 개신동 696,431123237030,충청북도 청주시 서원구 복대로,4.31131110010696e+24,충청북도 청주시 서원구 복대로 19,28612.0,1.0
MA010120220805585173,알파,진천점,G2,소매,G213,오락용품 소매,G21302,문구/회화용품 소매업,G47612,문구용품 및 회화용품 소매업,43,충청북도,43750,진천군,43750250,진천읍,4375025021,진천읍,4.37502502110194e+18,1,대지,충청북도 진천군 진천읍 교성리 194-1,437504535062,충청북도 진천군 진천읍 남산7길,4.37502502110194e+24,충청북도 진천군 진천읍 남산7길 10,27839.0,1.0
MA010120220802269901,고기명작,분평점,I2,음식,I201,한식,I20107,돼지고기 구이/찜,I56113,한식 육류 요리 전문점,43,충청북도,43112,청주시 서원구,43112560,분평동,4311210600,분평동,4.31121060010598e+18,1,대지,충청북도 청주시 서원구 분평동 598,431123236001,충청북도 청주시 서원구 1순환로,4.31131080010598e+24,충청북도 청주시 서원구 1순환로 1112,28804.0,2.0
MA010120220810310895,제니,가경점,G2,소매,G209,섬유·의복·신발 소매,G20905,기타 의류 소매업,G47413,속옷 및 잠옷 소매업,43,충청북도,43113,청주시 흥덕구,43113747,가경동,4311311300,가경동,4.3113113001079506e+18,1,대지,충청북도 청주시 흥덕구 가경동 795,431133237002,충청북도 청주시 흥덕구 가경로,4.31131130010795e+24,충청북도 청주시 흥덕구 가경로 181,28390.0,1.0
MA010120220805618407,호서세무법인동,청주지점,M1,과학·기술,M104,회계·세무,M10402,세무사,M71202,세무사업,43,충청북도,43113,청주시 흥덕구,43113741,복대1동,4311311400,복대동,4.3113114001022095e+18,1,대지,충청북도 청주시 흥덕구 복대동 221-34,431133237078,충청북도 청주시 흥덕구 죽천로,4.31131140010221e+24,충청북도 청주시 흥덕구 죽천로 139,28583.0,2.0
MA010120220806346771,아워홈인스텍주,청원점,I2,음식,I207,구내식당·뷔페,I20701,구내식당,I56130,기관 구내식당업,43,충청북도,43114,청주시 청원구,43114250,내수읍,4311425033,내수읍,4.31142503310252e+18,1,대지,충청북도 청주시 청원구 내수읍 구성리 252-12,431142014003,충청북도 청주시 청원구 내수읍 충청대로,4.37102503310116e+24,충청북도 청주시 청원구 내수읍 충청대로 435,28153.0,1.0
MA010120220804411689,요거프레소아이엠,병원점,I2,음식,I212,비알코올,I21201,카페,I56221,커피 전문점,43,충청북도,43112,청주시 서원구,43112540,모충동,4311210300,모충동,4.3112103001009505e+18,1,대지,충청북도 청주시 서원구 모충동 95-3,431123236067,충청북도 청주시 서원구 청남로,4.31121030010095e+24,충청북도 청주시 서원구 청남로 2140,28702.0,1.0
MA010120220813703671,사람사랑산,남지점,R1,예술·스포츠,R104,유원지·오락,R10405,기타 오락장,R91229,기타 오락장 운영업,43,충청북도,43112,청주시 서원구,43112550,산남동,4311210400,산남동,4.3112104001058094e+18,1,대지,충청북도 청주시 서원구 산남동 581,431124511541,충청북도 청주시 서원구 산남로70번길,4.31131060010582e+24,충청북도 청주시 서원구 산남로70번길 34,28625.0,1.0
MA010120220812847276,지존마라탕청주,테크노점,I2,음식,I202,중식,I20202,마라탕/훠궈,I56121,중식 음식점업,43,충청북도,43113,청주시 흥덕구,43113770,강서2동,4311313400,송절동,4.3113134001082296e+18,1,대지,충청북도 청주시 흥덕구 송절동 823,431134855165,충청북도 청주시 흥덕구 송화로166번길,4.31131340010823e+24,충청북도 청주시 흥덕구 송화로166번길 7-7,28292.0,1.0
MA010120220806319671,뚜레쥬르,청주사천점,I2,음식,I210,기타 간이,I21001,빵/도넛,I56191,제과점업,43,충청북도,43114,청주시 청원구,43114540,율량.사천동,4311410400,사천동,4.3114104001041295e+18,1,대지,충청북도 청주시 청원구 사천동 413-3,431143236050,충청북도 청주시 청원구 율봉로,4.31111160010413e+24,충청북도 청주시 청원구 율봉로 43,28341.0,1.0
MA010120220805618183,세븐청주지웰시티점주,코리아,G2,소매,G204,종합 소매,G20405,편의점,G47122,체인화 편의점,43,충청북도,43113,청주시 흥덕구,43113741,복대1동,4311311400,복대동,4.31131140013379e+18,1,대지,충청북도 청주시 흥덕구 복대동 3379,431133237020,충청북도 청주시 흥덕구 대농로,4.31131140010584e+24,충청북도 청주시 흥덕구 대농로 17,28424.0,1.0
MA010120220805618137,아워홈한국야금주,진천점,I2,음식,I207,구내식당·뷔페,I20701,구내식당,I56130,기관 구내식당업,43,충청북도,43750,진천군,43750370,광혜원면,4375037027,광혜원면,4.3750370271076705e+18,1,대지,충청북도 진천군 광혜원면 광혜원리 767-1,437504535025,충청북도 진천군 광혜원면 광혜원산단2길,4.37503702710767e+24,충청북도 진천군 광혜원면 광혜원산단2길 54,27807.0,1.0
MA010120220801145183,홍석정원,진천점,I2,음식,I201,한식,I20108,소고기 구이/찜,I56113,한식 육류 요리 전문점,43,충청북도,43750,진천군,43750250,진천읍,4375025025,진천읍,4.37502502510532e+18,1,대지,충청북도 진천군 진천읍 성석리 532-7,437504535078,충청북도 진천군 진천읍 대촌1길,4.37502502510532e+24,충청북도 진천군 진천읍 대촌1길 19,27849.0,1.0
MA010120220804785232,파슨스현대백화점,충청점,G2,소매,G209,섬유·의복·신발 소매,G20905,기타 의류 소매업,G47419,기타 의복 소매업,43,충청북도,43113,청주시 흥덕구,43113741,복대1동,4311311400,복대동,4.3113114001338e+18,1,대지,충청북도 청주시 흥덕구 복대동 3380,431133236058,충청북도 청주시 흥덕구 직지대로,4.31131140010584e+24,충청북도 청주시 흥덕구 직지대로 308,28424.0,2.0
MA010120220805391268,본가장수촌,용암점,I2,음식,I201,한식,I20101,백반/한정식,I56111,한식 일반 음식점업,43,충청북도,43111,청주시 상당구,43111720,용암1동,4311112400,용암동,4.31111240010762e+18,1,대지,충청북도 청주시 상당구 용암동 762-3,431113236049,충청북도 청주시 상당구 월평로,4.31111240010762e+24,충청북도 청주시 상당구 월평로 125,28788.0,2.0
MA010120220806974324,어라운드스터디카페율량,사천점,R1,예술·스포츠,R102,도서관·사적지,R10202,독서실/스터디 카페,R90212,독서실 운영업,43,충청북도,43114,청주시 청원구,43114540,율량.사천동,4311410300,율량동,4.31141030010864e+18,1,대지,충청북도 청주시 청원구 율량동 864,431142014003,충청북도 청주시 청원구 충청대로,4.31111150010864e+24,충청북도 청주시 청원구 충청대로 157,28326.0,3.0
MA010120220806822117,이모션,코리아,M1,과학·기술,M109,기술 서비스,M10999,기타 엔지니어링 서비스업,M72129,기타 엔지니어링 서비스업,43,충청북도,43111,청주시 상당구,43111720,용암1동,4311112400,용암동,4.3111124001232097e+18,1,대지,충청북도 청주시 상당구 용암동 2321,431114508104,충청북도 청주시 상당구 낙영로12번길,4.31111240012321e+24,충청북도 청주시 상당구 낙영로12번길 3,28767.0,2.0
MA010120220812588547,리챠드프로헤어청주,지웰시티점,S2,수리·개인,S207,이용·미용,S20701,미용실,S96112,두발 미용업,43,충청북도,43113,청주시 흥덕구,43113741,복대1동,4311311400,복대동,4.31131140010288e+18,1,대지,충청북도 청주시 흥덕구 복대동 288-116,431133237020,충청북도 청주시 흥덕구 대농로,4.31131140010288e+24,충청북도 청주시 흥덕구 대농로 52,28427.0,2.0
MA010120220806445137,선물같은오늘,가경점,I2,음식,I210,기타 간이,I21001,빵/도넛,I56191,제과점업,43,충청북도,43113,청주시 흥덕구,43113747,가경동,4311311300,가경동,4.3113113001168497e+18,1,대지,충청북도 청주시 흥덕구 가경동 1685,431133237092,충청북도 청주시 흥덕구 풍년로,4.31131130011687e+24,충청북도 청주시 흥덕구 풍년로 26,28413.0,1.0
MA010120220800661582,올젠청주,롯데아울렛,G2,소매,G209,섬유·의복·신발 소매,G20901,남성 의류 소매업,G47411,남자용 겉옷 소매업,43,충청북도,43113,청주시 흥덕구,43113760,강서1동,4311313800,비하동,4.31131380010811e+18,1,대지,충청북도 청주시 흥덕구 비하동 811,431133014065,충청북도 청주시 흥덕구 2순환로,4.31131380010332e+24,충청북도 청주시 흥덕구 2순환로 1004,28360.0,3.0
MA010120220806851997,버거킹,산남점,I2,음식,I210,기타 간이,I21004,버거,I56192,피자; 햄버거; 샌드위치 및 유사 음식점업,43,충청북도,43112,청주시 서원구,43112550,산남동,4311210400,산남동,4.3112104001065e+18,1,대지,충청북도 청주시 서원구 산남동 650,431123237037,충청북도 청주시 서원구 산남로,4.3112104001065e+24,충청북도 청주시 서원구 산남로 48,28625.0,1.0
MA010120220813959074,미소페청주점,롯데아울렛,G2,소매,G209,섬유·의복·신발 소매,G20910,신발 소매업,G47430,신발 소매업,43,충청북도,43113,청주시 흥덕구,43113760,강서1동,4311313800,비하동,4.31131380010811e+18,1,대지,충청북도 청주시 흥덕구 비하동 811,431133014065,충청북도 청주시 흥덕구 2순환로,4.31131380010332e+24,충청북도 청주시 흥덕구 2순환로 1004,28360.0,1.0
MA010120220806508815,본죽비빔밥청주,테크노폴리스점,I2,음식,I201,한식,I20101,백반/한정식,I56111,한식 일반 음식점업,43,충청북도,43113,청주시 흥덕구,43113770,강서2동,4311313400,송절동,4.3113134001072e+18,1,대지,충청북도 청주시 흥덕구 송절동 720,431134855164,충청북도 청주시 흥덕구 송화로150번길,4.3113134001072e+24,충청북도 청주시 흥덕구 송화로150번길 21,28292.0,1.0
MA010120220812529897,레노마골프,모다아울렛,G2,소매,G209,섬유·의복·신발 소매,G20905,기타 의류 소매업,G47419,기타 의복 소매업,43,충청북도,43130,충주시,43130605,달천동,4313011400,달천동,4.31301140010786e+18,1,대지,충청북도 충주시 달천동 786-3,431302246001,충청북도 충주시 중원대로,4.31301140010786e+24,충청북도 충주시 중원대로 3683,27476.0,2.0
MA010120220807678958,좋은나무독서실,복대점,R1,예술·스포츠,R102,도서관·사적지,R10202,독서실/스터디 카페,R90212,독서실 운영업,43,충청북도,43113,청주시 흥덕구,43113741,복대1동,4311311400,복대동,4.3113114001306895e+18,1,대지,충청북도 청주시 흥덕구 복대동 3069,431133237021,충청북도 청주시 흥덕구 대신로,4.31131140013069e+24,충청북도 청주시 흥덕구 대신로 14,28423.0,5.0
MA010120220813498733,현대라이프워크,충청점,G2,소매,G209,섬유·의복·신발 소매,G20905,기타 의류 소매업,G47414,셔츠 및 블라우스 소매업,43,충청북도,43113,청주시 흥덕구,43113741,복대1동,4311311400,복대동,4.3113114001338e+18,1,대지,충청북도 청주시 흥덕구 복대동 3380,431133236058,충청북도 청주시 흥덕구 직지대로,4.31131140010584e+24,충청북도 청주시 흥덕구 직지대로 308,28424.0,1.0
MA010120220808109228,프렌즈스크린골프,산남점,R1,예술·스포츠,R103,스포츠 서비스,R10311,골프 연습장,R91136,골프 연습장 운영업,43,충청북도,43112,청주시 서원구,43112550,산남동,4311210400,산남동,4.31121040010334e+18,1,대지,충청북도 청주시 서원구 산남동 334-3,431123237013,충청북도 청주시 서원구 구룡산로,4.31121040010334e+24,충청북도 청주시 서원구 구룡산로 215-6,28640.0,3.0
MA010120220813283957,청호나이스렌탈,청원점,N1,시설관리·임대,N110,가정용품 대여,N11099,기타 개인/가정용품 대여업,N76299,그 외 기타 개인 및 가정용품 임대업,43,충청북도,43114,청주시 청원구,43114540,율량.사천동,4311410300,율량동,4.31141030011066e+18,1,대지,충청북도 청주시 청원구 율량동 1066,431142014003,충청북도 청주시 청원구 충청대로,4.31111150011066e+24,충청북도 청주시 청원구 충청대로 113,28333.0,2.0
MA010120220812912591,동네포차주민,지웰시티점,I2,음식,I201,한식,I20101,백반/한정식,I56111,한식 일반 음식점업,43,충청북도,43113,청주시 흥덕구,43113741,복대1동,4311311400,복대동,4.31131140013379e+18,1,대지,충청북도 청주시 흥덕구 복대동 3379,431133237020,충청북도 청주시 흥덕구 대농로,4.31131140010288e+24,충청북도 청주시 흥덕구 대농로 43,28424.0,1.0
MA010120220808720790,비비큐교현,스타점,I2,음식,I210,기타 간이,I21006,치킨,I56193,치킨 전문점,43,충청북도,43130,충주시,43130535,교현.안림동,4313010500,교현동,4.31301050010463e+18,1,대지,충청북도 충주시 교현동 463-1,431304514921,충청북도 충주시 신호4길,4.31301050010463e+24,충청북도 충주시 신호4길 26,27380.0,1.0
MA010120220812089178,안경매니져,음성점,G2,소매,G216,안경·정밀기기 소매,G21602,안경렌즈 소매업,G47822,안경 및 렌즈 소매업,43,충청북도,43770,음성군,43770250,음성읍,4377025021,음성읍,4.37702502110307e+18,1,대지,충청북도 음성군 음성읍 읍내리 307-2,437703247032,충청북도 음성군 음성읍 시장로,4.37702502110307e+24,충청북도 음성군 음성읍 시장로 111,27696.0,1.0
MA010120220805992509,크리스피크림도넛충주,연수점,I2,음식,I210,기타 간이,I21001,빵/도넛,I56191,제과점업,43,충청북도,43130,충주시,43130630,연수동,4313011800,연수동,4.31301180011712e+18,1,대지,충청북도 충주시 연수동 1712,431302238001,충청북도 충주시 계명대로,4.31301180011712e+24,충청북도 충주시 계명대로 228,27372.0,1.0
MA010120220805242521,지에스25강서,중앙점,G2,소매,G204,종합 소매,G20405,편의점,G47122,체인화 편의점,43,충청북도,43113,청주시 흥덕구,43113760,강서1동,4311311700,강서동,4.3113117001008696e+18,1,대지,충청북도 청주시 흥덕구 강서동 87-7,431134511087,충청북도 청주시 흥덕구 가로수로1154번길,4.31131170010087e+24,충청북도 청주시 흥덕구 가로수로1154번길 35,28376.0,1.0
MA010120220803784939,메가엠지씨커피청주가로수,마을점,I2,음식,I212,비알코올,I21201,카페,I56221,커피 전문점,43,충청북도,43113,청주시 흥덕구,43113747,가경동,4311311300,가경동,4.3113113001198495e+18,1,대지,충청북도 청주시 흥덕구 가경동 1985,431133237047,충청북도 청주시 흥덕구 서현북로,4.31131130011985e+24,충청북도 청주시 흥덕구 서현북로 60,28383.0,1.0
MA010120220805704814,디자인갤러리()주,음성지점,N1,시설관리·임대,N108,기타 사업 서비스,N10805,포장/충전업,N75994,포장 및 충전업,43,충청북도,43770,음성군,43770250,음성읍,4377025022,음성읍,4.3770250221043297e+18,1,대지,충청북도 음성군 음성읍 평곡리 433-13,437703014056,충청북도 음성군 음성읍 한불로,4.37702502210433e+24,충청북도 음성군 음성읍 한불로 83,27698.0,1.0
MA010120220807654611,씨유오창,센터점,G2,소매,G204,종합 소매,G20405,편의점,G47122,체인화 편의점,43,충청북도,43114,청주시 청원구,43114253,오창읍,4311425345,오창읍,4.3114253451079695e+18,1,대지,충청북도 청주시 청원구 오창읍 양청리 797-1,431143240076,충청북도 청주시 청원구 오창읍 중심상업2로,4.37102534500797e+24,충청북도 청주시 청원구 오창읍 중심상업2로 9-38,28119.0,1.0
MA010120220803509259,씨제이올리브영청주,가경점,G2,소매,G215,의약·화장품 소매,G21503,화장품 소매업,G47813,화장품; 비누 및 방향제 소매업,43,충청북도,43113,청주시 흥덕구,43113747,가경동,4311311300,가경동,4.3113113001170294e+18,1,대지,충청북도 청주시 흥덕구 가경동 1703,431133014066,충청북도 청주시 흥덕구 서부로,4.31131130011703e+24,충청북도 청주시 흥덕구 서부로 1307,28413.0,1.0
MA010120220809620374,세븐일레븐충주,남산점,G2,소매,G204,종합 소매,G20405,편의점,G47122,체인화 편의점,43,충청북도,43130,충주시,43130535,교현.안림동,4313010500,교현동,4.3130105001105894e+18,1,대지,충청북도 충주시 교현동 1059,431304514189,충청북도 충주시 남산6길,4.31301050011059e+24,충청북도 충주시 남산6길 31,27396.0,1.0
MA010120220812388093,올리브영청주,분평점,G2,소매,G215,의약·화장품 소매,G21503,화장품 소매업,G47813,화장품; 비누 및 방향제 소매업,43,충청북도,43112,청주시 서원구,43112560,분평동,4311210600,분평동,4.31121060011376e+18,1,대지,충청북도 청주시 서원구 분평동 1376,431124512136,충청북도 청주시 서원구 1순환로1107번길,4.31131080011376e+24,충청북도 청주시 서원구 1순환로1107번길 40,28800.0,1.0
MA010120220801448296,글로벌파트너,괴산지점,N1,시설관리·임대,N109,운송장비 대여,N10901,자동차 대여업,N76110,자동차 임대업,43,충청북도,43760,괴산군,43760250,괴산읍,4376025021,괴산읍,4.3760250211019295e+18,1,대지,충청북도 괴산군 괴산읍 동부리 193-5,437603246004,충청북도 괴산군 괴산읍 괴강로,4.37602502110193e+24,충청북도 괴산군 괴산읍 괴강로 23,28031.0,2.0
MA010120220804125228,우리할매떡볶이,음성점,I2,음식,I210,기타 간이,I21007,김밥/만두/분식,I56194,김밥 및 기타 간이 음식점업,43,충청북도,43770,음성군,43770250,음성읍,4377025029,음성읍,4.3770250291025106e+18,1,대지,충청북도 음성군 음성읍 신천리 251-6,437704541542,충청북도 음성군 음성읍 중앙로40번길,4.37702502910251e+24,충청북도 음성군 음성읍 중앙로40번길 6,27706.0,1.0
MA010120220805681111,휴대폰할인매장,금왕점,G2,소매,G208,가전·통신 소매,G20802,핸드폰 소매업,G47312,통신기기 소매업,43,충청북도,43770,음성군,43770253,금왕읍,4377025321,금왕읍,4.37702532110244e+18,1,대지,충청북도 음성군 금왕읍 무극리 244-24,437704541210,충청북도 음성군 금왕읍 무극로285번길,4.37702532110244e+24,충청북도 음성군 금왕읍 무극로285번길 1,27629.0,1.0
MA010120220805352197,쿠론현대백화점,충청점,G2,소매,G209,섬유·의복·신발 소매,G20911,가방 소매업,G47440,가방 및 기타 가죽제품 소매업,43,충청북도,43113,청주시 흥덕구,43113741,복대1동,4311311400,복대동,4.3113114001338e+18,1,대지,충청북도 청주시 흥덕구 복대동 3380,431133236058,충청북도 청주시 흥덕구 직지대로,4.31131140010584e+24,충청북도 청주시 흥덕구 직지대로 308,28424.0,1.0
MA010120220813816248,와인,코리아,G2,소매,G206,음료 소매,G20602,주류 소매업,G47221,음료 소매업,43,충청북도,43114,청주시 청원구,43114510,우암동,4311410100,우암동,4.31141010010354e+18,1,대지,충청북도 청주시 청원구 우암동 354-14,431143236058,충청북도 청주시 청원구 직지대로,4.31111130010354e+24,충청북도 청주시 청원구 직지대로 867,28488.0,1.0
MA010120220809327135,불닭발땡초엽기떡볶이개신점,동대문,I2,음식,I210,기타 간이,I21007,김밥/만두/분식,I56194,김밥 및 기타 간이 음식점업,43,충청북도,43112,청주시 서원구,43112590,성화.개신.죽림동,4311210900,개신동,4.3112109001069297e+18,1,대지,충청북도 청주시 서원구 개신동 693,431123237030,충청북도 청주시 서원구 복대로,4.31131110010693e+24,충청북도 청주시 서원구 복대로 23,28612.0,1.0
MA010120220806730805,씨유청주,성안점,G2,소매,G204,종합 소매,G20405,편의점,G47122,체인화 편의점,43,충청북도,43111,청주시 상당구,43111545,성안동,4311110800,서운동,4.31111080010038e+18,1,대지,충청북도 청주시 상당구 서운동 38-21,431113236014,충청북도 청주시 상당구 대성로,4.31111080010038e+24,충청북도 청주시 상당구 대성로 69,28715.0,1.0
MA010120220811218864,압구정불닭발,용산점,I2,음식,I211,주점,I21104,요리 주점,I56219,기타 주점업,43,충청북도,43130,충주시,43130550,용산동,4313010600,용산동,4.31301060010116e+18,1,대지,충청북도 충주시 용산동 116,431304515131,충청북도 충주시 용정4길,4.31301060010116e+24,충청북도 충주시 용정4길 3-1,27394.0,1.0
MA010120220809229550,휴대폰빵집,충북대점,G2,소매,G208,가전·통신 소매,G20802,핸드폰 소매업,G47312,통신기기 소매업,43,충청북도,43113,청주시 흥덕구,43113742,복대2동,4311311400,복대동,4.3113114001088497e+18,1,대지,충청북도 청주시 흥덕구 복대동 885-5,431133237019,충청북도 청주시 흥덕구 내수동로,4.31131140010885e+24,충청북도 청주시 흥덕구 내수동로 57,28641.0,1.0
MA010120220807821692,청주배드민턴,전문점,G2,소매,G213,오락용품 소매,G21304,운동용품 소매업,G47631,운동 및 경기용품 소매업,43,충청북도,43113,청주시 흥덕구,43113747,가경동,4311311300,가경동,4.31131130010171e+18,1,대지,충청북도 청주시 흥덕구 가경동 171-12,431133237007,충청북도 청주시 흥덕구 경산로,4.31131130010171e+24,충청북도 청주시 흥덕구 경산로 51,28398.0,1.0
MA010120220806693315,다이나핏청주점,롯데아울렛,G2,소매,G209,섬유·의복·신발 소매,G20905,기타 의류 소매업,G47419,기타 의복 소매업,43,충청북도,43113,청주시 흥덕구,43113760,강서1동,4311313800,비하동,4.31131380010811e+18,1,대지,충청북도 청주시 흥덕구 비하동 811,431133014065,충청북도 청주시 흥덕구 2순환로,4.31131380010332e+24,충청북도 청주시 흥덕구 2순환로 1004,28360.0,3.0
MA010120220810205005,현대백화점핑,충청점,G2,소매,G209,섬유·의복·신발 소매,G20905,기타 의류 소매업,G47419,기타 의복 소매업,43,충청북도,43113,청주시 흥덕구,43113741,복대1동,4311311400,복대동,4.3113114001338e+18,1,대지,충청북도 청주시 흥덕구 복대동 3380,431133236058,충청북도 청주시 흥덕구 직지대로,4.31131140010584e+24,충청북도 청주시 흥덕구 직지대로 308,28424.0,5.0
MA010120220805559610,뚜레쥬르성모,병원점,I2,음식,I210,기타 간이,I21001,빵/도넛,I56191,제과점업,43,충청북도,43114,청주시 청원구,43114550,오근장동,4311410600,주중동,4.31141060010589e+18,1,대지,충청북도 청주시 청원구 주중동 589-5,431143236054,충청북도 청주시 청원구 주성로,4.31111320010589e+24,충청북도 청주시 청원구 주성로 173-19,28323.0,1.0
MA010120220805091303,두마리찜닭두찜청주,용암점,I2,음식,I201,한식,I20110,닭/오리고기 구이/찜,I56111,한식 일반 음식점업,43,충청북도,43111,청주시 상당구,43111720,용암1동,4311112400,용암동,4.3111124001223296e+18,1,대지,충청북도 청주시 상당구 용암동 2233,431114508111,충청북도 청주시 상당구 낙영로3번길,4.31111240012233e+24,충청북도 청주시 상당구 낙영로3번길 24,28766.0,1.0
MA010120220809892015,송화잔기지떡충주,제천점,I2,음식,I210,기타 간이,I21002,떡/한과,C10711,떡류 제조업,43,충청북도,43130,충주시,43130630,연수동,4313011800,연수동,4.3130118001129206e+18,1,대지,충청북도 충주시 연수동 1292,431303238005,충청북도 충주시 금릉로,4.31301180011292e+24,충청북도 충주시 금릉로 87,27356.0,1.0
MA010120220812039903,청주전자담배용암방서점,백화점,G2,소매,G207,담배 소매,G20701,담배/전자담배 소매업,G47222,담배 소매업,43,충청북도,43111,청주시 상당구,43111730,용암2동,4311112600,방서동,4.31111260010126e+18,1,대지,충청북도 청주시 상당구 방서동 126-31,431113236018,충청북도 청주시 상당구 무농정로,4.31111260010126e+24,충청북도 청주시 상당구 무농정로 42,28783.0,1.0
MA010120220806327033,샤브쌈주머니,청주대점,I2,음식,I201,한식,I20105,국수/칼국수,I56111,한식 일반 음식점업,43,충청북도,43114,청주시 청원구,43114510,우암동,4311410100,우암동,4.3114101001011e+18,1,대지,충청북도 청주시 청원구 우암동 110-1,431143236027,충청북도 청주시 청원구 상당로,4.3111113001011e+24,충청북도 청주시 청원구 상당로 243,28536.0,2.0
MA010120220805353437,비에이치씨청주,터미널점,I2,음식,I210,기타 간이,I21006,치킨,I56193,치킨 전문점,43,충청북도,43113,청주시 흥덕구,43113747,가경동,4311311300,가경동,4.3113113001146706e+18,1,대지,충청북도 청주시 흥덕구 가경동 1467-14,431133237092,충청북도 청주시 흥덕구 풍년로,4.31131130011467e+24,충청북도 청주시 흥덕구 풍년로 111,28404.0,1.0
MA010120220805547780,트라이,율량점,G2,소매,G209,섬유·의복·신발 소매,G20905,기타 의류 소매업,G47413,속옷 및 잠옷 소매업,43,충청북도,43114,청주시 청원구,43114540,율량.사천동,4311410300,율량동,4.31141030011299e+18,1,대지,충청북도 청주시 청원구 율량동 1299,431143236023,충청북도 청주시 청원구 사뜸로,4.31141030011299e+24,충청북도 청주시 청원구 사뜸로 54,28349.0,1.0
MA010120220805500525,파리바게뜨,터미널점,I2,음식,I210,기타 간이,I21001,빵/도넛,I56191,제과점업,43,충청북도,43113,청주시 흥덕구,43113747,가경동,4311311300,가경동,4.31131130011451e+18,1,대지,충청북도 청주시 흥덕구 가경동 1451-1,431133237092,충청북도 청주시 흥덕구 풍년로,4.31131130011451e+24,충청북도 청주시 흥덕구 풍년로 148-1,28399.0,1.0
MA010120220805591717,이니스프리드림,플러스점,G2,소매,G215,의약·화장품 소매,G21503,화장품 소매업,G47813,화장품; 비누 및 방향제 소매업,43,충청북도,43113,청주시 흥덕구,43113747,가경동,4311311300,가경동,4.31131130011416e+18,1,대지,충청북도 청주시 흥덕구 가경동 1416-3,431133014065,충청북도 청주시 흥덕구 2순환로,4.31131130011416e+24,충청북도 청주시 흥덕구 2순환로 1233,28396.0,1.0
MA010120220809289281,두툼이생고기,분평점,I2,음식,I201,한식,I20107,돼지고기 구이/찜,I56113,한식 육류 요리 전문점,43,충청북도,43112,청주시 서원구,43112560,분평동,4311210600,분평동,4.31121060011298e+18,1,대지,충청북도 청주시 서원구 분평동 1298,431124511742,충청북도 청주시 서원구 원마루로20번길,4.31131080011298e+24,충청북도 청주시 서원구 원마루로20번길 8-3,28794.0,1.0
MA010120220805620346,피부미용협동조합,코리아,G2,소매,G215,의약·화장품 소매,G21503,화장품 소매업,G47813,화장품; 비누 및 방향제 소매업,43,충청북도,43112,청주시 서원구,43112560,분평동,4311210600,분평동,4.31121060011258e+18,1,대지,충청북도 청주시 서원구 분평동 1258,431123236049,충청북도 청주시 서원구 월평로,4.31131080011258e+24,충청북도 청주시 서원구 월평로 78,28794.0,4.0
MA010120220805552341,청주산고등어,전문점,I2,음식,I201,한식,I20112,해산물 구이/찜,I56114,한식 해산물 요리 전문점,43,충청북도,43113,청주시 흥덕구,43113756,봉명2.송정동,4311311500,봉명동,4.31131150012866e+18,1,대지,충청북도 청주시 흥덕구 봉명동 2866,431134511373,충청북도 청주시 흥덕구 백봉로183번길,4.31131150012866e+24,충청북도 청주시 흥덕구 백봉로183번길 6,28463.0,1.0
MA010120220805431268,맘스터치,분평점,I2,음식,I210,기타 간이,I21004,버거,I56192,피자; 햄버거; 샌드위치 및 유사 음식점업,43,충청북도,43112,청주시 서원구,43112560,분평동,4311210600,분평동,4.31121060011384e+18,1,대지,충청북도 청주시 서원구 분평동 1384,431124512136,충청북도 청주시 서원구 1순환로1107번길,4.31131080011384e+24,충청북도 청주시 서원구 1순환로1107번길 17,28799.0,1.0
MA010120220802282000,이마트24,청주대점,G2,소매,G204,종합 소매,G20405,편의점,G47122,체인화 편의점,43,충청북도,43114,청주시 청원구,43114530,내덕2동,4311410200,내덕동,4.31141020010046e+18,1,대지,충청북도 청주시 청원구 내덕동 46-3,431144508326,충청북도 청주시 청원구 상당로302번길,4.31141020010046e+24,충청북도 청주시 청원구 상당로302번길 121,28502.0,1.0
MA010120220801939705,세븐일레븐청주금천,골드점,G2,소매,G204,종합 소매,G20405,편의점,G47122,체인화 편의점,43,충청북도,43111,청주시 상당구,43111680,금천동,4311112000,금천동,4.3111120001037906e+18,1,대지,충청북도 청주시 상당구 금천동 379,431114508615,충청북도 청주시 상당구 중고개로236번길,4.31111200010379e+24,충청북도 청주시 상당구 중고개로236번길 9,28751.0,1.0
MA010120220807760753,선물같은오늘,용암점,I2,음식,I210,기타 간이,I21001,빵/도넛,I56191,제과점업,43,충청북도,43111,청주시 상당구,43111730,용암2동,4311112400,용암동,4.31111240012086e+18,1,대지,충청북도 청주시 상당구 용암동 2086,431113236049,충청북도 청주시 상당구 월평로,4.31111240012086e+24,충청북도 청주시 상당구 월평로 225,28781.0,1.0
MA010120220810488077,피자콜충주,본점,I2,음식,I210,기타 간이,I21003,피자,I56192,피자; 햄버거; 샌드위치 및 유사 음식점업,43,충청북도,43130,충주시,43130550,용산동,4313010600,용산동,4.31301060010335e+18,1,대지,충청북도 충주시 용산동 335,431303238049,충청북도 충주시 용산로,4.31301060010335e+24,충청북도 충주시 용산로 33,27394.0,1.0
MA010120220814027851,옥천D/C,백화점,G2,소매,G204,종합 소매,G20499,그 외 기타 종합 소매업,G47190,그 외 기타 종합 소매업,43,충청북도,43730,옥천군,43730250,옥천읍,4373025036,옥천읍,4.3730250361000494e+18,1,대지,충청북도 옥천군 옥천읍 금구리 5-68,437304526171,충청북도 옥천군 옥천읍 삼금로5길,4.37302503610005e+24,충청북도 옥천군 옥천읍 삼금로5길 5-14,29038.0,2.0
MA010120220812807521,K비젼안경충북,혁신도시점,G2,소매,G216,안경·정밀기기 소매,G21602,안경렌즈 소매업,G47822,안경 및 렌즈 소매업,43,충청북도,43770,음성군,43770330,맹동면,4377033031,맹동면,4.377033031104701e+18,1,대지,충청북도 음성군 맹동면 동성리 470,437703247073,충청북도 음성군 맹동면 사예로,4.37703302810525e+24,충청북도 음성군 맹동면 사예로 56,27738.0,1.0
MA010120220806324415,비에이치,코리아,I2,음식,I212,비알코올,I21201,카페,I56221,커피 전문점,43,충청북도,43114,청주시 청원구,43114253,오창읍,4311425345,오창읍,4.3114253451082097e+18,1,대지,충청북도 청주시 청원구 오창읍 양청리 821-2,431142014001,충청북도 청주시 청원구 오창읍 오창대로,4.37102534500821e+24,충청북도 청주시 청원구 오창읍 오창대로 315,28120.0,1.0
MA010120220806332824,가위소리남성컷,전문점,S2,수리·개인,S207,이용·미용,S20701,미용실,S96112,두발 미용업,43,충청북도,43111,청주시 상당구,43111690,용담.명암.산성동,4311112100,용담동,4.3111121001042294e+18,1,대지,충청북도 청주시 상당구 용담동 423,431113236062,충청북도 청주시 상당구 호미로,4.31111210010423e+24,충청북도 청주시 상당구 호미로 319,28745.0,2.0
MA010120220802993722,전주24시자연담은노랑콩,사천점,I2,음식,I201,한식,I20101,백반/한정식,I56111,한식 일반 음식점업,43,충청북도,43114,청주시 청원구,43114540,율량.사천동,4311410400,사천동,4.31141040010022e+18,1,대지,충청북도 청주시 청원구 사천동 22-20,431143236064,충청북도 청주시 청원구 공항로,4.31111160010022e+24,충청북도 청주시 청원구 공항로 159-1,28338.0,1.0
MA010120220806826684,샹떼PC방청주,율량점,R1,예술·스포츠,R104,유원지·오락,R10406,PC방,R91222,컴퓨터 게임방 운영업,43,충청북도,43114,청주시 청원구,43114540,율량.사천동,4311410300,율량동,4.31141030012057e+18,1,대지,충청북도 청주시 청원구 율량동 2057,431144844107,충청북도 청주시 청원구 율량로202번길,4.31141030012057e+24,충청북도 청주시 청원구 율량로202번길 28,28320.0,2.0
MA010120220807901046,두리메링게듀레베이커리,호암점,I2,음식,I210,기타 간이,I21001,빵/도넛,I56191,제과점업,43,충청북도,43130,충주시,43130580,호암.직동,4313010700,호암동,4.3130107001068e+18,1,대지,충청북도 충주시 호암동 680,431302246001,충청북도 충주시 중원대로,4.3130107001068e+24,충청북도 충주시 중원대로 3250,27502.0,2.0
MA010120220810289675,불난술집,첨단점,I2,음식,I211,주점,I21104,요리 주점,I56219,기타 주점업,43,충청북도,43130,충주시,43130335,대소원면,4313033531,대소원면,4.3130335311064494e+18,1,대지,충청북도 충주시 대소원면 본리 645,431303238097,충청북도 충주시 대소원면 첨단산업4로,4.31303353110645e+24,충청북도 충주시 대소원면 첨단산업4로 24,27466.0,1.0
MA010120220805563429,원할머니보쌈,가경점,I2,음식,I201,한식,I20103,족발/보쌈,I56111,한식 일반 음식점업,43,충청북도,43113,청주시 흥덕구,43113747,가경동,4311311300,가경동,4.311311300114621e+18,1,대지,충청북도 청주시 흥덕구 가경동 1462-7,431133237092,충청북도 청주시 흥덕구 풍년로,4.31131130011462e+24,충청북도 청주시 흥덕구 풍년로 121,28404.0,1.0
MA010120220805600129,뚜레쥬르,봉명점,I2,음식,I210,기타 간이,I21001,빵/도넛,I56191,제과점업,43,충청북도,43113,청주시 흥덕구,43113756,봉명2.송정동,4311311500,봉명동,4.3113115001269e+18,1,대지,충청북도 청주시 흥덕구 봉명동 2690,431134511253,충청북도 청주시 흥덕구 덕암로114번길,4.3113115001269e+24,충청북도 청주시 흥덕구 덕암로114번길 37,28465.0,1.0
MA010120220808027173,오땡큐,율량점,S2,수리·개인,S207,이용·미용,S20701,미용실,S96112,두발 미용업,43,충청북도,43114,청주시 청원구,43114540,율량.사천동,4311410300,율량동,4.3114103001082097e+18,1,대지,충청북도 청주시 청원구 율량동 821,431144508575,충청북도 청주시 청원구 율봉로175번길,4.31111150010821e+24,충청북도 청주시 청원구 율봉로175번길 19,28328.0,1.0
MA010120220802773327,잉크충전369제천,1호점,G2,소매,G213,오락용품 소매,G21302,문구/회화용품 소매업,G47612,문구용품 및 회화용품 소매업,43,충청북도,43150,제천시,43150528,중앙동,4315010100,의림동,4.3150101001014006e+18,1,대지,충청북도 제천시 의림동 140,431504517493,충청북도 제천시 숭문로11길,4.3150101001014e+24,충청북도 제천시 숭문로11길 11,27170.0,2.0
MA010120220811992207,레푸스청주,복대점,S2,수리·개인,S207,이용·미용,S20702,피부 관리실,S96113,피부 미용업,43,충청북도,43113,청주시 흥덕구,43113741,복대1동,4311311400,복대동,4.3113114001033697e+18,1,대지,충청북도 청주시 흥덕구 복대동 337-15,431133237078,충청북도 청주시 흥덕구 죽천로,4.31131140010337e+24,충청북도 청주시 흥덕구 죽천로 83,28426.0,2.0
MA010120220803826232,소문난장터순대,1호점,I2,음식,I201,한식,I20102,국/탕/찌개류,I56111,한식 일반 음식점업,43,충청북도,43745,증평군,43745250,증평읍,4374525025,증평읍,4.37452502510173e+18,1,대지,충청북도 증평군 증평읍 신동리 173,437453244017,충청북도 증평군 증평읍 장뜰로,4.37452502510173e+24,충청북도 증평군 증평읍 장뜰로 27,27937.0,1.0
MA010120220811748848,예향정충주신,연수점,I2,음식,I201,한식,I20101,백반/한정식,I56111,한식 일반 음식점업,43,충청북도,43130,충주시,43130630,연수동,4313011800,연수동,4.31301180011545e+18,1,대지,충청북도 충주시 연수동 1545,431304515531,충청북도 충주시 연수동산로7길,4.31301180011545e+24,충청북도 충주시 연수동산로7길 7,27352.0,1.0
MA010120220810492827,본죽,하복대점,I2,음식,I201,한식,I20101,백반/한정식,I56111,한식 일반 음식점업,43,충청북도,43113,청주시 흥덕구,43113741,복대1동,4311311400,복대동,4.31131140012573e+18,1,대지,충청북도 청주시 흥덕구 복대동 2573,431133237079,충청북도 청주시 흥덕구 증안로,4.31131140012573e+24,충청북도 청주시 흥덕구 증안로 28-1,28416.0,1.0
MA010120220806626088,속옷세일타운,남문점,G2,소매,G209,섬유·의복·신발 소매,G20905,기타 의류 소매업,G47413,속옷 및 잠옷 소매업,43,충청북도,43111,청주시 상당구,43111545,성안동,4311110500,남문로1가,4.31111050010082e+18,1,대지,충청북도 청주시 상당구 남문로1가 82-4,431113236031,충청북도 청주시 상당구 성안로,4.31111050010082e+24,충청북도 청주시 상당구 성안로 71,28531.0,2.0
MA010120220809196025,이츠펫,가경점,G2,소매,G220,애완동물·용품 소매,G22001,애완동물/애완용품 소매업,G47852,애완용 동물 및 관련용품 소매업,43,충청북도,43113,청주시 흥덕구,43113747,가경동,4311311300,가경동,4.31131130011453e+18,1,대지,충청북도 청주시 흥덕구 가경동 1453-2,431133237093,충청북도 청주시 흥덕구 풍산로,4.31131130011453e+24,충청북도 청주시 흥덕구 풍산로 38,28399.0,1.0
MA010120220805278010,돈수백,율량점,I2,음식,I201,한식,I20102,국/탕/찌개류,I56111,한식 일반 음식점업,43,충청북도,43114,청주시 청원구,43114550,오근장동,4311410500,주성동,4.3114105001039606e+18,1,대지,충청북도 청주시 청원구 주성동 396,431144571735,충청북도 청주시 청원구 율량로138번길,4.31111310010396e+24,충청북도 청주시 청원구 율량로138번길 62-8,28318.0,1.0
MA010120220801522990,골목미장원가경,비하점,S2,수리·개인,S207,이용·미용,S20701,미용실,S96112,두발 미용업,43,충청북도,43113,청주시 흥덕구,43113760,강서1동,4311313800,비하동,4.31131380010166e+18,1,대지,충청북도 청주시 흥덕구 비하동 166-5,431134511447,충청북도 청주시 흥덕구 비하로63번길,4.31131380010166e+24,충청북도 청주시 흥덕구 비하로63번길 37,28363.0,2.0
MA010120220814011275,할리스커피청주성모,병원점,I2,음식,I212,비알코올,I21201,카페,I56221,커피 전문점,43,충청북도,43114,청주시 청원구,43114550,오근장동,4311410600,주중동,4.31141060010589e+18,1,대지,충청북도 청주시 청원구 주중동 589-5,431143236054,충청북도 청주시 청원구 주성로,4.31111320010589e+24,충청북도 청주시 청원구 주성로 173-19,28323.0,1.0
MA010120220806069749,롯데리아홈플러스,오창점,I2,음식,I210,기타 간이,I21004,버거,I56192,피자; 햄버거; 샌드위치 및 유사 음식점업,43,충청북도,43114,청주시 청원구,43114253,오창읍,4311425345,오창읍,4.3114253451082e+18,1,대지,충청북도 청주시 청원구 오창읍 양청리 820,431143240075,충청북도 청주시 청원구 오창읍 중심상업1로,4.3710253451082e+24,충청북도 청주시 청원구 오창읍 중심상업1로 8-11,28120.0,2.0
MA010120220809373163,보배반점충주,호암점,I2,음식,I202,중식,I20201,중국집,I56113,한식 육류 요리 전문점,43,충청북도,43130,충주시,43130580,호암.직동,4313010700,호암동,4.31301070011216e+18,1,대지,충청북도 충주시 호암동 1216,431303352070,충청북도 충주시 호암토성2로,4.31301070011216e+24,충청북도 충주시 호암토성2로 3,27480.0,2.0
MA010120220814215325,오엑스피시,충북대점,R1,예술·스포츠,R104,유원지·오락,R10406,PC방,R91222,컴퓨터 게임방 운영업,43,충청북도,43112,청주시 서원구,43112530,사창동,4311210200,사창동,4.31121020010476e+18,1,대지,충청북도 청주시 서원구 사창동 476,431124512173,충청북도 청주시 서원구 1순환로674번길,4.31131020010476e+24,충청북도 청주시 서원구 1순환로674번길 21,28643.0,3.0
MA010120220805637011,씨유충주수안보,온천점,G2,소매,G204,종합 소매,G20405,편의점,G47122,체인화 편의점,43,충청북도,43130,충주시,43130325,수안보면,4313032521,수안보면,4.3130325211029094e+18,1,대지,충청북도 충주시 수안보면 온천리 291-6,431303238053,충청북도 충주시 수안보면 주정산로,4.31303252110291e+24,충청북도 충주시 수안보면 주정산로 34,27497.0,1.0
MA010120220802505960,으뜸플러스안경충북,제천점,G2,소매,G216,안경·정밀기기 소매,G21602,안경렌즈 소매업,G47822,안경 및 렌즈 소매업,43,충청북도,43150,제천시,43150528,중앙동,4315010600,중앙로1가,4.31501060010114e+18,1,대지,충청북도 제천시 중앙로1가 114-1,431502239002,충청북도 제천시 의림대로,4.31501060010114e+24,충청북도 제천시 의림대로 108-1,27173.0,2.0
MA010120220805593781,횟집,해운대,I2,음식,I201,한식,I20111,횟집,I56114,한식 해산물 요리 전문점,43,충청북도,43112,청주시 서원구,43112590,성화.개신.죽림동,4311210900,개신동,4.3112109001000095e+18,1,대지,충청북도 청주시 서원구 개신동 1-15,431124511703,충청북도 청주시 서원구 예체로1번길,4.31131110010001e+24,충청북도 청주시 서원구 예체로1번길 38,28667.0,1.0
MA010120220803407264,오렌즈청주,지웰시티점,G2,소매,G216,안경·정밀기기 소매,G21602,안경렌즈 소매업,G47822,안경 및 렌즈 소매업,43,충청북도,43113,청주시 흥덕구,43113741,복대1동,4311311400,복대동,4.31131140010288e+18,1,대지,충청북도 청주시 흥덕구 복대동 288-17,431133237020,충청북도 청주시 흥덕구 대농로,4.31131140010288e+24,충청북도 청주시 흥덕구 대농로 48,28427.0,1.0
MA010120220803141803,신통치킨,수곡점,I2,음식,I210,기타 간이,I21006,치킨,I56193,치킨 전문점,43,충청북도,43112,청주시 서원구,43112580,수곡2동,4311210700,수곡동,4.31121070010915e+18,1,대지,충청북도 청주시 서원구 수곡동 915,431124511620,충청북도 청주시 서원구 수곡로37번길,4.31131090010915e+24,충청북도 청주시 서원구 수곡로37번길 2,28697.0,1.0
MA010120220809652797,이디야커피분평,중앙점,I2,음식,I212,비알코올,I21201,카페,I56221,커피 전문점,43,충청북도,43112,청주시 서원구,43112560,분평동,4311210600,분평동,4.3112106001121894e+18,1,대지,충청북도 청주시 서원구 분평동 1219,431123236067,충청북도 청주시 서원구 청남로,4.31121060011219e+24,충청북도 청주시 서원구 청남로 2018,28790.0,1.0
MA010120220803065120,크린토피아코인워시,청주봉명점,S2,수리·개인,S209,세탁,S20902,셀프 빨래방,S96912,가정용 세탁업,43,충청북도,43113,청주시 흥덕구,43113756,봉명2.송정동,4311311500,봉명동,4.31131150012761e+18,1,대지,충청북도 청주시 흥덕구 봉명동 2761,431134511257,충청북도 청주시 흥덕구 덕암로30번길,4.31131150012761e+24,충청북도 청주시 흥덕구 덕암로30번길 12,28463.0,1.0
MA010120220806958136,올포유충북,옥천점,G2,소매,G209,섬유·의복·신발 소매,G20905,기타 의류 소매업,G47414,셔츠 및 블라우스 소매업,43,충청북도,43730,옥천군,43730250,옥천읍,4373025036,옥천읍,4.3730250361000494e+18,1,대지,충청북도 옥천군 옥천읍 금구리 5-1,437303242048,충청북도 옥천군 옥천읍 중앙로,4.37302503610005e+24,충청북도 옥천군 옥천읍 중앙로 55,29038.0,1.0
MA010120220805434617,모시떡모시로,전문점,I2,음식,I210,기타 간이,I21002,떡/한과,G47216,빵류; 과자류 및 당류 소매업,43,충청북도,43114,청주시 청원구,43114510,우암동,4311410100,우암동,4.31141010010787e+18,1,대지,충청북도 청주시 청원구 우암동 787-4,431143236019,충청북도 청주시 청원구 무심동로,4.31111130010787e+24,충청북도 청주시 청원구 무심동로 540-1,28484.0,2.0
MA010120220802938000,정글비청주,분평점,I2,음식,I210,기타 간이,I21003,피자,I56192,피자; 햄버거; 샌드위치 및 유사 음식점업,43,충청북도,43112,청주시 서원구,43112560,분평동,4311210600,분평동,4.3112106001138294e+18,1,대지,충청북도 청주시 서원구 분평동 1383,431124512136,충청북도 청주시 서원구 1순환로1107번길,4.31131080011383e+24,충청북도 청주시 서원구 1순환로1107번길 21,28799.0,2.0
MA010120220805568608,비비큐,금천점,I2,음식,I210,기타 간이,I21006,치킨,I56193,치킨 전문점,43,충청북도,43111,청주시 상당구,43111680,금천동,4311112000,금천동,4.31111200010303e+18,1,대지,충청북도 청주시 상당구 금천동 303,431113236035,충청북도 청주시 상당구 수영로,4.31111200010303e+24,충청북도 청주시 상당구 수영로 289,28744.0,1.0
MA010120220813737462,파리바게뜨청주,복대점,I2,음식,I210,기타 간이,I21001,빵/도넛,I56191,제과점업,43,충청북도,43113,청주시 흥덕구,43113741,복대1동,4311311400,복대동,4.31131140010299e+18,1,대지,충청북도 청주시 흥덕구 복대동 299-1,431134511235,충청북도 청주시 흥덕구 대신로73번길,4.31131140010299e+24,충청북도 청주시 흥덕구 대신로73번길 49,28426.0,1.0
MA010120220813448665,레노마키즈,에버세이브점,G2,소매,G209,섬유·의복·신발 소매,G20903,유아용 의류 소매업,G47417,유아용 의류 소매업,43,충청북도,43112,청주시 서원구,43112560,분평동,4311210500,미평동,4.3112105001003494e+18,1,대지,충청북도 청주시 서원구 미평동 35-8,431124511938,충청북도 청주시 서원구 청남로1936번길,4.31131070010035e+24,충청북도 청주시 서원구 청남로1936번길 1,28802.0,3.0
MA010120220805831383,블루샥,산남점,I2,음식,I212,비알코올,I21201,카페,I56221,커피 전문점,43,충청북도,43112,청주시 서원구,43112550,산남동,4311210400,산남동,4.31121040010656e+18,1,대지,충청북도 청주시 서원구 산남동 656,431123237037,충청북도 청주시 서원구 산남로,4.31131060010656e+24,충청북도 청주시 서원구 산남로 60,28625.0,1.0
MA010120220803323374,이디야,사천점,I2,음식,I212,비알코올,I21201,카페,I56221,커피 전문점,43,충청북도,43114,청주시 청원구,43114540,율량.사천동,4311410400,사천동,4.31141040010436e+18,1,대지,충청북도 청주시 청원구 사천동 436-5,431143236050,충청북도 청주시 청원구 율봉로,4.31111160010436e+24,충청북도 청주시 청원구 율봉로 22,28346.0,1.0
MA010120220811143116,법무법인우리,청주지점,M1,과학·기술,M103,법무관련,M10301,변호사,M71101,변호사업,43,충청북도,43112,청주시 서원구,43112550,산남동,4311210400,산남동,4.31121040010363e+18,1,대지,충청북도 청주시 서원구 산남동 363,431123237071,충청북도 청주시 서원구 원흥로,4.31131060010363e+24,충청북도 청주시 서원구 원흥로 90,28626.0,4.0
MA010120220811679295,크라운호프,제천점,I2,음식,I211,주점,I21103,생맥주 전문,I56213,생맥주 전문점,43,충청북도,43150,제천시,43150518,의림지동,4315011500,고암동,4.31501150011108e+18,1,대지,충청북도 제천시 고암동 1108-3,431503239041,충청북도 제천시 신죽하로,4.31501150011108e+24,충청북도 제천시 신죽하로 83-22,27145.0,1.0
MA010120220806984697,이마트24충주,지현점,G2,소매,G204,종합 소매,G20405,편의점,G47122,체인화 편의점,43,충청북도,43130,충주시,43130560,지현동,4313012500,지현동,4.313012500118e+18,1,대지,충청북도 충주시 지현동 1800-29,431304514911,충청북도 충주시 신촌3길,4.313012500118e+24,충청북도 충주시 신촌3길 30-4,27416.0,1.0
MA010120220814055348,카페인중독,청주봉명점,I2,음식,I212,비알코올,I21201,카페,I56221,커피 전문점,43,충청북도,43113,청주시 흥덕구,43113756,봉명2.송정동,4311311500,봉명동,4.3113115001205094e+18,1,대지,충청북도 청주시 흥덕구 봉명동 2051,431133237011,충청북도 청주시 흥덕구 과상미로,4.31131150012051e+24,충청북도 청주시 흥덕구 과상미로 89,28449.0,1.0
MA010120220803451192,아트미술학원,글로리아,P1,교육,P106,기타 교육,P10611,미술학원,P85622,미술학원,43,충청북도,43113,청주시 흥덕구,43113756,봉명2.송정동,4311311500,봉명동,4.3113115001274706e+18,1,대지,충청북도 청주시 흥덕구 봉명동 2747,431134511251,충청북도 청주시 흥덕구 덕암로108번길,4.31131150012747e+24,충청북도 청주시 흥덕구 덕암로108번길 65,28465.0,2.0
MA010120220808166583,계동치킨,산남점,I2,음식,I210,기타 간이,I21006,치킨,I56193,치킨 전문점,43,충청북도,43112,청주시 서원구,43112550,산남동,4311210400,산남동,4.3112104001082097e+18,1,대지,충청북도 청주시 서원구 산남동 821,431124511278,충청북도 청주시 서원구 두꺼비로30번길,4.31131060010821e+24,충청북도 청주시 서원구 두꺼비로30번길 4,28630.0,1.0
MA010120220814268027,원조햇살머믄꼬마김밥,수곡점,I2,음식,I210,기타 간이,I21007,김밥/만두/분식,I56194,김밥 및 기타 간이 음식점업,43,충청북도,43112,청주시 서원구,43112580,수곡2동,4311210700,수곡동,4.31121070010777e+18,1,대지,충청북도 청주시 서원구 수곡동 777,431123237053,충청북도 청주시 서원구 수곡로,4.31131090010777e+24,충청북도 청주시 서원구 수곡로 78,28686.0,1.0
MA010120220806776669,노랑통닭,금천점,I2,음식,I210,기타 간이,I21006,치킨,I56193,치킨 전문점,43,충청북도,43111,청주시 상당구,43111690,용담.명암.산성동,4311112100,용담동,4.3111121001039e+18,1,대지,충청북도 청주시 상당구 용담동 390,431114508279,충청북도 청주시 상당구 산성로112번길,4.3111121001039e+24,충청북도 청주시 상당구 산성로112번길 8,28744.0,1.0
MA010120220805985133,전주현대옥청주,율량점,I2,음식,I201,한식,I20102,국/탕/찌개류,I56111,한식 일반 음식점업,43,충청북도,43114,청주시 청원구,43114550,오근장동,4311410600,주중동,4.3114106001104696e+18,1,대지,충청북도 청주시 청원구 주중동 1047,431144844098,충청북도 청주시 청원구 주성로233번길,4.31111320010173e+24,충청북도 청주시 청원구 주성로233번길 8-30,28325.0,1.0
MA010120220805556048,설빙가경,터미널점,I2,음식,I210,기타 간이,I21008,아이스크림/빙수,I56194,김밥 및 기타 간이 음식점업,43,충청북도,43113,청주시 흥덕구,43113760,강서1동,4311311700,강서동,4.31131170010478e+18,1,대지,충청북도 청주시 흥덕구 강서동 478,431133237005,충청북도 청주시 흥덕구 강서로,4.31131170010478e+24,충청북도 청주시 흥덕구 강서로 121,28377.0,2.0
MA010120220806333800,현대자동차블루핸즈오창,장대점,S2,수리·개인,S203,자동차 수리·세차,S20301,자동차 정비소,S95212,자동차 전문 수리업,43,충청북도,43114,청주시 청원구,43114253,오창읍,4311425330,오창읍,4.31142533010272e+18,1,대지,충청북도 청주시 청원구 오창읍 장대리 272-4,431144520483,충청북도 청주시 청원구 오창읍 오창시내1길,4.31142533010272e+24,충청북도 청주시 청원구 오창읍 오창시내1길 13,28129.0,1.0
MA010120220804288048,표가네명품순두부,율량점,I2,음식,I201,한식,I20101,백반/한정식,I56111,한식 일반 음식점업,43,충청북도,43114,청주시 청원구,43114550,오근장동,4311410600,주중동,4.31141060010902e+18,1,대지,충청북도 청주시 청원구 주중동 902,431143349124,충청북도 청주시 청원구 율량로,4.31111320010589e+24,충청북도 청주시 청원구 율량로 5,28323.0,1.0
MA010120220812452480,로이드밤,분평점,S2,수리·개인,S207,이용·미용,S20701,미용실,S96112,두발 미용업,43,충청북도,43112,청주시 서원구,43112560,분평동,4311210600,분평동,4.3112106001137505e+18,1,대지,충청북도 청주시 서원구 분평동 1375,431124512136,충청북도 청주시 서원구 1순환로1107번길,4.31131080011375e+24,충청북도 청주시 서원구 1순환로1107번길 36,28800.0,2.0
MA010120220805627529,GS25영동,계산점,G2,소매,G204,종합 소매,G20405,편의점,G47122,체인화 편의점,43,충청북도,43740,영동군,43740250,영동읍,4374025021,영동읍,4.3740250211066496e+18,1,대지,충청북도 영동군 영동읍 계산리 665-1,437403243002,충청북도 영동군 영동읍 계산로,4.37402502110665e+24,충청북도 영동군 영동읍 계산로 40,29144.0,1.0
MA010120220808168794,어반제이살롱충북,혁신도시점,S2,수리·개인,S207,이용·미용,S20701,미용실,S96112,두발 미용업,43,충청북도,43770,음성군,43770330,맹동면,4377033028,맹동면,4.37703302811387e+18,1,대지,충청북도 음성군 맹동면 두성리 1387,437704541751,충청북도 음성군 맹동면 대하2나길,4.37703302811387e+24,충청북도 음성군 맹동면 대하2나길 6,27738.0,2.0
MA010120220806653547,지에스25뉴양청,행복점,G2,소매,G204,종합 소매,G20405,편의점,G47122,체인화 편의점,43,충청북도,43114,청주시 청원구,43114253,오창읍,4311425345,오창읍,4.3114253451076895e+18,1,대지,충청북도 청주시 청원구 오창읍 양청리 769-10,431144520429,충청북도 청주시 청원구 오창읍 양청1길,4.31142534510769e+24,충청북도 청주시 청원구 오창읍 양청1길 13,28115.0,1.0
MA010120220812647473,교촌치킨,연수점,I2,음식,I210,기타 간이,I21006,치킨,I56193,치킨 전문점,43,충청북도,43130,충주시,43130630,연수동,4313011800,연수동,4.3130118001161e+18,1,대지,충청북도 충주시 연수동 1610,431303238002,충청북도 충주시 갱고개로,4.3130118001161e+24,충청북도 충주시 갱고개로 154-1,27352.0,1.0
MA010120220805614211,에너지주,코리아,G2,소매,G214,연료 소매,G21401,주유소,G47711,운송장비용 주유소 운영업,43,충청북도,43114,청주시 청원구,43114540,율량.사천동,4311410400,사천동,4.3114104001000494e+18,1,대지,충청북도 청주시 청원구 사천동 5-2,431143236064,충청북도 청주시 청원구 공항로,4.31111160010005e+24,충청북도 청주시 청원구 공항로 235,28354.0,1.0
MA010120220812326051,피엠푸드오창,2호점,I2,음식,I210,기타 간이,I21003,피자,I56192,피자; 햄버거; 샌드위치 및 유사 음식점업,43,충청북도,43114,청주시 청원구,43114253,오창읍,4311425332,오창읍,4.31142533210556e+18,1,대지,충청북도 청주시 청원구 오창읍 주성리 556,431143257076,충청북도 청주시 청원구 오창읍 2산단로,4.31142533210556e+24,충청북도 청주시 청원구 오창읍 2산단로 160,28117.0,1.0
MA010120220807941203,유니베라청주용암,대리점,G2,소매,G215,의약·화장품 소매,G21503,화장품 소매업,G47813,화장품; 비누 및 방향제 소매업,43,충청북도,43111,청주시 상당구,43111720,용암1동,4311112400,용암동,4.31111240011592e+18,1,대지,충청북도 청주시 상당구 용암동 1592-3,431113236057,충청북도 청주시 상당구 중흥로,4.31111240011592e+24,충청북도 청주시 상당구 중흥로 54-1,28776.0,5.0
MA010120220814313341,현대플랙,충청점,G2,소매,G209,섬유·의복·신발 소매,G20905,기타 의류 소매업,G47419,기타 의복 소매업,43,충청북도,43113,청주시 흥덕구,43113741,복대1동,4311311400,복대동,4.3113114001338e+18,1,대지,충청북도 청주시 흥덕구 복대동 3380,431133236058,충청북도 청주시 흥덕구 직지대로,4.31131140010584e+24,충청북도 청주시 흥덕구 직지대로 308,28424.0,1.0
MA010120220808066229,포토이즘컬러드청주,터미널점,M1,과학·기술,M113,사진 촬영,M11301,사진촬영업,M73301,인물 사진 및 행사용 영상 촬영업,43,충청북도,43113,청주시 흥덕구,43113760,강서1동,4311311700,강서동,4.3113117001047695e+18,1,대지,충청북도 청주시 흥덕구 강서동 477,431133014065,충청북도 청주시 흥덕구 2순환로,4.31131170010477e+24,충청북도 청주시 흥덕구 2순환로 1240,28377.0,1.0
MA010120220804286975,김밥천국,사직점,I2,음식,I210,기타 간이,I21007,김밥/만두/분식,I56194,김밥 및 기타 간이 음식점업,43,충청북도,43112,청주시 서원구,43112520,사직2동,4311210100,사직동,4.31121010010594e+18,1,대지,충청북도 청주시 서원구 사직동 594-6,431123237095,충청북도 청주시 서원구 호국로,4.31131010010594e+24,충청북도 청주시 서원구 호국로 69,28651.0,1.0
MA010120220805599014,할머니손칼국수,복대점,I2,음식,I201,한식,I20105,국수/칼국수,I56112,한식 면 요리 전문점,43,충청북도,43113,청주시 흥덕구,43113741,복대1동,4311311400,복대동,4.31131140010196e+18,1,대지,충청북도 청주시 흥덕구 복대동 196-18,431134511232,충청북도 청주시 흥덕구 대신로38번길,4.31131140010196e+24,충청북도 청주시 흥덕구 대신로38번길 23,28584.0,1.0
MA010120220813846306,코웨이렌탈,청원점,N1,시설관리·임대,N110,가정용품 대여,N11099,기타 개인/가정용품 대여업,N76299,그 외 기타 개인 및 가정용품 임대업,43,충청북도,43114,청주시 청원구,43114540,율량.사천동,4311410300,율량동,4.31141030011066e+18,1,대지,충청북도 청주시 청원구 율량동 1066,431142014003,충청북도 청주시 청원구 충청대로,4.31111150011066e+24,충청북도 청주시 청원구 충청대로 113,28333.0,2.0
MA010120220805631880,설빙,산남점,I2,음식,I212,비알코올,I21201,카페,I56229,기타 비알코올 음료점업,43,충청북도,43112,청주시 서원구,43112550,산남동,4311210400,산남동,4.3112104001065e+18,1,대지,충청북도 청주시 서원구 산남동 650,431123237037,충청북도 청주시 서원구 산남로,4.3112104001065e+24,충청북도 청주시 서원구 산남로 48,28625.0,2.0
MA010120220806576209,투썸플레이스충주,호암점,I2,음식,I212,비알코올,I21201,카페,I56221,커피 전문점,43,충청북도,43130,충주시,43130580,호암.직동,4313010700,호암동,4.31301070011016e+18,1,대지,충청북도 충주시 호암동 1016,431303352068,충청북도 충주시 호암수청2로,4.31301070011016e+24,충청북도 충주시 호암수청2로 15,27502.0,1.0
MA010120220813487653,올리브영충주,호암점,G2,소매,G215,의약·화장품 소매,G21503,화장품 소매업,G47813,화장품; 비누 및 방향제 소매업,43,충청북도,43130,충주시,43130580,호암.직동,4313010700,호암동,4.3130107001018e+18,1,대지,충청북도 충주시 호암동 180,431303238083,충청북도 충주시 형설로,4.3130107001018e+24,충청북도 충주시 형설로 48,27403.0,1.0
MA010120220814301104,하복대수육국밥테크노,직영점,I2,음식,I201,한식,I20102,국/탕/찌개류,I56111,한식 일반 음식점업,43,충청북도,43113,청주시 흥덕구,43113770,강서2동,4311313400,송절동,4.3113134001069696e+18,1,대지,충청북도 청주시 흥덕구 송절동 697,431133351696,충청북도 청주시 흥덕구 송화로,4.31131340010697e+24,충청북도 청주시 흥덕구 송화로 164,28292.0,1.0
MA010120220812884611,토토헤로스충북,혁신점,G2,소매,G209,섬유·의복·신발 소매,G20903,유아용 의류 소매업,G47417,유아용 의류 소매업,43,충청북도,43770,음성군,43770330,맹동면,4377033031,맹동면,4.3770330311047096e+18,1,대지,충청북도 음성군 맹동면 동성리 471,437703000235,충청북도 음성군 맹동면 대하로,4.37703303110471e+24,충청북도 음성군 맹동면 대하로 255,27738.0,1.0
MA010120220813072239,큰길명춤축산도소매,백화점,I2,음식,I201,한식,I20107,돼지고기 구이/찜,I56113,한식 육류 요리 전문점,43,충청북도,43730,옥천군,43730250,옥천읍,4373025022,옥천읍,4.37302502210115e+18,1,대지,충청북도 옥천군 옥천읍 문정리 115,437303242048,충청북도 옥천군 옥천읍 중앙로,4.37302502210115e+24,충청북도 옥천군 옥천읍 중앙로 187,29031.0,2.0
MA010120220809854619,씨유무극,백화점,G2,소매,G204,종합 소매,G20405,편의점,G47122,체인화 편의점,43,충청북도,43770,음성군,43770253,금왕읍,4377025321,금왕읍,4.37702532110083e+18,1,대지,충청북도 음성군 금왕읍 무극리 83-31,437703247002,충청북도 음성군 금왕읍 금석로,4.37702532110083e+24,충청북도 음성군 금왕읍 금석로 52-3,27636.0,1.0
MA010120220814331675,오페뜨카페,혁신점,R1,예술·스포츠,R103,스포츠 서비스,R10310,당구장,R91135,당구장 운영업,43,충청북도,43770,음성군,43770330,맹동면,4377033031,맹동면,4.3770330311048095e+18,1,대지,충청북도 음성군 맹동면 동성리 481,437704541752,충청북도 음성군 맹동면 사예1길,4.37703302810756e+24,충청북도 음성군 맹동면 사예1길 7,27738.0,5.0
MA010120220802274947,명륜진사갈비,봉명점,I2,음식,I201,한식,I20107,돼지고기 구이/찜,I56113,한식 육류 요리 전문점,43,충청북도,43113,청주시 흥덕구,43113756,봉명2.송정동,4311311500,봉명동,4.31131150012744e+18,1,대지,충청북도 청주시 흥덕구 봉명동 2744,431134511251,충청북도 청주시 흥덕구 덕암로108번길,4.31131150012744e+24,충청북도 청주시 흥덕구 덕암로108번길 79,28465.0,1.0
MA010120220805735493,소노인터내셔널단,양지점,I1,숙박,I101,일반 숙박,I10103,펜션,I55103,휴양 콘도 운영업,43,충청북도,43800,단양군,43800250,단양읍,4380025027,단양읍,4.38002502710004e+18,1,대지,충청북도 단양군 단양읍 상진리 4-1,438003248030,충청북도 단양군 단양읍 삼봉로,4.38002502710004e+24,충청북도 단양군 단양읍 삼봉로 187-17,27012.0,1.0
MA010120220810231142,빽다방충북대,병원점,I2,음식,I212,비알코올,I21201,카페,I56221,커피 전문점,43,충청북도,43112,청주시 서원구,43112590,성화.개신.죽림동,4311210900,개신동,4.31121090010052e+18,1,대지,충청북도 청주시 서원구 개신동 52-3,431123237104,충청북도 청주시 서원구 모충로,4.31131110010052e+24,충청북도 청주시 서원구 모충로 1,28666.0,1.0
MA010120220813939959,프렌즈스크린,사천점,R1,예술·스포츠,R103,스포츠 서비스,R10311,골프 연습장,R91136,골프 연습장 운영업,43,충청북도,43114,청주시 청원구,43114540,율량.사천동,4311410400,사천동,4.3114104001022495e+18,1,대지,충청북도 청주시 청원구 사천동 225-76,431143236054,충청북도 청주시 청원구 주성로,4.31141040010225e+24,충청북도 청주시 청원구 주성로 74,28341.0,2.0
MA010120220805617967,세무법인세평서,청주지점,M1,과학·기술,M104,회계·세무,M10402,세무사,M71202,세무사업,43,충청북도,43113,청주시 흥덕구,43113756,봉명2.송정동,4311311600,송정동,4.31131160010329e+18,1,대지,충청북도 청주시 흥덕구 송정동 329-4,431133237021,충청북도 청주시 흥덕구 대신로,4.31131160010329e+24,충청북도 청주시 흥덕구 대신로 132,28443.0,4.0
MA010120220811790268,강다짐청주,율량점,I2,음식,I210,기타 간이,I21007,김밥/만두/분식,I56199,간이 음식 포장 판매 전문점,43,충청북도,43114,청주시 청원구,43114550,오근장동,4311410500,주성동,4.3114105001035894e+18,1,대지,충청북도 청주시 청원구 주성동 359,431144844115,충청북도 청주시 청원구 주성로279번길,4.31111310010142e+24,충청북도 청주시 청원구 주성로279번길 32,28318.0,1.0
MA010120220805618360,세무법인중원서,청주지점,M1,과학·기술,M104,회계·세무,M10402,세무사,M71202,세무사업,43,충청북도,43113,청주시 흥덕구,43113741,복대1동,4311311400,복대동,4.3113114001331896e+18,1,대지,충청북도 청주시 흥덕구 복대동 3319,431133237021,충청북도 청주시 흥덕구 대신로,4.31131140013319e+24,충청북도 청주시 흥덕구 대신로 71,28426.0,4.0
MA010120220805576521,파리바게뜨,운천점,I2,음식,I210,기타 간이,I21001,빵/도넛,I56191,제과점업,43,충청북도,43113,청주시 흥덕구,43113700,운천.신봉동,4311310400,운천동,4.3113104001067694e+18,1,대지,충청북도 청주시 흥덕구 운천동 677-5,431133237036,충청북도 청주시 흥덕구 사운로,4.31131040010677e+24,충청북도 청주시 흥덕구 사운로 265,28473.0,1.0
MA010120220808537483,굽네치킨,하복대점,I2,음식,I210,기타 간이,I21006,치킨,I56193,치킨 전문점,43,충청북도,43113,청주시 흥덕구,43113741,복대1동,4311311400,복대동,4.31131140010314e+18,1,대지,충청북도 청주시 흥덕구 복대동 314-4,431133237078,충청북도 청주시 흥덕구 죽천로,4.31131140010314e+24,충청북도 청주시 흥덕구 죽천로 120,28584.0,1.0
MA010120220805603977,씨유청주산단비즈니스,센터점,G2,소매,G204,종합 소매,G20405,편의점,G47122,체인화 편의점,43,충청북도,43113,청주시 흥덕구,43113756,봉명2.송정동,4311311600,송정동,4.31131160010329e+18,1,대지,충청북도 청주시 흥덕구 송정동 329-4,431133237021,충청북도 청주시 흥덕구 대신로,4.31131160010329e+24,충청북도 청주시 흥덕구 대신로 132,28443.0,1.0
MA010120220805591595,묵사발/닥엔돈스청주,산남점,I2,음식,I201,한식,I20101,백반/한정식,I56111,한식 일반 음식점업,43,충청북도,43112,청주시 서원구,43112550,산남동,4311210400,산남동,4.31121040010815e+18,1,대지,충청북도 청주시 서원구 산남동 815,431124511278,충청북도 청주시 서원구 두꺼비로30번길,4.31131060010815e+24,충청북도 청주시 서원구 두꺼비로30번길 24,28630.0,1.0
MA010120220803868920,제이짐,2호점,R1,예술·스포츠,R103,스포츠 서비스,R10307,헬스장,R91132,체력 단련시설 운영업,43,충청북도,43130,충주시,43130385,중앙탑면,4313038526,중앙탑면,4.31303852610664e+18,1,대지,충청북도 충주시 중앙탑면 용전리 664,431303238103,충청북도 충주시 중앙탑면 기업도시로,4.31303852610664e+24,충청북도 충주시 중앙탑면 기업도시로 214,27465.0,5.0
MA010120220805292528,반올림피자샵청주,충북대점,I2,음식,I210,기타 간이,I21003,피자,I56192,피자; 햄버거; 샌드위치 및 유사 음식점업,43,충청북도,43113,청주시 흥덕구,43113742,복대2동,4311311400,복대동,4.3113114001188705e+18,1,대지,충청북도 청주시 흥덕구 복대동 1887,431133237050,충청북도 청주시 흥덕구 성봉로,4.31131140011887e+24,충청북도 청주시 흥덕구 성봉로 245,28604.0,1.0
MA010120220803342737,국수나무,연수점,I2,음식,I201,한식,I20105,국수/칼국수,I56112,한식 면 요리 전문점,43,충청북도,43130,충주시,43130630,연수동,4313011800,연수동,4.3130118001161e+18,1,대지,충청북도 충주시 연수동 1610-1,431303238002,충청북도 충주시 갱고개로,4.3130118001161e+24,충청북도 충주시 갱고개로 156,27352.0,1.0
MA010120220813297172,참치마트,본점,I2,음식,I203,일식,I20301,일식 회/초밥,I56122,일식 음식점업,43,충청북도,43111,청주시 상당구,43111720,용암1동,4311112400,용암동,4.3111124001307894e+18,1,대지,충청북도 청주시 상당구 용암동 3079,431114857347,충청북도 청주시 상당구 중고개로141번길,4.31111240013079e+24,충청북도 청주시 상당구 중고개로141번길 11-19,28808.0,1.0
MA010120220807112425,가마치통닭,개신점,I2,음식,I210,기타 간이,I21006,치킨,I56193,치킨 전문점,43,충청북도,43112,청주시 서원구,43112590,성화.개신.죽림동,4311210900,개신동,4.3112109001061094e+18,1,대지,충청북도 청주시 서원구 개신동 611,431123237058,충청북도 청주시 서원구 신율로,4.31131110010611e+24,충청북도 청주시 서원구 신율로 49,28608.0,1.0
MA010120220807009790,에스앤지25카페용암,금천점,I2,음식,I212,비알코올,I21201,카페,I56221,커피 전문점,43,충청북도,43111,청주시 상당구,43111720,용암1동,4311112400,용암동,4.3111124001120497e+18,1,대지,충청북도 청주시 상당구 용암동 1205,431114508519,충청북도 청주시 상당구 용암북로46번길,4.31111240011205e+24,충청북도 청주시 상당구 용암북로46번길 8,28770.0,1.0
MA010120220810394292,정담손만두,율량점,I2,음식,I210,기타 간이,I21007,김밥/만두/분식,I56194,김밥 및 기타 간이 음식점업,43,충청북도,43114,청주시 청원구,43114540,율량.사천동,4311410300,율량동,4.31141030010912e+18,1,대지,충청북도 청주시 청원구 율량동 912,431144508576,충청북도 청주시 청원구 율봉로176번길,4.31111150010912e+24,충청북도 청주시 청원구 율봉로176번길 8-2,28331.0,1.0
MA010120220805671683,바디닥터지현;호암충주,대리점,G2,소매,G215,의약·화장품 소매,G21502,의료기기 소매업,G47812,의료용 기구 소매업,43,충청북도,43130,충주시,43130560,지현동,4313012500,지현동,4.3130125001101e+18,1,대지,충청북도 충주시 지현동 1010,431303238070,충청북도 충주시 청운로,4.3130125001101e+24,충청북도 충주시 청운로 42,27412.0,3.0
MA010120220811678647,본죽앤비빔밥,청주사천점,I2,음식,I201,한식,I20101,백반/한정식,I56111,한식 일반 음식점업,43,충청북도,43114,청주시 청원구,43114540,율량.사천동,4311410300,율량동,4.3114103001130097e+18,1,대지,충청북도 청주시 청원구 율량동 1301,431143236050,충청북도 청주시 청원구 율봉로,4.31111150011301e+24,충청북도 청주시 청원구 율봉로 106,28349.0,1.0
MA010120220812987591,조선칡냉면,율량점,I2,음식,I201,한식,I20106,냉면/밀면,I56111,한식 일반 음식점업,43,충청북도,43114,청주시 청원구,43114540,율량.사천동,4311410300,율량동,4.3114103001091896e+18,1,대지,충청북도 청주시 청원구 율량동 919-2,431144508042,충청북도 청주시 청원구 공항로112번길,4.31111150010919e+24,충청북도 청주시 청원구 공항로112번길 30,28331.0,1.0
MA010120220806333661,통불청주,율량점,I2,음식,I211,주점,I21104,요리 주점,I56219,기타 주점업,43,충청북도,43114,청주시 청원구,43114550,오근장동,4311410500,주성동,4.31141050010398e+18,1,대지,충청북도 청주시 청원구 주성동 398,431144571735,충청북도 청주시 청원구 율량로138번길,4.31111310010142e+24,충청북도 청주시 청원구 율량로138번길 62-14,28318.0,1.0
MA010120220804656107,토프레소,비하점,I2,음식,I212,비알코올,I21201,카페,I56221,커피 전문점,43,충청북도,43113,청주시 흥덕구,43113760,강서1동,4311313800,비하동,4.31131380010178e+18,1,대지,충청북도 청주시 흥덕구 비하동 178,431133237035,충청북도 청주시 흥덕구 비하로,4.31131380010033e+24,충청북도 청주시 흥덕구 비하로 27,28366.0,1.0
MA010120220805640122,아리따움,보은점,G2,소매,G215,의약·화장품 소매,G21503,화장품 소매업,G47813,화장품; 비누 및 방향제 소매업,43,충청북도,43720,보은군,43720250,보은읍,4372025021,보은읍,4.37202502110138e+18,1,대지,충청북도 보은군 보은읍 삼산리 138-8,437203241015,충청북도 보은군 보은읍 삼산로,4.37202502110138e+24,충청북도 보은군 보은읍 삼산로 19,28949.0,1.0
MA010120220806322609,정관장,사천점,G2,소매,G205,식료품 소매,G20508,건강보조식품 소매업,G47217,건강 보조식품 소매업,43,충청북도,43114,청주시 청원구,43114540,율량.사천동,4311410300,율량동,4.31141030011408e+18,1,대지,충청북도 청주시 청원구 율량동 1408,431143236023,충청북도 청주시 청원구 사뜸로,4.31111150011408e+24,충청북도 청주시 청원구 사뜸로 46,28349.0,1.0
MA010120220813313276,비비큐청주가경,서현점,I2,음식,I210,기타 간이,I21006,치킨,I56193,치킨 전문점,43,충청북도,43113,청주시 흥덕구,43113747,가경동,4311311300,가경동,4.31131130012036e+18,1,대지,충청북도 청주시 흥덕구 가경동 2036,431133237049,충청북도 청주시 흥덕구 서현중로,4.31131130012036e+24,충청북도 청주시 흥덕구 서현중로 26,28384.0,1.0
MA010120220804914444,포토이즘박스청주,동남점,M1,과학·기술,M113,사진 촬영,M11301,사진촬영업,M73301,인물 사진 및 행사용 영상 촬영업,43,충청북도,43111,청주시 상당구,43111720,용암1동,4311112400,용암동,4.3111124001307295e+18,1,대지,충청북도 청주시 상당구 용암동 3073,431114857347,충청북도 청주시 상당구 중고개로141번길,4.31111240010186e+24,충청북도 청주시 상당구 중고개로141번길 13-2,28808.0,1.0
MA010120220803341648,헤어,데일리,S2,수리·개인,S207,이용·미용,S20701,미용실,S96112,두발 미용업,43,충청북도,43130,충주시,43130630,연수동,4313011800,연수동,4.3130118001156e+18,1,대지,충청북도 충주시 연수동 1560,431303238044,충청북도 충주시 연수동산로,4.31301180010392e+24,충청북도 충주시 연수동산로 25,27352.0,2.0
MA010120220804950704,더샘서청주,롯데점,G2,소매,G215,의약·화장품 소매,G21503,화장품 소매업,G47813,화장품; 비누 및 방향제 소매업,43,충청북도,43113,청주시 흥덕구,43113760,강서1동,4311313800,비하동,4.31131380010811e+18,1,대지,충청북도 청주시 흥덕구 비하동 811,431133014065,충청북도 청주시 흥덕구 2순환로,4.31131380010332e+24,충청북도 청주시 흥덕구 2순환로 1004,28360.0,1.0
MA010120220805351192,돈탑,봉명점,I2,음식,I201,한식,I20107,돼지고기 구이/찜,I56113,한식 육류 요리 전문점,43,충청북도,43113,청주시 흥덕구,43113756,봉명2.송정동,4311311500,봉명동,4.3113115001284705e+18,1,대지,충청북도 청주시 흥덕구 봉명동 2847,431134511762,충청북도 청주시 흥덕구 월명로178번길,4.31131150012847e+24,충청북도 청주시 흥덕구 월명로178번길 44,28463.0,1.0
MA010120220811816387,세븐봉명현대점,코리아,G2,소매,G204,종합 소매,G20405,편의점,G47122,체인화 편의점,43,충청북도,43113,청주시 흥덕구,43113756,봉명2.송정동,4311311500,봉명동,4.3113115001275095e+18,1,대지,충청북도 청주시 흥덕구 봉명동 2751,431134511376,충청북도 청주시 흥덕구 백봉로223번길,4.31131150012751e+24,충청북도 청주시 흥덕구 백봉로223번길 17,28465.0,1.0
MA010120220810249539,그럴만두,용암점,I2,음식,I210,기타 간이,I21099,그 외 기타 간이 음식점,I56199,간이 음식 포장 판매 전문점,43,충청북도,43111,청주시 상당구,43111720,용암1동,4311112400,용암동,4.31111240012468e+18,1,대지,충청북도 청주시 상당구 용암동 2468,431114508109,충청북도 청주시 상당구 낙영로32번길,4.31111240012468e+24,충청북도 청주시 상당구 낙영로32번길 18,28767.0,1.0
MA010120220809875654,순살만공격충주,1호점,I2,음식,I210,기타 간이,I21006,치킨,I56193,치킨 전문점,43,충청북도,43130,충주시,43130630,연수동,4313011800,연수동,4.3130118001066e+18,1,대지,충청북도 충주시 연수동 660-6,431303238048,충청북도 충주시 예성로,4.3130118001066e+24,충청북도 충주시 예성로 382,27342.0,1.0
MA010120220803297673,우마미,충북대점,I2,음식,I203,일식,I20301,일식 회/초밥,I56122,일식 음식점업,43,충청북도,43112,청주시 서원구,43112530,사창동,4311210200,사창동,4.31121020010152e+18,1,대지,충청북도 청주시 서원구 사창동 152-17,431123237019,충청북도 청주시 서원구 내수동로,4.31121020010152e+24,충청북도 청주시 서원구 내수동로 95,28642.0,1.0
MA010120220801146632,맛나니김밥본점,연수점,I2,음식,I210,기타 간이,I21099,그 외 기타 간이 음식점,I56199,간이 음식 포장 판매 전문점,43,충청북도,43130,충주시,43130625,칠금.금릉동,4313012800,금릉동,4.31301280010702e+18,1,대지,충청북도 충주시 금릉동 702-1,431303238045,충청북도 충주시 연수로,4.31301280010702e+24,충청북도 충주시 연수로 2-1,27347.0,1.0
MA010120220806266329,침구,백화점,G2,소매,G209,섬유·의복·신발 소매,G20906,침구류/커튼 소매업,G47421,가정용 직물제품 소매업,43,충청북도,43760,괴산군,43760250,괴산읍,4376025021,괴산읍,4.3760250211056896e+18,1,대지,충청북도 괴산군 괴산읍 동부리 569-10,437603246023,충청북도 괴산군 괴산읍 읍내로,4.37602502110569e+24,충청북도 괴산군 괴산읍 읍내로 310,28031.0,1.0
MA010120220809668111,구루컴퍼니배스킨라빈스,청주금천점,I2,음식,I210,기타 간이,I21008,아이스크림/빙수,I56194,김밥 및 기타 간이 음식점업,43,충청북도,43111,청주시 상당구,43111680,금천동,4311112000,금천동,4.3111120001027896e+18,1,대지,충청북도 청주시 상당구 금천동 279,431113236055,충청북도 청주시 상당구 중고개로,4.31111200010279e+24,충청북도 청주시 상당구 중고개로 330-1,28744.0,1.0
MA010120220806693915,메가엠지씨커피충주,교통대점,I2,음식,I212,비알코올,I21201,카페,I56221,커피 전문점,43,충청북도,43130,충주시,43130335,대소원면,4313033529,대소원면,4.3130335291035e+18,1,대지,충청북도 충주시 대소원면 검단리 350-12,431303238012,충청북도 충주시 대소원면 대학로,4.3130335291035e+24,충청북도 충주시 대소원면 대학로 24-1,27470.0,1.0
MA010120220811900583,연촌염소탕가경,직영점,I2,음식,I201,한식,I20199,기타 한식 음식점,I56111,한식 일반 음식점업,43,충청북도,43113,청주시 흥덕구,43113747,가경동,4311311300,가경동,4.31131130010171e+18,1,대지,충청북도 청주시 흥덕구 가경동 171-2,431134511128,충청북도 청주시 흥덕구 경산로43번길,4.31131130010171e+24,충청북도 청주시 흥덕구 경산로43번길 18,28398.0,1.0
MA010120220812612173,기비현대백화점,충청점,G2,소매,G209,섬유·의복·신발 소매,G20902,여성 의류 소매업,G47412,여자용 겉옷 소매업,43,충청북도,43113,청주시 흥덕구,43113741,복대1동,4311311400,복대동,4.3113114001338e+18,1,대지,충청북도 청주시 흥덕구 복대동 3380,431133236058,충청북도 청주시 흥덕구 직지대로,4.31131140010584e+24,충청북도 청주시 흥덕구 직지대로 308,28424.0,3.0
MA010120220802949501,빽다방진천점,충북혁신도시,I2,음식,I212,비알코올,I21201,카페,I56221,커피 전문점,43,충청북도,43750,진천군,43750253,덕산읍,4375025325,덕산읍,4.37502532512703e+18,1,대지,충청북도 진천군 덕산읍 두촌리 2703,437503245035,충청북도 진천군 덕산읍 시가로,4.37503102512703e+24,충청북도 진천군 덕산읍 시가로 14,27875.0,1.0
MA010120220813963336,지프,에버세이브점,G2,소매,G209,섬유·의복·신발 소매,G20905,기타 의류 소매업,G47414,셔츠 및 블라우스 소매업,43,충청북도,43112,청주시 서원구,43112560,분평동,4311210500,미평동,4.31121050010028e+18,1,대지,충청북도 청주시 서원구 미평동 28,431124511938,충청북도 청주시 서원구 청남로1936번길,4.31131070010031e+24,충청북도 청주시 서원구 청남로1936번길 2,28802.0,1.0
MA010120220812726453,밀레충북,증평점,G2,소매,G209,섬유·의복·신발 소매,G20905,기타 의류 소매업,G47419,기타 의복 소매업,43,충청북도,43745,증평군,43745250,증평읍,4374525030,증평읍,4.3745250301001103e+18,1,대지,충청북도 증평군 증평읍 초중리 11-41,437453244026,충청북도 증평군 증평읍 중앙로,4.37452503010011e+24,충청북도 증평군 증평읍 중앙로 148,27937.0,1.0
MA010120220812140363,골프존파크크리스탈,가경점,R1,예술·스포츠,R103,스포츠 서비스,R10311,골프 연습장,R91136,골프 연습장 운영업,43,충청북도,43113,청주시 흥덕구,43113747,가경동,4311311300,가경동,4.3113113001227e+18,1,대지,충청북도 청주시 흥덕구 가경동 2270,431133237046,충청북도 청주시 흥덕구 서현로,4.3113113001227e+24,충청북도 청주시 흥덕구 서현로 60,28382.0,7.0
MA010120220805617797,아워홈LG에너지솔루션,오창점,I2,음식,I207,구내식당·뷔페,I20701,구내식당,I56130,기관 구내식당업,43,충청북도,43113,청주시 흥덕구,43113320,옥산면,4311332033,옥산면,4.31133203311114e+18,1,대지,충청북도 청주시 흥덕구 옥산면 남촌리 1114-1,431133240007,충청북도 청주시 흥덕구 옥산면 과학산업3로,4.37104103301114e+24,충청북도 청주시 흥덕구 옥산면 과학산업3로 29,28122.0,1.0
MA010120220806347000,세무법인중원,청주지점,M1,과학·기술,M104,회계·세무,M10402,세무사,M71202,세무사업,43,충청북도,43114,청주시 청원구,43114540,율량.사천동,4311410300,율량동,4.31141030012318e+18,1,대지,충청북도 청주시 청원구 율량동 2318,431143349125,충청북도 청주시 청원구 율중로,4.31141030012318e+24,충청북도 청주시 청원구 율중로 13,28315.0,4.0
MA010120220805483293,토니모리,증평점,G2,소매,G215,의약·화장품 소매,G21503,화장품 소매업,G47813,화장품; 비누 및 방향제 소매업,43,충청북도,43745,증평군,43745250,증평읍,4374525023,증평읍,4.37452502310008e+18,1,대지,충청북도 증평군 증평읍 중동리 8,437453244026,충청북도 증평군 증평읍 중앙로,4.37452502310008e+24,충청북도 증평군 증평읍 중앙로 209,27927.0,1.0
MA010120220812238061,아이스크림세계과자즉석식품꽁꽁냠냠,사천2호점,G2,소매,G204,종합 소매,G20404,슈퍼마켓,G47216,빵류; 과자류 및 당류 소매업,43,충청북도,43114,청주시 청원구,43114540,율량.사천동,4311410400,사천동,4.3114104001023293e+18,1,대지,충청북도 청주시 청원구 사천동 233-217,431144508258,충청북도 청주시 청원구 사뜸로61번길,4.31111160010233e+24,충청북도 청주시 청원구 사뜸로61번길 88-24,28341.0,1.0
MA010120220812725450,피자샵충북,혁신점,I2,음식,I210,기타 간이,I21003,피자,I56192,피자; 햄버거; 샌드위치 및 유사 음식점업,43,충청북도,43770,음성군,43770330,맹동면,4377033031,맹동면,4.37703303110506e+18,1,대지,충청북도 음성군 맹동면 동성리 506,437703000235,충청북도 음성군 맹동면 대하로,4.37703303110506e+24,충청북도 음성군 맹동면 대하로 211,27738.0,1.0
MA010120220809995802,간이역용암,5호점,I2,음식,I211,주점,I21104,요리 주점,I56219,기타 주점업,43,충청북도,43111,청주시 상당구,43111730,용암2동,4311112400,용암동,4.31111240012036e+18,1,대지,충청북도 청주시 상당구 용암동 2036,431113236049,충청북도 청주시 상당구 월평로,4.31111240012036e+24,충청북도 청주시 상당구 월평로 240,28783.0,1.0
MA010120220813681509,스텔라떡볶이,용암점,I2,음식,I210,기타 간이,I21007,김밥/만두/분식,I56194,김밥 및 기타 간이 음식점업,43,충청북도,43111,청주시 상당구,43111720,용암1동,4311112400,용암동,4.31111240012594e+18,1,대지,충청북도 청주시 상당구 용암동 2594,431113236057,충청북도 청주시 상당구 중흥로,4.31111240012594e+24,충청북도 청주시 상당구 중흥로 191,28763.0,1.0
MA010120220808614758,맘스터치,가경점,I2,음식,I210,기타 간이,I21004,버거,I56192,피자; 햄버거; 샌드위치 및 유사 음식점업,43,충청북도,43113,청주시 흥덕구,43113747,가경동,4311311300,가경동,4.3113113001170294e+18,1,대지,충청북도 청주시 흥덕구 가경동 1703,431133014066,충청북도 청주시 흥덕구 서부로,4.31131130011703e+24,충청북도 청주시 흥덕구 서부로 1307,28413.0,1.0
MA010120220808317726,킹스꼬마김밥충주,호암점,I2,음식,I210,기타 간이,I21007,김밥/만두/분식,I56194,김밥 및 기타 간이 음식점업,43,충청북도,43130,충주시,43130580,호암.직동,4313010700,호암동,4.3130107001098895e+18,1,대지,충청북도 충주시 호암동 989,431304856104,충청북도 충주시 호암수청1로,4.31301070010989e+24,충청북도 충주시 호암수청1로 55,27502.0,1.0
MA010120220807936497,아이커피유24충주,연수점,I2,음식,I212,비알코올,I21201,카페,I56229,기타 비알코올 음료점업,43,충청북도,43130,충주시,43130630,연수동,4313011800,연수동,4.3130118001093e+18,1,대지,충청북도 충주시 연수동 930,431302238004,충청북도 충주시 번영대로,4.3130118001093e+24,충청북도 충주시 번영대로 118,27348.0,1.0
MA010120220807399428,충북보건과학대점,꽁꽁냠냠,G2,소매,G204,종합 소매,G20404,슈퍼마켓,G47216,빵류; 과자류 및 당류 소매업,43,충청북도,43114,청주시 청원구,43114250,내수읍,4311425024,내수읍,4.3114250241030897e+18,1,대지,충청북도 청주시 청원구 내수읍 덕암리 309-2,431144520194,충청북도 청주시 청원구 내수읍 덕암길,4.37102502400309e+24,충청북도 청주시 청원구 내수읍 덕암길 11-2,28150.0,1.0
MA010120220808338553,송담추어탕청주,가경점,I2,음식,I201,한식,I20102,국/탕/찌개류,I56111,한식 일반 음식점업,43,충청북도,43113,청주시 흥덕구,43113747,가경동,4311311300,가경동,4.31131130011454e+18,1,대지,충청북도 청주시 흥덕구 가경동 1454-6,431134512030,충청북도 청주시 흥덕구 풍년로150번길,4.31131130011454e+24,충청북도 청주시 흥덕구 풍년로150번길 42,28399.0,1.0
MA010120220805663586,정관장충북,문화점,G2,소매,G205,식료품 소매,G20508,건강보조식품 소매업,G47217,건강 보조식품 소매업,43,충청북도,43130,충주시,43130571,문화동,4313012700,문화동,4.31301270010498e+18,1,대지,충청북도 충주시 문화동 498,431302238002,충청북도 충주시 국원대로,4.31301270010498e+24,충청북도 충주시 국원대로 11,27428.0,1.0
MA010120220811564622,레드페이스청주,성안점,G2,소매,G209,섬유·의복·신발 소매,G20905,기타 의류 소매업,G47419,기타 의복 소매업,43,충청북도,43111,청주시 상당구,43111545,성안동,4311110500,남문로1가,4.31111050010083e+18,1,대지,충청북도 청주시 상당구 남문로1가 83-2,431114508323,충청북도 청주시 상당구 상당로25번길,4.31111050010083e+24,충청북도 청주시 상당구 상당로25번길 26,28531.0,2.0
MA010120220806958747,모치모치소바,복대점,I2,음식,I203,일식,I20303,일식 면 요리,I56112,한식 면 요리 전문점,43,충청북도,43113,청주시 흥덕구,43113742,복대2동,4311311400,복대동,4.31131140012068e+18,1,대지,충청북도 청주시 흥덕구 복대동 2068,431134512047,충청북도 청주시 흥덕구 풍산로118번길,4.31131140012068e+24,충청북도 청주시 흥덕구 풍산로118번길 27-2,28605.0,1.0
MA010120220813361119,에끌라두,증평점,S2,수리·개인,S207,이용·미용,S20702,피부 관리실,S96113,피부 미용업,43,충청북도,43745,증평군,43745250,증평읍,4374525027,증평읍,4.3745250271092096e+18,1,대지,충청북도 증평군 증평읍 장동리 921,437454532035,충청북도 증평군 증평읍 두름로1길,4.37452502710921e+24,충청북도 증평군 증평읍 두름로1길 17,27921.0,2.0
MA010120220812092496,헤어,데일리,S2,수리·개인,S207,이용·미용,S20701,미용실,S96112,두발 미용업,43,충청북도,43113,청주시 흥덕구,43113747,가경동,4311311300,가경동,4.3113113001175905e+18,1,대지,충청북도 청주시 흥덕구 가경동 1759,431133237049,충청북도 청주시 흥덕구 서현중로,4.31131130011759e+24,충청북도 청주시 흥덕구 서현중로 49,28379.0,1.0
MA010120220805439415,명륜진사갈비,용암점,I2,음식,I201,한식,I20107,돼지고기 구이/찜,I56111,한식 일반 음식점업,43,충청북도,43111,청주시 상당구,43111720,용암1동,4311112400,용암동,4.3111124001160494e+18,1,대지,충청북도 청주시 상당구 용암동 1605,431113236057,충청북도 청주시 상당구 중흥로,4.31111240011605e+24,충청북도 청주시 상당구 중흥로 42,28776.0,1.0
MA010120220814288148,바른기정떡청주,가경점,I2,음식,I210,기타 간이,I21002,떡/한과,G47129,기타 음ㆍ식료품 위주 종합 소매업,43,충청북도,43113,청주시 흥덕구,43113747,가경동,4311311300,가경동,4.3113113001206497e+18,1,대지,충청북도 청주시 흥덕구 가경동 2065,431133237049,충청북도 청주시 흥덕구 서현중로,4.31131130012065e+24,충청북도 청주시 흥덕구 서현중로 16,28384.0,1.0
MA010120220806333672,남양유통청원,대리점,G2,소매,G204,종합 소매,G20404,슈퍼마켓,G47129,기타 음ㆍ식료품 위주 종합 소매업,43,충청북도,43111,청주시 상당구,43111340,남일면,4311134028,남일면,4.31113402810456e+18,1,대지,충청북도 청주시 상당구 남일면 고은리 456-18,431113236065,충청북도 청주시 상당구 남일면 단재로,4.37103403200456e+24,충청북도 청주시 상당구 남일면 단재로 740,28190.0,1.0
MA010120220806347275,동원홈푸드유한양행주,오창점,I2,음식,I207,구내식당·뷔페,I20701,구내식당,I56130,기관 구내식당업,43,충청북도,43114,청주시 청원구,43114253,오창읍,4311425345,오창읍,4.3114253451080694e+18,1,대지,충청북도 청주시 청원구 오창읍 양청리 807-1,431143240051,충청북도 청주시 청원구 오창읍 연구단지로,4.37102534500807e+24,충청북도 청주시 청원구 오창읍 연구단지로 219,28119.0,1.0
MA010120220813434137,79대포청주,테크노폴리스점,I2,음식,I211,주점,I21104,요리 주점,I56113,한식 육류 요리 전문점,43,충청북도,43113,청주시 흥덕구,43113770,강서2동,4311313400,송절동,4.31131340010708e+18,1,대지,충청북도 청주시 흥덕구 송절동 708,431134855164,충청북도 청주시 흥덕구 송화로150번길,4.31131340010708e+24,충청북도 청주시 흥덕구 송화로150번길 7-12,28292.0,1.0
MA010120220809653675,그린,골프연습장,R1,예술·스포츠,R103,스포츠 서비스,R10311,골프 연습장,R91136,골프 연습장 운영업,43,충청북도,43114,청주시 청원구,43114550,오근장동,4311410500,주성동,4.31141050010106e+18,1,대지,충청북도 청주시 청원구 주성동 106-1,431143014065,충청북도 청주시 청원구 2순환로,4.31111310010106e+24,충청북도 청주시 청원구 2순환로 176-30,28309.0,1.0
MA010120220806972362,테이큰커피청주대,중문점,I2,음식,I212,비알코올,I21201,카페,I56221,커피 전문점,43,충청북도,43114,청주시 청원구,43114510,우암동,4311410100,우암동,4.3114101001002e+18,1,대지,충청북도 청주시 청원구 우암동 20-2,431143236034,충청북도 청주시 청원구 수암로,4.3111113001002e+24,충청북도 청주시 청원구 수암로 98-15,28504.0,1.0
MA010120220810000697,에이치스타일헤어살롱,동남점,S2,수리·개인,S207,이용·미용,S20701,미용실,S96112,두발 미용업,43,충청북도,43111,청주시 상당구,43111720,용암1동,4311112400,용암동,4.31111240013094e+18,1,대지,충청북도 청주시 상당구 용암동 3094,431113236055,충청북도 청주시 상당구 중고개로,4.31111240010209e+24,충청북도 청주시 상당구 중고개로 117,28808.0,2.0
MA010120220805594087,파스쿠찌,하복대점,I2,음식,I212,비알코올,I21201,카페,I56221,커피 전문점,43,충청북도,43113,청주시 흥덕구,43113741,복대1동,4311311400,복대동,4.31131140012646e+18,1,대지,충청북도 청주시 흥덕구 복대동 2646,431133237081,충청북도 청주시 흥덕구 진재로,4.31131140012646e+24,충청북도 청주시 흥덕구 진재로 43,28416.0,1.0
MA010120220805596025,쉬즈미스,롯데아울렛,G2,소매,G209,섬유·의복·신발 소매,G20902,여성 의류 소매업,G47412,여자용 겉옷 소매업,43,충청북도,43113,청주시 흥덕구,43113760,강서1동,4311313800,비하동,4.31131380010811e+18,1,대지,충청북도 청주시 흥덕구 비하동 811,431133014065,충청북도 청주시 흥덕구 2순환로,4.31131380010332e+24,충청북도 청주시 흥덕구 2순환로 1004,28360.0,2.0
MA010120220810381255,휴실내,골프연습장,R1,예술·스포츠,R103,스포츠 서비스,R10311,골프 연습장,R91136,골프 연습장 운영업,43,충청북도,43800,단양군,43800250,단양읍,4380025025,단양읍,4.3800250251057e+18,1,대지,충청북도 단양군 단양읍 별곡리 570-2,438004544210,충청북도 단양군 단양읍 별곡7길,4.3800250251057e+24,충청북도 단양군 단양읍 별곡7길 12,27011.0,2.0
MA010120220806322900,롯데리아청주,율량점,I2,음식,I210,기타 간이,I21004,버거,I56192,피자; 햄버거; 샌드위치 및 유사 음식점업,43,충청북도,43114,청주시 청원구,43114540,율량.사천동,4311410300,율량동,4.31141030010875e+18,1,대지,충청북도 청주시 청원구 율량동 875-6,431143236050,충청북도 청주시 청원구 율봉로,4.31111150010875e+24,충청북도 청주시 청원구 율봉로 197,28327.0,1.0
MA010120220805577555,안경나라,분평점,G2,소매,G216,안경·정밀기기 소매,G21602,안경렌즈 소매업,G47822,안경 및 렌즈 소매업,43,충청북도,43112,청주시 서원구,43112560,분평동,4311210600,분평동,4.31121060011232e+18,1,대지,충청북도 청주시 서원구 분평동 1232,431123236067,충청북도 청주시 서원구 청남로,4.31131080011232e+24,충청북도 청주시 서원구 청남로 1994,28797.0,1.0
MA010120220806467318,파리바게뜨,가경점,I2,음식,I210,기타 간이,I21001,빵/도넛,I56191,제과점업,43,충청북도,43113,청주시 흥덕구,43113747,가경동,4311311300,가경동,4.31131130011182e+18,1,대지,충청북도 청주시 흥덕구 가경동 1182,431134511074,충청북도 청주시 흥덕구 가경로161번길,4.31131130011182e+24,충청북도 청주시 흥덕구 가경로161번길 2,28393.0,1.0
MA010120220805870903,이비가짬뽕,봉명점,I2,음식,I202,중식,I20201,중국집,I56121,중식 음식점업,43,충청북도,43113,청주시 흥덕구,43113756,봉명2.송정동,4311311500,봉명동,4.3113115001275894e+18,1,대지,충청북도 청주시 흥덕구 봉명동 2759,431133237023,충청북도 청주시 흥덕구 덕암로,4.31131150012759e+24,충청북도 청주시 흥덕구 덕암로 28,28463.0,1.0
MA010120220803576943,청담이상충북,혁신점,I2,음식,I211,주점,I21104,요리 주점,I56219,기타 주점업,43,충청북도,43770,음성군,43770330,맹동면,4377033028,맹동면,4.37703302811395e+18,1,대지,충청북도 음성군 맹동면 두성리 1395,437704541745,충청북도 음성군 맹동면 대하2길,4.37703302811395e+24,충청북도 음성군 맹동면 대하2길 13,27738.0,2.0
MA010120220813270588,뷰코스,코리아,G2,소매,G215,의약·화장품 소매,G21503,화장품 소매업,G47813,화장품; 비누 및 방향제 소매업,43,충청북도,43112,청주시 서원구,43112570,수곡1동,4311210700,수곡동,4.31121070010088e+18,1,대지,충청북도 청주시 서원구 수곡동 88-46,431124512159,충청북도 청주시 서원구 남들로25번길,4.31121070010088e+24,충청북도 청주시 서원구 남들로25번길 10,28680.0,1.0
MA010120220814342809,세븐일레븐청주,가경점,G2,소매,G204,종합 소매,G20405,편의점,G47122,체인화 편의점,43,충청북도,43113,청주시 흥덕구,43113747,가경동,4311311300,가경동,4.31131130011458e+18,1,대지,충청북도 청주시 흥덕구 가경동 1458-9,431133237007,충청북도 청주시 흥덕구 경산로,4.31131130011458e+24,충청북도 청주시 흥덕구 경산로 19,28397.0,1.0
MA010120220801007662,미래전기안전관리,충주지점,N1,시설관리·임대,N101,시설관리,N10101,사업시설 유지·관리 서비스업,N74100,사업시설 유지ㆍ관리 서비스업,43,충청북도,43130,충주시,43130610,봉방동,4313011500,봉방동,4.31301150010222e+18,1,대지,충청북도 충주시 봉방동 222-5,431304514605,충청북도 충주시 봉방9길,4.31301150010222e+24,충청북도 충주시 봉방9길 23,27425.0,1.0
MA010120220804580639,정가네배달,전문점,I2,음식,I201,한식,I20101,백반/한정식,I56111,한식 일반 음식점업,43,충청북도,43113,청주시 흥덕구,43113747,가경동,4311311300,가경동,4.31131130011144e+18,1,대지,충청북도 청주시 흥덕구 가경동 1144,431134512032,충청북도 청주시 흥덕구 풍년로172번길,4.31131130011144e+24,충청북도 청주시 흥덕구 풍년로172번길 15,28395.0,1.0
MA010120220806579991,육회본가,청주대점,I2,음식,I201,한식,I20108,소고기 구이/찜,I56113,한식 육류 요리 전문점,43,충청북도,43114,청주시 청원구,43114510,우암동,4311410100,우암동,4.31141010010237e+18,1,대지,충청북도 청주시 청원구 우암동 237-3,431144508638,충청북도 청주시 청원구 직지대로890번길,4.31141010010237e+24,충청북도 청주시 청원구 직지대로890번길 14,28536.0,1.0
MA010120220807549544,현대헤지스ACC,충청점,G2,소매,G209,섬유·의복·신발 소매,G20911,가방 소매업,G47440,가방 및 기타 가죽제품 소매업,43,충청북도,43113,청주시 흥덕구,43113741,복대1동,4311311400,복대동,4.3113114001338e+18,1,대지,충청북도 청주시 흥덕구 복대동 3380,431133236058,충청북도 청주시 흥덕구 직지대로,4.31131140010584e+24,충청북도 청주시 흥덕구 직지대로 308,28424.0,1.0
MA010120220801448435,세븐청주산남로점,코리아,G2,소매,G204,종합 소매,G20405,편의점,G47122,체인화 편의점,43,충청북도,43112,청주시 서원구,43112550,산남동,4311210400,산남동,4.3112104001065e+18,1,대지,충청북도 청주시 서원구 산남동 650,431123237037,충청북도 청주시 서원구 산남로,4.3112104001065e+24,충청북도 청주시 서원구 산남로 48,28625.0,1.0
MA010120220805567575,할리스커피,충북대점,I2,음식,I212,비알코올,I21201,카페,I56221,커피 전문점,43,충청북도,43113,청주시 흥덕구,43113742,복대2동,4311311400,복대동,4.3113114001087293e+18,1,대지,충청북도 청주시 흥덕구 복대동 873-10,431133237019,충청북도 청주시 흥덕구 내수동로,4.31131140010873e+24,충청북도 청주시 흥덕구 내수동로 53,28641.0,2.0
MA010120220808210174,스트라이크존충주,연수점,R1,예술·스포츠,R103,스포츠 서비스,R10314,기타 스포츠시설 운영업,R91139,그 외 기타 스포츠시설 운영업,43,충청북도,43130,충주시,43130630,연수동,4313011800,연수동,4.31301180011604e+18,1,대지,충청북도 충주시 연수동 1604,431304515009,충청북도 충주시 연수동산로5길,4.31301180011604e+24,충청북도 충주시 연수동산로5길 27,27352.0,2.0
MA010120220805645468,비턴,율량점,I2,음식,I211,주점,I21104,요리 주점,I56219,기타 주점업,43,충청북도,43114,청주시 청원구,43114550,오근장동,4311410500,주성동,4.31141050010416e+18,1,대지,충청북도 청주시 청원구 주성동 416,431144571735,충청북도 청주시 청원구 율량로138번길,4.31111310010142e+24,충청북도 청주시 청원구 율량로138번길 42-19,28318.0,1.0
MA010120220808041795,리틀마운틴제천,리솜포레스트점,R1,예술·스포츠,R104,유원지·오락,R10499,기타 오락관련 서비스업,R91299,그 외 기타 분류 안된 오락관련 서비스업,43,충청북도,43150,제천시,43150360,백운면,4315036021,백운면,4.3150360211070694e+18,1,대지,충청북도 제천시 백운면 평동리 707,431503239008,충청북도 제천시 백운면 금봉로,4.31503602110707e+24,충청북도 제천시 백운면 금봉로 365,27105.0,1.0
MA010120220814092613,워시엔조이셀프빨래방금왕,사거리점,S2,수리·개인,S209,세탁,S20902,셀프 빨래방,S96912,가정용 세탁업,43,충청북도,43770,음성군,43770253,금왕읍,4377025322,금왕읍,4.37702532210239e+18,1,대지,충청북도 음성군 금왕읍 금석리 239-7,437703247019,충청북도 음성군 금왕읍 무극로,4.37702532210239e+24,충청북도 음성군 금왕읍 무극로 348,27627.0,1.0
MA010120220806990646,나우커피청주,개신점,I2,음식,I212,비알코올,I21201,카페,G47991,자동 판매기 운영업,43,충청북도,43112,청주시 서원구,43112590,성화.개신.죽림동,4311210900,개신동,4.3112109001061094e+18,1,대지,충청북도 청주시 서원구 개신동 611,431123237058,충청북도 청주시 서원구 신율로,4.31131110010611e+24,충청북도 청주시 서원구 신율로 49,28608.0,1.0
MA010120220812556157,응응스크르,가경점,G2,소매,G204,종합 소매,G20405,편의점,G47216,빵류; 과자류 및 당류 소매업,43,충청북도,43113,청주시 흥덕구,43113747,가경동,4311311300,가경동,4.3113113001222e+18,1,대지,충청북도 청주시 흥덕구 가경동 2220,431133237046,충청북도 청주시 흥덕구 서현로,4.31131130010656e+24,충청북도 청주시 흥덕구 서현로 66,28382.0,1.0
MA010120220807416858,태후사랑,개신점,S2,수리·개인,S207,이용·미용,S20701,미용실,S96112,두발 미용업,43,충청북도,43112,청주시 서원구,43112590,성화.개신.죽림동,4311210900,개신동,4.31121090010278e+18,1,대지,충청북도 청주시 서원구 개신동 278-4,431123237050,충청북도 청주시 서원구 성봉로,4.31131110010278e+24,충청북도 청주시 서원구 성봉로 226,28645.0,1.0
MA010120220808098480,프로스펙스충주점,롯데마트,G2,소매,G209,섬유·의복·신발 소매,G20905,기타 의류 소매업,G47419,기타 의복 소매업,43,충청북도,43130,충주시,43130625,칠금.금릉동,4313011600,칠금동,4.3130116001084897e+18,1,대지,충청북도 충주시 칠금동 849,431304514580,충청북도 충주시 봉계1길,4.31301160010849e+24,충청북도 충주시 봉계1길 49,27360.0,2.0
MA010120220805573447,참살이오리,전문점,I2,음식,I201,한식,I20107,돼지고기 구이/찜,I56113,한식 육류 요리 전문점,43,충청북도,43111,청주시 상당구,43111720,용암1동,4311112400,용암동,4.3111124001254497e+18,1,대지,충청북도 청주시 상당구 용암동 2545,431113236044,충청북도 청주시 상당구 용암북로,4.31111240012545e+24,충청북도 청주시 상당구 용암북로 124-1,28763.0,1.0
MA010120220805856333,역전할머니맥주,분평점,I2,음식,I211,주점,I21103,생맥주 전문,I56213,생맥주 전문점,43,충청북도,43112,청주시 서원구,43112560,분평동,4311210600,분평동,4.31121060011328e+18,1,대지,충청북도 청주시 서원구 분평동 1328,431124511740,충청북도 청주시 서원구 원마루로10번길,4.31131080011328e+24,충청북도 청주시 서원구 원마루로10번길 8,28794.0,1.0
MA010120220806347139,비포청원지점주,코리아,N1,시설관리·임대,N104,고용 알선,N10401,고용 알선업,N75999,그 외 기타 분류 안된 사업 지원 서비스업,43,충청북도,43113,청주시 흥덕구,43113320,옥산면,4311332033,옥산면,4.31133203311112e+18,1,대지,충청북도 청주시 흥덕구 옥산면 남촌리 1112-12,431133240005,충청북도 청주시 흥덕구 옥산면 과학산업1로,4.37104103301112e+24,충청북도 청주시 흥덕구 옥산면 과학산업1로 128,28122.0,2.0
MA010120220805723431,바푸리숯불김밥,고암점,I2,음식,I210,기타 간이,I21007,김밥/만두/분식,I56194,김밥 및 기타 간이 음식점업,43,충청북도,43150,제천시,43150518,의림지동,4315011500,고암동,4.3150115001114895e+18,1,대지,충청북도 제천시 고암동 1149-4,431504517694,충청북도 제천시 용두천로46길,4.31501150011149e+24,충청북도 제천시 용두천로46길 9-1,27145.0,1.0
MA010120220813262247,마피아떡볶이,율량점,I2,음식,I210,기타 간이,I21007,김밥/만두/분식,I56199,간이 음식 포장 판매 전문점,43,충청북도,43114,청주시 청원구,43114530,내덕2동,4311410200,내덕동,4.31141020010521e+18,1,대지,충청북도 청주시 청원구 내덕동 521-5,431144508063,충청북도 청주시 청원구 공항로64번길,4.31111140010521e+24,충청북도 청주시 청원구 공항로64번길 32,28492.0,1.0
MA010120220806346798,세븐청주뉴용암제일점,코리아,G2,소매,G204,종합 소매,G20405,편의점,G47122,체인화 편의점,43,충청북도,43111,청주시 상당구,43111730,용암2동,4311112400,용암동,4.31111240011864e+18,1,대지,충청북도 청주시 상당구 용암동 1864,431114508230,충청북도 청주시 상당구 무농정로51번길,4.31111240011864e+24,충청북도 청주시 상당구 무농정로51번길 21,28782.0,1.0
MA010120220807770489,카페파스쿠찌청주,개신점,I2,음식,I212,비알코올,I21201,카페,I56221,커피 전문점,43,충청북도,43112,청주시 서원구,43112590,성화.개신.죽림동,4311210900,개신동,4.31121090010052e+18,1,대지,충청북도 청주시 서원구 개신동 52-4,431123237104,충청북도 청주시 서원구 모충로,4.31131110010052e+24,충청북도 청주시 서원구 모충로 5,28666.0,1.0
MA010120220807113113,캘러웨이골프현대백화점,충청점,G2,소매,G209,섬유·의복·신발 소매,G20905,기타 의류 소매업,G47419,기타 의복 소매업,43,충청북도,43113,청주시 흥덕구,43113741,복대1동,4311311400,복대동,4.3113114001338e+18,1,대지,충청북도 청주시 흥덕구 복대동 3380,431133236058,충청북도 청주시 흥덕구 직지대로,4.31131140010584e+24,충청북도 청주시 흥덕구 직지대로 308,28424.0,5.0
MA010120220802971137,지에스25방서,자이점,G2,소매,G204,종합 소매,G20405,편의점,G47122,체인화 편의점,43,충청북도,43111,청주시 상당구,43111730,용암2동,4311112600,방서동,4.31111260010654e+18,1,대지,충청북도 청주시 상당구 방서동 654,431113236065,충청북도 청주시 상당구 단재로,4.31111260010247e+24,충청북도 청주시 상당구 단재로 316,28787.0,1.0
MA010120220813033553,쑥뜸천하,금천점,S2,수리·개인,S208,욕탕·신체관리,S20802,마사지/안마,S96999,그 외 기타 달리 분류되지 않은 개인 서비스업,43,충청북도,43111,청주시 상당구,43111690,용담.명암.산성동,4311112100,용담동,4.3111121001039606e+18,1,대지,충청북도 청주시 상당구 용담동 396,431114508279,충청북도 청주시 상당구 산성로112번길,4.31111210010396e+24,충청북도 청주시 상당구 산성로112번길 32,28744.0,3.0
MA010120220805702280,금왕,골프연습장,R1,예술·스포츠,R103,스포츠 서비스,R10311,골프 연습장,R91136,골프 연습장 운영업,43,충청북도,43770,음성군,43770253,금왕읍,4377025326,금왕읍,4.37702532620054e+18,2,산,충청북도 음성군 금왕읍 용계리 산 54,437703247021,충청북도 음성군 금왕읍 백야로,4.37702532620054e+24,충청북도 음성군 금왕읍 백야로 40-44,27638.0,1.0
MA010120220813582740,일번지비빔국수충주,본점,I2,음식,I201,한식,I20105,국수/칼국수,I56112,한식 면 요리 전문점,43,충청북도,43130,충주시,43130535,교현.안림동,4313010500,교현동,4.3130105001044895e+18,1,대지,충청북도 충주시 교현동 449-9,431303238002,충청북도 충주시 갱고개로,4.31301050010449e+24,충청북도 충주시 갱고개로 64,27380.0,1.0
MA010120220802939061,스파리움현대백화점,충청점,S2,수리·개인,S207,이용·미용,S20701,미용실,S96112,두발 미용업,43,충청북도,43113,청주시 흥덕구,43113741,복대1동,4311311400,복대동,4.3113114001338e+18,1,대지,충청북도 청주시 흥덕구 복대동 3380,431133236058,충청북도 청주시 흥덕구 직지대로,4.31131140010584e+24,충청북도 청주시 흥덕구 직지대로 308,28424.0,3.0
MA010120220803203996,지에스25가경,하나점,G2,소매,G204,종합 소매,G20405,편의점,G47122,체인화 편의점,43,충청북도,43113,청주시 흥덕구,43113747,가경동,4311311300,가경동,4.3113113001146097e+18,1,대지,충청북도 청주시 흥덕구 가경동 1461-1,431133237007,충청북도 청주시 흥덕구 경산로,4.31131130011461e+24,충청북도 청주시 흥덕구 경산로 4,28404.0,1.0
MA010120220802987067,쥬크현대,충청점,G2,소매,G209,섬유·의복·신발 소매,G20902,여성 의류 소매업,G47412,여자용 겉옷 소매업,43,충청북도,43113,청주시 흥덕구,43113741,복대1동,4311311400,복대동,4.3113114001338e+18,1,대지,충청북도 청주시 흥덕구 복대동 3380,431133236058,충청북도 청주시 흥덕구 직지대로,4.31131140010584e+24,충청북도 청주시 흥덕구 직지대로 308,28424.0,1.0
MA010120220809572934,연수요가남성전용,2호점,P1,교육,P106,기타 교육,P10603,요가/필라테스 학원,P85612,기타 스포츠 교육기관,43,충청북도,43130,충주시,43130630,연수동,4313011800,연수동,4.31301180010856e+18,1,대지,충청북도 충주시 연수동 856,431304515019,충청북도 충주시 연수상가2길,4.31301180010856e+24,충청북도 충주시 연수상가2길 19,27347.0,3.0
MA010120220814129788,샐러드,데일리,I2,음식,I210,기타 간이,I21003,피자,I56192,피자; 햄버거; 샌드위치 및 유사 음식점업,43,충청북도,43130,충주시,43130630,연수동,4313011800,연수동,4.3130118001138294e+18,1,대지,충청북도 충주시 연수동 1383,431302238004,충청북도 충주시 번영대로,4.31301180011383e+24,충청북도 충주시 번영대로 182,27351.0,1.0
MA010120220812139479,언더아머현대,충청점,G2,소매,G209,섬유·의복·신발 소매,G20905,기타 의류 소매업,G47419,기타 의복 소매업,43,충청북도,43113,청주시 흥덕구,43113741,복대1동,4311311400,복대동,4.3113114001338e+18,1,대지,충청북도 청주시 흥덕구 복대동 3380,431133236058,충청북도 청주시 흥덕구 직지대로,4.31131140010584e+24,충청북도 청주시 흥덕구 직지대로 308,28424.0,1.0
MA010120220800230158,주민상회,용암점,I2,음식,I211,주점,I21104,요리 주점,I56219,기타 주점업,43,충청북도,43111,청주시 상당구,43111720,용암1동,4311112400,용암동,4.31111240012406e+18,1,대지,충청북도 청주시 상당구 용암동 2406,431114508525,충청북도 청주시 상당구 용암북로80번길,4.31111240012406e+24,충청북도 청주시 상당구 용암북로80번길 21-1,28766.0,1.0
MA010120220803243274,동태랑찌개랑,전문점,I2,음식,I201,한식,I20101,백반/한정식,I56111,한식 일반 음식점업,43,충청북도,43113,청주시 흥덕구,43113741,복대1동,4311311400,복대동,4.31131140012552e+18,1,대지,충청북도 청주시 흥덕구 복대동 2552,431134511821,충청북도 청주시 흥덕구 증안로22번길,4.31131140012552e+24,충청북도 청주시 흥덕구 증안로22번길 27-7,28416.0,1.0
MA010120220814209694,브이쿨,용암점,S2,수리·개인,S203,자동차 수리·세차,S20301,자동차 정비소,S95212,자동차 전문 수리업,43,충청북도,43111,청주시 상당구,43111720,용암1동,4311112400,용암동,4.3111124001291694e+18,1,대지,충청북도 청주시 상당구 용암동 2917,431113236019,충청북도 청주시 상당구 무심동로,4.31111240012917e+24,충청북도 청주시 상당구 무심동로 78-1,28788.0,1.0
MA010120220806870376,씨유청주용정,빌리지점,G2,소매,G204,종합 소매,G20405,편의점,G47122,체인화 편의점,43,충청북도,43111,청주시 상당구,43111720,용암1동,4311112500,용정동,4.3111125001072e+18,1,대지,충청북도 청주시 상당구 용정동 720,431114508458,충청북도 청주시 상당구 영운천로153번길,4.3111125001072e+24,충청북도 청주시 상당구 영운천로153번길 12,28750.0,1.0
MA010120220805681362,블럭타임,금왕점,R1,예술·스포츠,R104,유원지·오락,R10405,기타 오락장,R91229,기타 오락장 운영업,43,충청북도,43770,음성군,43770253,금왕읍,4377025321,금왕읍,4.3770253211006e+18,1,대지,충청북도 음성군 금왕읍 무극리 60-6,437704541212,충청북도 음성군 금왕읍 무극로292번길,4.3770253211006e+24,충청북도 음성군 금왕읍 무극로292번길 9,27634.0,2.0
MA010120220812530561,씨유청주봉명,센트럴점,G2,소매,G204,종합 소매,G20405,편의점,G47122,체인화 편의점,43,충청북도,43113,청주시 흥덕구,43113756,봉명2.송정동,4311311500,봉명동,4.31131150010691e+18,1,대지,충청북도 청주시 흥덕구 봉명동 691,431134512148,충청북도 청주시 흥덕구 1순환로549번길,4.31131150010691e+24,충청북도 청주시 흥덕구 1순환로549번길 75,28476.0,1.0
MA010120220808574345,에스케이한음동남,직영점,G2,소매,G208,가전·통신 소매,G20802,핸드폰 소매업,G47312,통신기기 소매업,43,충청북도,43111,청주시 상당구,43111730,용암2동,4311112600,방서동,4.31111260010826e+18,1,대지,충청북도 청주시 상당구 방서동 826,431113352531,충청북도 청주시 상당구 동남로,4.31111260010025e+24,충청북도 청주시 상당구 동남로 20,28785.0,1.0
MA010120220806821993,88냉면오창,본점,I2,음식,I201,한식,I20106,냉면/밀면,I56114,한식 해산물 요리 전문점,43,충청북도,43114,청주시 청원구,43114253,오창읍,4311425345,오창읍,4.31142534510718e+18,1,대지,충청북도 청주시 청원구 오창읍 양청리 718-6,431143240062,충청북도 청주시 청원구 오창읍 오창공원로,4.37102534500718e+24,충청북도 청주시 청원구 오창읍 오창공원로 33,28115.0,1.0
MA010120220804887636,공차,청주금천점,I2,음식,I212,비알코올,I21201,카페,I56229,기타 비알코올 음료점업,43,충청북도,43111,청주시 상당구,43111680,금천동,4311112000,금천동,4.31111200010272e+18,1,대지,충청북도 청주시 상당구 금천동 272,431114508296,충청북도 청주시 상당구 산성로92번길,4.31111200010272e+24,충청북도 청주시 상당구 산성로92번길 5,28744.0,1.0
MA010120220803081536,제너스PC,보은점,R1,예술·스포츠,R104,유원지·오락,R10406,PC방,R91222,컴퓨터 게임방 운영업,43,충청북도,43720,보은군,43720250,보은읍,4372025021,보은읍,4.37202502110045e+18,1,대지,충청북도 보은군 보은읍 삼산리 45-1,437203241014,충청북도 보은군 보은읍 삼산남로,4.37202502110044e+24,충청북도 보은군 보은읍 삼산남로 29,28950.0,2.0
MA010120220813373147,아이벗치킨,용암점,I2,음식,I210,기타 간이,I21006,치킨,I56193,치킨 전문점,43,충청북도,43111,청주시 상당구,43111720,용암1동,4311112400,용암동,4.3111124001227694e+18,1,대지,충청북도 청주시 상당구 용암동 2277,431113236008,충청북도 청주시 상당구 낙영로,4.31111240012277e+24,충청북도 청주시 상당구 낙영로 21,28766.0,1.0
MA010120220808195611,포토이즘박스오창,호수공원점,M1,과학·기술,M113,사진 촬영,M11301,사진촬영업,M73301,인물 사진 및 행사용 영상 촬영업,43,충청북도,43114,청주시 청원구,43114253,오창읍,4311425345,오창읍,4.3114253451082e+18,1,대지,충청북도 청주시 청원구 오창읍 양청리 820-1,431143240075,충청북도 청주시 청원구 오창읍 중심상업1로,4.3114253451082e+24,충청북도 청주시 청원구 오창읍 중심상업1로 8-9,28120.0,1.0
MA010120220809206643,박태규의철통닭갈비,본점,I2,음식,I201,한식,I20107,돼지고기 구이/찜,I56113,한식 육류 요리 전문점,43,충청북도,43112,청주시 서원구,43112540,모충동,4311210300,모충동,4.31121030010442e+18,1,대지,충청북도 청주시 서원구 모충동 442-2,431124512096,충청북도 청주시 서원구 호국로3번길,4.31131030010442e+24,충청북도 청주시 서원구 호국로3번길 6,28658.0,1.0
MA010120220810414507,동백카츠,오창점,I2,음식,I203,일식,I20302,일식 카레/돈가스/덮밥,I56122,일식 음식점업,43,충청북도,43114,청주시 청원구,43114253,오창읍,4311425345,오창읍,4.31142534510819e+18,1,대지,충청북도 청주시 청원구 오창읍 양청리 819-1,431143240077,충청북도 청주시 청원구 오창읍 중심상업로,4.37102534500819e+24,충청북도 청주시 청원구 오창읍 중심상업로 27,28120.0,1.0
MA010120220804908662,미스터빠삭&프리타임포차,제천점,I2,음식,I210,기타 간이,I21007,김밥/만두/분식,I56194,김밥 및 기타 간이 음식점업,43,충청북도,43150,제천시,43150560,용두동,4315011200,신월동,4.3150112001138e+18,1,대지,충청북도 제천시 신월동 1380-1,431504517247,충청북도 제천시 대학로14길,4.3150112001138e+24,충청북도 제천시 대학로14길 7-18,27136.0,2.0
MA010120220808559071,세븐일레븐증평송산,로드점,G2,소매,G204,종합 소매,G20405,편의점,G47122,체인화 편의점,43,충청북도,43745,증평군,43745250,증평읍,4374525032,증평읍,4.3745250321016095e+18,1,대지,충청북도 증평군 증평읍 송산리 161-7,437453240095,충청북도 증평군 증평읍 중부로,4.37452503210161e+24,충청북도 증평군 증평읍 중부로 2425,27914.0,1.0
MA010120220808064117,또래오래용산,호암점,I2,음식,I210,기타 간이,I21006,치킨,I56193,치킨 전문점,43,충청북도,43130,충주시,43130580,호암.직동,4313010700,호암동,4.3130107001013494e+18,1,대지,충청북도 충주시 호암동 135,431303238084,충청북도 충주시 호암중앙1로,4.31301070010135e+24,충청북도 충주시 호암중앙1로 34,27481.0,1.0
MA010120220813899989,세사리빙청주,분평점,G2,소매,G209,섬유·의복·신발 소매,G20906,침구류/커튼 소매업,G47421,가정용 직물제품 소매업,43,충청북도,43112,청주시 서원구,43112560,분평동,4311210600,분평동,4.3112106001143e+18,1,대지,충청북도 청주시 서원구 분평동 1430,431123236001,충청북도 청주시 서원구 1순환로,4.3113108001143e+24,충청북도 청주시 서원구 1순환로 1037,28798.0,1.0
MA010120220813526198,미래안,코리아,M1,과학·기술,M107,본사·경영 컨설팅,M10703,경영 컨설팅업,M71531,경영 컨설팅업,43,충청북도,43114,청주시 청원구,43114253,오창읍,4311425347,오창읍,4.31142534710038e+18,1,대지,충청북도 청주시 청원구 오창읍 성산리 38-3,431143240028,충청북도 청주시 청원구 오창읍 두릉유리로,4.37102534700038e+24,충청북도 청주시 청원구 오창읍 두릉유리로 836-18,28107.0,2.0
MA010120220805723389,보떼,중앙점,G2,소매,G215,의약·화장품 소매,G21503,화장품 소매업,G47813,화장품; 비누 및 방향제 소매업,43,충청북도,43150,제천시,43150528,중앙동,4315010600,중앙로1가,4.3150106001001103e+18,1,대지,충청북도 제천시 중앙로1가 11,431504518098,충청북도 제천시 풍양로17길,4.31501060010006e+24,충청북도 제천시 풍양로17길 14,27173.0,1.0
MA010120220805709434,라라세탁,전문점,S2,수리·개인,S209,세탁,S20901,세탁소,S96912,가정용 세탁업,43,충청북도,43150,제천시,43150528,중앙동,4315010800,명동,4.3150108001016e+18,1,대지,충청북도 제천시 명동 160-1,431504517504,충청북도 제천시 숭문로6길,4.3150108001016e+24,충청북도 제천시 숭문로6길 1,27171.0,1.0
MA010120220806921667,점프,코리아,L1,부동산,L102,부동산 서비스,L10203,부동산 중개/대리업,L68221,부동산 중개 및 대리업,43,충청북도,43130,충주시,43130410,산척면,4313041022,산척면,4.3130410221156e+18,1,대지,충청북도 충주시 산척면 영덕리 1560-4,431302238008,충청북도 충주시 산척면 충원대로,4.3130410221156e+24,충청북도 충주시 산척면 충원대로 1680,27316.0,1.0
MA010120220806347291,LF네트웍스청주주,아울렛점,G2,소매,G209,섬유·의복·신발 소매,G20901,남성 의류 소매업,G47411,남자용 겉옷 소매업,43,충청북도,43114,청주시 청원구,43114550,오근장동,4311410600,주중동,4.31141060010184e+18,1,대지,충청북도 청주시 청원구 주중동 184,431143014065,충청북도 청주시 청원구 2순환로,4.31111320010184e+24,충청북도 청주시 청원구 2순환로 278,28308.0,1.0
MA010120220805637636,씨유청주비하,스타점,G2,소매,G204,종합 소매,G20405,편의점,G47122,체인화 편의점,43,충청북도,43113,청주시 흥덕구,43113760,강서1동,4311313800,비하동,4.31131380010166e+18,1,대지,충청북도 청주시 흥덕구 비하동 166-5,431134511447,충청북도 청주시 흥덕구 비하로63번길,4.31131380010166e+24,충청북도 청주시 흥덕구 비하로63번길 37,28363.0,1.0
MA010120220810313842,씨유청주복대,행복점,G2,소매,G204,종합 소매,G20405,편의점,G47122,체인화 편의점,43,충청북도,43113,청주시 흥덕구,43113741,복대1동,4311311400,복대동,4.31131140010832e+18,1,대지,충청북도 청주시 흥덕구 복대동 832-19,431134511529,충청북도 청주시 흥덕구 사직대로41번길,4.31131140010832e+24,충청북도 청주시 흥덕구 사직대로41번길 25,28591.0,1.0
MA010120220812257819,세븐일레븐청주가경,프라자점,G2,소매,G204,종합 소매,G20405,편의점,G47122,체인화 편의점,43,충청북도,43113,청주시 흥덕구,43113747,가경동,4311311300,가경동,4.31131130011453e+18,1,대지,충청북도 청주시 흥덕구 가경동 1453-6,431134512066,충청북도 청주시 흥덕구 풍산로48번길,4.31131130011453e+24,충청북도 청주시 흥덕구 풍산로48번길 6,28399.0,1.0
MA010120220813709529,투썸플레이스,금천점,I2,음식,I212,비알코올,I21201,카페,I56221,커피 전문점,43,충청북도,43111,청주시 상당구,43111680,금천동,4311112000,금천동,4.31111200010271e+18,1,대지,충청북도 청주시 상당구 금천동 271,431114508297,충청북도 청주시 상당구 산성로98번길,4.31111200010271e+24,충청북도 청주시 상당구 산성로98번길 8-1,28744.0,2.0
MA010120220805247721,진성민속촌,지웰시티점,I2,음식,I201,한식,I20101,백반/한정식,I56111,한식 일반 음식점업,43,충청북도,43113,청주시 흥덕구,43113741,복대1동,4311311400,복대동,4.31131140010292e+18,1,대지,충청북도 청주시 흥덕구 복대동 292-19,431134511235,충청북도 청주시 흥덕구 대신로73번길,4.31131140010292e+24,충청북도 청주시 흥덕구 대신로73번길 61,28426.0,1.0
MA010120220811871894,불닭발땡초동대문엽기떡볶이충주,연수점,I2,음식,I210,기타 간이,I21007,김밥/만두/분식,I56194,김밥 및 기타 간이 음식점업,43,충청북도,43130,충주시,43130630,연수동,4313011800,연수동,4.3130118001176694e+18,1,대지,충청북도 충주시 연수동 1767,431304515027,충청북도 충주시 연수서편2길,4.31301180010708e+24,충청북도 충주시 연수서편2길 11,27347.0,1.0
MA010120220808270112,피씨태그,분평점,S2,수리·개인,S201,컴퓨터 수리,S20101,컴퓨터/노트북/프린터 수리업,S95110,컴퓨터 및 주변 기기 수리업,43,충청북도,43112,청주시 서원구,43112560,분평동,4311210600,분평동,4.3112106001137e+18,1,대지,충청북도 청주시 서원구 분평동 1370,431124512136,충청북도 청주시 서원구 1순환로1107번길,4.31131080011371e+24,충청북도 청주시 서원구 1순환로1107번길 20,28800.0,4.0
MA010120220810090049,배스킨라빈스충주,호암점,I2,음식,I210,기타 간이,I21008,아이스크림/빙수,I56194,김밥 및 기타 간이 음식점업,43,충청북도,43130,충주시,43130580,호암.직동,4313010700,호암동,4.3130107001120497e+18,1,대지,충청북도 충주시 호암동 1205,431304856097,충청북도 충주시 사천개1길,4.31301070011205e+24,충청북도 충주시 사천개1길 2,27480.0,1.0
MA010120220805397264,배떡,오창점,I2,음식,I210,기타 간이,I21007,김밥/만두/분식,I56194,김밥 및 기타 간이 음식점업,43,충청북도,43114,청주시 청원구,43114253,오창읍,4311425345,오창읍,4.3114253451073695e+18,1,대지,충청북도 청주시 청원구 오창읍 양청리 737-19,431143240050,충청북도 청주시 청원구 오창읍 양청택지로,4.37102534510737e+24,충청북도 청주시 청원구 오창읍 양청택지로 76-1,28115.0,1.0
MA010120220803052256,호식이두마리치킨,분평점,I2,음식,I210,기타 간이,I21006,치킨,I56193,치킨 전문점,43,충청북도,43112,청주시 서원구,43112550,산남동,4311210600,분평동,4.31121060010276e+18,1,대지,충청북도 청주시 서원구 분평동 276-3,431124511289,충청북도 청주시 서원구 매봉로12번길,4.31131080010276e+24,충청북도 청주시 서원구 매봉로12번길 21-2,28699.0,1.0
MA010120220800297867,모넬로충주,시청점,R1,예술·스포츠,R104,유원지·오락,R10405,기타 오락장,R91229,기타 오락장 운영업,43,충청북도,43130,충주시,43130625,칠금.금릉동,4313012800,금릉동,4.3130128001070295e+18,1,대지,충청북도 충주시 금릉동 703,431303238045,충청북도 충주시 연수로,4.31301280010703e+24,충청북도 충주시 연수로 4,27347.0,2.0
MA010120220805593229,지지고,충북대점,I2,음식,I201,한식,I20101,백반/한정식,I56194,김밥 및 기타 간이 음식점업,43,충청북도,43112,청주시 서원구,43112530,사창동,4311210200,사창동,4.3112102001040497e+18,1,대지,충청북도 청주시 서원구 사창동 405-1,431124512175,충청북도 청주시 서원구 1순환로672번길,4.31131020010405e+24,충청북도 청주시 서원구 1순환로672번길 36,28643.0,1.0
MA010120220810031311,씨유증평창동,스타점,G2,소매,G204,종합 소매,G20405,편의점,G47122,체인화 편의점,43,충청북도,43745,증평군,43745250,증평읍,4374525026,증평읍,4.3745250261022495e+18,1,대지,충청북도 증평군 증평읍 창동리 225,437454532066,충청북도 증평군 증평읍 삼보로7길,4.37452502610225e+24,충청북도 증평군 증평읍 삼보로7길 49,27927.0,1.0
MA010120220807051361,간이역,성원점,I2,음식,I211,주점,I21104,요리 주점,I56219,기타 주점업,43,충청북도,43130,충주시,43130625,칠금.금릉동,4313011600,칠금동,4.3130116001089295e+18,1,대지,충청북도 충주시 칠금동 893,431304514268,충청북도 충주시 대가미7길,4.31301160010893e+24,충청북도 충주시 대가미7길 23,27363.0,1.0
MA010120220801149617,춘리마라탕,율량점,I2,음식,I202,중식,I20202,마라탕/훠궈,I56121,중식 음식점업,43,충청북도,43114,청주시 청원구,43114540,율량.사천동,4311410300,율량동,4.3114103001086694e+18,1,대지,충청북도 청주시 청원구 율량동 867-6,431142014003,충청북도 청주시 청원구 충청대로,4.31141030010867e+24,충청북도 청주시 청원구 충청대로 133,28326.0,1.0
MA010120220808379223,뚜레쥬르,율량점,I2,음식,I210,기타 간이,I21001,빵/도넛,I56191,제과점업,43,충청북도,43114,청주시 청원구,43114540,율량.사천동,4311410300,율량동,4.3114103001098097e+18,1,대지,충청북도 청주시 청원구 율량동 981,431143236050,충청북도 청주시 청원구 율봉로,4.31111150010981e+24,충청북도 청주시 청원구 율봉로 178,28332.0,1.0
MA010120220803005327,안심엘피씨,음성지점,I1,숙박,I102,기타 숙박,I10201,기숙사/고시원,I55901,기숙사 및 고시원 운영업,43,충청북도,43770,음성군,43770340,대소면,4377034032,대소면,4.37703403210655e+18,1,대지,충청북도 음성군 대소면 대풍리 655-12,437703014058,충청북도 음성군 대소면 대금로,4.37703403210655e+24,충청북도 음성군 대소면 대금로 20,27671.0,3.0
MA010120220811700546,아부찌부대찌개,가경점,I2,음식,I201,한식,I20102,국/탕/찌개류,I56199,간이 음식 포장 판매 전문점,43,충청북도,43113,청주시 흥덕구,43113747,가경동,4311311300,가경동,4.3113113001118894e+18,1,대지,충청북도 청주시 흥덕구 가경동 1189,431133237002,충청북도 청주시 흥덕구 가경로,4.31131130011189e+24,충청북도 청주시 흥덕구 가경로 158,28392.0,1.0
MA010120220803387004,후라이드참잘하는집,제천점,I2,음식,I210,기타 간이,I21006,치킨,I56193,치킨 전문점,43,충청북도,43150,제천시,43150590,청전동,4315011300,청전동,4.3150113001101496e+18,1,대지,충청북도 제천시 청전동 1015,431503239071,충청북도 제천시 칠성로,4.31501130011015e+24,충청북도 제천시 칠성로 16,27164.0,1.0
MA010120220803220416,몽뜨레셰프청주,분평점,I2,음식,I204,서양식,I20403,패밀리레스토랑,I56123,서양식 음식점업,43,충청북도,43112,청주시 서원구,43112560,분평동,4311210600,분평동,4.3112106001020897e+18,1,대지,충청북도 청주시 서원구 분평동 209-1,431124512138,충청북도 청주시 서원구 궁뜰로33번길,4.31121060010209e+24,충청북도 청주시 서원구 궁뜰로33번길 153,28802.0,2.0
MA010120220812481520,행복한우동가게,율량점,I2,음식,I203,일식,I20303,일식 면 요리,I56194,김밥 및 기타 간이 음식점업,43,충청북도,43114,청주시 청원구,43114540,율량.사천동,4311410300,율량동,4.3114103001204096e+18,1,대지,충청북도 청주시 청원구 율량동 2041,431144844105,충청북도 청주시 청원구 율량로190번길,4.31141030012041e+24,충청북도 청주시 청원구 율량로190번길 31,28320.0,1.0
MA010120220809143302,서귀포로맨스청주,용암점,I2,음식,I211,주점,I21104,요리 주점,I56111,한식 일반 음식점업,43,충청북도,43111,청주시 상당구,43111720,용암1동,4311112400,용암동,4.31111240011638e+18,1,대지,충청북도 청주시 상당구 용암동 1638,431114508001,충청북도 청주시 상당구 1순환로1253번길,4.31111240011638e+24,충청북도 청주시 상당구 1순환로1253번길 56,28776.0,1.0
MA010120220811699611,티바두마리치킨율량,사천점,I2,음식,I210,기타 간이,I21006,치킨,I56193,치킨 전문점,43,충청북도,43114,청주시 청원구,43114540,율량.사천동,4311410300,율량동,4.3114103001078897e+18,1,대지,충청북도 청주시 청원구 율량동 789,431144508571,충청북도 청주시 청원구 율봉로159번길,4.31111150010789e+24,충청북도 청주시 청원구 율봉로159번길 52,28328.0,1.0
MA010120220809867743,세븐증평롯데물류센터점,코리아,G2,소매,G204,종합 소매,G20405,편의점,G47122,체인화 편의점,43,충청북도,43745,증평군,43745310,도안면,4374531022,도안면,4.3745310221093e+18,1,대지,충청북도 증평군 도안면 노암리 930,437453351207,충청북도 증평군 도안면 증평2산단로,4.3745310221093e+24,충청북도 증평군 도안면 증평2산단로 95,27902.0,3.0
MA010120220813680049,방역,코리아,N1,시설관리·임대,N102,청소·방제,N10203,소독; 구충 및 방제 서비스업,N74220,소독; 구충 및 방제 서비스업,43,충청북도,43112,청주시 서원구,43112540,모충동,4311210300,모충동,4.31121030010516e+18,1,대지,충청북도 청주시 서원구 모충동 516-5,431123237104,충청북도 청주시 서원구 모충로,4.31131030010516e+24,충청북도 청주시 서원구 모충로 63,28658.0,1.0
MA010120220813049876,쿱스토어대전충청,분평점,G2,소매,G204,종합 소매,G20404,슈퍼마켓,G47121,슈퍼마켓,43,충청북도,43112,청주시 서원구,43112560,분평동,4311210600,분평동,4.3112106001016494e+18,1,대지,충청북도 청주시 서원구 분평동 165-1,431123236001,충청북도 청주시 서원구 1순환로,4.31121060010165e+24,충청북도 청주시 서원구 1순환로 1078,28802.0,1.0
MA010120220811795290,유로스파실내스크린,골프연습장,R1,예술·스포츠,R103,스포츠 서비스,R10311,골프 연습장,R91136,골프 연습장 운영업,43,충청북도,43150,제천시,43150590,청전동,4315011300,청전동,4.31501130010107e+18,1,대지,충청북도 제천시 청전동 107-18,431502239002,충청북도 제천시 의림대로,4.31501130010107e+24,충청북도 제천시 의림대로 233,27153.0,2.0
MA010120220806272760,자전거,전문점,G2,소매,G213,오락용품 소매,G21305,자전거 소매업,G47632,자전거 및 기타 운송장비 소매업,43,충청북도,43113,청주시 흥덕구,43113742,복대2동,4311311400,복대동,4.31131140010048e+18,1,대지,충청북도 청주시 흥덕구 복대동 48-3,431134511094,충청북도 청주시 흥덕구 가로수로1312번길,4.31131140010048e+24,충청북도 청주시 흥덕구 가로수로1312번길 5,28598.0,1.0
MA010120220803191468,토드볼링장,3호점,R1,예술·스포츠,R103,스포츠 서비스,R10309,볼링장,R91134,볼링장 운영업,43,충청북도,43111,청주시 상당구,43111680,금천동,4311112000,금천동,4.3111120001029294e+18,1,대지,충청북도 청주시 상당구 금천동 293,431114508296,충청북도 청주시 상당구 산성로92번길,4.31111200010293e+24,충청북도 청주시 상당구 산성로92번길 17,28744.0,6.0
MA010120220805581189,왕천파닭,하복대점,I2,음식,I210,기타 간이,I21006,치킨,I56193,치킨 전문점,43,충청북도,43113,청주시 흥덕구,43113741,복대1동,4311311400,복대동,4.3113114001295606e+18,1,대지,충청북도 청주시 흥덕구 복대동 2956,431133237081,충청북도 청주시 흥덕구 진재로,4.31131140012956e+24,충청북도 청주시 흥덕구 진재로 44,28420.0,1.0
MA010120220805299785,청년피자청주,1호점,I2,음식,I210,기타 간이,I21003,피자,I56192,피자; 햄버거; 샌드위치 및 유사 음식점업,43,충청북도,43113,청주시 흥덕구,43113742,복대2동,4311311400,복대동,4.31131140011494e+18,1,대지,충청북도 청주시 흥덕구 복대동 1494-2,431133237058,충청북도 청주시 흥덕구 신율로,4.31131140011494e+24,충청북도 청주시 흥덕구 신율로 117,28605.0,1.0
MA010120220803142488,제너스PC,옥천점,R1,예술·스포츠,R104,유원지·오락,R10406,PC방,R91222,컴퓨터 게임방 운영업,43,충청북도,43730,옥천군,43730250,옥천읍,4373025036,옥천읍,4.37302503610023e+18,1,대지,충청북도 옥천군 옥천읍 금구리 23-85,437304526375,충청북도 옥천군 옥천읍 중앙로9길,4.37302503610023e+24,충청북도 옥천군 옥천읍 중앙로9길 12,29046.0,3.0
MA010120220800462980,미소로,수제돈가스,I2,음식,I204,서양식,I20401,경양식,I56194,김밥 및 기타 간이 음식점업,43,충청북도,43111,청주시 상당구,43111525,중앙동,4311110300,북문로2가,4.31111030010116e+18,1,대지,충청북도 청주시 상당구 북문로2가 116-23,431113236027,충청북도 청주시 상당구 상당로,4.31111030010116e+24,충청북도 청주시 상당구 상당로 118-1,28514.0,1.0
MA010120220806778318,미쿡식당,충청점,I2,음식,I204,서양식,I20402,파스타/스테이크,I56123,서양식 음식점업,43,충청북도,43113,청주시 흥덕구,43113741,복대1동,4311311400,복대동,4.3113114001338e+18,1,대지,충청북도 청주시 흥덕구 복대동 3380,431133236058,충청북도 청주시 흥덕구 직지대로,4.31131140010584e+24,충청북도 청주시 흥덕구 직지대로 308,28424.0,1.0
MA010120220812675077,신전떡볶이,진천점,I2,음식,I210,기타 간이,I21007,김밥/만두/분식,I56194,김밥 및 기타 간이 음식점업,43,충청북도,43750,진천군,43750250,진천읍,4375025024,진천읍,4.3750250241039503e+18,1,대지,충청북도 진천군 진천읍 읍내리 395-56,437503245007,충청북도 진천군 진천읍 상산로,4.37502502410395e+24,충청북도 진천군 진천읍 상산로 82,27833.0,1.0
MA010120220806878165,스쿱스젤라또충주,연수점,I2,음식,I210,기타 간이,I21008,아이스크림/빙수,I56194,김밥 및 기타 간이 음식점업,43,충청북도,43130,충주시,43130630,연수동,4313011800,연수동,4.31301180011325e+18,1,대지,충청북도 충주시 연수동 1325,431302238004,충청북도 충주시 번영대로,4.31301180011325e+24,충청북도 충주시 번영대로 211,27344.0,2.0
MA010120220809576981,붐바쥬청주,용암점,S2,수리·개인,S207,이용·미용,S20701,미용실,S96112,두발 미용업,43,충청북도,43111,청주시 상당구,43111720,용암1동,4311112400,용암동,4.31111240012603e+18,1,대지,충청북도 청주시 상당구 용암동 2603,431114508510,충청북도 청주시 상당구 용암북로138번길,4.31111240012603e+24,충청북도 청주시 상당구 용암북로138번길 29-1,28763.0,1.0
MA010120220805618102,다인솔루션,청주지점,N1,시설관리·임대,N104,고용 알선,N10403,상용 인력 공급 및 인사관리 서비스업,N75122,상용 인력 공급 및 인사관리 서비스업,43,충청북도,43113,청주시 흥덕구,43113741,복대1동,4311311400,복대동,4.31131140013034e+18,1,대지,충청북도 청주시 흥덕구 복대동 3034,431133237079,충청북도 청주시 흥덕구 증안로,4.31131140013034e+24,충청북도 청주시 흥덕구 증안로 108,28422.0,2.0
MA010120220813680175,아우라치킨,가경점,I2,음식,I210,기타 간이,I21006,치킨,I56193,치킨 전문점,43,충청북도,43113,청주시 흥덕구,43113747,가경동,4311311300,가경동,4.3113113001111096e+18,1,대지,충청북도 청주시 흥덕구 가경동 1111,431134512033,충청북도 청주시 흥덕구 풍년로180번길,4.31131130011111e+24,충청북도 청주시 흥덕구 풍년로180번길 44,28395.0,1.0
MA010120220810111058,청주본가왕갈비탕,금왕점,I2,음식,I201,한식,I20101,백반/한정식,I56111,한식 일반 음식점업,43,충청북도,43770,음성군,43770253,금왕읍,4377025321,금왕읍,4.377025321100221e+18,1,대지,충청북도 음성군 금왕읍 무극리 22-3,437703014058,충청북도 음성군 금왕읍 대금로,4.37702532110022e+24,충청북도 음성군 금왕읍 대금로 1440-1,27638.0,1.0
MA010120220804126289,지에스슈퍼청주,오창점,G2,소매,G204,종합 소매,G20404,슈퍼마켓,G47121,슈퍼마켓,43,충청북도,43114,청주시 청원구,43114253,오창읍,4311425345,오창읍,4.3114253451081e+18,1,대지,충청북도 청주시 청원구 오창읍 양청리 810-2,431143240095,충청북도 청주시 청원구 오창읍 중부로,4.3114253451081e+24,충청북도 청주시 청원구 오창읍 중부로 760,28118.0,1.0
MA010120220809394199,토방국수,전문점,I2,음식,I201,한식,I20105,국수/칼국수,I56112,한식 면 요리 전문점,43,충청북도,43745,증평군,43745250,증평읍,4374525030,증평읍,4.37452503010596e+18,1,대지,충청북도 증평군 증평읍 초중리 596-5,437454532190,충청북도 증평군 증평읍 초중6길,4.37452503010596e+24,충청북도 증평군 증평읍 초중6길 86,27938.0,1.0
MA010120220812366476,씨유청주율량,스타점,G2,소매,G204,종합 소매,G20405,편의점,G47122,체인화 편의점,43,충청북도,43114,청주시 청원구,43114540,율량.사천동,4311410300,율량동,4.3114103001089e+18,1,대지,충청북도 청주시 청원구 율량동 890,431144508571,충청북도 청주시 청원구 율봉로159번길,4.3111115001089e+24,충청북도 청주시 청원구 율봉로159번길 10,28330.0,1.0
MA010120220803085169,프렌즈스크린,복대점,R1,예술·스포츠,R103,스포츠 서비스,R10311,골프 연습장,R91136,골프 연습장 운영업,43,충청북도,43113,청주시 흥덕구,43113741,복대1동,4311311400,복대동,4.3113114001333494e+18,1,대지,충청북도 청주시 흥덕구 복대동 3335,431133237078,충청북도 청주시 흥덕구 죽천로,4.31131140013335e+24,충청북도 청주시 흥덕구 죽천로 121,28583.0,1.0
MA010120220801838293,맘스터치,옥산점,I2,음식,I210,기타 간이,I21004,버거,I56192,피자; 햄버거; 샌드위치 및 유사 음식점업,43,충청북도,43113,청주시 흥덕구,43113320,옥산면,4311332025,옥산면,4.3113320251097697e+18,1,대지,충청북도 청주시 흥덕구 옥산면 가락리 977,431133240054,충청북도 청주시 흥덕구 옥산면 오송가락로,4.31133202510879e+24,충청북도 청주시 흥덕구 옥산면 오송가락로 1055,28113.0,1.0
MA010120220802834963,이팔청춘,충북대점,I2,음식,I211,주점,I21104,요리 주점,I56219,기타 주점업,43,충청북도,43112,청주시 서원구,43112530,사창동,4311210200,사창동,4.3112102001042e+18,1,대지,충청북도 청주시 서원구 사창동 420,431124512175,충청북도 청주시 서원구 1순환로672번길,4.3113102001042e+24,충청북도 청주시 서원구 1순환로672번길 19,28643.0,3.0
MA010120220804724192,씨유충북대생활관,2호점,G2,소매,G204,종합 소매,G20405,편의점,G47122,체인화 편의점,43,충청북도,43112,청주시 서원구,43112590,성화.개신.죽림동,4311210900,개신동,4.3112109001001206e+18,1,대지,충청북도 청주시 서원구 개신동 12,431123350731,충청북도 청주시 서원구 충대로,4.31131110010012e+24,충청북도 청주시 서원구 충대로 1,28644.0,1.0
MA010120220806496075,굽네치킨,분평점,I2,음식,I210,기타 간이,I21006,치킨,I56193,치킨 전문점,43,충청북도,43112,청주시 서원구,43112560,분평동,4311210600,분평동,4.31121060011232e+18,1,대지,충청북도 청주시 서원구 분평동 1232,431123236067,충청북도 청주시 서원구 청남로,4.31131080011232e+24,충청북도 청주시 서원구 청남로 1994,28797.0,1.0
MA010120220811328482,하얀나라세탁,전문점,S2,수리·개인,S209,세탁,S20901,세탁소,S96912,가정용 세탁업,43,충청북도,43112,청주시 서원구,43112530,사창동,4311210200,사창동,4.3112102001025495e+18,1,대지,충청북도 청주시 서원구 사창동 255-27,431124511514,충청북도 청주시 서원구 사직대로185번길,4.31131020010255e+24,충청북도 청주시 서원구 사직대로185번길 8,28566.0,1.0
MA010120220805468319,미용가,동남점,S2,수리·개인,S207,이용·미용,S20701,미용실,S96112,두발 미용업,43,충청북도,43111,청주시 상당구,43111720,용암1동,4311112400,용암동,4.3111124001307095e+18,1,대지,충청북도 청주시 상당구 용암동 3071,431114857347,충청북도 청주시 상당구 중고개로141번길,4.31111240010186e+24,충청북도 청주시 상당구 중고개로141번길 13-12,28808.0,2.0
MA010120220812606296,두마리찜닭두찜청주탑,대성점,I2,음식,I201,한식,I20110,닭/오리고기 구이/찜,I56113,한식 육류 요리 전문점,43,충청북도,43111,청주시 상당구,43111620,탑대성동,4311111700,탑동,4.3111117001030897e+18,1,대지,충청북도 청주시 상당구 탑동 309-17,431113236042,충청북도 청주시 상당구 용담로,4.31111170010309e+24,충청북도 청주시 상당구 용담로 28-2,28718.0,1.0
MA010120220803201135,어사출또,율량점,I2,음식,I201,한식,I20111,횟집,I56114,한식 해산물 요리 전문점,43,충청북도,43114,청주시 청원구,43114540,율량.사천동,4311410300,율량동,4.3114103001202294e+18,1,대지,충청북도 청주시 청원구 율량동 2023,431144844107,충청북도 청주시 청원구 율량로202번길,4.31141030012023e+24,충청북도 청주시 청원구 율량로202번길 70,28320.0,1.0
MA010120220805600614,말자싸롱분평점,청담동,I2,음식,I211,주점,I21103,생맥주 전문,I56213,생맥주 전문점,43,충청북도,43112,청주시 서원구,43112560,분평동,4311210600,분평동,4.3112106001138294e+18,1,대지,충청북도 청주시 서원구 분평동 1383,431124512136,충청북도 청주시 서원구 1순환로1107번길,4.31131080011383e+24,충청북도 청주시 서원구 1순환로1107번길 21,28799.0,1.0
MA010120220804954786,간코,충청점,I2,음식,I203,일식,I20301,일식 회/초밥,I56122,일식 음식점업,43,충청북도,43113,청주시 흥덕구,43113741,복대1동,4311311400,복대동,4.3113114001338e+18,1,대지,충청북도 청주시 흥덕구 복대동 3380,431133236058,충청북도 청주시 흥덕구 직지대로,4.31131140010584e+24,충청북도 청주시 흥덕구 직지대로 308,28424.0,1.0
MA010120220803384464,반값소,복대점,I2,음식,I201,한식,I20107,돼지고기 구이/찜,I56113,한식 육류 요리 전문점,43,충청북도,43113,청주시 흥덕구,43113741,복대1동,4311311400,복대동,4.31131140012835e+18,1,대지,충청북도 청주시 흥덕구 복대동 2835,431134511055,충청북도 청주시 흥덕구 2순환로1167번길,4.31131140012835e+24,충청북도 청주시 흥덕구 2순환로1167번길 4,28418.0,2.0
MA010120220810300878,신전떡볶이,산남점,I2,음식,I210,기타 간이,I21007,김밥/만두/분식,I56194,김밥 및 기타 간이 음식점업,43,충청북도,43112,청주시 서원구,43112550,산남동,4311210400,산남동,4.3112104001065e+18,1,대지,충청북도 청주시 서원구 산남동 650,431123237037,충청북도 청주시 서원구 산남로,4.3112104001065e+24,충청북도 청주시 서원구 산남로 48,28625.0,1.0
MA010120220810133357,쿠쿠정수기렌탈,청원점,N1,시설관리·임대,N110,가정용품 대여,N11099,기타 개인/가정용품 대여업,N76299,그 외 기타 개인 및 가정용품 임대업,43,충청북도,43114,청주시 청원구,43114540,율량.사천동,4311410300,율량동,4.31141030011066e+18,1,대지,충청북도 청주시 청원구 율량동 1066,431142014003,충청북도 청주시 청원구 충청대로,4.31111150011066e+24,충청북도 청주시 청원구 충청대로 113,28333.0,2.0
MA010120220805672038,피자스쿨,연수점,I2,음식,I210,기타 간이,I21003,피자,I56192,피자; 햄버거; 샌드위치 및 유사 음식점업,43,충청북도,43130,충주시,43130630,연수동,4313011800,연수동,4.31301180010926e+18,1,대지,충청북도 충주시 연수동 926,431302238004,충청북도 충주시 번영대로,4.31301180010926e+24,충청북도 충주시 번영대로 134,27348.0,1.0
MA010120220806196491,현대의류수선코너,백화점,S2,수리·개인,S206,기타 가정용품 수리,S20601,의류/이불 수선업,S95391,의복 및 기타 가정용 직물제품 수리업,43,충청북도,43113,청주시 흥덕구,43113741,복대1동,4311311400,복대동,4.31131140013379e+18,1,대지,충청북도 청주시 흥덕구 복대동 3379,431133237020,충청북도 청주시 흥덕구 대농로,4.31131140010584e+24,충청북도 청주시 흥덕구 대농로 17,28424.0,3.0
MA010120220804043760,반스현대,충청점,G2,소매,G209,섬유·의복·신발 소매,G20910,신발 소매업,G47430,신발 소매업,43,충청북도,43113,청주시 흥덕구,43113741,복대1동,4311311400,복대동,4.3113114001338e+18,1,대지,충청북도 청주시 흥덕구 복대동 3380,431133236058,충청북도 청주시 흥덕구 직지대로,4.31131140010584e+24,충청북도 청주시 흥덕구 직지대로 308,28424.0,2.0
MA010120220805176586,보그헤어,제천점,S2,수리·개인,S207,이용·미용,S20701,미용실,S96112,두발 미용업,43,충청북도,43150,제천시,43150528,중앙동,4315010600,중앙로1가,4.3150106001008497e+18,1,대지,충청북도 제천시 중앙로1가 85,431504517754,충청북도 제천시 의림대로14길,4.31501060010084e+24,충청북도 제천시 의림대로14길 8,27173.0,2.0
MA010120220805719221,미센스;에꼴,제천점,G2,소매,G209,섬유·의복·신발 소매,G20902,여성 의류 소매업,G47412,여자용 겉옷 소매업,43,충청북도,43150,제천시,43150528,중앙동,4315010700,중앙로2가,4.31501070010144e+18,1,대지,충청북도 제천시 중앙로2가 144-2,431504518097,충청북도 제천시 풍양로15길,4.31501070010144e+24,충청북도 제천시 풍양로15길 13,27173.0,1.0
MA010120220805929648,메가엠지씨커피청대,사거리점,I2,음식,I212,비알코올,I21201,카페,I56221,커피 전문점,43,충청북도,43114,청주시 청원구,43114510,우암동,4311410100,우암동,4.31141010010232e+18,1,대지,충청북도 청주시 청원구 우암동 232-8,431143236027,충청북도 청주시 청원구 상당로,4.31111130010232e+24,충청북도 청주시 청원구 상당로 263,28489.0,1.0
MA010120220805604370,케이원리더스,율량점,G2,소매,G208,가전·통신 소매,G20802,핸드폰 소매업,G47312,통신기기 소매업,43,충청북도,43114,청주시 청원구,43114540,율량.사천동,4311410300,율량동,4.3114103001088097e+18,1,대지,충청북도 청주시 청원구 율량동 881,431143236050,충청북도 청주시 청원구 율봉로,4.31111150010881e+24,충청북도 청주시 청원구 율봉로 183,28327.0,1.0
MA010120220810888606,알로현대,충청점,G2,소매,G216,안경·정밀기기 소매,G21602,안경렌즈 소매업,G47822,안경 및 렌즈 소매업,43,충청북도,43113,청주시 흥덕구,43113741,복대1동,4311311400,복대동,4.3113114001338e+18,1,대지,충청북도 청주시 흥덕구 복대동 3380,431133236058,충청북도 청주시 흥덕구 직지대로,4.31131140010584e+24,충청북도 청주시 흥덕구 직지대로 308,28424.0,1.0
MA010120220806332438,더끌림,대리점,G2,소매,G208,가전·통신 소매,G20802,핸드폰 소매업,G47312,통신기기 소매업,43,충청북도,43113,청주시 흥덕구,43113747,가경동,4311311300,가경동,4.3113113001149e+18,1,대지,충청북도 청주시 흥덕구 가경동 1490-10,431133237074,충청북도 청주시 흥덕구 장구봉로,4.3113113001149e+24,충청북도 청주시 흥덕구 장구봉로 57-1,28402.0,1.0
MA010120220808560638,충주점레노마이너웨어,모다아울렛,G2,소매,G209,섬유·의복·신발 소매,G20905,기타 의류 소매업,G47413,속옷 및 잠옷 소매업,43,충청북도,43130,충주시,43130605,달천동,4313011400,달천동,4.31301140010786e+18,1,대지,충청북도 충주시 달천동 786-3,431302246001,충청북도 충주시 중원대로,4.31301140010786e+24,충청북도 충주시 중원대로 3683,27476.0,2.0
MA010120220805472942,누나홀닭,충북대점,I2,음식,I211,주점,I21104,요리 주점,I56219,기타 주점업,43,충청북도,43112,청주시 서원구,43112530,사창동,4311210200,사창동,4.31121020010408e+18,1,대지,충청북도 청주시 서원구 사창동 408-1,431124512175,충청북도 청주시 서원구 1순환로672번길,4.31131020010408e+24,충청북도 청주시 서원구 1순환로672번길 26,28643.0,2.0
MA010120220800085842,지에스25청주,청도점,G2,소매,G204,종합 소매,G20405,편의점,G47122,체인화 편의점,43,충청북도,43113,청주시 흥덕구,43113760,강서1동,4311311700,강서동,4.31131170010045e+18,1,대지,충청북도 청주시 흥덕구 강서동 45-4,431134511086,충청북도 청주시 흥덕구 가로수로1144번길,4.31131170010045e+24,충청북도 청주시 흥덕구 가로수로1144번길 72-2,28376.0,1.0
MA010120220810382837,배스킨라빈스,옥산점,I2,음식,I210,기타 간이,I21008,아이스크림/빙수,G47216,빵류; 과자류 및 당류 소매업,43,충청북도,43113,청주시 흥덕구,43113320,옥산면,4311332021,옥산면,4.3113320211054894e+18,1,대지,충청북도 청주시 흥덕구 옥산면 오산리 549-4,431133237111,충청북도 청주시 흥덕구 옥산면 청주역로,4.31133202110549e+24,충청북도 청주시 흥덕구 옥산면 청주역로 625,28113.0,1.0
MA010120220803827771,석호네닭발,봉명점,I2,음식,I201,한식,I20110,닭/오리고기 구이/찜,I56113,한식 육류 요리 전문점,43,충청북도,43113,청주시 흥덕구,43113756,봉명2.송정동,4311311500,봉명동,4.31131150011922e+18,1,대지,충청북도 청주시 흥덕구 봉명동 1922-1,431134511431,충청북도 청주시 흥덕구 봉정로66번길,4.31131150011922e+24,충청북도 청주시 흥덕구 봉정로66번길 6,28448.0,1.0
MA010120220804923836,카페일분충북,금왕점,I2,음식,I212,비알코올,I21201,카페,G47991,자동 판매기 운영업,43,충청북도,43770,음성군,43770253,금왕읍,4377025322,금왕읍,4.37702532210482e+18,1,대지,충청북도 음성군 금왕읍 금석리 482,437703014058,충청북도 음성군 금왕읍 대금로,4.37702532210482e+24,충청북도 음성군 금왕읍 대금로 1557-14,27627.0,2.0
MA010120220805680955,TNF,금왕점,G2,소매,G209,섬유·의복·신발 소매,G20905,기타 의류 소매업,G47419,기타 의복 소매업,43,충청북도,43770,음성군,43770340,대소면,4377034024,대소면,4.3770340241038e+18,1,대지,충청북도 음성군 대소면 성본리 380-6,437703014058,충청북도 음성군 대소면 대금로,4.3770340241038e+24,충청북도 음성군 대소면 대금로 819-8,27663.0,1.0
MA010120220812868209,통불청주,본점,I2,음식,I211,주점,I21104,요리 주점,I56219,기타 주점업,43,충청북도,43113,청주시 흥덕구,43113741,복대1동,4311311400,복대동,4.3113114001274097e+18,1,대지,충청북도 청주시 흥덕구 복대동 2741,431134511867,충청북도 청주시 흥덕구 진재로15번길,4.31131140012741e+24,충청북도 청주시 흥덕구 진재로15번길 10,28417.0,1.0
MA010120220811368745,한솥도시락청주산남,법원점,I2,음식,I201,한식,I20101,백반/한정식,I56111,한식 일반 음식점업,43,충청북도,43112,청주시 서원구,43112550,산남동,4311210400,산남동,4.31121040010832e+18,1,대지,충청북도 청주시 서원구 산남동 832,431123237037,충청북도 청주시 서원구 산남로,4.31131060010832e+24,충청북도 청주시 서원구 산남로 63,28630.0,1.0
MA010120220808539015,에스케이텔레콤음성,터미널점,G2,소매,G208,가전·통신 소매,G20802,핸드폰 소매업,G47312,통신기기 소매업,43,충청북도,43770,음성군,43770250,음성읍,4377025021,음성읍,4.37702502110482e+18,1,대지,충청북도 음성군 음성읍 읍내리 482-4,437703247030,충청북도 음성군 음성읍 수정로,4.37702502110482e+24,충청북도 음성군 음성읍 수정로 28,27703.0,1.0
MA010120220812327122,롯데리아,증평점,I2,음식,I210,기타 간이,I21004,버거,I56192,피자; 햄버거; 샌드위치 및 유사 음식점업,43,충청북도,43745,증평군,43745250,증평읍,4374525023,증평읍,4.37452502310004e+18,1,대지,충청북도 증평군 증평읍 중동리 4,437453244026,충청북도 증평군 증평읍 중앙로,4.37452502310004e+24,충청북도 증평군 증평읍 중앙로 215-1,27927.0,1.0
MA010120220808378647,세븐일레븐청주,문화점,G2,소매,G204,종합 소매,G20405,편의점,G47122,체인화 편의점,43,충청북도,43111,청주시 상당구,43111545,성안동,4311110700,문화동,4.3111107001006894e+18,1,대지,충청북도 청주시 상당구 문화동 69-3,431113236014,충청북도 청주시 상당구 대성로,4.31111070010069e+24,충청북도 청주시 상당구 대성로 99,28516.0,1.0
MA010120220813199935,초이찜,본점,I2,음식,I201,한식,I20101,백반/한정식,I56111,한식 일반 음식점업,43,충청북도,43130,충주시,43130630,연수동,4313011800,연수동,4.31301180011648e+18,1,대지,충청북도 충주시 연수동 1648,431304514132,충청북도 충주시 국원초5길,4.31301180011648e+24,충청북도 충주시 국원초5길 47,27372.0,1.0
MA010120220813622744,꽁꽁냠냠,본점,G2,소매,G204,종합 소매,G20404,슈퍼마켓,G47129,기타 음ㆍ식료품 위주 종합 소매업,43,충청북도,43114,청주시 청원구,43114540,율량.사천동,4311410300,율량동,4.3114103001086095e+18,1,대지,충청북도 청주시 청원구 율량동 861,431144508583,충청북도 청주시 청원구 율봉로201번길,4.31111150010861e+24,충청북도 청주시 청원구 율봉로201번길 34,28326.0,1.0
MA010120220808148576,비비큐청주방서,용암점,I2,음식,I210,기타 간이,I21006,치킨,I56193,치킨 전문점,43,충청북도,43111,청주시 상당구,43111730,용암2동,4311112400,용암동,4.3111124001187e+18,1,대지,충청북도 청주시 상당구 용암동 1870,431114508563,충청북도 청주시 상당구 월평로218번길,4.3111124001187e+24,충청북도 청주시 상당구 월평로218번길 24,28782.0,1.0
MA010120220812346609,두찜,율량점,I2,음식,I201,한식,I20101,백반/한정식,I56111,한식 일반 음식점업,43,충청북도,43114,청주시 청원구,43114540,율량.사천동,4311410300,율량동,4.3114103001086095e+18,1,대지,충청북도 청주시 청원구 율량동 861,431144508583,충청북도 청주시 청원구 율봉로201번길,4.31111150010861e+24,충청북도 청주시 청원구 율봉로201번길 34,28326.0,1.0
MA010120220803000454,불닭발땡초엽기떡볶이,동대문,I2,음식,I210,기타 간이,I21007,김밥/만두/분식,I56194,김밥 및 기타 간이 음식점업,43,충청북도,43150,제천시,43150528,중앙동,4315010700,중앙로2가,4.31501070010074e+18,1,대지,충청북도 제천시 중앙로2가 74-20,431502239002,충청북도 제천시 의림대로,4.31501070010074e+24,충청북도 제천시 의림대로 152,27168.0,2.0
MA010120220803059954,씨유제천천남,코아루점,G2,소매,G204,종합 소매,G20405,편의점,G47122,체인화 편의점,43,충청북도,43150,제천시,43150547,영서동,4315012500,천남동,4.31501250010009e+18,1,대지,충청북도 제천시 천남동 9-10,431503239053,충청북도 제천시 원뜰로,4.31501250010009e+24,충청북도 제천시 원뜰로 14,27187.0,1.0
MA010120220810160519,롯데리아,테크노폴리스점,I2,음식,I210,기타 간이,I21004,버거,I56193,치킨 전문점,43,충청북도,43113,청주시 흥덕구,43113770,강서2동,4311313400,송절동,4.31131340010808e+18,1,대지,충청북도 청주시 흥덕구 송절동 808,431133351696,충청북도 청주시 흥덕구 송화로,4.31131340010808e+24,충청북도 청주시 흥덕구 송화로 172-1,28292.0,1.0
MA010120220800696554,본죽&비빔밥,제천점,I2,음식,I201,한식,I20101,백반/한정식,I56111,한식 일반 음식점업,43,충청북도,43150,제천시,43150528,중앙동,4315010600,중앙로1가,4.31501060010114e+18,1,대지,충청북도 제천시 중앙로1가 114-32,431502239002,충청북도 제천시 의림대로,4.31501060010114e+24,충청북도 제천시 의림대로 102-2,27173.0,1.0
MA010120220806346817,금강,청주지점,G2,소매,G209,섬유·의복·신발 소매,G20910,신발 소매업,G47430,신발 소매업,43,충청북도,43111,청주시 상당구,43111545,성안동,4311110600,남문로2가,4.31111060010048e+18,1,대지,충청북도 청주시 상당구 남문로2가 48-3,431113236031,충청북도 청주시 상당구 성안로,4.31111060010048e+24,충청북도 청주시 상당구 성안로 39,28530.0,1.0
MA010120220806347108,한국요양주,청주지점,S2,수리·개인,S210,장례식장,S21001,장례식장,S96921,장례식장 및 장의관련 서비스업,43,충청북도,43111,청주시 상당구,43111525,중앙동,4311110300,북문로2가,4.31111030010116e+18,1,대지,충청북도 청주시 상당구 북문로2가 116-93,431114508306,충청북도 청주시 상당구 상당로158번길,4.31111030010116e+24,충청북도 청주시 상당구 상당로158번길 6,28510.0,3.0
MA010120220808036745,왕천파닭,복대점,I2,음식,I210,기타 간이,I21006,치킨,I56193,치킨 전문점,43,충청북도,43113,청주시 흥덕구,43113742,복대2동,4311311400,복대동,4.31131140012008e+18,1,대지,충청북도 청주시 흥덕구 복대동 2008,431133237030,충청북도 청주시 흥덕구 복대로,4.31131140012008e+24,충청북도 청주시 흥덕구 복대로 112,28606.0,1.0
MA010120220806486145,경아두마리치킨,가경점,I2,음식,I210,기타 간이,I21006,치킨,I56193,치킨 전문점,43,충청북도,43113,청주시 흥덕구,43113747,가경동,4311311300,가경동,4.3113113001169295e+18,1,대지,충청북도 청주시 흥덕구 가경동 1693,431134511061,충청북도 청주시 흥덕구 2순환로1375번길,4.31131130011693e+24,충청북도 청주시 흥덕구 2순환로1375번길 21,28411.0,1.0
MA010120220814340303,디플레이스청주,분평점,R1,예술·스포츠,R102,도서관·사적지,R10202,독서실/스터디 카페,R90212,독서실 운영업,43,충청북도,43112,청주시 서원구,43112560,분평동,4311210600,분평동,4.3112106001137505e+18,1,대지,충청북도 청주시 서원구 분평동 1375,431124512136,충청북도 청주시 서원구 1순환로1107번길,4.31131080011375e+24,충청북도 청주시 서원구 1순환로1107번길 36,28800.0,3.0
MA010120220808436722,바디피티,증평점,R1,예술·스포츠,R103,스포츠 서비스,R10307,헬스장,R91132,체력 단련시설 운영업,43,충청북도,43745,증평군,43745250,증평읍,4374525030,증평읍,4.3745250301011e+18,1,대지,충청북도 증평군 증평읍 초중리 110,437453244026,충청북도 증평군 증평읍 중앙로,4.3745250301011e+24,충청북도 증평군 증평읍 중앙로 110,27943.0,2.0
MA010120220810399069,방탄부대찌개용암동,본점,I2,음식,I201,한식,I20101,백반/한정식,I56111,한식 일반 음식점업,43,충청북도,43111,청주시 상당구,43111720,용암1동,4311112400,용암동,4.31111240011538e+18,1,대지,충청북도 청주시 상당구 용암동 1538,431114508559,충청북도 청주시 상당구 월평로154번길,4.31111240011538e+24,충청북도 청주시 상당구 월평로154번길 46,28775.0,1.0
MA010120220808718706,아이스크림세계과자꽁꽁냠냠덕산,혁신점,G2,소매,G205,식료품 소매,G20507,아이스크림 할인점,G47216,빵류; 과자류 및 당류 소매업,43,충청북도,43750,진천군,43750253,덕산읍,4375025325,덕산읍,4.3750253251273206e+18,1,대지,충청북도 진천군 덕산읍 두촌리 2732,437503000234,충청북도 진천군 덕산읍 연미로,4.37503102512732e+24,충청북도 진천군 덕산읍 연미로 76,27875.0,1.0
MA010120220808541640,청년고기장수충주,연수점,I2,음식,I201,한식,I20107,돼지고기 구이/찜,I56113,한식 육류 요리 전문점,43,충청북도,43130,충주시,43130630,연수동,4313011800,연수동,4.31301180011678e+18,1,대지,충청북도 충주시 연수동 1678,431302238001,충청북도 충주시 계명대로,4.31301180011678e+24,충청북도 충주시 계명대로 252,27372.0,1.0
MA010120220808685910,또봉이통닭,운천점,I2,음식,I210,기타 간이,I21006,치킨,I56193,치킨 전문점,43,충청북도,43113,청주시 흥덕구,43113700,운천.신봉동,4311310400,운천동,4.3113104001066296e+18,1,대지,충청북도 청주시 흥덕구 운천동 663-6,431133237036,충청북도 청주시 흥덕구 사운로,4.31131040010663e+24,충청북도 청주시 흥덕구 사운로 276,28467.0,1.0
MA010120220812849304,세븐일레븐청주율량,센터점,G2,소매,G204,종합 소매,G20405,편의점,G47122,체인화 편의점,43,충청북도,43114,청주시 청원구,43114540,율량.사천동,4311410300,율량동,4.3114103001197496e+18,1,대지,충청북도 청주시 청원구 율량동 1975,431143236050,충청북도 청주시 청원구 율봉로,4.31111150010502e+24,충청북도 청주시 청원구 율봉로 260,28320.0,1.0
MA010120220812217631,피자알볼로,복대점,I2,음식,I210,기타 간이,I21003,피자,I56192,피자; 햄버거; 샌드위치 및 유사 음식점업,43,충청북도,43113,청주시 흥덕구,43113741,복대1동,4311311400,복대동,4.3113114001326694e+18,1,대지,충청북도 청주시 흥덕구 복대동 3267,431134511235,충청북도 청주시 흥덕구 대신로73번길,4.31131140013267e+24,충청북도 청주시 흥덕구 대신로73번길 35,28426.0,1.0
MA010120220812286249,네네치킨&네네피자,금왕점,I2,음식,I210,기타 간이,I21006,치킨,I56193,치킨 전문점,43,충청북도,43770,음성군,43770253,금왕읍,4377025321,금왕읍,4.377025321101e+18,1,대지,충청북도 음성군 금왕읍 무극리 100-15,437704541216,충청북도 음성군 금왕읍 무극로324번길,4.377025321101e+24,충청북도 음성군 금왕읍 무극로324번길 19,27636.0,1.0
MA010120220809203973,미니스톱대소물류,센터점,G2,소매,G204,종합 소매,G20405,편의점,G47122,체인화 편의점,43,충청북도,43770,음성군,43770340,대소면,4377034031,대소면,4.37703403110814e+18,1,대지,충청북도 음성군 대소면 오류리 814,437704541123,충청북도 음성군 대소면 대물1길,4.37703403110814e+24,충청북도 음성군 대소면 대물1길 6-4,27669.0,1.0
MA010120220814009816,맘보바리스타학원,청주지점,P1,교육,P107,교육 지원,P10701,교육컨설팅업,P85701,교육관련 자문 및 평가업,43,충청북도,43112,청주시 서원구,43112530,사창동,4311210200,사창동,4.31121020010171e+18,1,대지,충청북도 청주시 서원구 사창동 171-19,431124512195,충청북도 청주시 서원구 1순환로648번길,4.31131020010171e+24,충청북도 청주시 서원구 1순환로648번길 2,28575.0,1.0
MA010120220805155271,닭장수후라이드,연수점,I2,음식,I210,기타 간이,I21006,치킨,I56193,치킨 전문점,43,충청북도,43130,충주시,43130630,연수동,4313011800,연수동,4.3130118001154703e+18,1,대지,충청북도 충주시 연수동 1547,431303238044,충청북도 충주시 연수동산로,4.31301180011547e+24,충청북도 충주시 연수동산로 7,27352.0,1.0
MA010120220811671023,추어명가청주,본점,I2,음식,I201,한식,I20101,백반/한정식,I56111,한식 일반 음식점업,43,충청북도,43113,청주시 흥덕구,43113770,강서2동,4311313700,향정동,4.31131370010104e+18,1,대지,충청북도 청주시 흥덕구 향정동 104,431133237056,충청북도 청주시 흥덕구 신성로,4.31131370010104e+24,충청북도 청주시 흥덕구 신성로 6-40,28356.0,1.0
MA010120220812095221,휴대폰대통령,옥천점,G2,소매,G208,가전·통신 소매,G20802,핸드폰 소매업,G47312,통신기기 소매업,43,충청북도,43730,옥천군,43730250,옥천읍,4373025037,옥천읍,4.37302503710266e+18,1,대지,충청북도 옥천군 옥천읍 장야리 266-12,437303242012,충청북도 옥천군 옥천읍 문장로,4.37302503710266e+24,충청북도 옥천군 옥천읍 문장로 82,29046.0,1.0
MA010120220805059049,씨유서원대,정문점,G2,소매,G204,종합 소매,G20405,편의점,G47122,체인화 편의점,43,충청북도,43112,청주시 서원구,43112540,모충동,4311210300,모충동,4.3112103001029294e+18,1,대지,충청북도 청주시 서원구 모충동 293-2,431123236020,충청북도 청주시 서원구 무심서로,4.31131030010293e+24,충청북도 청주시 서원구 무심서로 373,28675.0,1.0
MA010120220813283711,골프존마켓현대,충청점,G2,소매,G213,오락용품 소매,G21304,운동용품 소매업,G47631,운동 및 경기용품 소매업,43,충청북도,43113,청주시 흥덕구,43113741,복대1동,4311311400,복대동,4.3113114001338e+18,1,대지,충청북도 청주시 흥덕구 복대동 3380,431133236058,충청북도 청주시 흥덕구 직지대로,4.31131140010584e+24,충청북도 청주시 흥덕구 직지대로 308,28424.0,5.0
MA010120220807372367,명장국밥,개신점,I2,음식,I201,한식,I20102,국/탕/찌개류,I56111,한식 일반 음식점업,43,충청북도,43112,청주시 서원구,43112590,성화.개신.죽림동,4311210900,개신동,4.3112109001057894e+18,1,대지,충청북도 청주시 서원구 개신동 579,431123237050,충청북도 청주시 서원구 성봉로,4.31131110010579e+24,충청북도 청주시 서원구 성봉로 215,28609.0,1.0
MA010120220808141647,세븐충북옥천점,코리아,G2,소매,G204,종합 소매,G20405,편의점,G47122,체인화 편의점,43,충청북도,43730,옥천군,43730250,옥천읍,4373025036,옥천읍,4.37302503610172e+18,1,대지,충청북도 옥천군 옥천읍 금구리 172-14,437303242015,충청북도 옥천군 옥천읍 삼금로,4.37302503610172e+24,충청북도 옥천군 옥천읍 삼금로 42,29038.0,1.0
MA010120220803105293,피자샵청주,2호점,I2,음식,I210,기타 간이,I21003,피자,I56192,피자; 햄버거; 샌드위치 및 유사 음식점업,43,충청북도,43112,청주시 서원구,43112570,수곡1동,4311210700,수곡동,4.3112107001006694e+18,1,대지,충청북도 청주시 서원구 수곡동 67-1,431123236035,충청북도 청주시 서원구 수영로,4.31131090010067e+24,충청북도 청주시 서원구 수영로 22,28709.0,1.0
MA010120220813077979,부동산공인중개사사무소,백화점,L1,부동산,L102,부동산 서비스,L10203,부동산 중개/대리업,L68221,부동산 중개 및 대리업,43,충청북도,43113,청주시 흥덕구,43113756,봉명2.송정동,4311311500,봉명동,4.3113115001287506e+18,1,대지,충청북도 청주시 흥덕구 봉명동 2875,431134512151,충청북도 청주시 흥덕구 덕암로6번길,4.31131150012875e+24,충청북도 청주시 흥덕구 덕암로6번길 58,28463.0,1.0
MA010120220814135263,더송짐,사천점,P1,교육,P106,기타 교육,P10601,태권도/무술학원,P85611,태권도 및 무술 교육기관,43,충청북도,43114,청주시 청원구,43114540,율량.사천동,4311410300,율량동,4.3114103001116897e+18,1,대지,충청북도 청주시 청원구 율량동 1169,431144508607,충청북도 청주시 청원구 주성로96번길,4.31111150011169e+24,충청북도 청주시 청원구 주성로96번길 30,28340.0,3.0
MA010120220813510556,투썸플레이스청주,하복대점,I2,음식,I212,비알코올,I21201,카페,I56221,커피 전문점,43,충청북도,43113,청주시 흥덕구,43113741,복대1동,4311311400,복대동,4.3113114001283e+18,1,대지,충청북도 청주시 흥덕구 복대동 2830,431134511055,충청북도 청주시 흥덕구 2순환로1167번길,4.3113114001283e+24,충청북도 청주시 흥덕구 2순환로1167번길 13,28417.0,1.0
MA010120220812336317,등촌샤브칼국수충북,혁신점,I2,음식,I201,한식,I20105,국수/칼국수,I56112,한식 면 요리 전문점,43,충청북도,43770,음성군,43770330,맹동면,4377033028,맹동면,4.3770330281124895e+18,1,대지,충청북도 음성군 맹동면 두성리 1249,437704541740,충청북도 음성군 맹동면 용두2나길,4.37703302811249e+24,충청북도 음성군 맹동면 용두2나길 17,27738.0,1.0
MA010120220811993662,옥봉댁,오창점,I2,음식,I201,한식,I20101,백반/한정식,I56111,한식 일반 음식점업,43,충청북도,43114,청주시 청원구,43114253,오창읍,4311425345,오창읍,4.31142534510751e+18,1,대지,충청북도 청주시 청원구 오창읍 양청리 751-5,431143240062,충청북도 청주시 청원구 오창읍 오창공원로,4.37102534500751e+24,충청북도 청주시 청원구 오창읍 오창공원로 73-3,28115.0,1.0
MA010120220807009009,컴포즈,충북대점,I2,음식,I212,비알코올,I21201,카페,I56221,커피 전문점,43,충청북도,43112,청주시 서원구,43112530,사창동,4311210200,사창동,4.31121020010462e+18,1,대지,충청북도 청주시 서원구 사창동 462,431124512175,충청북도 청주시 서원구 1순환로672번길,4.31131020010462e+24,충청북도 청주시 서원구 1순환로672번길 66,28643.0,1.0
MA010120220808517214,사르르까까프렌즈,옥산점,G2,소매,G204,종합 소매,G20404,슈퍼마켓,G47216,빵류; 과자류 및 당류 소매업,43,충청북도,43113,청주시 흥덕구,43113320,옥산면,4311332025,옥산면,4.31133202510975e+18,1,대지,충청북도 청주시 흥덕구 옥산면 가락리 975,431133240054,충청북도 청주시 흥덕구 옥산면 오송가락로,4.31133202510975e+24,충청북도 청주시 흥덕구 옥산면 오송가락로 1065,28113.0,1.0
MA010120220805593616,파리바게뜨성화,2호점,I2,음식,I210,기타 간이,I21001,빵/도넛,I56191,제과점업,43,충청북도,43112,청주시 서원구,43112590,성화.개신.죽림동,4311210800,성화동,4.31121080010898e+18,1,대지,충청북도 청주시 서원구 성화동 898,431124512248,충청북도 청주시 서원구 구룡산로52번길,4.31131100010898e+24,충청북도 청주시 서원구 구룡산로52번길 2,28616.0,1.0
MA010120220809866561,아날드바시니,복대점,G2,소매,G209,섬유·의복·신발 소매,G20902,여성 의류 소매업,G47412,여자용 겉옷 소매업,43,충청북도,43113,청주시 흥덕구,43113742,복대2동,4311311400,복대동,4.31131140010998e+18,1,대지,충청북도 청주시 흥덕구 복대동 998,431133237030,충청북도 청주시 흥덕구 복대로,4.31131140010998e+24,충청북도 청주시 흥덕구 복대로 156,28600.0,1.0
MA010120220813643080,버거킹오창,호수공원점,I2,음식,I210,기타 간이,I21004,버거,I56192,피자; 햄버거; 샌드위치 및 유사 음식점업,43,충청북도,43114,청주시 청원구,43114253,오창읍,4311425345,오창읍,4.31142534510788e+18,1,대지,충청북도 청주시 청원구 오창읍 양청리 788-1,431143240077,충청북도 청주시 청원구 오창읍 중심상업로,4.37102534500788e+24,충청북도 청주시 청원구 오창읍 중심상업로 31-18,28120.0,1.0
MA010120220813762287,워시팡팡셀프빨래방충주,교통대점,S2,수리·개인,S209,세탁,S20902,셀프 빨래방,S96912,가정용 세탁업,43,충청북도,43130,충주시,43130335,대소원면,4313033529,대소원면,4.3130335291035e+18,1,대지,충청북도 충주시 대소원면 검단리 350-116,431303238012,충청북도 충주시 대소원면 대학로,4.3130330291035e+24,충청북도 충주시 대소원면 대학로 23,27470.0,1.0
MA010120220803276919,메가엠지씨커피청주,분평점,I2,음식,I212,비알코올,I21201,카페,I56221,커피 전문점,43,충청북도,43112,청주시 서원구,43112560,분평동,4311210600,분평동,4.3112106001138294e+18,1,대지,충청북도 청주시 서원구 분평동 1383,431124512136,충청북도 청주시 서원구 1순환로1107번길,4.31131080011383e+24,충청북도 청주시 서원구 1순환로1107번길 21,28799.0,1.0
MA010120220811123844,아이엠도넛,증평점,I2,음식,I210,기타 간이,I21001,빵/도넛,I56191,제과점업,43,충청북도,43745,증평군,43745250,증평읍,4374525032,증평읍,4.37452503210722e+18,1,대지,충청북도 증평군 증평읍 송산리 722,437453244030,충청북도 증평군 증평읍 송산로,4.37452503210722e+24,충청북도 증평군 증평읍 송산로 30,27918.0,1.0
MA010120220802862538,착한초밥,봉명점,I2,음식,I203,일식,I20301,일식 회/초밥,I56122,일식 음식점업,43,충청북도,43113,청주시 흥덕구,43113756,봉명2.송정동,4311311500,봉명동,4.31131150012504e+18,1,대지,충청북도 청주시 흥덕구 봉명동 2504,431133237023,충청북도 청주시 흥덕구 덕암로,4.31131150012504e+24,충청북도 청주시 흥덕구 덕암로 51,28460.0,1.0
MA010120220801194177,미셸청주,롯데아울렛,G2,소매,G209,섬유·의복·신발 소매,G20910,신발 소매업,G47430,신발 소매업,43,충청북도,43113,청주시 흥덕구,43113760,강서1동,4311313800,비하동,4.31131380010811e+18,1,대지,충청북도 청주시 흥덕구 비하동 811,431133014065,충청북도 청주시 흥덕구 2순환로,4.31131380010332e+24,충청북도 청주시 흥덕구 2순환로 1004,28360.0,1.0
MA010120220805171083,개미인력청주,흥덕점,N1,시설관리·임대,N104,고용 알선,N10401,고용 알선업,N75110,고용 알선업,43,충청북도,43113,청주시 흥덕구,43113741,복대1동,4311311400,복대동,4.3113114001098097e+18,1,대지,충청북도 청주시 흥덕구 복대동 981-5,431134511099,충청북도 청주시 흥덕구 가로수로1351번길,4.31131140010981e+24,충청북도 청주시 흥덕구 가로수로1351번길 3,28586.0,1.0
MA010120220804153617,프로젝트헤어흥덕,자이점,S2,수리·개인,S207,이용·미용,S20701,미용실,S96112,두발 미용업,43,충청북도,43113,청주시 흥덕구,43113320,옥산면,4311332025,옥산면,4.31133202510269e+18,1,대지,충청북도 청주시 흥덕구 옥산면 가락리 269,431133240054,충청북도 청주시 흥덕구 옥산면 오송가락로,4.31133202510269e+24,충청북도 청주시 흥덕구 옥산면 오송가락로 1049,28113.0,2.0
MA010120220805713332,투다리,중앙점,I2,음식,I211,주점,I21104,요리 주점,I56219,기타 주점업,43,충청북도,43150,제천시,43150528,중앙동,4315010700,중앙로2가,4.31501070010078e+18,1,대지,충청북도 제천시 중앙로2가 78-19,431503239018,충청북도 제천시 명륜로,4.31501070010078e+24,충청북도 제천시 명륜로 109,27168.0,1.0
MA010120220813580954,슈퍼막회,가경점,I2,음식,I203,일식,I20301,일식 회/초밥,I56122,일식 음식점업,43,충청북도,43113,청주시 흥덕구,43113747,가경동,4311311300,가경동,4.3113113001146706e+18,1,대지,충청북도 청주시 흥덕구 가경동 1467-12,431133237092,충청북도 청주시 흥덕구 풍년로,4.31131130011467e+24,충청북도 청주시 흥덕구 풍년로 111-1,28404.0,1.0
MA010120220807777665,열린약국,롯데마트,G2,소매,G215,의약·화장품 소매,G21501,약국,G47811,의약품 및 의료용품 소매업,43,충청북도,43113,청주시 흥덕구,43113747,가경동,4311311300,가경동,4.31131130011416e+18,1,대지,충청북도 청주시 흥덕구 가경동 1416-2,431133237093,충청북도 청주시 흥덕구 풍산로,4.31131130011416e+24,충청북도 청주시 흥덕구 풍산로 15,28396.0,1.0
MA010120220806605838,진성민속촌충북,혁신점,I2,음식,I201,한식,I20101,백반/한정식,I56111,한식 일반 음식점업,43,충청북도,43770,음성군,43770330,맹동면,4377033028,맹동면,4.3770330281117906e+18,1,대지,충청북도 음성군 맹동면 두성리 1179,437704541737,충청북도 음성군 맹동면 용두1안길,4.37703302810421e+24,충청북도 음성군 맹동면 용두1안길 34,27738.0,1.0
MA010120220811858070,요거프레소충주용산,호암점,I2,음식,I212,비알코올,I21201,카페,I56221,커피 전문점,43,충청북도,43130,충주시,43130550,용산동,4313010600,용산동,4.31301060011963e+18,1,대지,충청북도 충주시 용산동 1963-7,431303238083,충청북도 충주시 형설로,4.31301060011963e+24,충청북도 충주시 형설로 54-1,27403.0,1.0
MA010120220805617968,세무법인세평,청주지점,M1,과학·기술,M104,회계·세무,M10402,세무사,M71202,세무사업,43,충청북도,43113,청주시 흥덕구,43113742,복대2동,4311311400,복대동,4.3113114001011896e+18,1,대지,충청북도 청주시 흥덕구 복대동 119-1,431133014012,충청북도 청주시 흥덕구 가로수로,4.31131140010119e+24,충청북도 청주시 흥덕구 가로수로 1340-1,28597.0,3.0
MA010120220812750275,모닝마트,연수점,G2,소매,G204,종합 소매,G20404,슈퍼마켓,G47121,슈퍼마켓,43,충청북도,43130,충주시,43130630,연수동,4313011800,연수동,4.31301180011549e+18,1,대지,충청북도 충주시 연수동 1549,431303238044,충청북도 충주시 연수동산로,4.3130118001155e+24,충청북도 충주시 연수동산로 11,27352.0,1.0
MA010120220802885644,빽다방청주,산남점,I2,음식,I212,비알코올,I21201,카페,I56221,커피 전문점,43,충청북도,43112,청주시 서원구,43112550,산남동,4311210400,산남동,4.3112104001065697e+18,1,대지,충청북도 청주시 서원구 산남동 657,431123237037,충청북도 청주시 서원구 산남로,4.31131060010657e+24,충청북도 청주시 서원구 산남로 64,28625.0,1.0
MA010120220803117580,피자스쿨,청주봉명점,I2,음식,I210,기타 간이,I21003,피자,I56192,피자; 햄버거; 샌드위치 및 유사 음식점업,43,충청북도,43113,청주시 흥덕구,43113756,봉명2.송정동,4311311500,봉명동,4.31131150012688e+18,1,대지,충청북도 청주시 흥덕구 봉명동 2688,431133237029,충청북도 청주시 흥덕구 백봉로,4.31131150012688e+24,충청북도 청주시 흥덕구 백봉로 227,28465.0,1.0
MA010120220802968458,탕화쿵푸마라탕,연수점,I2,음식,I202,중식,I20202,마라탕/훠궈,I56121,중식 음식점업,43,충청북도,43130,충주시,43130630,연수동,4313011800,연수동,4.31301180011616e+18,1,대지,충청북도 충주시 연수동 1616,431303238002,충청북도 충주시 갱고개로,4.31301180011616e+24,충청북도 충주시 갱고개로 166,27352.0,1.0
MA010120220803288112,포차천국,옥천점,I2,음식,I211,주점,I21104,요리 주점,I56219,기타 주점업,43,충청북도,43730,옥천군,43730250,옥천읍,4373025036,옥천읍,4.3730250361002097e+18,1,대지,충청북도 옥천군 옥천읍 금구리 21-2,437303242048,충청북도 옥천군 옥천읍 중앙로,4.37302503610021e+24,충청북도 옥천군 옥천읍 중앙로 54,29046.0,2.0
MA010120220813474975,피닉스골프용품,대리점,G2,소매,G213,오락용품 소매,G21304,운동용품 소매업,G47631,운동 및 경기용품 소매업,43,충청북도,43130,충주시,43130540,교현2동,4313010500,교현동,4.3130105001108695e+18,1,대지,충청북도 충주시 교현동 1087,431303238048,충청북도 충주시 예성로,4.31301050011087e+24,충청북도 충주시 예성로 277,27370.0,1.0
MA010120220804808545,피씨태그,개신점,R1,예술·스포츠,R104,유원지·오락,R10406,PC방,R91222,컴퓨터 게임방 운영업,43,충청북도,43112,청주시 서원구,43112590,성화.개신.죽림동,4311210900,개신동,4.31121090010624e+18,1,대지,충청북도 청주시 서원구 개신동 624,431123237008,충청북도 청주시 서원구 경신로,4.31131110010624e+24,충청북도 청주시 서원구 경신로 31-1,28608.0,5.0
MA010120220805618211,코오롱인더스트리에프엔씨부문청주점주,롯데아울렛,G2,소매,G209,섬유·의복·신발 소매,G20905,기타 의류 소매업,G47419,기타 의복 소매업,43,충청북도,43113,청주시 흥덕구,43113760,강서1동,4311313800,비하동,4.31131380010811e+18,1,대지,충청북도 청주시 흥덕구 비하동 811,431133014065,충청북도 청주시 흥덕구 2순환로,4.31131380010332e+24,충청북도 청주시 흥덕구 2순환로 1004,28360.0,3.0
MA010120220805781278,설빙,분평점,I2,음식,I212,비알코올,I21201,카페,I56229,기타 비알코올 음료점업,43,충청북도,43112,청주시 서원구,43112550,산남동,4311210600,분평동,4.311210600102461e+18,1,대지,충청북도 청주시 서원구 분평동 246-9,431123236067,충청북도 청주시 서원구 청남로,4.31131080010246e+24,충청북도 청주시 서원구 청남로 2011,28700.0,1.0
MA010120220805417273,대마족발,복대점,I2,음식,I201,한식,I20103,족발/보쌈,I56111,한식 일반 음식점업,43,충청북도,43113,청주시 흥덕구,43113741,복대1동,4311311400,복대동,4.31131140012895e+18,1,대지,충청북도 청주시 흥덕구 복대동 2895,431134511881,충청북도 청주시 흥덕구 진재로9번길,4.31131140012895e+24,충청북도 청주시 흥덕구 진재로9번길 63,28419.0,1.0
MA010120220805679698,선플란트치과의원,금왕점,Q1,보건의료,Q102,의원,Q10210,치과의원,Q86202,치과의원,43,충청북도,43770,음성군,43770253,금왕읍,4377025321,금왕읍,4.37702532110524e+18,1,대지,충청북도 음성군 금왕읍 무극리 524-29,437703247019,충청북도 음성군 금왕읍 무극로,4.37702532110524e+24,충청북도 음성군 금왕읍 무극로 213,27630.0,2.0
MA010120220805250309,제이디엑스,증평점,G2,소매,G209,섬유·의복·신발 소매,G20905,기타 의류 소매업,G47419,기타 의복 소매업,43,충청북도,43745,증평군,43745250,증평읍,4374525030,증평읍,4.3745250301001103e+18,1,대지,충청북도 증평군 증평읍 초중리 11-41,437453244026,충청북도 증평군 증평읍 중앙로,4.37452503010011e+24,충청북도 증평군 증평읍 중앙로 148,27937.0,1.0
MA010120220807280500,왕천파닭,분평점,I2,음식,I210,기타 간이,I21006,치킨,I56193,치킨 전문점,43,충청북도,43112,청주시 서원구,43112560,분평동,4311210600,분평동,4.3112106001124e+18,1,대지,충청북도 청주시 서원구 분평동 1240,431124512137,충청북도 청주시 서원구 1순환로1063번길,4.3113108001124e+24,충청북도 청주시 서원구 1순환로1063번길 77,28797.0,1.0
MA010120220806198454,네파롯데청주,아울렛점,G2,소매,G209,섬유·의복·신발 소매,G20905,기타 의류 소매업,G47419,기타 의복 소매업,43,충청북도,43113,청주시 흥덕구,43113760,강서1동,4311313800,비하동,4.31131380010811e+18,1,대지,충청북도 청주시 흥덕구 비하동 811,431133014065,충청북도 청주시 흥덕구 2순환로,4.31131380010332e+24,충청북도 청주시 흥덕구 2순환로 1004,28360.0,3.0
MA010120220805437201,돼지부속구이,본점,I2,음식,I201,한식,I20107,돼지고기 구이/찜,I56113,한식 육류 요리 전문점,43,충청북도,43150,제천시,43150590,청전동,4315011300,청전동,4.3150113001002296e+18,1,대지,충청북도 제천시 청전동 23-36,431504517692,충청북도 제천시 용두천로42길,4.31501130010023e+24,충청북도 제천시 용두천로42길 3,27148.0,1.0
MA010120220808451994,나눔정보통신,괴산지점,G2,소매,G208,가전·통신 소매,G20802,핸드폰 소매업,G47312,통신기기 소매업,43,충청북도,43760,괴산군,43760250,괴산읍,4376025021,괴산읍,4.3760250211066097e+18,1,대지,충청북도 괴산군 괴산읍 동부리 661-31,437604538585,충청북도 괴산군 괴산읍 읍내로2길,4.37602502110661e+24,충청북도 괴산군 괴산읍 읍내로2길 60-2,28030.0,1.0
MA010120220805581877,더송짐,수곡점,P1,교육,P106,기타 교육,P10601,태권도/무술학원,P85611,태권도 및 무술 교육기관,43,충청북도,43112,청주시 서원구,43112570,수곡1동,4311210700,수곡동,4.3112107001009505e+18,1,대지,충청북도 청주시 서원구 수곡동 95-1,431123236067,충청북도 청주시 서원구 청남로,4.31131090010095e+24,충청북도 청주시 서원구 청남로 2083,28689.0,4.0
MA010120220804612587,다나우토바,개신점,I2,음식,I212,비알코올,I21201,카페,I56221,커피 전문점,43,충청북도,43112,청주시 서원구,43112590,성화.개신.죽림동,4311210900,개신동,4.3112109001028495e+18,1,대지,충청북도 청주시 서원구 개신동 285-9,431124511596,충청북도 청주시 서원구 성봉로220번길,4.31121090010285e+24,충청북도 청주시 서원구 성봉로220번길 47-16,28645.0,1.0
MA010120220808285432,메가엠지씨커피,청주봉명점,I2,음식,I212,비알코올,I21201,카페,I56221,커피 전문점,43,충청북도,43113,청주시 흥덕구,43113756,봉명2.송정동,4311311500,봉명동,4.3113115001203e+18,1,대지,충청북도 청주시 흥덕구 봉명동 2030,431133237029,충청북도 청주시 흥덕구 백봉로,4.3113115001203e+24,충청북도 청주시 흥덕구 백봉로 222,28449.0,1.0
MA010120220807167573,참다랑어막주는집청주,오창점,I2,음식,I203,일식,I20301,일식 회/초밥,I56122,일식 음식점업,43,충청북도,43114,청주시 청원구,43114253,오창읍,4311425345,오창읍,4.31142534510818e+18,1,대지,충청북도 청주시 청원구 오창읍 양청리 818-5,431143240077,충청북도 청주시 청원구 오창읍 중심상업로,4.37102534500818e+24,충청북도 청주시 청원구 오창읍 중심상업로 14,28119.0,1.0
MA010120220807030052,쥬씨충주,교통대점,I2,음식,I212,비알코올,I21201,카페,I56229,기타 비알코올 음료점업,43,충청북도,43130,충주시,43130335,대소원면,4313033529,대소원면,4.3130335291035e+18,1,대지,충청북도 충주시 대소원면 검단리 350-58,431303238012,충청북도 충주시 대소원면 대학로,4.3130330291035e+24,충청북도 충주시 대소원면 대학로 20,27470.0,2.0
MA010120220810898295,바이온,코리아,M1,과학·기술,M105,광고,M10501,광고 대행업,M71310,광고 대행업,43,충청북도,43114,청주시 청원구,43114530,내덕2동,4311410200,내덕동,4.31141020010201e+18,1,대지,충청북도 청주시 청원구 내덕동 201-1,431143236027,충청북도 청주시 청원구 상당로,4.31111140010201e+24,충청북도 청주시 청원구 상당로 314,28501.0,3.0
MA010120220806332600,푸른,골프연습장,R1,예술·스포츠,R103,스포츠 서비스,R10311,골프 연습장,R91136,골프 연습장 운영업,43,충청북도,43111,청주시 상당구,43111720,용암1동,4311112400,용암동,4.3111124001165496e+18,1,대지,충청북도 청주시 상당구 용암동 1655,431114508001,충청북도 청주시 상당구 1순환로1253번길,4.31111240011655e+24,충청북도 청주시 상당구 1순환로1253번길 18,28776.0,3.0
MA010120220806898000,맘스터치,성안점,I2,음식,I210,기타 간이,I21004,버거,I56192,피자; 햄버거; 샌드위치 및 유사 음식점업,43,충청북도,43111,청주시 상당구,43111545,성안동,4311110900,서문동,4.3111109001002496e+18,1,대지,충청북도 청주시 상당구 서문동 25-2,431114508335,충청북도 청주시 상당구 상당로81번길,4.31111090010025e+24,충청북도 청주시 상당구 상당로81번길 57,28527.0,1.0
MA010120220805603980,연세우유청주특판,대리점,G2,소매,G206,음료 소매,G20604,우유 소매업,G47221,음료 소매업,43,충청북도,43112,청주시 서원구,43112560,분평동,4311211100,장성동,4.31121110010015e+18,1,대지,충청북도 청주시 서원구 장성동 15-14,431123237014,충청북도 청주시 서원구 궁뜰로,4.31131420010015e+24,충청북도 청주시 서원구 궁뜰로 72,28803.0,1.0
MA010120220812158876,용우동,동남점,I2,음식,I210,기타 간이,I21007,김밥/만두/분식,I56194,김밥 및 기타 간이 음식점업,43,충청북도,43111,청주시 상당구,43111720,용암1동,4311112400,용암동,4.31111240013076e+18,1,대지,충청북도 청주시 상당구 용암동 3076,431113236055,충청북도 청주시 상당구 중고개로,4.31111240013076e+24,충청북도 청주시 상당구 중고개로 137,28808.0,1.0
MA010120220812620259,씨유청주미원,로드점,G2,소매,G204,종합 소매,G20405,편의점,G47122,체인화 편의점,43,충청북도,43111,청주시 상당구,43111320,미원면,4311132021,미원면,4.31113202110438e+18,1,대지,충청북도 청주시 상당구 미원면 미원리 438-24,431113236065,충청북도 청주시 상당구 미원면 단재로,4.37103202100438e+24,충청북도 청주시 상당구 미원면 단재로 2412,28199.0,1.0
MA010120220811653977,엔씨오프리미츠,백화점,G2,소매,G209,섬유·의복·신발 소매,G20902,여성 의류 소매업,G47412,여자용 겉옷 소매업,43,충청북도,43113,청주시 흥덕구,43113747,가경동,4311311300,가경동,4.31131130011416e+18,1,대지,충청북도 청주시 흥덕구 가경동 1416-3,431133014065,충청북도 청주시 흥덕구 2순환로,4.31131130011416e+24,충청북도 청주시 흥덕구 2순환로 1233,28396.0,2.0
MA010120220810271742,홍루이젠충주,호암점,I2,음식,I210,기타 간이,I21003,피자,I56192,피자; 햄버거; 샌드위치 및 유사 음식점업,43,충청북도,43130,충주시,43130580,호암.직동,4313010700,호암동,4.3130107001119094e+18,1,대지,충청북도 충주시 호암동 1191,431303352070,충청북도 충주시 호암토성2로,4.31301070011191e+24,충청북도 충주시 호암토성2로 1,27480.0,1.0
MA010120220805570357,안경나라,하복대점,G2,소매,G216,안경·정밀기기 소매,G21602,안경렌즈 소매업,G47822,안경 및 렌즈 소매업,43,충청북도,43113,청주시 흥덕구,43113741,복대1동,4311311400,복대동,4.3113114001292897e+18,1,대지,충청북도 청주시 흥덕구 복대동 2929,431133237081,충청북도 청주시 흥덕구 진재로,4.31131140012929e+24,충청북도 청주시 흥덕구 진재로 50,28420.0,1.0
MA010120220810130432,순두부연마루,전문점,I2,음식,I201,한식,I20101,백반/한정식,I56111,한식 일반 음식점업,43,충청북도,43113,청주시 흥덕구,43113747,가경동,4311311300,가경동,4.31131130011492e+18,1,대지,충청북도 청주시 흥덕구 가경동 1492-4,431133237074,충청북도 청주시 흥덕구 장구봉로,4.31131130011492e+24,충청북도 청주시 흥덕구 장구봉로 8-1,28405.0,1.0
MA010120220811894703,방가삼대얼큰한뼈해장국,호암점,I2,음식,I201,한식,I20102,국/탕/찌개류,I56111,한식 일반 음식점업,43,충청북도,43130,충주시,43130580,호암.직동,4313010700,호암동,4.31301070011212e+18,1,대지,충청북도 충주시 호암동 1212,431303352069,충청북도 충주시 사천개로,4.31301070011212e+24,충청북도 충주시 사천개로 40,27480.0,1.0
MA010120220805952346,씨유율량,칸타빌점,G2,소매,G204,종합 소매,G20405,편의점,G47122,체인화 편의점,43,충청북도,43114,청주시 청원구,43114550,오근장동,4311410500,주성동,4.31141050010335e+18,1,대지,충청북도 청주시 청원구 주성동 335,431143349124,충청북도 청주시 청원구 율량로,4.31111310010113e+24,충청북도 청주시 청원구 율량로 103,28317.0,1.0
MA010120220808059933,오븐에빠진닭,첨단점,I2,음식,I210,기타 간이,I21006,치킨,I56193,치킨 전문점,43,충청북도,43130,충주시,43130335,대소원면,4313033531,대소원면,4.31303353111072e+18,1,대지,충청북도 충주시 대소원면 본리 1072,431304515347,충청북도 충주시 대소원면 첨단쉼터3길,4.31303353111072e+24,충청북도 충주시 대소원면 첨단쉼터3길 17-9,27466.0,1.0
MA010120220806683003,홈플러스익스프레스청주,용암점,G2,소매,G204,종합 소매,G20404,슈퍼마켓,G47121,슈퍼마켓,43,충청북도,43111,청주시 상당구,43111720,용암1동,4311112400,용암동,4.31111240011592e+18,1,대지,충청북도 청주시 상당구 용암동 1592-2,431113236049,충청북도 청주시 상당구 월평로,4.31111240011592e+24,충청북도 청주시 상당구 월평로 174,28776.0,1.0
MA010120220806318424,신전떡볶이,사천점,I2,음식,I210,기타 간이,I21007,김밥/만두/분식,I56194,김밥 및 기타 간이 음식점업,43,충청북도,43114,청주시 청원구,43114540,율량.사천동,4311410300,율량동,4.31141030011178e+18,1,대지,충청북도 청주시 청원구 율량동 1178,431144508259,충청북도 청주시 청원구 사뜸로67번길,4.31111150011178e+24,충청북도 청주시 청원구 사뜸로67번길 24,28340.0,1.0
MA010120220806582413,이디야충주한스,타워점,I2,음식,I212,비알코올,I21201,카페,I56221,커피 전문점,43,충청북도,43130,충주시,43130540,교현2동,4313010500,교현동,4.3130105001053906e+18,1,대지,충청북도 충주시 교현동 539-1,431302238002,충청북도 충주시 국원대로,4.31301050010539e+24,충청북도 충주시 국원대로 107,27364.0,1.0
MA010120220809706456,수내닭꼬치,사천점,I2,음식,I201,한식,I20110,닭/오리고기 구이/찜,I56194,김밥 및 기타 간이 음식점업,43,충청북도,43114,청주시 청원구,43114540,율량.사천동,4311410400,사천동,4.31141040010432e+18,1,대지,충청북도 청주시 청원구 사천동 432-5,431144508588,충청북도 청주시 청원구 율봉로30번길,4.31111160010432e+24,충청북도 청주시 청원구 율봉로30번길 2,28346.0,1.0
MA010120220805587022,아리따움청주,하복대점,G2,소매,G215,의약·화장품 소매,G21503,화장품 소매업,G47813,화장품; 비누 및 방향제 소매업,43,충청북도,43113,청주시 흥덕구,43113741,복대1동,4311311400,복대동,4.3113114001246305e+18,1,대지,충청북도 청주시 흥덕구 복대동 2463,431133237081,충청북도 청주시 흥덕구 진재로,4.31131140012463e+24,충청북도 청주시 흥덕구 진재로 55,28416.0,1.0
MA010120220809872871,맘스핸즈셀프빨래방충주,신도시점,S2,수리·개인,S209,세탁,S20902,셀프 빨래방,S96912,가정용 세탁업,43,충청북도,43130,충주시,43130385,중앙탑면,4313038526,중앙탑면,4.31303852610979e+18,1,대지,충청북도 충주시 중앙탑면 용전리 979,431304515561,충청북도 충주시 중앙탑면 원앙6길,4.31303852610979e+24,충청북도 충주시 중앙탑면 원앙6길 2,27465.0,1.0
MA010120220813707825,브이아이피라운지홀덤펍,충북대점,I2,음식,I211,주점,I21103,생맥주 전문,I56213,생맥주 전문점,43,충청북도,43112,청주시 서원구,43112530,사창동,4311210200,사창동,4.3112102001041295e+18,1,대지,충청북도 청주시 서원구 사창동 413-1,431124512177,충청북도 청주시 서원구 1순환로704번길,4.31131020010413e+24,충청북도 청주시 서원구 1순환로704번길 78,28643.0,2.0
MA010120220811772150,메가엠지씨커피청주,하복대점,I2,음식,I212,비알코올,I21201,카페,I56221,커피 전문점,43,충청북도,43113,청주시 흥덕구,43113741,복대1동,4311311400,복대동,4.3113114001295606e+18,1,대지,충청북도 청주시 흥덕구 복대동 2956,431133237081,충청북도 청주시 흥덕구 진재로,4.31131140012956e+24,충청북도 청주시 흥덕구 진재로 44,28420.0,1.0
MA010120220814250423,크록스현대,충청점,G2,소매,G209,섬유·의복·신발 소매,G20910,신발 소매업,G47430,신발 소매업,43,충청북도,43113,청주시 흥덕구,43113741,복대1동,4311311400,복대동,4.3113114001338e+18,1,대지,충청북도 청주시 흥덕구 복대동 3380,431133236058,충청북도 청주시 흥덕구 직지대로,4.31131140010584e+24,충청북도 청주시 흥덕구 직지대로 308,28424.0,1.0
MA010120220803843297,대학로오징어보쌈,율량점,I2,음식,I201,한식,I20111,횟집,I56114,한식 해산물 요리 전문점,43,충청북도,43114,청주시 청원구,43114540,율량.사천동,4311410300,율량동,4.3114103001207296e+18,1,대지,충청북도 청주시 청원구 율량동 2073,431143236001,충청북도 청주시 청원구 1순환로,4.31141030012073e+24,충청북도 청주시 청원구 1순환로 134,28320.0,1.0
MA010120220807149982,우아한만두,개신점,I2,음식,I210,기타 간이,I21007,김밥/만두/분식,I56112,한식 면 요리 전문점,43,충청북도,43112,청주시 서원구,43112590,성화.개신.죽림동,4311210900,개신동,4.311210900107e+18,1,대지,충청북도 청주시 서원구 개신동 700,431123237030,충청북도 청주시 서원구 복대로,4.311311100107e+24,충청북도 청주시 서원구 복대로 7,28612.0,1.0
MA010120220805582457,원할머니보쌈&박가부대찌개청주,운천점,I2,음식,I201,한식,I20103,족발/보쌈,I56111,한식 일반 음식점업,43,충청북도,43113,청주시 흥덕구,43113700,운천.신봉동,4311310400,운천동,4.3113104001157094e+18,1,대지,충청북도 청주시 흥덕구 운천동 1571,431133237036,충청북도 청주시 흥덕구 사운로,4.31131040011571e+24,충청북도 청주시 흥덕구 사운로 204,28469.0,1.0
MA010120220805167206,밀면,해운대,I2,음식,I201,한식,I20106,냉면/밀면,I56112,한식 면 요리 전문점,43,충청북도,43111,청주시 상당구,43111340,남일면,4311134022,남일면,4.3111340221016294e+18,1,대지,충청북도 청주시 상당구 남일면 효촌리 163-2,431114520412,충청북도 청주시 상당구 남일면 신송효촌길,4.31113402210163e+24,충청북도 청주시 상당구 남일면 신송효촌길 132,28187.0,1.0
MA010120220800889959,해피세탁,전문점,S2,수리·개인,S209,세탁,S20901,세탁소,S96912,가정용 세탁업,43,충청북도,43130,충주시,43130630,연수동,4313011800,연수동,4.31301180010595e+18,1,대지,충청북도 충주시 연수동 595-2,431303238002,충청북도 충주시 갱고개로,4.31301180010595e+24,충청북도 충주시 갱고개로 222,27343.0,1.0
MA010120220812706951,워시프렌즈셀프빨래방충주,호암점,S2,수리·개인,S209,세탁,S20902,셀프 빨래방,S96912,가정용 세탁업,43,충청북도,43130,충주시,43130580,호암.직동,4313010700,호암동,4.3130107001013294e+18,1,대지,충청북도 충주시 호암동 133-13,431303238085,충청북도 충주시 호암중앙2로,4.31301070010133e+24,충청북도 충주시 호암중앙2로 21,27481.0,1.0
MA010120220813386160,딩동청주,오창점,G2,소매,G221,기타 상품 소매,G22199,그 외 기타 상품 전문 소매업,G47859,그 외 기타 분류 안된 상품 전문 소매업,43,충청북도,43114,청주시 청원구,43114253,오창읍,4311425345,오창읍,4.3114253451079096e+18,1,대지,충청북도 청주시 청원구 오창읍 양청리 791-4,431143240075,충청북도 청주시 청원구 오창읍 중심상업1로,4.37102534510791e+24,충청북도 청주시 청원구 오창읍 중심상업1로 8-46,28120.0,1.0
MA010120220811191417,킹콩부대찌개충북,제천점,I2,음식,I201,한식,I20102,국/탕/찌개류,I56111,한식 일반 음식점업,43,충청북도,43150,제천시,43150510,교동,4315011600,장락동,4.3150116001054894e+18,1,대지,충청북도 제천시 장락동 549-1,431504844153,충청북도 제천시 죽하로11안길,4.31501160010549e+24,충청북도 제천시 죽하로11안길 31,27144.0,1.0
MA010120220810449213,한우마을,오창점,G2,소매,G205,식료품 소매,G20503,정육점,G47212,육류 소매업,43,충청북도,43114,청주시 청원구,43114253,오창읍,4311425344,오창읍,4.31142534410648e+18,1,대지,충청북도 청주시 청원구 오창읍 각리 648-4,431143240063,충청북도 청주시 청원구 오창읍 오창중앙로,4.37102534400648e+24,충청북도 청주시 청원구 오창읍 오창중앙로 115-4,28123.0,1.0
MA010120220804688130,한양시래기명태조림,복대점,I2,음식,I201,한식,I20112,해산물 구이/찜,I56111,한식 일반 음식점업,43,충청북도,43113,청주시 흥덕구,43113741,복대1동,4311311400,복대동,4.3113114001048893e+18,1,대지,충청북도 청주시 흥덕구 복대동 489-1,431133237078,충청북도 청주시 흥덕구 죽천로,4.31131140010489e+24,충청북도 청주시 흥덕구 죽천로 73-1,28426.0,1.0
MA010120220804783352,씨유청주,복대점,G2,소매,G204,종합 소매,G20405,편의점,G47122,체인화 편의점,43,충청북도,43113,청주시 흥덕구,43113742,복대2동,4311311400,복대동,4.31131140010162e+18,1,대지,충청북도 청주시 흥덕구 복대동 162-4,431134512178,충청북도 청주시 흥덕구 내수동로12번길,4.31131140010162e+24,충청북도 청주시 흥덕구 내수동로12번길 6,28595.0,1.0
MA010120220806327965,세운,대리점,G2,소매,G208,가전·통신 소매,G20802,핸드폰 소매업,G47312,통신기기 소매업,43,충청북도,43112,청주시 서원구,43112530,사창동,4311210200,사창동,4.3112102001025695e+18,1,대지,충청북도 청주시 서원구 사창동 257-1,431123236001,충청북도 청주시 서원구 1순환로,4.31131020010257e+24,충청북도 청주시 서원구 1순환로 661,28647.0,1.0
MA010120220805594132,찰스리헤어테크청주가경,터미널점,S2,수리·개인,S207,이용·미용,S20701,미용실,S96112,두발 미용업,43,충청북도,43113,청주시 흥덕구,43113747,가경동,4311311300,가경동,4.3113113001141494e+18,1,대지,충청북도 청주시 흥덕구 가경동 1415,431133237093,충청북도 청주시 흥덕구 풍산로,4.31131130011415e+24,충청북도 청주시 흥덕구 풍산로 23,28395.0,2.0
MA010120220810888404,미식가닭,본점,I2,음식,I201,한식,I20101,백반/한정식,I56111,한식 일반 음식점업,43,충청북도,43111,청주시 상당구,43111720,용암1동,4311112400,용암동,4.31111240011112e+18,1,대지,충청북도 청주시 상당구 용암동 1112,431114508504,충청북도 청주시 상당구 용암로103번길,4.31111240011112e+24,충청북도 청주시 상당구 용암로103번길 4,28771.0,1.0
MA010120220812697599,픽미픽미아이스크림,제천점,G2,소매,G204,종합 소매,G20404,슈퍼마켓,G47216,빵류; 과자류 및 당류 소매업,43,충청북도,43150,제천시,43150605,화산동,4315012100,강제동,4.31501210010808e+18,1,대지,충청북도 제천시 강제동 808,431504844161,충청북도 제천시 강저로12길,4.31501210010808e+24,충청북도 제천시 강저로12길 3,27200.0,1.0
MA010120220814223435,투썸플레이스,비하점,I2,음식,I212,비알코올,I21201,카페,I56221,커피 전문점,43,충청북도,43113,청주시 흥덕구,43113760,강서1동,4311313800,비하동,4.3113138001022e+18,1,대지,충청북도 청주시 흥덕구 비하동 220-1,431133014065,충청북도 청주시 흥덕구 2순환로,4.3113138001022e+24,충청북도 청주시 흥덕구 2순환로 1112,28363.0,1.0
MA010120220802684404,햇살머믄꼬마김밥,봉명점,I2,음식,I210,기타 간이,I21007,김밥/만두/분식,I56194,김밥 및 기타 간이 음식점업,43,충청북도,43112,청주시 서원구,43112530,사창동,4311210200,사창동,4.31121020010134e+18,1,대지,충청북도 청주시 서원구 사창동 134-10,431124512168,충청북도 청주시 서원구 1순환로634번길,4.31131020010134e+24,충청북도 청주시 서원구 1순환로634번길 38,28574.0,1.0
MA010120220813067909,드림오피스청주동화상사,시청점,G2,소매,G213,오락용품 소매,G21302,문구/회화용품 소매업,G47612,문구용품 및 회화용품 소매업,43,충청북도,43111,청주시 상당구,43111525,중앙동,4311110300,북문로2가,4.31111030010116e+18,1,대지,충청북도 청주시 상당구 북문로2가 116-143,431113236027,충청북도 청주시 상당구 상당로,4.31111030010116e+24,충청북도 청주시 상당구 상당로 174-1,28509.0,4.0
MA010120220805297010,돈쫄돈개신,가경점,I2,음식,I203,일식,I20302,일식 카레/돈가스/덮밥,I56194,김밥 및 기타 간이 음식점업,43,충청북도,43112,청주시 서원구,43112590,성화.개신.죽림동,4311210900,개신동,4.3112109001054694e+18,1,대지,충청북도 청주시 서원구 개신동 547,431123237074,충청북도 청주시 서원구 장구봉로,4.31131110010547e+24,충청북도 청주시 서원구 장구봉로 134,28609.0,1.0
MA010120220805603976,유니베라청주가경,대리점,G2,소매,G215,의약·화장품 소매,G21503,화장품 소매업,G47813,화장품; 비누 및 방향제 소매업,43,충청북도,43113,청주시 흥덕구,43113747,가경동,4311311300,가경동,4.3113113001149e+18,1,대지,충청북도 청주시 흥덕구 가경동 1490-10,431133237074,충청북도 청주시 흥덕구 장구봉로,4.3113113001149e+24,충청북도 청주시 흥덕구 장구봉로 57-1,28402.0,2.0
MA010120220805595964,수선실,롯데아울렛,S2,수리·개인,S206,기타 가정용품 수리,S20601,의류/이불 수선업,S95391,의복 및 기타 가정용 직물제품 수리업,43,충청북도,43113,청주시 흥덕구,43113760,강서1동,4311313800,비하동,4.31131380010811e+18,1,대지,충청북도 청주시 흥덕구 비하동 811,431133014065,충청북도 청주시 흥덕구 2순환로,4.31131380010332e+24,충청북도 청주시 흥덕구 2순환로 1004,28360.0,3.0
MA010120220804330199,언더아머청주점,롯데아울렛,G2,소매,G209,섬유·의복·신발 소매,G20905,기타 의류 소매업,G47419,기타 의복 소매업,43,충청북도,43113,청주시 흥덕구,43113760,강서1동,4311313800,비하동,4.31131380010811e+18,1,대지,충청북도 청주시 흥덕구 비하동 811,431133014065,충청북도 청주시 흥덕구 2순환로,4.31131380010332e+24,충청북도 청주시 흥덕구 2순환로 1004,28360.0,3.0
MA010120220806641629,스터디카페언제나;봄,분평점,R1,예술·스포츠,R102,도서관·사적지,R10202,독서실/스터디 카페,R90212,독서실 운영업,43,충청북도,43112,청주시 서원구,43112560,분평동,4311210600,분평동,4.3112106001124895e+18,1,대지,충청북도 청주시 서원구 분평동 1249,431123236049,충청북도 청주시 서원구 월평로,4.31131080011249e+24,충청북도 청주시 서원구 월평로 28,28796.0,2.0
MA010120220809364613,서울우동집,중앙점,I2,음식,I203,일식,I20303,일식 면 요리,I56194,김밥 및 기타 간이 음식점업,43,충청북도,43745,증평군,43745250,증평읍,4374525023,증평읍,4.37452502310014e+18,1,대지,충청북도 증평군 증평읍 중동리 14-2,437453244026,충청북도 증평군 증평읍 중앙로,4.37452502310014e+24,충청북도 증평군 증평읍 중앙로 207,27927.0,1.0
MA010120220806306701,땅스부대찌개청주육거리,시장점,I2,음식,I201,한식,I20102,국/탕/찌개류,I56199,간이 음식 포장 판매 전문점,43,충청북도,43111,청주시 상당구,43111545,성안동,4311111100,석교동,4.31111110010126e+18,1,대지,충청북도 청주시 상당구 석교동 126-47,431114508309,충청북도 청주시 상당구 상당로1번길,4.31111110010126e+24,충청북도 청주시 상당구 상당로1번길 17-1,28534.0,1.0
MA010120220805015059,충주점올젠,모다아울렛,G2,소매,G209,섬유·의복·신발 소매,G20901,남성 의류 소매업,G47411,남자용 겉옷 소매업,43,충청북도,43130,충주시,43130605,달천동,4313011400,달천동,4.31301140010786e+18,1,대지,충청북도 충주시 달천동 786-3,431302246001,충청북도 충주시 중원대로,4.31301140010786e+24,충청북도 충주시 중원대로 3683,27476.0,1.0
MA010120220803254055,아이.엘.에이,금왕점,G2,소매,G204,종합 소매,G20404,슈퍼마켓,G47121,슈퍼마켓,43,충청북도,43770,음성군,43770253,금왕읍,4377025321,금왕읍,4.3770253211066296e+18,1,대지,충청북도 음성군 금왕읍 무극리 663-1,437704541594,충청북도 음성군 금왕읍 탑골1길,4.37702532110663e+24,충청북도 음성군 금왕읍 탑골1길 1,27633.0,1.0
MA010120220812684949,또래오래,분평점,I2,음식,I210,기타 간이,I21006,치킨,I56193,치킨 전문점,43,충청북도,43112,청주시 서원구,43112550,산남동,4311210600,분평동,4.31121060010244e+18,1,대지,충청북도 청주시 서원구 분평동 244-6,431124511941,충청북도 청주시 서원구 청남로2005번길,4.31131080010244e+24,충청북도 청주시 서원구 청남로2005번길 18,28700.0,1.0
MA010120220813420717,헤어,데일리,S2,수리·개인,S207,이용·미용,S20701,미용실,S96112,두발 미용업,43,충청북도,43114,청주시 청원구,43114540,율량.사천동,4311410400,사천동,4.31141040010717e+18,1,대지,충청북도 청주시 청원구 사천동 717,431143236023,충청북도 청주시 청원구 사뜸로,4.31141040010717e+24,충청북도 청주시 청원구 사뜸로 100-8,28337.0,1.0
MA010120220813137310,신전떡볶이,옥산점,I2,음식,I210,기타 간이,I21007,김밥/만두/분식,I56194,김밥 및 기타 간이 음식점업,43,충청북도,43113,청주시 흥덕구,43113320,옥산면,4311332025,옥산면,4.31133202510463e+18,1,대지,충청북도 청주시 흥덕구 옥산면 가락리 463-5,431134520010,충청북도 청주시 흥덕구 옥산면 가락길,4.31133202510463e+24,충청북도 청주시 흥덕구 옥산면 가락길 31,28113.0,1.0
MA010120220804403938,프로스펙스에버세이브청주,직영점,G2,소매,G209,섬유·의복·신발 소매,G20905,기타 의류 소매업,G47419,기타 의복 소매업,43,충청북도,43112,청주시 서원구,43112560,분평동,4311210500,미평동,4.31121050010028e+18,1,대지,충청북도 청주시 서원구 미평동 28,431124511938,충청북도 청주시 서원구 청남로1936번길,4.31131070010031e+24,충청북도 청주시 서원구 청남로1936번길 2,28802.0,2.0
MA010120220813839681,컴포즈커피충주,호암점,I2,음식,I212,비알코올,I21201,카페,I56221,커피 전문점,43,충청북도,43130,충주시,43130580,호암.직동,4313010700,호암동,4.3130107001098895e+18,1,대지,충청북도 충주시 호암동 989,431304856104,충청북도 충주시 호암수청1로,4.31301070010989e+24,충청북도 충주시 호암수청1로 55,27502.0,1.0
MA010120220803019194,월미당,율량점,I2,음식,I205,동남아시아,I20501,베트남식 전문,I56129,기타 외국식 음식점업,43,충청북도,43114,청주시 청원구,43114540,율량.사천동,4311410300,율량동,4.31141030010894e+18,1,대지,충청북도 청주시 청원구 율량동 894,431143236064,충청북도 청주시 청원구 공항로,4.31111150010894e+24,충청북도 청주시 청원구 공항로 126,28330.0,1.0
MA010120220811820361,간이역,사천점,I2,음식,I211,주점,I21104,요리 주점,I56219,기타 주점업,43,충청북도,43114,청주시 청원구,43114540,율량.사천동,4311410400,사천동,4.3114104001043697e+18,1,대지,충청북도 청주시 청원구 사천동 437-14,431143236050,충청북도 청주시 청원구 율봉로,4.31111160010437e+24,충청북도 청주시 청원구 율봉로 34,28346.0,1.0
MA010120220811820737,스쿨룩스,옥천점,G2,소매,G209,섬유·의복·신발 소매,G20905,기타 의류 소매업,G47419,기타 의복 소매업,43,충청북도,43730,옥천군,43730250,옥천읍,4373025036,옥천읍,4.37302503610018e+18,1,대지,충청북도 옥천군 옥천읍 금구리 18-28,437303242048,충청북도 옥천군 옥천읍 중앙로,4.37302503610018e+24,충청북도 옥천군 옥천읍 중앙로 48-1,29046.0,2.0
MA010120220810165961,씨유청주한국,병원점,G2,소매,G204,종합 소매,G20405,편의점,G47122,체인화 편의점,43,충청북도,43111,청주시 상당구,43111670,영운동,4311111900,영운동,4.31111190010154e+18,1,대지,충청북도 청주시 상당구 영운동 154-4,431113236037,충청북도 청주시 상당구 영운로,4.31111190010154e+24,충청북도 청주시 상당구 영운로 57,28712.0,1.0
MA010120220812637028,에바돈가츠충주,호암점,I2,음식,I203,일식,I20302,일식 카레/돈가스/덮밥,I56111,한식 일반 음식점업,43,충청북도,43130,충주시,43130580,호암.직동,4313010700,호암동,4.3130107001105e+18,1,대지,충청북도 충주시 호암동 1050,431304856104,충청북도 충주시 호암수청1로,4.3130107001105e+24,충청북도 충주시 호암수청1로 29,27502.0,1.0
MA010120220811628679,1978덮밥&볶음밥,율량점,I2,음식,I201,한식,I20199,기타 한식 음식점,I56111,한식 일반 음식점업,43,충청북도,43114,청주시 청원구,43114540,율량.사천동,4311410300,율량동,4.3114103001080095e+18,1,대지,충청북도 청주시 청원구 율량동 801-2,431144508043,충청북도 청주시 청원구 공항로138번길,4.31111150010801e+24,충청북도 청주시 청원구 공항로138번길 29,28328.0,1.0
MA010120220805420491,스마일커피,분평점,I2,음식,I212,비알코올,I21201,카페,I56221,커피 전문점,43,충청북도,43112,청주시 서원구,43112560,분평동,4311210600,분평동,4.31121060011202e+18,1,대지,충청북도 청주시 서원구 분평동 1202-1,431124512135,충청북도 청주시 서원구 1순환로1137번길,4.31131080011202e+24,충청북도 청주시 서원구 1순환로1137번길 123,28792.0,1.0
MA010120220811951442,토드카페,본점,I2,음식,I212,비알코올,I21201,카페,I56221,커피 전문점,43,충청북도,43111,청주시 상당구,43111545,성안동,4311110700,문화동,4.3111107001009295e+18,1,대지,충청북도 청주시 상당구 문화동 93-1,431113236027,충청북도 청주시 상당구 상당로,4.31111070010093e+24,충청북도 청주시 상당구 상당로 66,28516.0,3.0
MA010120220805437953,곱분이곱창,가경점,I2,음식,I201,한식,I20109,곱창 전골/구이,I56113,한식 육류 요리 전문점,43,충청북도,43113,청주시 흥덕구,43113760,강서1동,4311311700,강서동,4.3113117001052e+18,1,대지,충청북도 청주시 흥덕구 강서동 520,431133237045,충청북도 청주시 흥덕구 서현동로,4.3113117001052e+24,충청북도 청주시 흥덕구 서현동로 18,28378.0,1.0
MA010120220811857221,헤드,코리아,M1,과학·기술,M115,기타 전문 과학,M11504,사업/무형 재산권 중개업,N75999,그 외 기타 분류 안된 사업 지원 서비스업,43,충청북도,43113,청주시 흥덕구,43113747,가경동,4311311300,가경동,4.31131130011453e+18,1,대지,충청북도 청주시 흥덕구 가경동 1453-5,431133237093,충청북도 청주시 흥덕구 풍산로,4.31131130011453e+24,충청북도 청주시 흥덕구 풍산로 42,28399.0,3.0
MA010120220803214313,다복향마라탕,오창점,I2,음식,I202,중식,I20202,마라탕/훠궈,I56121,중식 음식점업,43,충청북도,43114,청주시 청원구,43114253,오창읍,4311425345,오창읍,4.3114253451082e+18,1,대지,충청북도 청주시 청원구 오창읍 양청리 820-1,431143240075,충청북도 청주시 청원구 오창읍 중심상업1로,4.3114253451082e+24,충청북도 청주시 청원구 오창읍 중심상업1로 8-9,28120.0,1.0
MA010120220810964497,족발야시장,호암점,I2,음식,I201,한식,I20103,족발/보쌈,I56111,한식 일반 음식점업,43,충청북도,43130,충주시,43130580,호암.직동,4313010700,호암동,4.3130107001013294e+18,1,대지,충청북도 충주시 호암동 133-10,431303238085,충청북도 충주시 호암중앙2로,4.31301070010133e+24,충청북도 충주시 호암중앙2로 15,27481.0,1.0
MA010120220811507481,놀부청주,분평점,I2,음식,I201,한식,I20105,국수/칼국수,I56112,한식 면 요리 전문점,43,충청북도,43112,청주시 서원구,43112560,분평동,4311210600,분평동,4.3112106001134095e+18,1,대지,충청북도 청주시 서원구 분평동 1341,431124511745,충청북도 청주시 서원구 원마루로8번길,4.31131080011341e+24,충청북도 청주시 서원구 원마루로8번길 8-1,28794.0,1.0
MA010120220807030828,스노우피크현대,충청점,G2,소매,G209,섬유·의복·신발 소매,G20905,기타 의류 소매업,G47419,기타 의복 소매업,43,충청북도,43113,청주시 흥덕구,43113741,복대1동,4311311400,복대동,4.3113114001338e+18,1,대지,충청북도 청주시 흥덕구 복대동 3380,431133236058,충청북도 청주시 흥덕구 직지대로,4.31131140010584e+24,충청북도 청주시 흥덕구 직지대로 308,28424.0,4.0
MA010120220808173350,롯데리아오창2,산단점,I2,음식,I210,기타 간이,I21004,버거,I56192,피자; 햄버거; 샌드위치 및 유사 음식점업,43,충청북도,43114,청주시 청원구,43114253,오창읍,4311425332,오창읍,4.31142533210627e+18,1,대지,충청북도 청주시 청원구 오창읍 주성리 627,431144571746,충청북도 청주시 청원구 오창읍 주성1길,4.31142533210627e+24,충청북도 청주시 청원구 오창읍 주성1길 5,28117.0,1.0
MA010120220805179985,코리아세븐청주,휴먼시아점,G2,소매,G204,종합 소매,G20405,편의점,G47122,체인화 편의점,43,충청북도,43112,청주시 서원구,43112590,성화.개신.죽림동,4311210800,성화동,4.31121080010616e+18,1,대지,충청북도 청주시 서원구 성화동 616,431123237057,충청북도 청주시 서원구 신성화로,4.31131100010616e+24,충청북도 청주시 서원구 신성화로 8,28639.0,1.0
MA010120220805580402,초록마을청주,율량점,G2,소매,G204,종합 소매,G20404,슈퍼마켓,G47129,기타 음ㆍ식료품 위주 종합 소매업,43,충청북도,43114,청주시 청원구,43114550,오근장동,4311410600,주중동,4.3114106001105695e+18,1,대지,충청북도 청주시 청원구 주중동 1057,431143236054,충청북도 청주시 청원구 주성로,4.31111320010172e+24,충청북도 청주시 청원구 주성로 263,28325.0,1.0
MA010120220807386994,달리는려석들용암,동남점,I2,음식,I201,한식,I20101,백반/한정식,I56199,간이 음식 포장 판매 전문점,43,충청북도,43111,청주시 상당구,43111720,용암1동,4311112400,용암동,4.3111124001231e+18,1,대지,충청북도 청주시 상당구 용암동 2310,431114508104,충청북도 청주시 상당구 낙영로12번길,4.3111124001231e+24,충청북도 청주시 상당구 낙영로12번길 12,28767.0,1.0
MA010120220808379913,스타덤PC청주,본점,R1,예술·스포츠,R104,유원지·오락,R10406,PC방,R91222,컴퓨터 게임방 운영업,43,충청북도,43112,청주시 서원구,43112590,성화.개신.죽림동,4311210900,개신동,4.31121090010696e+18,1,대지,충청북도 청주시 서원구 개신동 696,431123237030,충청북도 청주시 서원구 복대로,4.31131110010696e+24,충청북도 청주시 서원구 복대로 19,28612.0,7.0
MA010120220807721927,프랜즈스크린스토어청주,동남점,G2,소매,G213,오락용품 소매,G21304,운동용품 소매업,G47631,운동 및 경기용품 소매업,43,충청북도,43111,청주시 상당구,43111720,용암1동,4311112400,용암동,4.31111240013082e+18,1,대지,충청북도 청주시 상당구 용암동 3082,431114857347,충청북도 청주시 상당구 중고개로141번길,4.31111240010186e+24,충청북도 청주시 상당구 중고개로141번길 13-16,28808.0,4.0
MA010120220805587931,로티맘,산남점,I2,음식,I212,비알코올,I21201,카페,I56221,커피 전문점,43,충청북도,43112,청주시 서원구,43112550,산남동,4311210400,산남동,4.31121040010496e+18,1,대지,충청북도 청주시 서원구 산남동 496,431123237037,충청북도 청주시 서원구 산남로,4.31131060010495e+24,충청북도 청주시 서원구 산남로 22,28626.0,1.0
MA010120220808180381,아이피피,오창점,G2,소매,G208,가전·통신 소매,G20802,핸드폰 소매업,G47312,통신기기 소매업,43,충청북도,43114,청주시 청원구,43114253,오창읍,4311425344,오창읍,4.31142534410648e+18,1,대지,충청북도 청주시 청원구 오창읍 각리 648-1,431143240063,충청북도 청주시 청원구 오창읍 오창중앙로,4.37102534400648e+24,충청북도 청주시 청원구 오창읍 오창중앙로 121,28123.0,1.0
MA010120220808204493,다이아필라테,가경점,P1,교육,P106,기타 교육,P10603,요가/필라테스 학원,P85612,기타 스포츠 교육기관,43,충청북도,43113,청주시 흥덕구,43113747,가경동,4311311300,가경동,4.31131130011555e+18,1,대지,충청북도 청주시 흥덕구 가경동 1555,431133237002,충청북도 청주시 흥덕구 가경로,4.31131130011555e+24,충청북도 청주시 흥덕구 가경로 10,28409.0,5.0
MA010120220811692203,바누아투롯데,아울렛점,I2,음식,I210,기타 간이,I21001,빵/도넛,I56191,제과점업,43,충청북도,43113,청주시 흥덕구,43113760,강서1동,4311313800,비하동,4.31131380010811e+18,1,대지,충청북도 청주시 흥덕구 비하동 811,431133014065,충청북도 청주시 흥덕구 2순환로,4.31131380010332e+24,충청북도 청주시 흥덕구 2순환로 1004,28360.0,1.0
MA010120220808528190,보노보노웍,오창점,I2,음식,I204,서양식,I20402,파스타/스테이크,I56123,서양식 음식점업,43,충청북도,43114,청주시 청원구,43114253,오창읍,4311425346,오창읍,4.3114253461042493e+18,1,대지,충청북도 청주시 청원구 오창읍 구룡리 425-1,431144520067,충청북도 청주시 청원구 오창읍 구룡4길,4.37102534610425e+24,충청북도 청주시 청원구 오창읍 구룡4길 18-3,28121.0,1.0
MA010120220807944600,가로수짐,하복대점,R1,예술·스포츠,R103,스포츠 서비스,R10307,헬스장,R91132,체력 단련시설 운영업,43,충청북도,43113,청주시 흥덕구,43113741,복대1동,4311311400,복대동,4.3113114001296097e+18,1,대지,충청북도 청주시 흥덕구 복대동 2961,431133237081,충청북도 청주시 흥덕구 진재로,4.31131140012961e+24,충청북도 청주시 흥덕구 진재로 32,28420.0,4.0
MA010120220808830634,제이마트,금천점,G2,소매,G204,종합 소매,G20404,슈퍼마켓,G47121,슈퍼마켓,43,충청북도,43111,청주시 상당구,43111680,금천동,4311112000,금천동,4.311112000101e+18,1,대지,충청북도 청주시 상당구 금천동 100-35,431114508420,충청북도 청주시 상당구 수영로218번길,4.311112000101e+24,충청북도 청주시 상당구 수영로218번길 3,28739.0,1.0
MA010120220812430648,네이처리퍼블릭충주점,롯데마트,G2,소매,G215,의약·화장품 소매,G21503,화장품 소매업,G47813,화장품; 비누 및 방향제 소매업,43,충청북도,43130,충주시,43130625,칠금.금릉동,4313011600,칠금동,4.3130116001084897e+18,1,대지,충청북도 충주시 칠금동 849,431304514580,충청북도 충주시 봉계1길,4.31301160010849e+24,충청북도 충주시 봉계1길 49,27360.0,2.0
MA010120220805578607,오레시피,청주금천점,G2,소매,G205,식료품 소매,G20509,반찬/식료품 소매업,G47218,조리 반찬류 소매업,43,충청북도,43111,청주시 상당구,43111690,용담.명암.산성동,4311112100,용담동,4.3111121001042094e+18,1,대지,충청북도 청주시 상당구 용담동 421,431113236035,충청북도 청주시 상당구 수영로,4.31111210010421e+24,충청북도 청주시 상당구 수영로 315,28745.0,1.0
MA010120220805592549,씨제이올리브영,충북대점,G2,소매,G215,의약·화장품 소매,G21503,화장품 소매업,G47813,화장품; 비누 및 방향제 소매업,43,충청북도,43112,청주시 서원구,43112530,사창동,4311210200,사창동,4.3112102001042094e+18,1,대지,충청북도 청주시 서원구 사창동 421,431124512175,충청북도 청주시 서원구 1순환로672번길,4.31131020010421e+24,충청북도 청주시 서원구 1순환로672번길 10,28643.0,1.0
MA010120220805280350,이지워시셀프빨래방청주,봉산점,S2,수리·개인,S209,세탁,S20902,셀프 빨래방,S96912,가정용 세탁업,43,충청북도,43113,청주시 흥덕구,43113250,오송읍,4311325031,오송읍,4.3113250311096694e+18,1,대지,충청북도 청주시 흥덕구 오송읍 봉산리 967,431134520286,충청북도 청주시 흥덕구 오송읍 봉산3길,4.31132503110967e+24,충청북도 청주시 흥덕구 오송읍 봉산3길 30-9,28222.0,1.0
MA010120220805418702,인생극장,진천점,I2,음식,I201,한식,I20107,돼지고기 구이/찜,I56112,한식 면 요리 전문점,43,충청북도,43750,진천군,43750250,진천읍,4375025021,진천읍,4.3750250211003e+18,1,대지,충청북도 진천군 진천읍 교성리 30-10,437504535063,충청북도 진천군 진천읍 남산8길,4.3750250211003e+24,충청북도 진천군 진천읍 남산8길 12,27838.0,1.0
MA010120220804952050,맘스터치,충대점,I2,음식,I210,기타 간이,I21004,버거,I56192,피자; 햄버거; 샌드위치 및 유사 음식점업,43,충청북도,43112,청주시 서원구,43112530,사창동,4311210200,사창동,4.31121020010492e+18,1,대지,충청북도 청주시 서원구 사창동 492-3,431123236001,충청북도 청주시 서원구 1순환로,4.31131020010492e+24,충청북도 청주시 서원구 1순환로 686,28643.0,1.0
MA010120220805583638,튼튼열쇠,백화점,G2,소매,G210,철물·건설자재 소매,G21001,철물/공구 소매업,G47511,철물 및 난방용구 소매업,43,충청북도,43113,청주시 흥덕구,43113747,가경동,4311311300,가경동,4.3113113001079695e+18,1,대지,충청북도 청주시 흥덕구 가경동 797,431133237002,충청북도 청주시 흥덕구 가경로,4.31131130010797e+24,충청북도 청주시 흥덕구 가경로 185,28390.0,1.0
MA010120220812734128,네네치킨앤봉구스밥버거용암,행복점,I2,음식,I210,기타 간이,I21007,김밥/만두/분식,I56193,치킨 전문점,43,충청북도,43111,청주시 상당구,43111720,용암1동,4311112400,용암동,4.31111240011408e+18,1,대지,충청북도 청주시 상당구 용암동 1408,431113236049,충청북도 청주시 상당구 월평로,4.31111240011408e+24,충청북도 청주시 상당구 월평로 147,28772.0,1.0
MA010120220809278127,심가네동죽칼국수,본점,I2,음식,I201,한식,I20105,국수/칼국수,I56112,한식 면 요리 전문점,43,충청북도,43114,청주시 청원구,43114550,오근장동,4311410600,주중동,4.31141060020127e+18,2,산,충청북도 청주시 청원구 주중동 산 127-11,431143236068,충청북도 청주시 청원구 팔결로,4.31141060020127e+24,충청북도 청주시 청원구 팔결로 16,28307.0,1.0
MA010120220803070848,우림관화로구이,혁신도시점,I2,음식,I201,한식,I20107,돼지고기 구이/찜,I56113,한식 육류 요리 전문점,43,충청북도,43770,음성군,43770330,맹동면,4377033028,맹동면,4.3770330281126497e+18,1,대지,충청북도 음성군 맹동면 두성리 1265,437704541740,충청북도 음성군 맹동면 용두2나길,4.37703302811265e+24,충청북도 음성군 맹동면 용두2나길 4,27738.0,1.0
MA010120220811558185,세븐일레븐청주우암,센터점,G2,소매,G204,종합 소매,G20405,편의점,G47122,체인화 편의점,43,충청북도,43114,청주시 청원구,43114510,우암동,4311410100,우암동,4.31141010010164e+18,1,대지,충청북도 청주시 청원구 우암동 164-18,431144508197,충청북도 청주시 청원구 대성로266번길,4.31111130010164e+24,충청북도 청주시 청원구 대성로266번길 2,28506.0,1.0
MA010120220806334410,가온푸드,오창점,I2,음식,I207,구내식당·뷔페,I20701,구내식당,I56130,기관 구내식당업,43,충청북도,43114,청주시 청원구,43114253,오창읍,4311425333,오창읍,4.3114253331033e+18,1,대지,충청북도 청주시 청원구 오창읍 송대리 330,431143257076,충청북도 청주시 청원구 오창읍 2산단로,4.3114253331033e+24,충청북도 청주시 청원구 오창읍 2산단로 82,28117.0,1.0
MA010120220806545394,멕시카나,가경점,I2,음식,I210,기타 간이,I21006,치킨,I56193,치킨 전문점,43,충청북도,43113,청주시 흥덕구,43113747,가경동,4311311300,가경동,4.31131130011602e+18,1,대지,충청북도 청주시 흥덕구 가경동 1602,431134511553,충청북도 청주시 흥덕구 서경로4번길,4.31131130011602e+24,충청북도 청주시 흥덕구 서경로4번길 17,28413.0,1.0
MA010120220805302947,참토스트,청주금천점,I2,음식,I210,기타 간이,I21005,토스트/샌드위치/샐러드,I56192,피자; 햄버거; 샌드위치 및 유사 음식점업,43,충청북도,43111,청주시 상당구,43111690,용담.명암.산성동,4311112100,용담동,4.31111210010404e+18,1,대지,충청북도 청주시 상당구 용담동 404,431113236035,충청북도 청주시 상당구 수영로,4.31111210010404e+24,충청북도 청주시 상당구 수영로 307,28744.0,1.0
MA010120220807998287,불닭발땡초동대문엽기떡볶이,청주금천점,I2,음식,I210,기타 간이,I21007,김밥/만두/분식,I56194,김밥 및 기타 간이 음식점업,43,충청북도,43111,청주시 상당구,43111690,용담.명암.산성동,4311112100,용담동,4.31111210010397e+18,1,대지,충청북도 청주시 상당구 용담동 397,431113236035,충청북도 청주시 상당구 수영로,4.31111210010397e+24,충청북도 청주시 상당구 수영로 295,28744.0,2.0
MA010120220810215878,청주예수마을터미널기독교,백화점,G2,소매,G213,오락용품 소매,G21301,서점,G47611,서적; 신문 및 잡지류 소매업,43,충청북도,43113,청주시 흥덕구,43113760,강서1동,4311311700,강서동,4.31131170010527e+18,1,대지,충청북도 청주시 흥덕구 강서동 527,431133014065,충청북도 청주시 흥덕구 2순환로,4.31131170010527e+24,충청북도 청주시 흥덕구 2순환로 1256,28378.0,4.0
MA010120220809301432,워시팡팡무인셀프빨래방,오창점,S2,수리·개인,S209,세탁,S20902,셀프 빨래방,S96912,가정용 세탁업,43,충청북도,43114,청주시 청원구,43114253,오창읍,4311425345,오창읍,4.3114253451074703e+18,1,대지,충청북도 청주시 청원구 오창읍 양청리 747-3,431143240050,충청북도 청주시 청원구 오창읍 양청택지로,4.37102534510747e+24,충청북도 청주시 청원구 오창읍 양청택지로 80,28115.0,1.0
MA010120220805554688,KIS정보통신충북,대리점,G2,소매,G216,안경·정밀기기 소매,G21601,사무기기 소매업,G47821,사무용 기기 소매업,43,충청북도,43113,청주시 흥덕구,43113700,운천.신봉동,4311310400,운천동,4.31131040011122e+18,1,대지,충청북도 청주시 흥덕구 운천동 1122,431133237036,충청북도 청주시 흥덕구 사운로,4.31131040011122e+24,충청북도 청주시 흥덕구 사운로 211,28470.0,3.0
MA010120220805523975,해밍턴부대찌개,증평점,I2,음식,I201,한식,I20102,국/탕/찌개류,I56111,한식 일반 음식점업,43,충청북도,43745,증평군,43745250,증평읍,4374525025,증평읍,4.37452502510014e+18,1,대지,충청북도 증평군 증평읍 신동리 14,437453244026,충청북도 증평군 증평읍 중앙로,4.37452502510014e+24,충청북도 증평군 증평읍 중앙로 190-3,27930.0,1.0
MA010120220812699951,제이짐,3호점,R1,예술·스포츠,R103,스포츠 서비스,R10307,헬스장,R91132,체력 단련시설 운영업,43,충청북도,43130,충주시,43130580,호암.직동,4313010700,호암동,4.3130107001098895e+18,1,대지,충청북도 충주시 호암동 989,431304856104,충청북도 충주시 호암수청1로,4.31301070010989e+24,충청북도 충주시 호암수청1로 55,27502.0,3.0
MA010120220806358085,큰통치킨비,하복대점,I2,음식,I210,기타 간이,I21006,치킨,I56193,치킨 전문점,43,충청북도,43113,청주시 흥덕구,43113760,강서1동,4311313800,비하동,4.3113138001030897e+18,1,대지,충청북도 청주시 흥덕구 비하동 309-1,431134511051,충청북도 청주시 흥덕구 2순환로1050번길,4.31131380010309e+24,충청북도 청주시 흥덕구 2순환로1050번길 12,28361.0,1.0
MA010120220806338743,피자스쿨,호암점,I2,음식,I210,기타 간이,I21003,피자,I56192,피자; 햄버거; 샌드위치 및 유사 음식점업,43,충청북도,43130,충주시,43130580,호암.직동,4313010700,호암동,4.31301070010992e+18,1,대지,충청북도 충주시 호암동 992,431304856104,충청북도 충주시 호암수청1로,4.31301070010992e+24,충청북도 충주시 호암수청1로 51,27502.0,1.0
MA010120220813254817,광개토남성커트,전문점,S2,수리·개인,S207,이용·미용,S20701,미용실,S96112,두발 미용업,43,충청북도,43114,청주시 청원구,43114253,오창읍,4311425345,오창읍,4.31142534510819e+18,1,대지,충청북도 청주시 청원구 오창읍 양청리 819-4,431143240077,충청북도 청주시 청원구 오창읍 중심상업로,4.37102534500819e+24,충청북도 청주시 청원구 오창읍 중심상업로 17,28120.0,1.0
MA010120220812810799,상무초밥청주,율량점,I2,음식,I203,일식,I20301,일식 회/초밥,I56122,일식 음식점업,43,충청북도,43114,청주시 청원구,43114540,율량.사천동,4311410300,율량동,4.3114103001207506e+18,1,대지,충청북도 청주시 청원구 율량동 2075,431143236001,충청북도 청주시 청원구 1순환로,4.31141030012075e+24,충청북도 청주시 청원구 1순환로 128,28320.0,1.0
MA010120220813797725,왕큰손파닭충대,중문점,I2,음식,I210,기타 간이,I21006,치킨,I56193,치킨 전문점,43,충청북도,43112,청주시 서원구,43112530,사창동,4311210200,사창동,4.31121020010152e+18,1,대지,충청북도 청주시 서원구 사창동 152-13,431123237019,충청북도 청주시 서원구 내수동로,4.31131020010152e+24,충청북도 청주시 서원구 내수동로 93,28642.0,1.0
MA010120220812987227,호식이두마리치킨청주,1호점,I2,음식,I210,기타 간이,I21006,치킨,I56193,치킨 전문점,43,충청북도,43112,청주시 서원구,43112590,성화.개신.죽림동,4311211000,죽림동,4.3112110001032e+18,1,대지,충청북도 청주시 서원구 죽림동 320,431123237051,충청북도 청주시 서원구 성화로,4.3113112001032e+24,충청북도 청주시 서원구 성화로 113,28615.0,1.0
MA010120220812815071,파스쿠찌점,충북혁신도시,I2,음식,I212,비알코올,I21201,카페,I56221,커피 전문점,43,충청북도,43770,음성군,43770330,맹동면,4377033028,맹동면,4.3770330281137894e+18,1,대지,충청북도 음성군 맹동면 두성리 1379,437703247042,충청북도 음성군 맹동면 원중로,4.37703302810559e+24,충청북도 음성군 맹동면 원중로 1400,27738.0,2.0
MA010120220814022177,메가엠지씨커피청주가경,아이파크점,I2,음식,I212,비알코올,I21201,카페,I56221,커피 전문점,43,충청북도,43113,청주시 흥덕구,43113747,가경동,4311311300,가경동,4.3113113001227e+18,1,대지,충청북도 청주시 흥덕구 가경동 2270,431133237046,충청북도 청주시 흥덕구 서현로,4.3113113001227e+24,충청북도 청주시 흥덕구 서현로 60,28382.0,1.0
MA010120220804332096,더벤티충주점,롯데마트,I2,음식,I212,비알코올,I21201,카페,I56221,커피 전문점,43,충청북도,43130,충주시,43130625,칠금.금릉동,4313011600,칠금동,4.3130116001084897e+18,1,대지,충청북도 충주시 칠금동 849,431304514580,충청북도 충주시 봉계1길,4.31301160010849e+24,충청북도 충주시 봉계1길 49,27360.0,2.0
MA010120220813914518,비비큐청주,용암점,I2,음식,I210,기타 간이,I21006,치킨,I56193,치킨 전문점,43,충청북도,43111,청주시 상당구,43111720,용암1동,4311112400,용암동,4.3111124001239096e+18,1,대지,충청북도 청주시 상당구 용암동 2391,431114508524,충청북도 청주시 상당구 용암북로76번길,4.31111240012391e+24,충청북도 청주시 상당구 용암북로76번길 3,28766.0,1.0
MA010120220810490755,전설의불닭,율량점,I2,음식,I201,한식,I20110,닭/오리고기 구이/찜,I56219,기타 주점업,43,충청북도,43114,청주시 청원구,43114540,율량.사천동,4311410300,율량동,4.3114103001077e+18,1,대지,충청북도 청주시 청원구 율량동 770,431144508046,충청북도 청주시 청원구 공항로150번길,4.3111115001077e+24,충청북도 청주시 청원구 공항로150번길 5,28329.0,1.0
MA010120220813071965,달토끼의떡볶이흡입구역,봉명점,I2,음식,I210,기타 간이,I21007,김밥/만두/분식,I56194,김밥 및 기타 간이 음식점업,43,충청북도,43113,청주시 흥덕구,43113756,봉명2.송정동,4311311500,봉명동,4.3113115001203e+18,1,대지,충청북도 청주시 흥덕구 봉명동 2030,431133237029,충청북도 청주시 흥덕구 백봉로,4.3113115001203e+24,충청북도 청주시 흥덕구 백봉로 222,28449.0,1.0
MA010120220806917693,반올림피자샵,제천점,I2,음식,I210,기타 간이,I21003,피자,I56192,피자; 햄버거; 샌드위치 및 유사 음식점업,43,충청북도,43150,제천시,43150528,중앙동,4315010700,중앙로2가,4.31501070010068e+18,1,대지,충청북도 제천시 중앙로2가 68-20,431502239002,충청북도 제천시 의림대로,4.31501070010068e+24,충청북도 제천시 의림대로 183,27165.0,1.0
MA010120220808619766,포낙보청기,중앙점,G2,소매,G215,의약·화장품 소매,G21502,의료기기 소매업,G47812,의료용 기구 소매업,43,충청북도,43111,청주시 상당구,43111525,중앙동,4311110300,북문로2가,4.31111030010116e+18,1,대지,충청북도 청주시 상당구 북문로2가 116-231,431113236027,충청북도 청주시 상당구 상당로,4.31111030010116e+24,충청북도 청주시 상당구 상당로 117-1,28543.0,1.0
MA010120220808053710,프로헤어딘,하이닉스점,S2,수리·개인,S207,이용·미용,S20701,미용실,S96112,두발 미용업,43,충청북도,43113,청주시 흥덕구,43113770,강서2동,4311313700,향정동,4.3113137001012495e+18,1,대지,충청북도 청주시 흥덕구 향정동 125,431133014065,충청북도 청주시 흥덕구 2순환로,4.31131370010125e+24,충청북도 청주시 흥덕구 2순환로 959,28433.0,1.0
MA010120220812704827,배스킨라빈스,청주대점,I2,음식,I210,기타 간이,I21008,아이스크림/빙수,I56194,김밥 및 기타 간이 음식점업,43,충청북도,43114,청주시 청원구,43114510,우암동,4311410100,우암동,4.31141010010236e+18,1,대지,충청북도 청주시 청원구 우암동 236-5,431143236058,충청북도 청주시 청원구 직지대로,4.31141010010236e+24,충청북도 청주시 청원구 직지대로 886,28536.0,1.0
MA010120220813024720,88포장마차,옥천점,I2,음식,I211,주점,I21104,요리 주점,I56219,기타 주점업,43,충청북도,43730,옥천군,43730250,옥천읍,4373025036,옥천읍,4.37302503610018e+18,1,대지,충청북도 옥천군 옥천읍 금구리 18-36,437303242004,충청북도 옥천군 옥천읍 금장로,4.37302503610018e+24,충청북도 옥천군 옥천읍 금장로 47,29046.0,2.0
MA010120220803382529,빽다방청주,터미널점,I2,음식,I212,비알코올,I21201,카페,I56221,커피 전문점,43,충청북도,43113,청주시 흥덕구,43113747,가경동,4311311300,가경동,4.31131130011451e+18,1,대지,충청북도 청주시 흥덕구 가경동 1451-1,431133237092,충청북도 청주시 흥덕구 풍년로,4.31131130011451e+24,충청북도 청주시 흥덕구 풍년로 148-1,28399.0,1.0
MA010120220811716031,연마루,본점,I2,음식,I201,한식,I20101,백반/한정식,I56111,한식 일반 음식점업,43,충청북도,43113,청주시 흥덕구,43113760,강서1동,4311311700,강서동,4.31131170010284e+18,1,대지,충청북도 청주시 흥덕구 강서동 284-7,431133014066,충청북도 청주시 흥덕구 서부로,4.31131170010284e+24,충청북도 청주시 흥덕구 서부로 1093,28381.0,2.0
MA010120220812050683,씨유청주수곡,사랑점,G2,소매,G204,종합 소매,G20405,편의점,G47122,체인화 편의점,43,충청북도,43112,청주시 서원구,43112580,수곡2동,4311210700,수곡동,4.3112107001069e+18,1,대지,충청북도 청주시 서원구 수곡동 690,431124511632,충청북도 청주시 서원구 수곡로99번길,4.3113109001069e+24,충청북도 청주시 서원구 수곡로99번길 19,28685.0,1.0
MA010120220805213026,비에이치씨,충북대점,I2,음식,I210,기타 간이,I21006,치킨,I56193,치킨 전문점,43,충청북도,43113,청주시 흥덕구,43113742,복대2동,4311311400,복대동,4.3113114001016893e+18,1,대지,충청북도 청주시 흥덕구 복대동 169-1,431133237019,충청북도 청주시 흥덕구 내수동로,4.31131140010169e+24,충청북도 청주시 흥덕구 내수동로 16,28595.0,1.0
MA010120220804724661,본청주점,롯데아울렛,G2,소매,G209,섬유·의복·신발 소매,G20905,기타 의류 소매업,G47419,기타 의복 소매업,43,충청북도,43113,청주시 흥덕구,43113760,강서1동,4311313800,비하동,4.31131380010811e+18,1,대지,충청북도 청주시 흥덕구 비하동 811,431133014065,충청북도 청주시 흥덕구 2순환로,4.31131380010332e+24,충청북도 청주시 흥덕구 2순환로 1004,28360.0,3.0
MA010120220805601348,말자대농지구점,청담동,I2,음식,I211,주점,I21103,생맥주 전문,I56213,생맥주 전문점,43,충청북도,43113,청주시 흥덕구,43113741,복대1동,4311311400,복대동,4.3113114001326e+18,1,대지,충청북도 청주시 흥덕구 복대동 3260,431134511866,충청북도 청주시 흥덕구 진재로110번길,4.3113114001326e+24,충청북도 청주시 흥덕구 진재로110번길 40-1,28426.0,1.0
MA010120220805549471,르꼬끄골프,분평점,G2,소매,G213,오락용품 소매,G21304,운동용품 소매업,G47631,운동 및 경기용품 소매업,43,충청북도,43112,청주시 서원구,43112560,분평동,4311210600,분평동,4.3112106001142497e+18,1,대지,충청북도 청주시 서원구 분평동 1425,431123236001,충청북도 청주시 서원구 1순환로,4.31131080011425e+24,충청북도 청주시 서원구 1순환로 1059,28798.0,1.0
MA010120220806785286,농협유통하나로마트,분평점,G2,소매,G204,종합 소매,G20404,슈퍼마켓,G47121,슈퍼마켓,43,충청북도,43112,청주시 서원구,43112560,분평동,4311210600,분평동,4.31121060011387e+18,1,대지,충청북도 청주시 서원구 분평동 1387,431123237034,충청북도 청주시 서원구 분평로,4.31131080011387e+24,충청북도 청주시 서원구 분평로 26,28799.0,1.0
MA010120220804682458,아르떼,율량점,I2,음식,I212,비알코올,I21201,카페,I56221,커피 전문점,43,충청북도,43114,청주시 청원구,43114550,오근장동,4311410600,주중동,4.3114106001094497e+18,1,대지,충청북도 청주시 청원구 주중동 945,431144844094,충청북도 청주시 청원구 율량로4번길,4.31111320010945e+24,충청북도 청주시 청원구 율량로4번길 18,28325.0,1.0
MA010120220806823595,청정돼지국내산삼겹살,율량점,I2,음식,I201,한식,I20107,돼지고기 구이/찜,I56113,한식 육류 요리 전문점,43,충청북도,43114,청주시 청원구,43114540,율량.사천동,4311410300,율량동,4.3114103001099894e+18,1,대지,충청북도 청주시 청원구 율량동 999,431143236052,충청북도 청주시 청원구 율천북로,4.31141030010999e+24,충청북도 청주시 청원구 율천북로 167,28332.0,1.0
MA010120220803717460,블루클럽,오창점,S2,수리·개인,S207,이용·미용,S20701,미용실,S96112,두발 미용업,43,충청북도,43114,청주시 청원구,43114253,오창읍,4311425345,오창읍,4.31142534510819e+18,1,대지,충청북도 청주시 청원구 오창읍 양청리 819-4,431143240077,충청북도 청주시 청원구 오창읍 중심상업로,4.37102534500819e+24,충청북도 청주시 청원구 오창읍 중심상업로 17,28120.0,1.0
MA010120220803128733,비비큐,복대점,I2,음식,I210,기타 간이,I21006,치킨,I56193,치킨 전문점,43,충청북도,43113,청주시 흥덕구,43113742,복대2동,4311311400,복대동,4.3113114001227694e+18,1,대지,충청북도 청주시 흥덕구 복대동 2277,431134511675,충청북도 청주시 흥덕구 신율로90번길,4.31131140012277e+24,충청북도 청주시 흥덕구 신율로90번길 20,28604.0,1.0
MA010120220811741735,60계충북,광혜원점,I2,음식,I210,기타 간이,I21006,치킨,I56193,치킨 전문점,43,충청북도,43750,진천군,43750370,광혜원면,4375037027,광혜원면,4.3750370271052897e+18,1,대지,충청북도 진천군 광혜원면 광혜원리 529-100,437504535429,충청북도 진천군 광혜원면 화랑5길,4.37503702710529e+24,충청북도 진천군 광혜원면 화랑5길 17-1,27802.0,1.0
MA010120220814318096,보노보노웍,옥산점,I2,음식,I204,서양식,I20402,파스타/스테이크,I56194,김밥 및 기타 간이 음식점업,43,충청북도,43113,청주시 흥덕구,43113320,옥산면,4311332025,옥산면,4.31133202510452e+18,1,대지,충청북도 청주시 흥덕구 옥산면 가락리 452-8,431134520010,충청북도 청주시 흥덕구 옥산면 가락길,4.31133202520068e+24,충청북도 청주시 흥덕구 옥산면 가락길 34,28113.0,1.0
MA010120220804202624,아름다운정육,백화점,G2,소매,G205,식료품 소매,G20503,정육점,G47212,육류 소매업,43,충청북도,43112,청주시 서원구,43112590,성화.개신.죽림동,4311210800,성화동,4.31121080010876e+18,1,대지,충청북도 청주시 서원구 성화동 876,431124512242,충청북도 청주시 서원구 구룡산로51번가길,4.31131100010876e+24,충청북도 청주시 서원구 구룡산로51번가길 32,28614.0,1.0
MA010120220810962485,피자와치킨의러브레터,음성점,I2,음식,I210,기타 간이,I21003,피자,I56193,치킨 전문점,43,충청북도,43770,음성군,43770250,음성읍,4377025021,음성읍,4.3770250211095096e+18,1,대지,충청북도 음성군 음성읍 읍내리 951,437704541668,충청북도 음성군 음성읍 설성공원길,4.37702502110366e+24,충청북도 음성군 음성읍 설성공원길 33-9,27703.0,1.0
MA010120220803849781,보은이평점,꽁꽁냠냠,G2,소매,G204,종합 소매,G20405,편의점,G47122,체인화 편의점,43,충청북도,43720,보은군,43720250,보은읍,4372025031,보은읍,4.37202503110168e+18,1,대지,충청북도 보은군 보은읍 이평리 168-1,437203241009,충청북도 보은군 보은읍 뱃들로,4.37202503110168e+24,충청북도 보은군 보은읍 뱃들로 55-6,28940.0,1.0
MA010120220809936737,골프존파크주성JK,스크린점,R1,예술·스포츠,R103,스포츠 서비스,R10311,골프 연습장,R91136,골프 연습장 운영업,43,충청북도,43114,청주시 청원구,43114550,오근장동,4311410500,주성동,4.31141050010339e+18,1,대지,충청북도 청주시 청원구 주성동 339,431143349124,충청북도 청주시 청원구 율량로,4.31141050010339e+24,충청북도 청주시 청원구 율량로 100,28318.0,4.0
MA010120220808251367,스케치,오창지점,G2,소매,G209,섬유·의복·신발 소매,G20905,기타 의류 소매업,G47413,속옷 및 잠옷 소매업,43,충청북도,43114,청주시 청원구,43114253,오창읍,4311425345,오창읍,4.31142534510798e+18,1,대지,충청북도 청주시 청원구 오창읍 양청리 798-3,431143240077,충청북도 청주시 청원구 오창읍 중심상업로,4.37102534500798e+24,충청북도 청주시 청원구 오창읍 중심상업로 32-13,28119.0,7.0
MA010120220806839326,배떡,본점,I2,음식,I210,기타 간이,I21007,김밥/만두/분식,I56194,김밥 및 기타 간이 음식점업,43,충청북도,43113,청주시 흥덕구,43113742,복대2동,4311311400,복대동,4.31131140011939e+18,1,대지,충청북도 청주시 흥덕구 복대동 1939,431134512044,충청북도 청주시 흥덕구 풍산로106번길,4.31131140011939e+24,충청북도 청주시 흥덕구 풍산로106번길 42,28605.0,1.0
MA010120220805582236,베스킨라빈스홈플러스청주,가경점,I2,음식,I210,기타 간이,I21008,아이스크림/빙수,I56194,김밥 및 기타 간이 음식점업,43,충청북도,43113,청주시 흥덕구,43113747,가경동,4311311300,가경동,4.31131130011696e+18,1,대지,충청북도 청주시 흥덕구 가경동 1696,431133014066,충청북도 청주시 흥덕구 서부로,4.31131130011696e+24,충청북도 청주시 흥덕구 서부로 1291,28413.0,1.0
MA010120220803574810,땅스부대찌개,제천점,I2,음식,I201,한식,I20102,국/탕/찌개류,G47219,기타 식료품 소매업,43,충청북도,43150,제천시,43150510,교동,4315011600,장락동,4.31501160010435e+18,1,대지,충청북도 제천시 장락동 435-7,431504844152,충청북도 제천시 죽하로11길,4.31501160010435e+24,충청북도 제천시 죽하로11길 2,27144.0,1.0
MA010120220804435718,읍천리382충주,연수점,I2,음식,I212,비알코올,I21201,카페,I56221,커피 전문점,43,충청북도,43130,충주시,43130630,연수동,4313011800,연수동,4.31301180011615e+18,1,대지,충청북도 충주시 연수동 1615,431304515006,충청북도 충주시 연수동산로2길,4.31301180011615e+24,충청북도 충주시 연수동산로2길 1,27352.0,1.0
MA010120220805584673,청주빈대떡,개신점,I2,음식,I210,기타 간이,I21099,그 외 기타 간이 음식점,I56199,간이 음식 포장 판매 전문점,43,충청북도,43112,청주시 서원구,43112590,성화.개신.죽림동,4311210900,개신동,4.31121090010508e+18,1,대지,충청북도 청주시 서원구 개신동 508,431123237074,충청북도 청주시 서원구 장구봉로,4.31131110010508e+24,충청북도 청주시 서원구 장구봉로 128,28609.0,1.0
MA010120220805601836,이마트24산남,칸타빌점,G2,소매,G204,종합 소매,G20405,편의점,G47122,체인화 편의점,43,충청북도,43112,청주시 서원구,43112550,산남동,4311210400,산남동,4.31121040011133e+18,1,대지,충청북도 청주시 서원구 산남동 1133,431124512008,충청북도 청주시 서원구 탑골로37번길,4.31131060011133e+24,충청북도 청주시 서원구 탑골로37번길 1,28627.0,1.0
MA010120220811893418,공차,청주봉명점,I2,음식,I212,비알코올,I21201,카페,I56229,기타 비알코올 음료점업,43,충청북도,43113,청주시 흥덕구,43113756,봉명2.송정동,4311311500,봉명동,4.3113115001271296e+18,1,대지,충청북도 청주시 흥덕구 봉명동 2713,431133237029,충청북도 청주시 흥덕구 백봉로,4.31131150012713e+24,충청북도 청주시 흥덕구 백봉로 221,28465.0,1.0
MA010120220813974751,지에스25청주효성,병원점,G2,소매,G204,종합 소매,G20405,편의점,N75999,그 외 기타 분류 안된 사업 지원 서비스업,43,충청북도,43111,청주시 상당구,43111680,금천동,4311112000,금천동,4.31111200010166e+18,1,대지,충청북도 청주시 상당구 금천동 166-6,431114508160,충청북도 청주시 상당구 단재로57번길,4.31111200010166e+24,충청북도 청주시 상당구 단재로57번길 9,28736.0,1.0
MA010120220811719861,공차청주,개신점,I2,음식,I212,비알코올,I21201,카페,I56229,기타 비알코올 음료점업,43,충청북도,43112,청주시 서원구,43112590,성화.개신.죽림동,4311210900,개신동,4.31121090010004e+18,1,대지,충청북도 청주시 서원구 개신동 4-52,431123237104,충청북도 청주시 서원구 모충로,4.31121090010004e+24,충청북도 청주시 서원구 모충로 11,28666.0,1.0
MA010120220806180621,산마루흑염소,전문점,I2,음식,I201,한식,I20199,기타 한식 음식점,I56113,한식 육류 요리 전문점,43,충청북도,43112,청주시 서원구,43112320,현도면,4311232030,현도면,4.31123203010542e+18,1,대지,충청북도 청주시 서원구 현도면 노산리 542-4,431124520167,충청북도 청주시 서원구 현도면 노산2길,4.37103703000542e+24,충청북도 청주시 서원구 현도면 노산2길 3-70,28216.0,1.0
MA010120220805433251,프랭크버거충주,연수점,I2,음식,I210,기타 간이,I21004,버거,I56192,피자; 햄버거; 샌드위치 및 유사 음식점업,43,충청북도,43130,충주시,43130630,연수동,4313011800,연수동,4.3130118001137106e+18,1,대지,충청북도 충주시 연수동 1371,431303238002,충청북도 충주시 갱고개로,4.31301180011371e+24,충청북도 충주시 갱고개로 175-1,27351.0,1.0
MA010120220812913128,컴포즈커피청주,오창점,I2,음식,I212,비알코올,I21201,카페,I56221,커피 전문점,43,충청북도,43114,청주시 청원구,43114253,오창읍,4311425344,오창읍,4.31142534410649e+18,1,대지,충청북도 청주시 청원구 오창읍 각리 649-2,431143240063,충청북도 청주시 청원구 오창읍 오창중앙로,4.37102534400649e+24,충청북도 청주시 청원구 오창읍 오창중앙로 123-6,28123.0,1.0
MA010120220812465866,8월의중식,제천점,I2,음식,I202,중식,I20201,중국집,I56113,한식 육류 요리 전문점,43,충청북도,43150,제천시,43150590,청전동,4315011300,청전동,4.31501130010736e+18,1,대지,충청북도 제천시 청전동 736,431504517774,충청북도 제천시 의림대로31길,4.31501130010736e+24,충청북도 제천시 의림대로31길 25,27153.0,1.0
MA010120220812667840,장보는강아지와고양이,옥천점,G2,소매,G220,애완동물·용품 소매,G22001,애완동물/애완용품 소매업,G47852,애완용 동물 및 관련용품 소매업,43,충청북도,43730,옥천군,43730380,군북면,4373038021,군북면,4.3730380211027e+18,1,대지,충청북도 옥천군 군북면 이백리 270-5,437303000091,충청북도 옥천군 군북면 옥천로,4.3730380211027e+24,충청북도 옥천군 군북면 옥천로 1160,29000.0,1.0
MA010120220813045545,포토이즘박스,개신점,M1,과학·기술,M113,사진 촬영,M11301,사진촬영업,S96999,그 외 기타 달리 분류되지 않은 개인 서비스업,43,충청북도,43112,청주시 서원구,43112590,성화.개신.죽림동,4311210900,개신동,4.31121090010696e+18,1,대지,충청북도 청주시 서원구 개신동 696,431123237030,충청북도 청주시 서원구 복대로,4.31131110010696e+24,충청북도 청주시 서원구 복대로 19,28612.0,1.0
MA010120220810741522,글라스앤렌즈베리충북,진천점,G2,소매,G216,안경·정밀기기 소매,G21602,안경렌즈 소매업,G47822,안경 및 렌즈 소매업,43,충청북도,43750,진천군,43750250,진천읍,4375025024,진천읍,4.3750250241056e+18,1,대지,충청북도 진천군 진천읍 읍내리 560,437504535065,충청북도 진천군 진천읍 남산길,4.3750250241056e+24,충청북도 진천군 진천읍 남산길 79,27833.0,1.0
MA010120220813510167,크린토피아오창,프라자점,S2,수리·개인,S209,세탁,S20901,세탁소,S96912,가정용 세탁업,43,충청북도,43114,청주시 청원구,43114253,오창읍,4311425345,오창읍,4.3114253451082097e+18,1,대지,충청북도 청주시 청원구 오창읍 양청리 821-4,431143240077,충청북도 청주시 청원구 오창읍 중심상업로,4.37102534500821e+24,충청북도 청주시 청원구 오창읍 중심상업로 7,28120.0,1.0
MA010120220814042103,피자알볼로,가경점,I2,음식,I210,기타 간이,I21003,피자,I56192,피자; 햄버거; 샌드위치 및 유사 음식점업,43,충청북도,43112,청주시 서원구,43112590,성화.개신.죽림동,4311210800,성화동,4.3112108001071094e+18,1,대지,충청북도 청주시 서원구 성화동 711,431123014066,충청북도 청주시 서원구 서부로,4.31131100010711e+24,충청북도 청주시 서원구 서부로 1358,28614.0,1.0
MA010120220812629413,응급실국물떡볶이,청주금천점,I2,음식,I210,기타 간이,I21007,김밥/만두/분식,I56194,김밥 및 기타 간이 음식점업,43,충청북도,43111,청주시 상당구,43111680,금천동,4311112000,금천동,4.31111200010214e+18,1,대지,충청북도 청주시 상당구 금천동 214,431113236035,충청북도 청주시 상당구 수영로,4.31111200010214e+24,충청북도 청주시 상당구 수영로 255,28733.0,2.0
MA010120220812075765,세무법인이정,청주지점,M1,과학·기술,M104,회계·세무,M10402,세무사,M71202,세무사업,43,충청북도,43114,청주시 청원구,43114540,율량.사천동,4311410300,율량동,4.311410300122301e+18,1,대지,충청북도 청주시 청원구 율량동 2230,431143236001,충청북도 청주시 청원구 1순환로,4.3114103001223e+24,충청북도 청주시 청원구 1순환로 104,28321.0,4.0
MA010120220810143659,무지개,성안점,I2,음식,I211,주점,I21103,생맥주 전문,I56213,생맥주 전문점,43,충청북도,43111,청주시 상당구,43111525,중앙동,4311110300,북문로2가,4.31111030010074e+18,1,대지,충청북도 청주시 상당구 북문로2가 74-1,431113236056,충청북도 청주시 상당구 중앙로,4.31111030010074e+24,충청북도 청주시 상당구 중앙로 14-1,28543.0,1.0
MA010120220811862416,메가엠지씨커피분평농협,사거리점,I2,음식,I212,비알코올,I21201,카페,I56221,커피 전문점,43,충청북도,43112,청주시 서원구,43112560,분평동,4311210600,분평동,4.3112106001122e+18,1,대지,충청북도 청주시 서원구 분평동 1220,431123236067,충청북도 청주시 서원구 청남로,4.3112106001122e+24,충청북도 청주시 서원구 청남로 2014,28790.0,1.0
MA010120220806575816,하루과일주스앤디저트가경,복대점,I2,음식,I212,비알코올,I21201,카페,I56229,기타 비알코올 음료점업,43,충청북도,43113,청주시 흥덕구,43113747,가경동,4311311300,가경동,4.311311300114e+18,1,대지,충청북도 청주시 흥덕구 가경동 1400,431134512062,충청북도 청주시 흥덕구 풍산로25번길,4.311311300114e+24,충청북도 청주시 흥덕구 풍산로25번길 21,28395.0,1.0
MA010120220813305100,전주대가콩나물국밥연수,본점,I2,음식,I201,한식,I20102,국/탕/찌개류,I56111,한식 일반 음식점업,43,충청북도,43130,충주시,43130630,연수동,4313011800,연수동,4.31301180010878e+18,1,대지,충청북도 충주시 연수동 878,431302238002,충청북도 충주시 국원대로,4.31301180010878e+24,충청북도 충주시 국원대로 192,27347.0,1.0
MA010120220808301750,직지세무법인동,청주지점,M1,과학·기술,M104,회계·세무,M10402,세무사,M71202,세무사업,43,충청북도,43114,청주시 청원구,43114540,율량.사천동,4311410300,율량동,4.31141030012319e+18,1,대지,충청북도 청주시 청원구 율량동 2319,431143349125,충청북도 청주시 청원구 율중로,4.31141030012319e+24,충청북도 청주시 청원구 율중로 11,28315.0,3.0
MA010120220811762252,세븐일레븐제천,제일점,G2,소매,G204,종합 소매,G20405,편의점,G47122,체인화 편의점,43,충청북도,43150,제천시,43150528,중앙동,4315010700,중앙로2가,4.31501070010028e+18,1,대지,충청북도 제천시 중앙로2가 28-1,431503239015,충청북도 제천시 독순로,4.31501070010028e+24,충청북도 제천시 독순로 58,27169.0,1.0
MA010120220800055894,이삭토스트청주,분평점,I2,음식,I210,기타 간이,I21005,토스트/샌드위치/샐러드,I56192,피자; 햄버거; 샌드위치 및 유사 음식점업,43,충청북도,43112,청주시 서원구,43112560,분평동,4311210600,분평동,4.31121060011372e+18,1,대지,충청북도 청주시 서원구 분평동 1372,431124512136,충청북도 청주시 서원구 1순환로1107번길,4.31131080011372e+24,충청북도 청주시 서원구 1순환로1107번길 24,28800.0,1.0
MA010120220814302858,신떡순,증평점,I2,음식,I210,기타 간이,I21007,김밥/만두/분식,I56194,김밥 및 기타 간이 음식점업,43,충청북도,43745,증평군,43745250,증평읍,4374525022,증평읍,4.3745250221011697e+18,1,대지,충청북도 증평군 증평읍 교동리 117,437454532109,충청북도 증평군 증평읍 아랫장뜰길,4.37452502210116e+24,충청북도 증평군 증평읍 아랫장뜰길 65,27931.0,1.0
MA010120220810268800,케어셀라청주,율량점,S2,수리·개인,S207,이용·미용,S20702,피부 관리실,S96113,피부 미용업,43,충청북도,43114,청주시 청원구,43114540,율량.사천동,4311410300,율량동,4.31141030010882e+18,1,대지,충청북도 청주시 청원구 율량동 882-4,431143236050,충청북도 청주시 청원구 율봉로,4.31111150010882e+24,충청북도 청주시 청원구 율봉로 179-1,28327.0,1.0
MA010120220808578562,이디야커피청주,분평점,I2,음식,I212,비알코올,I21201,카페,I56221,커피 전문점,43,충청북도,43112,청주시 서원구,43112560,분평동,4311210600,분평동,4.3112106001137505e+18,1,대지,충청북도 청주시 서원구 분평동 1375,431124512136,충청북도 청주시 서원구 1순환로1107번길,4.31131080011375e+24,충청북도 청주시 서원구 1순환로1107번길 36,28800.0,1.0
MA010120220808470440,본죽앤비빔밥청주,옥산점,I2,음식,I201,한식,I20101,백반/한정식,I56111,한식 일반 음식점업,43,충청북도,43113,청주시 흥덕구,43113320,옥산면,4311332025,옥산면,4.31133202510269e+18,1,대지,충청북도 청주시 흥덕구 옥산면 가락리 269,431133240054,충청북도 청주시 흥덕구 옥산면 오송가락로,4.31133202510269e+24,충청북도 청주시 흥덕구 옥산면 오송가락로 1049,28113.0,1.0
MA010120220807416985,구박사소곱창구이,봉명점,I2,음식,I201,한식,I20109,곱창 전골/구이,I56113,한식 육류 요리 전문점,43,충청북도,43113,청주시 흥덕구,43113756,봉명2.송정동,4311311500,봉명동,4.3113115001285e+18,1,대지,충청북도 청주시 흥덕구 봉명동 2850,431134512151,충청북도 청주시 흥덕구 덕암로6번길,4.3113115001285e+24,충청북도 청주시 흥덕구 덕암로6번길 105,28463.0,1.0
MA010120220806400656,봉명동내커피,오창점,I2,음식,I212,비알코올,I21201,카페,I56221,커피 전문점,43,충청북도,43114,청주시 청원구,43114253,오창읍,4311425345,오창읍,4.3114253451079096e+18,1,대지,충청북도 청주시 청원구 오창읍 양청리 791-4,431143240075,충청북도 청주시 청원구 오창읍 중심상업1로,4.37102534510791e+24,충청북도 청주시 청원구 오창읍 중심상업1로 8-46,28120.0,1.0
MA010120220805577412,사진,백화점,M1,과학·기술,M113,사진 촬영,M11301,사진촬영업,M73301,인물 사진 및 행사용 영상 촬영업,43,충청북도,43114,청주시 청원구,43114510,우암동,4311410100,우암동,4.31141010010352e+18,1,대지,충청북도 청주시 청원구 우암동 352-3,431143236061,충청북도 청주시 청원구 향군로,4.31111130010352e+24,충청북도 청주시 청원구 향군로 59,28487.0,1.0
MA010120220806272712,보떼,수곡점,G2,소매,G215,의약·화장품 소매,G21503,화장품 소매업,G47813,화장품; 비누 및 방향제 소매업,43,충청북도,43112,청주시 서원구,43112580,수곡2동,4311210700,수곡동,4.3112107001090806e+18,1,대지,충청북도 청주시 서원구 수곡동 908,431123237013,충청북도 청주시 서원구 구룡산로,4.31131090010908e+24,충청북도 청주시 서원구 구룡산로 246,28697.0,1.0
MA010120220812019404,더맨남성컷트,전문점,S2,수리·개인,S207,이용·미용,S20701,미용실,S96111,이용업,43,충청북도,43112,청주시 서원구,43112590,성화.개신.죽림동,4311210900,개신동,4.3112109001061094e+18,1,대지,충청북도 청주시 서원구 개신동 611,431123237058,충청북도 청주시 서원구 신율로,4.31131110010611e+24,충청북도 청주시 서원구 신율로 49,28608.0,1.0
MA010120220805618190,태율회계법인,청주지점,M1,과학·기술,M104,회계·세무,M10401,공인회계사,M71201,공인회계사업,43,충청북도,43113,청주시 흥덕구,43113760,강서1동,4311311700,강서동,4.3113117001048694e+18,1,대지,충청북도 청주시 흥덕구 강서동 487,431133237049,충청북도 청주시 흥덕구 서현중로,4.31131170010487e+24,충청북도 청주시 흥덕구 서현중로 66,28378.0,5.0
MA010120220806819929,쓰리픽,산남점,M1,과학·기술,M113,사진 촬영,M11301,사진촬영업,M73301,인물 사진 및 행사용 영상 촬영업,43,충청북도,43112,청주시 서원구,43112550,산남동,4311210400,산남동,4.31121040010585e+18,1,대지,충청북도 청주시 서원구 산남동 585,431124511541,충청북도 청주시 서원구 산남로70번길,4.31131060010585e+24,충청북도 청주시 서원구 산남로70번길 14,28625.0,1.0
MA010120220800810169,피자나라치킨공주,오창점,I2,음식,I210,기타 간이,I21003,피자,I56193,치킨 전문점,43,충청북도,43114,청주시 청원구,43114253,오창읍,4311425332,오창읍,4.31142533210532e+18,1,대지,충청북도 청주시 청원구 오창읍 주성리 532,431144571747,충청북도 청주시 청원구 오창읍 주성2길,4.37102533210532e+24,충청북도 청주시 청원구 오창읍 주성2길 9-5,28117.0,1.0
MA010120220805663775,피자인,본점,I2,음식,I210,기타 간이,I21003,피자,I56192,피자; 햄버거; 샌드위치 및 유사 음식점업,43,충청북도,43130,충주시,43130630,연수동,4313011800,연수동,4.31301180010762e+18,1,대지,충청북도 충주시 연수동 762-74,431304515031,충청북도 충주시 연원12길,4.31301180010762e+24,충청북도 충주시 연원12길 24,27348.0,1.0
MA010120220806417037,씨유음성봉현,사거리점,G2,소매,G204,종합 소매,G20405,편의점,G47122,체인화 편의점,43,충청북도,43770,음성군,43770330,맹동면,4377033024,맹동면,4.37703302410356e+18,1,대지,충청북도 음성군 맹동면 봉현리 356-1,437703014048,충청북도 음성군 맹동면 초금로,4.37703302410356e+24,충청북도 음성군 맹동면 초금로 325,27729.0,1.0
MA010120220813385161,폴햄롯데청주,아울렛점,G2,소매,G209,섬유·의복·신발 소매,G20905,기타 의류 소매업,G47414,셔츠 및 블라우스 소매업,43,충청북도,43113,청주시 흥덕구,43113760,강서1동,4311313800,비하동,4.31131380010811e+18,1,대지,충청북도 청주시 흥덕구 비하동 811,431133014065,충청북도 청주시 흥덕구 2순환로,4.31131380010332e+24,충청북도 청주시 흥덕구 2순환로 1004,28360.0,3.0
MA010120220808378757,동산대가여기소갈비,본점,I2,음식,I201,한식,I20101,백반/한정식,I56111,한식 일반 음식점업,43,충청북도,43114,청주시 청원구,43114540,율량.사천동,4311410400,사천동,4.3114104001041295e+18,1,대지,충청북도 청주시 청원구 사천동 413-8,431143236050,충청북도 청주시 청원구 율봉로,4.31111160010413e+24,충청북도 청주시 청원구 율봉로 46,28346.0,2.0
MA010120220813610786,청년피자청주,3호점,I2,음식,I210,기타 간이,I21003,피자,I56192,피자; 햄버거; 샌드위치 및 유사 음식점업,43,충청북도,43114,청주시 청원구,43114510,우암동,4311410100,우암동,4.31141010010943e+18,1,대지,충청북도 청주시 청원구 우암동 943-6,431143236019,충청북도 청주시 청원구 무심동로,4.31111130010943e+24,충청북도 청주시 청원구 무심동로 606-1,28484.0,2.0
MA010120220803165487,최피디해물칼국수율량,사천점,I2,음식,I201,한식,I20105,국수/칼국수,I56112,한식 면 요리 전문점,43,충청북도,43114,청주시 청원구,43114540,율량.사천동,4311410400,사천동,4.3114104001022495e+18,1,대지,충청북도 청주시 청원구 사천동 225-21,431143236054,충청북도 청주시 청원구 주성로,4.31141040010225e+24,충청북도 청주시 청원구 주성로 77,28336.0,1.0
MA010120220813731731,버블맨24,가경점,S2,수리·개인,S209,세탁,S20901,세탁소,S96912,가정용 세탁업,43,충청북도,43113,청주시 흥덕구,43113747,가경동,4311311300,가경동,4.31131130011664e+18,1,대지,충청북도 청주시 흥덕구 가경동 1664,431134511552,충청북도 청주시 흥덕구 서경로28번길,4.31131130011664e+24,충청북도 청주시 흥덕구 서경로28번길 6,28413.0,1.0
MA010120220810289390,이마트24충주,원앙점,G2,소매,G204,종합 소매,G20405,편의점,G47122,체인화 편의점,43,충청북도,43130,충주시,43130385,중앙탑면,4313038526,중앙탑면,4.31303852610772e+18,1,대지,충청북도 충주시 중앙탑면 용전리 772,431304515555,충청북도 충주시 중앙탑면 원앙길,4.31303852610772e+24,충청북도 충주시 중앙탑면 원앙길 15,27465.0,1.0
MA010120220808582156,비지프에프리테일진천큐브에스,2호점,G2,소매,G204,종합 소매,G20405,편의점,G47122,체인화 편의점,43,충청북도,43750,진천군,43750253,덕산읍,4375025323,덕산읍,4.37502532311074e+18,1,대지,충청북도 진천군 덕산읍 산수리 1074,437503350524,충청북도 진천군 덕산읍 산수산단3로,4.37503102311074e+24,충청북도 진천군 덕산읍 산수산단3로 66,27856.0,2.0
MA010120220806692762,참숯구이,전문점,I2,음식,I201,한식,I20107,돼지고기 구이/찜,I56113,한식 육류 요리 전문점,43,충청북도,43111,청주시 상당구,43111720,용암1동,4311112400,용암동,4.3111124001259894e+18,1,대지,충청북도 청주시 상당구 용암동 2599,431114508510,충청북도 청주시 상당구 용암북로138번길,4.31111240012599e+24,충청북도 청주시 상당구 용암북로138번길 29-6,28763.0,1.0
MA010120220807276367,한우마을,본점,G2,소매,G205,식료품 소매,G20503,정육점,G47212,육류 소매업,43,충청북도,43113,청주시 흥덕구,43113320,옥산면,4311332025,옥산면,4.31133202510971e+18,1,대지,충청북도 청주시 흥덕구 옥산면 가락리 971,431133240054,충청북도 청주시 흥덕구 옥산면 오송가락로,4.31133202510959e+24,충청북도 청주시 흥덕구 옥산면 오송가락로 1071,28113.0,1.0
MA010120220807045041,업텐브로피자,제천점,I2,음식,I210,기타 간이,I21003,피자,I56192,피자; 햄버거; 샌드위치 및 유사 음식점업,43,충청북도,43150,제천시,43150528,중앙동,4315010800,명동,4.3150108001015e+18,1,대지,충청북도 제천시 명동 150-3,431504517802,충청북도 제천시 의병대로12길,4.31501080010143e+24,충청북도 제천시 의병대로12길 11,27171.0,1.0
MA010120220808541575,토시래청주,하복대점,I2,음식,I201,한식,I20101,백반/한정식,I56111,한식 일반 음식점업,43,충청북도,43113,청주시 흥덕구,43113741,복대1동,4311311400,복대동,4.31131140012825e+18,1,대지,충청북도 청주시 흥덕구 복대동 2825,431134511886,충청북도 청주시 흥덕구 짐대로50번길,4.31131140012825e+24,충청북도 청주시 흥덕구 짐대로50번길 3,28417.0,1.0
MA010120220806330704,글라스팩토리안경,율량점,G2,소매,G216,안경·정밀기기 소매,G21602,안경렌즈 소매업,G47822,안경 및 렌즈 소매업,43,충청북도,43114,청주시 청원구,43114550,오근장동,4311410500,주성동,4.31141050010338e+18,1,대지,충청북도 청주시 청원구 주성동 338,431143349124,충청북도 청주시 청원구 율량로,4.31111310010142e+24,충청북도 청주시 청원구 율량로 104,28318.0,1.0
MA010120220806671110,사과꽃식당충주점,모다아울렛,I2,음식,I201,한식,I20101,백반/한정식,I56111,한식 일반 음식점업,43,충청북도,43130,충주시,43130605,달천동,4313011400,달천동,4.31301140010786e+18,1,대지,충청북도 충주시 달천동 786-3,431302246001,충청북도 충주시 중원대로,4.31301140010786e+24,충청북도 충주시 중원대로 3683,27476.0,4.0
MA010120220809610613,뚜레쥬르서청주,파크자이점,I2,음식,I210,기타 간이,I21001,빵/도넛,I56191,제과점업,43,충청북도,43113,청주시 흥덕구,43113760,강서1동,4311313800,비하동,4.31131380010687e+18,1,대지,충청북도 청주시 흥덕구 비하동 687-6,431134511992,충청북도 청주시 흥덕구 청향로9번길,4.31131380010687e+24,충청북도 청주시 흥덕구 청향로9번길 40-6,28362.0,1.0
MA010120220811960823,이디야커피청주가로수,마을점,I2,음식,I212,비알코올,I21201,카페,I56221,커피 전문점,43,충청북도,43113,청주시 흥덕구,43113747,가경동,4311311300,가경동,4.3113113001037906e+18,1,대지,충청북도 청주시 흥덕구 가경동 379,431133014065,충청북도 청주시 흥덕구 2순환로,4.31131130010379e+24,충청북도 청주시 흥덕구 2순환로 1276,28384.0,1.0
MA010120220805589125,브이쿨,장암점,G2,소매,G202,자동차 부품 소매,G20202,자동차 부품 소매업,G45219,기타 자동차 신품 부품 및 내장품 판매업,43,충청북도,43112,청주시 서원구,43112560,분평동,4311211200,장암동,4.3112112001011697e+18,1,대지,충청북도 청주시 서원구 장암동 117-3,431123198002,충청북도 청주시 서원구 가장로,4.31121120010117e+24,충청북도 청주시 서원구 가장로 370,28805.0,1.0
MA010120220810552505,토시래,오창점,I2,음식,I201,한식,I20101,백반/한정식,I56111,한식 일반 음식점업,43,충청북도,43114,청주시 청원구,43114253,오창읍,4311425344,오창읍,4.31142534410648e+18,1,대지,충청북도 청주시 청원구 오창읍 각리 648-6,431143240063,충청북도 청주시 청원구 오창읍 오창중앙로,4.37102534400648e+24,충청북도 청주시 청원구 오창읍 오창중앙로 123-5,28123.0,1.0
MA010120220813148177,고스트캐슬,대학로점,R1,예술·스포츠,R104,유원지·오락,R10406,PC방,R91222,컴퓨터 게임방 운영업,43,충청북도,43130,충주시,43130335,대소원면,4313033529,대소원면,4.3130335291035e+18,1,대지,충청북도 충주시 대소원면 검단리 350-58,431303238012,충청북도 충주시 대소원면 대학로,4.3130330291035e+24,충청북도 충주시 대소원면 대학로 20,27470.0,6.0
MA010120220813500094,커피베이제천,시청점,I2,음식,I212,비알코올,I21201,카페,I56221,커피 전문점,43,충청북도,43150,제천시,43150547,영서동,4315012500,천남동,4.3150125001001103e+18,1,대지,충청북도 제천시 천남동 11-35,431504517707,충청북도 제천시 원뜰로1길,4.31501250010011e+24,충청북도 제천시 원뜰로1길 13,27188.0,1.0
MA010120220805554823,마코,오창점,G2,소매,G209,섬유·의복·신발 소매,G20905,기타 의류 소매업,G47414,셔츠 및 블라우스 소매업,43,충청북도,43114,청주시 청원구,43114253,오창읍,4311425345,오창읍,4.31142534510819e+18,1,대지,충청북도 청주시 청원구 오창읍 양청리 819-1,431143240077,충청북도 청주시 청원구 오창읍 중심상업로,4.37102534500819e+24,충청북도 청주시 청원구 오창읍 중심상업로 27,28120.0,1.0
MA010120220804648341,곤지암할매소머리국밥,백운점,I2,음식,I201,한식,I20102,국/탕/찌개류,I56111,한식 일반 음식점업,43,충청북도,43150,제천시,43150360,백운면,4315036021,백운면,4.31503602110208e+18,1,대지,충청북도 제천시 백운면 평동리 208-26,431503014007,충청북도 제천시 백운면 천등박달로,4.31503602110208e+24,충청북도 제천시 백운면 천등박달로 1358-6,27105.0,1.0
MA010120220804791225,고가네닭한마리칼국수,수곡점,I2,음식,I201,한식,I20105,국수/칼국수,I56112,한식 면 요리 전문점,43,충청북도,43112,청주시 서원구,43112580,수곡2동,4311210700,수곡동,4.3112107001068897e+18,1,대지,충청북도 청주시 서원구 수곡동 689,431124511615,충청북도 청주시 서원구 수곡로113번길,4.31131090010689e+24,충청북도 청주시 서원구 수곡로113번길 11,28685.0,1.0
MA010120220805583867,지코바,가경점,I2,음식,I210,기타 간이,I21006,치킨,I56193,치킨 전문점,43,충청북도,43113,청주시 흥덕구,43113747,가경동,4311311300,가경동,4.31131130011476e+18,1,대지,충청북도 청주시 흥덕구 가경동 1476-1,431134512041,충청북도 청주시 흥덕구 풍년로95번길,4.31131130011476e+24,충청북도 청주시 흥덕구 풍년로95번길 35,28404.0,1.0
MA010120220805595952,씨유청주개신,하나점,G2,소매,G204,종합 소매,G20405,편의점,G47129,기타 음ㆍ식료품 위주 종합 소매업,43,충청북도,43112,청주시 서원구,43112590,성화.개신.죽림동,4311210900,개신동,4.3112109001043896e+18,1,대지,충청북도 청주시 서원구 개신동 439-2,431123237104,충청북도 청주시 서원구 모충로,4.31131110010439e+24,충청북도 청주시 서원구 모충로 40,28668.0,1.0
MA010120220809228729,옌,제천점,G2,소매,G209,섬유·의복·신발 소매,G20910,신발 소매업,G47430,신발 소매업,43,충청북도,43150,제천시,43150528,중앙동,4315010600,중앙로1가,4.31501060010077e+18,1,대지,충청북도 제천시 중앙로1가 77,431503239074,충청북도 제천시 풍양로,4.31501060010077e+24,충청북도 제천시 풍양로 108,27173.0,1.0
MA010120220810020420,다이소개신,오거리점,G2,소매,G204,종합 소매,G20499,그 외 기타 종합 소매업,G47190,그 외 기타 종합 소매업,43,충청북도,43112,청주시 서원구,43112590,성화.개신.죽림동,4311210900,개신동,4.31121090010004e+18,1,대지,충청북도 청주시 서원구 개신동 4-34,431123237104,충청북도 청주시 서원구 모충로,4.31131110010004e+24,충청북도 청주시 서원구 모충로 15,28666.0,1.0
MA010120220808320365,평민닭발충북대,2호점,I2,음식,I201,한식,I20110,닭/오리고기 구이/찜,I56112,한식 면 요리 전문점,43,충청북도,43112,청주시 서원구,43112530,사창동,4311210200,사창동,4.31121020010499e+18,1,대지,충청북도 청주시 서원구 사창동 499,431124511220,충청북도 청주시 서원구 내수동로114번길,4.31131020010499e+24,충청북도 청주시 서원구 내수동로114번길 36,28643.0,1.0
MA010120220802837520,케이지씨라이프앤진청주중앙,대리점,G2,소매,G205,식료품 소매,G20508,건강보조식품 소매업,G47217,건강 보조식품 소매업,43,충청북도,43112,청주시 서원구,43112590,성화.개신.죽림동,4311210800,성화동,4.31121080010491e+18,1,대지,충청북도 청주시 서원구 성화동 491,431123237057,충청북도 청주시 서원구 신성화로,4.31131100010491e+24,충청북도 청주시 서원구 신성화로 33,28637.0,2.0
MA010120220806356405,씨유청주비하,효성점,G2,소매,G204,종합 소매,G20405,편의점,G47122,체인화 편의점,43,충청북도,43113,청주시 흥덕구,43113760,강서1동,4311313800,비하동,4.31131380010362e+18,1,대지,충청북도 청주시 흥덕구 비하동 362,431134511051,충청북도 청주시 흥덕구 2순환로1050번길,4.31131380010362e+24,충청북도 청주시 흥덕구 2순환로1050번길 24,28361.0,1.0
MA010120220805712792,장가네뼈나라,본점,I2,음식,I201,한식,I20101,백반/한정식,I56111,한식 일반 음식점업,43,충청북도,43150,제천시,43150605,화산동,4315010900,화산동,4.3150109001069e+18,1,대지,충청북도 제천시 화산동 690,431504517189,충청북도 제천시 내토로51길,4.3150109001069e+24,충청북도 제천시 내토로51길 18,27182.0,1.0
MA010120220805562657,영창피아노,청주대리점,G2,소매,G222,중고 상품 소매,G22201,중고 상품 소매업,G47869,기타 중고 상품 소매업,43,충청북도,43112,청주시 서원구,43112520,사직2동,4311210100,사직동,4.3112101001017e+18,1,대지,충청북도 청주시 서원구 사직동 170-38,431123236025,충청북도 청주시 서원구 사직대로,4.3113101001017e+24,충청북도 청주시 서원구 사직대로 288,28655.0,1.0
MA010120220814204336,담꾹서충주,신도시점,G2,소매,G205,식료품 소매,G20509,반찬/식료품 소매업,G47219,기타 식료품 소매업,43,충청북도,43130,충주시,43130385,중앙탑면,4313038526,중앙탑면,4.31303852610686e+18,1,대지,충청북도 충주시 중앙탑면 용전리 686,431304515564,충청북도 충주시 중앙탑면 원앙9길,4.31303852610686e+24,충청북도 충주시 중앙탑면 원앙9길 10,27465.0,1.0
MA010120220805509293,에고이스트,롯데아울렛,G2,소매,G209,섬유·의복·신발 소매,G20902,여성 의류 소매업,G47412,여자용 겉옷 소매업,43,충청북도,43113,청주시 흥덕구,43113760,강서1동,4311313800,비하동,4.31131380010811e+18,1,대지,충청북도 청주시 흥덕구 비하동 811,431133014065,충청북도 청주시 흥덕구 2순환로,4.31131380010332e+24,충청북도 청주시 흥덕구 2순환로 1004,28360.0,1.0
MA010120220806267219,명호공주얼큰이칼국수,오창점,I2,음식,I201,한식,I20105,국수/칼국수,I56112,한식 면 요리 전문점,43,충청북도,43114,청주시 청원구,43114253,오창읍,4311425332,오창읍,4.31142533210548e+18,1,대지,충청북도 청주시 청원구 오창읍 주성리 548,431144571747,충청북도 청주시 청원구 오창읍 주성2길,4.31142533210548e+24,충청북도 청주시 청원구 오창읍 주성2길 2,28117.0,1.0
MA010120220805250252,위니아24크린샵,옥천점,S2,수리·개인,S209,세탁,S20902,셀프 빨래방,S96912,가정용 세탁업,43,충청북도,43730,옥천군,43730250,옥천읍,4373025022,옥천읍,4.37302502210362e+18,1,대지,충청북도 옥천군 옥천읍 문정리 362-3,437303242012,충청북도 옥천군 옥천읍 문장로,4.37302502210362e+24,충청북도 옥천군 옥천읍 문장로 52,29046.0,1.0
MA010120220813510798,명품순두부오창,2호점,I2,음식,I201,한식,I20101,백반/한정식,I56111,한식 일반 음식점업,43,충청북도,43114,청주시 청원구,43114253,오창읍,4311425331,오창읍,4.31142533110056e+18,1,대지,충청북도 청주시 청원구 오창읍 창리 56-3,431143240028,충청북도 청주시 청원구 오창읍 두릉유리로,4.37102533100056e+24,충청북도 청주시 청원구 오창읍 두릉유리로 1118,28129.0,1.0
MA010120220813769798,메가엠지씨커피충주,용산점,I2,음식,I212,비알코올,I21201,카페,I56221,커피 전문점,43,충청북도,43130,충주시,43130550,용산동,4313010600,용산동,4.3130106001163295e+18,1,대지,충청북도 충주시 용산동 1633,431303238083,충청북도 충주시 형설로,4.31301060011633e+24,충청북도 충주시 형설로 90,27398.0,1.0
MA010120220805602789,대한닭발1979,광혜원점,I2,음식,I201,한식,I20110,닭/오리고기 구이/찜,I56111,한식 일반 음식점업,43,충청북도,43750,진천군,43750370,광혜원면,4375037027,광혜원면,4.3750370271042294e+18,1,대지,충청북도 진천군 광혜원면 광혜원리 423,437504535024,충청북도 진천군 광혜원면 광혜원산단1길,4.37503702710423e+24,충청북도 진천군 광혜원면 광혜원산단1길 117-3,27804.0,1.0
MA010120220801533928,더랑;제주은희네해장국청주점,코리아,I2,음식,I201,한식,I20102,국/탕/찌개류,I56111,한식 일반 음식점업,43,충청북도,43112,청주시 서원구,43112560,분평동,4311210600,분평동,4.31121060010164e+18,1,대지,충청북도 청주시 서원구 분평동 164-7,431123236001,충청북도 청주시 서원구 1순환로,4.31131080010164e+24,충청북도 청주시 서원구 1순환로 1080-2,28802.0,1.0
MA010120220814321068,세븐스타코인노래연습장,산남점,R1,예술·스포츠,R104,유원지·오락,R10407,노래방,R91223,노래 연습장 운영업,43,충청북도,43112,청주시 서원구,43112550,산남동,4311210400,산남동,4.3112104001058806e+18,1,대지,충청북도 청주시 서원구 산남동 588,431124511540,충청북도 청주시 서원구 산남로62번길,4.31131060010589e+24,충청북도 청주시 서원구 산남로62번길 15,28625.0,3.0
MA010120220805845216,오창미샤홈플러스,오창점,G2,소매,G215,의약·화장품 소매,G21503,화장품 소매업,G47813,화장품; 비누 및 방향제 소매업,43,충청북도,43114,청주시 청원구,43114253,오창읍,4311425345,오창읍,4.3114253451082e+18,1,대지,충청북도 청주시 청원구 오창읍 양청리 820,431143240075,충청북도 청주시 청원구 오창읍 중심상업1로,4.3710253451082e+24,충청북도 청주시 청원구 오창읍 중심상업1로 8-11,28120.0,2.0
MA010120220814330205,청년피자용암,수곡점,I2,음식,I210,기타 간이,I21003,피자,I56192,피자; 햄버거; 샌드위치 및 유사 음식점업,43,충청북도,43111,청주시 상당구,43111720,용암1동,4311112400,용암동,4.3111124001218294e+18,1,대지,충청북도 청주시 상당구 용암동 2183,431113236048,충청북도 청주시 상당구 원봉로,4.31111240012183e+24,충청북도 청주시 상당구 원봉로 88,28766.0,1.0
MA010120220802588577,카페인충전커피배달,전문점,I2,음식,I212,비알코올,I21201,카페,I56221,커피 전문점,43,충청북도,43113,청주시 흥덕구,43113747,가경동,4311311300,가경동,4.3113113001151e+18,1,대지,충청북도 청주시 흥덕구 가경동 1510,431133237002,충청북도 청주시 흥덕구 가경로,4.3113113001151e+24,충청북도 청주시 흥덕구 가경로 140,28400.0,1.0
MA010120220804998555,곱창고플러스,금왕점,I2,음식,I201,한식,I20109,곱창 전골/구이,I56113,한식 육류 요리 전문점,43,충청북도,43770,음성군,43770253,금왕읍,4377025322,금왕읍,4.3770253221047506e+18,1,대지,충청북도 음성군 금왕읍 금석리 475,437703247044,충청북도 음성군 금왕읍 음성로,4.37702532210475e+24,충청북도 음성군 금왕읍 음성로 1140-18,27627.0,1.0
MA010120220806755307,동원홈푸드투썸플레이스,음성점,I2,음식,I212,비알코올,I21201,카페,I56130,기관 구내식당업,43,충청북도,43770,음성군,43770253,금왕읍,4377025336,금왕읍,4.37702533610718e+18,1,대지,충청북도 음성군 금왕읍 유포리 718,437703353145,충청북도 음성군 금왕읍 성본산단2로,4.37702533610568e+24,충청북도 음성군 금왕읍 성본산단2로 157,27741.0,2.0
MA010120220800525842,죽이야기청주,지웰시티점,I2,음식,I201,한식,I20101,백반/한정식,I56111,한식 일반 음식점업,43,충청북도,43113,청주시 흥덕구,43113741,복대1동,4311311400,복대동,4.31131140013379e+18,1,대지,충청북도 청주시 흥덕구 복대동 3379,431133237020,충청북도 청주시 흥덕구 대농로,4.31131140010288e+24,충청북도 청주시 흥덕구 대농로 43,28424.0,1.0
MA010120220800294617,꼬막태,용암점,I2,음식,I201,한식,I20112,해산물 구이/찜,I56111,한식 일반 음식점업,43,충청북도,43111,청주시 상당구,43111720,용암1동,4311112400,용암동,4.31111240011622e+18,1,대지,충청북도 청주시 상당구 용암동 1622,431114508560,충청북도 청주시 상당구 월평로184번길,4.31111240011622e+24,충청북도 청주시 상당구 월평로184번길 47,28776.0,1.0
MA010120220800105296,미니스톱복대,드림점,G2,소매,G204,종합 소매,G20405,편의점,G47122,체인화 편의점,43,충청북도,43113,청주시 흥덕구,43113741,복대1동,4311311400,복대동,4.31131140013245e+18,1,대지,충청북도 청주시 흥덕구 복대동 3245,431133237081,충청북도 청주시 흥덕구 진재로,4.31131140013245e+24,충청북도 청주시 흥덕구 진재로 104,28426.0,1.0
MA010120220813824048,더벤티충주,호암점,I2,음식,I212,비알코올,I21201,카페,I56221,커피 전문점,43,충청북도,43130,충주시,43130580,호암.직동,4313010700,호암동,4.3130107001118305e+18,1,대지,충청북도 충주시 호암동 1183,431304856111,충청북도 충주시 호암토성3길,4.31301070011183e+24,충청북도 충주시 호암토성3길 3,27480.0,1.0
MA010120220806653134,쿄우노식당오창호수공원,본점,I2,음식,I203,일식,I20301,일식 회/초밥,I56122,일식 음식점업,43,충청북도,43114,청주시 청원구,43114253,오창읍,4311425345,오창읍,4.31142534510751e+18,1,대지,충청북도 청주시 청원구 오창읍 양청리 751-7,431143240050,충청북도 청주시 청원구 오창읍 양청택지로,4.31142534510751e+24,충청북도 청주시 청원구 오창읍 양청택지로 121,28115.0,1.0
MA010120220808209951,나뷰티센터,코리아,S2,수리·개인,S207,이용·미용,S20702,피부 관리실,S96113,피부 미용업,43,충청북도,43150,제천시,43150537,남현동,4315010400,남천동,4.31501040011182e+18,1,대지,충청북도 제천시 남천동 1182,431503239051,충청북도 제천시 용두천로,4.31501040011182e+24,충청북도 제천시 용두천로 88,27172.0,4.0
MA010120220810249265,워시피플셀프빨래방서충주,신도시점,S2,수리·개인,S209,세탁,S20902,셀프 빨래방,S96912,가정용 세탁업,43,충청북도,43130,충주시,43130335,대소원면,4313033531,대소원면,4.3130335311104497e+18,1,대지,충청북도 충주시 대소원면 본리 1045,431303238097,충청북도 충주시 대소원면 첨단산업4로,4.31303353111045e+24,충청북도 충주시 대소원면 첨단산업4로 13,27466.0,1.0
MA010120220803156264,홍경백함흥냉면오창,직영점,I2,음식,I201,한식,I20106,냉면/밀면,I56112,한식 면 요리 전문점,43,충청북도,43114,청주시 청원구,43114253,오창읍,4311425331,오창읍,4.31142533110042e+18,1,대지,충청북도 청주시 청원구 오창읍 창리 42-2,431144520615,충청북도 청주시 청원구 오창읍 창리길,4.37102533110042e+24,충청북도 청주시 청원구 오창읍 창리길 15,28129.0,1.0
MA010120220810196042,이쉐프참치,전문점,I2,음식,I203,일식,I20301,일식 회/초밥,I56122,일식 음식점업,43,충청북도,43750,진천군,43750253,덕산읍,4375025325,덕산읍,4.37502532512483e+18,1,대지,충청북도 진천군 덕산읍 두촌리 2483,437503245035,충청북도 진천군 덕산읍 시가로,4.37503102512483e+24,충청북도 진천군 덕산읍 시가로 39,27871.0,1.0
MA010120220808259852,어식당서충주,직영점,I2,음식,I201,한식,I20101,백반/한정식,I56111,한식 일반 음식점업,43,충청북도,43130,충주시,43130385,중앙탑면,4313038526,중앙탑면,4.31303852611028e+18,1,대지,충청북도 충주시 중앙탑면 용전리 1028,431304515560,충청북도 충주시 중앙탑면 원앙5길,4.31303852611028e+24,충청북도 충주시 중앙탑면 원앙5길 32,27465.0,1.0
MA010120220808605295,정석,증평점,I2,음식,I203,일식,I20301,일식 회/초밥,I56122,일식 음식점업,43,충청북도,43745,증평군,43745250,증평읍,4374525030,증평읍,4.3745250301056497e+18,1,대지,충청북도 증평군 증평읍 초중리 565-5,437453244020,충청북도 증평군 증평읍 초중로,4.37452503010565e+24,충청북도 증평군 증평읍 초중로 82,27940.0,1.0
MA010120220806901109,족발야시장,연수점,I2,음식,I201,한식,I20103,족발/보쌈,I56111,한식 일반 음식점업,43,충청북도,43130,충주시,43130630,연수동,4313011800,연수동,4.31301180011615e+18,1,대지,충청북도 충주시 연수동 1615,431304515006,충청북도 충주시 연수동산로2길,4.31301180011615e+24,충청북도 충주시 연수동산로2길 1,27352.0,1.0
MA010120220805078386,닥터잉글리시영어학원,2호점,P1,교육,P105,일반 교육,P10501,입시·교과학원,P85631,외국어학원,43,충청북도,43114,청주시 청원구,43114253,오창읍,4311425344,오창읍,4.31142534410648e+18,1,대지,충청북도 청주시 청원구 오창읍 각리 648-6,431143240063,충청북도 청주시 청원구 오창읍 오창중앙로,4.37102534400648e+24,충청북도 청주시 청원구 오창읍 오창중앙로 123-5,28123.0,4.0
MA010120220804776861,이디야커피청주,대성점,I2,음식,I212,비알코올,I21201,카페,I56221,커피 전문점,43,충청북도,43111,청주시 상당구,43111620,탑대성동,4311111800,대성동,4.31111180010174e+18,1,대지,충청북도 청주시 상당구 대성동 174,431113236042,충청북도 청주시 상당구 용담로,4.31111180010174e+24,충청북도 청주시 상당구 용담로 40,28718.0,2.0
MA010120220806582645,오자네왔는가,개신점,I2,음식,I201,한식,I20107,돼지고기 구이/찜,I56113,한식 육류 요리 전문점,43,충청북도,43112,청주시 서원구,43112590,성화.개신.죽림동,4311210900,개신동,4.3112109001064e+18,1,대지,충청북도 청주시 서원구 개신동 640,431124511594,충청북도 청주시 서원구 성봉로169번길,4.3113111001064e+24,충청북도 청주시 서원구 성봉로169번길 47-8,28610.0,1.0
MA010120220805577464,본정초콜릿카페,본점,I2,음식,I212,비알코올,I21201,카페,J62010,컴퓨터 프로그래밍 서비스업,43,충청북도,43112,청주시 서원구,43112530,사창동,4311210200,사창동,4.3112102001014897e+18,1,대지,충청북도 청주시 서원구 사창동 149-3,431123236025,충청북도 청주시 서원구 사직대로,4.31131020010149e+24,충청북도 청주시 서원구 사직대로 86,28642.0,1.0
MA010120220805559177,미소야,오창점,I2,음식,I203,일식,I20302,일식 카레/돈가스/덮밥,I56122,일식 음식점업,43,충청북도,43114,청주시 청원구,43114253,오창읍,4311425345,오창읍,4.3114253451082097e+18,1,대지,충청북도 청주시 청원구 오창읍 양청리 821-4,431143240077,충청북도 청주시 청원구 오창읍 중심상업로,4.37102534500821e+24,충청북도 청주시 청원구 오창읍 중심상업로 7,28120.0,1.0
MA010120220805673540,김가네설악추어탕,본점,I2,음식,I201,한식,I20102,국/탕/찌개류,I56111,한식 일반 음식점업,43,충청북도,43130,충주시,43130640,목행.용탄동,4313011900,목행동,4.31301190010664e+18,1,대지,충청북도 충주시 목행동 664-9,431304515495,충청북도 충주시 행정5길,4.31301190010664e+24,충청북도 충주시 행정5길 22,27437.0,1.0
MA010120220808238165,뉴발란스키즈청주,롯데아울렛,G2,소매,G209,섬유·의복·신발 소매,G20903,유아용 의류 소매업,G47417,유아용 의류 소매업,43,충청북도,43113,청주시 흥덕구,43113760,강서1동,4311313800,비하동,4.31131380010811e+18,1,대지,충청북도 청주시 흥덕구 비하동 811,431133014065,충청북도 청주시 흥덕구 2순환로,4.31131380010332e+24,충청북도 청주시 흥덕구 2순환로 1004,28360.0,2.0
MA010120220803301811,지에스25충북대,중문점,G2,소매,G204,종합 소매,G20405,편의점,G47122,체인화 편의점,43,충청북도,43112,청주시 서원구,43112530,사창동,4311210200,사창동,4.31121020010458e+18,1,대지,충청북도 청주시 서원구 사창동 458,431124512175,충청북도 청주시 서원구 1순환로672번길,4.31131020010458e+24,충청북도 청주시 서원구 1순환로672번길 54,28643.0,1.0
MA010120220807978615,이가짬뽕,제천점,I2,음식,I202,중식,I20201,중국집,I56121,중식 음식점업,43,충청북도,43150,제천시,43150518,의림지동,4315011400,모산동,4.31501140010052e+18,1,대지,충청북도 제천시 모산동 52-6,431503239033,충청북도 제천시 세명로,4.31501140010052e+24,충청북도 제천시 세명로 1,27137.0,1.0
MA010120220812855732,이루코헤어본점충북,혁신도시점,S2,수리·개인,S207,이용·미용,S20701,미용실,S96112,두발 미용업,43,충청북도,43770,음성군,43770330,맹동면,4377033031,맹동면,4.37703303110484e+18,1,대지,충청북도 음성군 맹동면 동성리 484,437704541753,충청북도 음성군 맹동면 사예3길,4.37703303110484e+24,충청북도 음성군 맹동면 사예3길 18,27738.0,2.0
MA010120220810182032,웰메이드현대,충청점,G2,소매,G209,섬유·의복·신발 소매,G20901,남성 의류 소매업,G47411,남자용 겉옷 소매업,43,충청북도,43113,청주시 흥덕구,43113741,복대1동,4311311400,복대동,4.3113114001338e+18,1,대지,충청북도 청주시 흥덕구 복대동 3380,431133236058,충청북도 청주시 흥덕구 직지대로,4.31131140010584e+24,충청북도 청주시 흥덕구 직지대로 308,28424.0,4.0
MA010120220813577673,남쉐프독도복국7800본사,직영점,I2,음식,I201,한식,I20101,백반/한정식,I56111,한식 일반 음식점업,43,충청북도,43113,청주시 흥덕구,43113747,가경동,4311311300,가경동,4.31131130011458e+18,1,대지,충청북도 청주시 흥덕구 가경동 1458-8,431133237007,충청북도 청주시 흥덕구 경산로,4.31131130011458e+24,충청북도 청주시 흥덕구 경산로 17,28397.0,1.0
MA010120220812893831,닭강정에반하다,분평점,I2,음식,I210,기타 간이,I21006,치킨,I56193,치킨 전문점,43,충청북도,43112,청주시 서원구,43112560,분평동,4311210600,분평동,4.31121060011387e+18,1,대지,충청북도 청주시 서원구 분평동 1387,431123237034,충청북도 청주시 서원구 분평로,4.31131080011387e+24,충청북도 청주시 서원구 분평로 26,28799.0,1.0
MA010120220812229341,한음프리미엄,금왕점,G2,소매,G208,가전·통신 소매,G20802,핸드폰 소매업,G47312,통신기기 소매업,43,충청북도,43770,음성군,43770253,금왕읍,4377025321,금왕읍,4.37702532110514e+18,1,대지,충청북도 음성군 금왕읍 무극리 514-3,437703247019,충청북도 음성군 금왕읍 무극로,4.37702532110514e+24,충청북도 음성군 금왕읍 무극로 248,27633.0,1.0
MA010120220812346059,79파운야드청주,산남점,I2,음식,I210,기타 간이,I21001,빵/도넛,I56191,제과점업,43,충청북도,43112,청주시 서원구,43112550,산남동,4311210400,산남동,4.31121040010832e+18,1,대지,충청북도 청주시 서원구 산남동 832,431123237037,충청북도 청주시 서원구 산남로,4.31131060010832e+24,충청북도 청주시 서원구 산남로 63,28630.0,1.0
MA010120220804318082,땅스부대찌개충주,용산점,I2,음식,I201,한식,I20102,국/탕/찌개류,G47219,기타 식료품 소매업,43,충청북도,43130,충주시,43130550,용산동,4313010600,용산동,4.31301060011626e+18,1,대지,충청북도 충주시 용산동 1626,431303238083,충청북도 충주시 형설로,4.31301060011626e+24,충청북도 충주시 형설로 96,27398.0,1.0
MA010120220805588746,탑피자분평,1호점,I2,음식,I210,기타 간이,I21003,피자,I56192,피자; 햄버거; 샌드위치 및 유사 음식점업,43,충청북도,43112,청주시 서원구,43112560,분평동,4311210600,분평동,4.31121060011384e+18,1,대지,충청북도 청주시 서원구 분평동 1384,431124512136,충청북도 청주시 서원구 1순환로1107번길,4.31131080011384e+24,충청북도 청주시 서원구 1순환로1107번길 17,28799.0,1.0
MA010120220806877332,아쿠아워시충주,연수점,S2,수리·개인,S209,세탁,S20901,세탁소,S96912,가정용 세탁업,43,충청북도,43130,충주시,43130630,연수동,4313011800,연수동,4.3130118001066e+18,1,대지,충청북도 충주시 연수동 660-1,431303238048,충청북도 충주시 예성로,4.3130118001066e+24,충청북도 충주시 예성로 377,27346.0,1.0
MA010120220810672818,솔뫼축구센터청주,용암점,P1,교육,P106,기타 교육,P10613,기타 예술/스포츠 교육기관,P85612,기타 스포츠 교육기관,43,충청북도,43111,청주시 상당구,43111720,용암1동,4311112400,용암동,4.31111240012605e+18,1,대지,충청북도 청주시 상당구 용암동 2605,431114508510,충청북도 청주시 상당구 용암북로138번길,4.31111240012605e+24,충청북도 청주시 상당구 용암북로138번길 23,28763.0,2.0
MA010120220806362940,힐링투어롯데마트,충주지점,N1,시설관리·임대,N105,여행사·보조,N10501,여행사,N75210,여행사업,43,충청북도,43130,충주시,43130625,칠금.금릉동,4313011600,칠금동,4.3130116001084897e+18,1,대지,충청북도 충주시 칠금동 849,431302238008,충청북도 충주시 충원대로,4.31301160010849e+24,충청북도 충주시 충원대로 626,27360.0,3.0
MA010120220805099546,오가세칼국수제작소,오창점,I2,음식,I201,한식,I20105,국수/칼국수,I56112,한식 면 요리 전문점,43,충청북도,43114,청주시 청원구,43114253,오창읍,4311425345,오창읍,4.3114253451078497e+18,1,대지,충청북도 청주시 청원구 오창읍 양청리 785-2,431143240077,충청북도 청주시 청원구 오창읍 중심상업로,4.37102534500785e+24,충청북도 청주시 청원구 오창읍 중심상업로 65-12,28120.0,1.0
MA010120220811798231,에스지스크린골프,진천점,R1,예술·스포츠,R103,스포츠 서비스,R10311,골프 연습장,R91136,골프 연습장 운영업,43,충청북도,43750,진천군,43750250,진천읍,4375025024,진천읍,4.3750250241002706e+18,1,대지,충청북도 진천군 진천읍 읍내리 27-2,437504535216,충청북도 진천군 진천읍 소강정1길,4.37502502410027e+24,충청북도 진천군 진천읍 소강정1길 96,27835.0,2.0
MA010120220805588777,꼼빠니아,분평점,G2,소매,G209,섬유·의복·신발 소매,G20902,여성 의류 소매업,G47412,여자용 겉옷 소매업,43,충청북도,43112,청주시 서원구,43112560,분평동,4311210600,분평동,4.3112106001138294e+18,1,대지,충청북도 청주시 서원구 분평동 1383,431124512136,충청북도 청주시 서원구 1순환로1107번길,4.31131080011383e+24,충청북도 청주시 서원구 1순환로1107번길 21,28799.0,1.0
MA010120220808294138,아나덴슈가링왁싱청주,지웰시티점,S2,수리·개인,S207,이용·미용,S20702,피부 관리실,S96113,피부 미용업,43,충청북도,43113,청주시 흥덕구,43113741,복대1동,4311311400,복대동,4.31131140010288e+18,1,대지,충청북도 청주시 흥덕구 복대동 288-6,431133237020,충청북도 청주시 흥덕구 대농로,4.31131140010288e+24,충청북도 청주시 흥덕구 대농로 33,28424.0,2.0
MA010120220805618155,대동종합물류청주주,직영점,G2,소매,G204,종합 소매,G20404,슈퍼마켓,G47129,기타 음ㆍ식료품 위주 종합 소매업,43,충청북도,43113,청주시 흥덕구,43113700,운천.신봉동,4311310400,운천동,4.3113104001146895e+18,1,대지,충청북도 청주시 흥덕구 운천동 1469,431134512129,충청북도 청주시 흥덕구 흥덕로175번길,4.31131040011469e+24,충청북도 청주시 흥덕구 흥덕로175번길 32,28468.0,1.0
MA010120220805584904,감탄,복대점,I2,음식,I210,기타 간이,I21007,김밥/만두/분식,I56194,김밥 및 기타 간이 음식점업,43,충청북도,43113,청주시 흥덕구,43113741,복대1동,4311311400,복대동,4.31131140012574e+18,1,대지,충청북도 청주시 흥덕구 복대동 2574,431133237079,충청북도 청주시 흥덕구 증안로,4.31131140012574e+24,충청북도 청주시 흥덕구 증안로 28,28416.0,1.0
MA010120220808130880,청춘국물닭발,연수점,I2,음식,I201,한식,I20110,닭/오리고기 구이/찜,I56111,한식 일반 음식점업,43,충청북도,43130,충주시,43130630,연수동,4313011800,연수동,4.31301180010896e+18,1,대지,충청북도 충주시 연수동 896,431304515022,충청북도 충주시 연수상가길,4.31301180010896e+24,충청북도 충주시 연수상가길 27,27347.0,1.0
MA010120220808204786,호식이두마리치킨청주,옥산점,I2,음식,I210,기타 간이,I21006,치킨,I56193,치킨 전문점,43,충청북도,43113,청주시 흥덕구,43113320,옥산면,4311332021,옥산면,4.31133202110211e+18,1,대지,충청북도 청주시 흥덕구 옥산면 오산리 211-37,431133237111,충청북도 청주시 흥덕구 옥산면 청주역로,4.37104102110211e+24,충청북도 청주시 흥덕구 옥산면 청주역로 651-1,28113.0,1.0
MA010120220806420312,햇살머믄꼬마김밥,율량점,I2,음식,I210,기타 간이,I21007,김밥/만두/분식,I56194,김밥 및 기타 간이 음식점업,43,충청북도,43114,청주시 청원구,43114540,율량.사천동,4311410300,율량동,4.3114103001074493e+18,1,대지,충청북도 청주시 청원구 율량동 745,431144508046,충청북도 청주시 청원구 공항로150번길,4.31111150010745e+24,충청북도 청주시 청원구 공항로150번길 51-12,28328.0,1.0
MA010120220806097476,칼슨그레이시충북총본관오창주짓수,코리아,P1,교육,P106,기타 교육,P10601,태권도/무술학원,P85611,태권도 및 무술 교육기관,43,충청북도,43114,청주시 청원구,43114253,오창읍,4311425344,오창읍,4.3114253441065206e+18,1,대지,충청북도 청주시 청원구 오창읍 각리 652-3,431143240009,충청북도 청주시 청원구 오창읍 과학산업5로,4.31142534410652e+24,충청북도 청주시 청원구 오창읍 과학산업5로 118-6,28123.0,3.0
MA010120220804952423,본도시락,청주대점,I2,음식,I201,한식,I20101,백반/한정식,I56111,한식 일반 음식점업,43,충청북도,43114,청주시 청원구,43114520,내덕1동,4311410200,내덕동,4.31141020010272e+18,1,대지,충청북도 청주시 청원구 내덕동 272-4,431143236027,충청북도 청주시 청원구 상당로,4.31111140010272e+24,충청북도 청주시 청원구 상당로 273-2,28489.0,1.0
MA010120220809005611,이치팸,성화지점,I2,음식,I212,비알코올,I21201,카페,I56221,커피 전문점,43,충청북도,43112,청주시 서원구,43112590,성화.개신.죽림동,4311210800,성화동,4.31121080010098e+18,1,대지,충청북도 청주시 서원구 성화동 98-2,431123237113,충청북도 청주시 서원구 용호로,4.31121080010098e+24,충청북도 청주시 서원구 용호로 74,28618.0,2.0
MA010120220813557894,족발야시장금천,광장점,I2,음식,I201,한식,I20103,족발/보쌈,I56113,한식 육류 요리 전문점,43,충청북도,43111,청주시 상당구,43111690,용담.명암.산성동,4311112100,용담동,4.3111121001039094e+18,1,대지,충청북도 청주시 상당구 용담동 391,431114508279,충청북도 청주시 상당구 산성로112번길,4.31111210010391e+24,충청북도 청주시 상당구 산성로112번길 10,28744.0,1.0
MA010120220805799188,라이또PC방,금천점,R1,예술·스포츠,R104,유원지·오락,R10406,PC방,R91222,컴퓨터 게임방 운영업,43,충청북도,43111,청주시 상당구,43111680,금천동,4311112000,금천동,4.31111200010115e+18,1,대지,충청북도 청주시 상당구 금천동 115-65,431114508369,충청북도 청주시 상당구 쇠내로125번길,4.31111200010115e+24,충청북도 청주시 상당구 쇠내로125번길 18,28732.0,2.0
MA010120220806328096,오스틴리드홈플러스,오창점,G2,소매,G209,섬유·의복·신발 소매,G20903,유아용 의류 소매업,G47417,유아용 의류 소매업,43,충청북도,43114,청주시 청원구,43114253,오창읍,4311425345,오창읍,4.3114253451082e+18,1,대지,충청북도 청주시 청원구 오창읍 양청리 820,431143240075,충청북도 청주시 청원구 오창읍 중심상업1로,4.3710253451082e+24,충청북도 청주시 청원구 오창읍 중심상업1로 8-11,28120.0,2.0
MA010120220813658891,빽다방청주,복대점,I2,음식,I212,비알코올,I21201,카페,I56221,커피 전문점,43,충청북도,43113,청주시 흥덕구,43113741,복대1동,4311311400,복대동,4.31131140012926e+18,1,대지,충청북도 청주시 흥덕구 복대동 2926,431133237079,충청북도 청주시 흥덕구 증안로,4.31131140012926e+24,충청북도 청주시 흥덕구 증안로 58,28420.0,1.0
MA010120220813380581,한신포차청주,오창점,I2,음식,I211,주점,I21104,요리 주점,I56219,기타 주점업,43,충청북도,43114,청주시 청원구,43114253,오창읍,4311425345,오창읍,4.3114253451079096e+18,1,대지,충청북도 청주시 청원구 오창읍 양청리 791-2,431143240077,충청북도 청주시 청원구 오창읍 중심상업로,4.31142534510791e+24,충청북도 청주시 청원구 오창읍 중심상업로 61,28120.0,1.0
MA010120220803408190,휘트니스휴,용암점,R1,예술·스포츠,R103,스포츠 서비스,R10307,헬스장,R91132,체력 단련시설 운영업,43,충청북도,43111,청주시 상당구,43111730,용암2동,4311112600,방서동,4.311112600108e+18,1,대지,충청북도 청주시 상당구 방서동 800,431113236049,충청북도 청주시 상당구 월평로,4.31111260010646e+24,충청북도 청주시 상당구 월평로 258,28785.0,4.0
MA010120220810252708,씨유펫충북,혁신점,G2,소매,G220,애완동물·용품 소매,G22001,애완동물/애완용품 소매업,G47852,애완용 동물 및 관련용품 소매업,43,충청북도,43770,음성군,43770330,맹동면,4377033028,맹동면,4.3770330281137505e+18,1,대지,충청북도 음성군 맹동면 두성리 1375,437704541748,충청북도 음성군 맹동면 대하4길,4.37703302811375e+24,충청북도 음성군 맹동면 대하4길 6-10,27738.0,2.0
MA010120220813279890,해신복어요리,전문점,I2,음식,I201,한식,I20113,복 요리 전문,I56114,한식 해산물 요리 전문점,43,충청북도,43770,음성군,43770330,맹동면,4377033028,맹동면,4.3770330281147e+18,1,대지,충청북도 음성군 맹동면 두성리 1470,437704541725,충청북도 음성군 맹동면 장성4길,4.3770330281147e+24,충청북도 음성군 맹동면 장성4길 5,27738.0,2.0
MA010120220812318882,히어로보드게임카페충주,연수점,R1,예술·스포츠,R104,유원지·오락,R10405,기타 오락장,I56111,한식 일반 음식점업,43,충청북도,43130,충주시,43130630,연수동,4313011800,연수동,4.3130118001161103e+18,1,대지,충청북도 충주시 연수동 1611,431303238002,충청북도 충주시 갱고개로,4.31301180011611e+24,충청북도 충주시 갱고개로 158,27352.0,2.0
MA010120220814003787,세븐일레븐금왕,테크노밸리점,G2,소매,G204,종합 소매,G20405,편의점,G47122,체인화 편의점,43,충청북도,43770,음성군,43770253,금왕읍,4377025328,금왕읍,4.3770253281085496e+18,1,대지,충청북도 음성군 금왕읍 유촌리 855,437704857791,충청북도 음성군 금왕읍 금왕테크노2길,4.37702532810582e+24,충청북도 음성군 금왕읍 금왕테크노2길 79,27680.0,1.0
MA010120220812714475,비욘드필라테스,옥천점,P1,교육,P106,기타 교육,P10603,요가/필라테스 학원,P85612,기타 스포츠 교육기관,43,충청북도,43730,옥천군,43730250,옥천읍,4373025036,옥천읍,4.37302503610023e+18,1,대지,충청북도 옥천군 옥천읍 금구리 23-85,437304526375,충청북도 옥천군 옥천읍 중앙로9길,4.37302503610023e+24,충청북도 옥천군 옥천읍 중앙로9길 12,29046.0,2.0
MA010120220807282058,버거킹청주,율량점,I2,음식,I210,기타 간이,I21004,버거,I56192,피자; 햄버거; 샌드위치 및 유사 음식점업,43,충청북도,43114,청주시 청원구,43114550,오근장동,4311410500,주성동,4.31141050010342e+18,1,대지,충청북도 청주시 청원구 주성동 342,431142014003,충청북도 청주시 청원구 충청대로,4.31141050010342e+24,충청북도 청주시 청원구 충청대로 176,28318.0,1.0
MA010120220812162358,보양미역국청주,용암점,I2,음식,I201,한식,I20101,백반/한정식,I56111,한식 일반 음식점업,43,충청북도,43111,청주시 상당구,43111720,용암1동,4311112400,용암동,4.3111124001112095e+18,1,대지,충청북도 청주시 상당구 용암동 1121,431113236044,충청북도 청주시 상당구 용암북로,4.31111240011121e+24,충청북도 청주시 상당구 용암북로 32,28771.0,1.0
MA010120220809239179,구호현대,충청점,G2,소매,G209,섬유·의복·신발 소매,G20902,여성 의류 소매업,G47412,여자용 겉옷 소매업,43,충청북도,43113,청주시 흥덕구,43113741,복대1동,4311311400,복대동,4.3113114001338e+18,1,대지,충청북도 청주시 흥덕구 복대동 3380,431133236058,충청북도 청주시 흥덕구 직지대로,4.31131140010584e+24,충청북도 청주시 흥덕구 직지대로 308,28424.0,2.0
MA010120220812706814,한마음정육식당충북,옥천점,I2,음식,I201,한식,I20107,돼지고기 구이/찜,I56113,한식 육류 요리 전문점,43,충청북도,43730,옥천군,43730250,옥천읍,4373025034,옥천읍,4.37302503410062e+18,1,대지,충청북도 옥천군 옥천읍 마암리 62-1,437303000091,충청북도 옥천군 옥천읍 옥천로,4.37302503410062e+24,충청북도 옥천군 옥천읍 옥천로 1677-1,29048.0,1.0
MA010120220812491653,치킨플러스,광혜원점,I2,음식,I210,기타 간이,I21006,치킨,I56193,치킨 전문점,43,충청북도,43750,진천군,43750370,광혜원면,4375037027,광혜원면,4.3750370271052897e+18,1,대지,충청북도 진천군 광혜원면 광혜원리 529-1,437504535432,충청북도 진천군 광혜원면 화랑길,4.37503702710529e+24,충청북도 진천군 광혜원면 화랑길 75,27802.0,1.0
MA010120220806739926,비허밍충북,혁신점,R1,예술·스포츠,R102,도서관·사적지,R10202,독서실/스터디 카페,R90212,독서실 운영업,43,충청북도,43770,음성군,43770330,맹동면,4377033031,맹동면,4.37703303110514e+18,1,대지,충청북도 음성군 맹동면 동성리 514,437703247070,충청북도 음성군 맹동면 장성로,4.37703303110514e+24,충청북도 음성군 맹동면 장성로 41,27738.0,3.0
MA010120220813370794,예반스충북,혁신점,G2,소매,G205,식료품 소매,G20509,반찬/식료품 소매업,G47218,조리 반찬류 소매업,43,충청북도,43770,음성군,43770330,맹동면,4377033028,맹동면,4.3770330281147e+18,1,대지,충청북도 음성군 맹동면 두성리 1470,437704541725,충청북도 음성군 맹동면 장성4길,4.3770330281147e+24,충청북도 음성군 맹동면 장성4길 5,27738.0,1.0
MA010120220807003858,주술소청주용암,광장점,I2,음식,I211,주점,I21104,요리 주점,I56219,기타 주점업,43,충청북도,43111,청주시 상당구,43111720,용암1동,4311112400,용암동,4.311112400116541e+18,1,대지,충청북도 청주시 상당구 용암동 1654,431114508001,충청북도 청주시 상당구 1순환로1253번길,4.31111240011654e+24,충청북도 청주시 상당구 1순환로1253번길 20,28776.0,1.0
MA010120220805890038,울엄마양평해장국,증평점,I2,음식,I201,한식,I20102,국/탕/찌개류,I56111,한식 일반 음식점업,43,충청북도,43745,증평군,43745250,증평읍,4374525023,증평읍,4.37452502310084e+18,1,대지,충청북도 증평군 증평읍 중동리 84-3,437453014040,충청북도 증평군 증평읍 광장로,4.37452502310084e+24,충청북도 증평군 증평읍 광장로 112-1,27930.0,1.0
MA010120220809700216,열공스터디카페,용암점,R1,예술·스포츠,R102,도서관·사적지,R10202,독서실/스터디 카페,R90212,독서실 운영업,43,충청북도,43111,청주시 상당구,43111720,용암1동,4311112400,용암동,4.3111124001262694e+18,1,대지,충청북도 청주시 상당구 용암동 2627,431113236055,충청북도 청주시 상당구 중고개로,4.31111240012627e+24,충청북도 청주시 상당구 중고개로 181,28763.0,7.0
MA010120220806858268,뚜레쥬르충주호암,신도시점,I2,음식,I210,기타 간이,I21001,빵/도넛,I56191,제과점업,43,충청북도,43130,충주시,43130580,호암.직동,4313010700,호암동,4.3130107001099494e+18,1,대지,충청북도 충주시 호암동 995,431304856104,충청북도 충주시 호암수청1로,4.31301070010995e+24,충청북도 충주시 호암수청1로 47,27502.0,1.0
MA010120220812591725,공차충북,금왕점,I2,음식,I212,비알코올,I21201,카페,I56221,커피 전문점,43,충청북도,43770,음성군,43770253,금왕읍,4377025321,금왕읍,4.3770253211006e+18,1,대지,충청북도 음성군 금왕읍 무극리 60-3,437704541481,충청북도 음성군 금왕읍 응천서길45번길,4.3770253211006e+24,충청북도 음성군 금왕읍 응천서길45번길 2,27634.0,2.0
MA010120220807273007,파파존스피자청주,가경점,I2,음식,I210,기타 간이,I21004,버거,I56192,피자; 햄버거; 샌드위치 및 유사 음식점업,43,충청북도,43113,청주시 흥덕구,43113747,가경동,4311311300,가경동,4.31131130011194e+18,1,대지,충청북도 청주시 흥덕구 가경동 1194,431133237093,충청북도 청주시 흥덕구 풍산로,4.31131130011194e+24,충청북도 청주시 흥덕구 풍산로 59-1,28393.0,1.0
MA010120220805602921,항아리보쌈산남,분평점,I2,음식,I201,한식,I20103,족발/보쌈,I56111,한식 일반 음식점업,43,충청북도,43112,청주시 서원구,43112560,분평동,4311210600,분평동,4.31121060011216e+18,1,대지,충청북도 청주시 서원구 분평동 1216-1,431124512137,충청북도 청주시 서원구 1순환로1063번길,4.31131080011216e+24,충청북도 청주시 서원구 1순환로1063번길 121,28790.0,1.0
MA010120220813601408,코웨이일일구,대리점,N1,시설관리·임대,N110,가정용품 대여,N11099,기타 개인/가정용품 대여업,N76299,그 외 기타 개인 및 가정용품 임대업,43,충청북도,43150,제천시,43150510,교동,4315010500,교동,4.31501050010098e+18,1,대지,충청북도 제천시 교동 98-4,431503239018,충청북도 제천시 명륜로,4.31501050010098e+24,충청북도 제천시 명륜로 126,27176.0,1.0
MA010120220807127737,이디야커피청주개신,중앙점,I2,음식,I212,비알코올,I21201,카페,I56221,커피 전문점,43,충청북도,43112,청주시 서원구,43112590,성화.개신.죽림동,4311210900,개신동,4.31121090010051e+18,1,대지,충청북도 청주시 서원구 개신동 51-4,431124512182,충청북도 청주시 서원구 모충로9번길,4.31131110010051e+24,충청북도 청주시 서원구 모충로9번길 3,28666.0,2.0
MA010120220805561906,안경나라,산남점,G2,소매,G216,안경·정밀기기 소매,G21602,안경렌즈 소매업,G47822,안경 및 렌즈 소매업,43,충청북도,43112,청주시 서원구,43112550,산남동,4311210400,산남동,4.3112104001083095e+18,1,대지,충청북도 청주시 서원구 산남동 831,431123237037,충청북도 청주시 서원구 산남로,4.31131060010831e+24,충청북도 청주시 서원구 산남로 65,28630.0,1.0
MA010120220811856649,찬장,분평점,G2,소매,G205,식료품 소매,G20509,반찬/식료품 소매업,G47218,조리 반찬류 소매업,43,충청북도,43112,청주시 서원구,43112550,산남동,4311210600,분평동,4.311210600102461e+18,1,대지,충청북도 청주시 서원구 분평동 246-26,431123236067,충청북도 청주시 서원구 청남로,4.31131080010246e+24,충청북도 청주시 서원구 청남로 2003,28701.0,1.0
MA010120220811921080,탑클래스,2호점,P1,교육,P105,일반 교육,P10501,입시·교과학원,P85501,일반 교과학원,43,충청북도,43114,청주시 청원구,43114253,오창읍,4311425332,오창읍,4.31142533210546e+18,1,대지,충청북도 청주시 청원구 오창읍 주성리 546,431143257079,충청북도 청주시 청원구 오창읍 2산단3로,4.31142533210546e+24,충청북도 청주시 청원구 오창읍 2산단3로 14,28117.0,3.0
MA010120220813690644,에이치피컴퓨터,제천점,G2,소매,G208,가전·통신 소매,G20801,컴퓨터/소프트웨어 소매업,G47311,컴퓨터 및 주변장치; 소프트웨어 소매업,43,충청북도,43150,제천시,43150537,남현동,4315010300,동현동,4.3150103001005496e+18,1,대지,충청북도 제천시 동현동 55-12,431502014004,충청북도 제천시 의병대로,4.31501030010055e+24,충청북도 제천시 의병대로 153,27175.0,1.0
MA010120220813618030,씨유서청주,파크자이점,G2,소매,G204,종합 소매,G20405,편의점,G47122,체인화 편의점,43,충청북도,43113,청주시 흥덕구,43113760,강서1동,4311313800,비하동,4.31131380010685e+18,1,대지,충청북도 청주시 흥덕구 비하동 685-4,431134511979,충청북도 청주시 흥덕구 청향로19번길,4.31131380010685e+24,충청북도 청주시 흥덕구 청향로19번길 33,28362.0,1.0
MA010120220806549013,길가옆에누룽지삼계탕,가경점,I2,음식,I201,한식,I20102,국/탕/찌개류,I56111,한식 일반 음식점업,43,충청북도,43113,청주시 흥덕구,43113747,가경동,4311311300,가경동,4.31131130011754e+18,1,대지,충청북도 청주시 흥덕구 가경동 1754,431133237047,충청북도 청주시 흥덕구 서현북로,4.31131130011754e+24,충청북도 청주시 흥덕구 서현북로 87,28378.0,1.0
MA010120220805596134,투썸플레이스충북대,중문점,I2,음식,I212,비알코올,I21201,카페,I56221,커피 전문점,43,충청북도,43112,청주시 서원구,43112530,사창동,4311210200,사창동,4.31121020010422e+18,1,대지,충청북도 청주시 서원구 사창동 422,431123237019,충청북도 청주시 서원구 내수동로,4.31131020010422e+24,충청북도 청주시 서원구 내수동로 112,28643.0,2.0
MA010120220805600159,맘스케익,지웰시티점,G2,소매,G204,종합 소매,G20404,슈퍼마켓,G47216,빵류; 과자류 및 당류 소매업,43,충청북도,43113,청주시 흥덕구,43113741,복대1동,4311311400,복대동,4.3113114001338097e+18,1,대지,충청북도 청주시 흥덕구 복대동 3381,431133237020,충청북도 청주시 흥덕구 대농로,4.31131140010288e+24,충청북도 청주시 흥덕구 대농로 47-1,28425.0,2.0
MA010120220805352031,더린넨2017충북,보은점,P1,교육,P106,기타 교육,P10625,기타 기술/직업 훈련학원,P85669,기타 기술 및 직업 훈련학원,43,충청북도,43720,보은군,43720250,보은읍,4372025024,보은읍,4.37202502410064e+18,1,대지,충청북도 보은군 보은읍 교사리 64-1,437202014002,충청북도 보은군 보은읍 보청대로,4.37202502410066e+24,충청북도 보은군 보은읍 보청대로 1868,28935.0,1.0
MA010120220806201897,청주플레이키즈프로,롯데아울렛,G2,소매,G209,섬유·의복·신발 소매,G20903,유아용 의류 소매업,G47417,유아용 의류 소매업,43,충청북도,43113,청주시 흥덕구,43113760,강서1동,4311313800,비하동,4.31131380010811e+18,1,대지,충청북도 청주시 흥덕구 비하동 811,431133014065,충청북도 청주시 흥덕구 2순환로,4.31131380010332e+24,충청북도 청주시 흥덕구 2순환로 1004,28360.0,2.0
MA010120220805957238,청호나이스렌탈,제천점,G2,소매,G208,가전·통신 소매,G20803,가전제품 소매업,G47320,가전제품 소매업,43,충청북도,43150,제천시,43150605,화산동,4315010900,화산동,4.3150109001100897e+18,1,대지,충청북도 제천시 화산동 1009,431503239054,충청북도 제천시 원화산로,4.31501090010075e+24,충청북도 제천시 원화산로 43,27197.0,1.0
MA010120220806354914,르샵해피몰충주점,모다아울렛,G2,소매,G209,섬유·의복·신발 소매,G20902,여성 의류 소매업,G47412,여자용 겉옷 소매업,43,충청북도,43130,충주시,43130605,달천동,4313011400,달천동,4.31301140010786e+18,1,대지,충청북도 충주시 달천동 786-3,431302246001,충청북도 충주시 중원대로,4.31301140010786e+24,충청북도 충주시 중원대로 3683,27476.0,2.0
MA010120220805095467,석호네닭발,용암점,I2,음식,I210,기타 간이,I21006,치킨,I56193,치킨 전문점,43,충청북도,43111,청주시 상당구,43111720,용암1동,4311112400,용암동,4.3111124001167e+18,1,대지,충청북도 청주시 상당구 용암동 1670,431114508560,충청북도 청주시 상당구 월평로184번길,4.3111124001167e+24,충청북도 청주시 상당구 월평로184번길 142,28776.0,1.0
MA010120220804207266,스프링캔&스탠바잇버거,제천점,I2,음식,I210,기타 간이,I21004,버거,I56194,김밥 및 기타 간이 음식점업,43,충청북도,43150,제천시,43150528,중앙동,4315010100,의림동,4.31501010010008e+18,1,대지,충청북도 제천시 의림동 8-1,431504517500,충청북도 제천시 숭문로20길,4.31501010010283e+24,충청북도 제천시 숭문로20길 32,27165.0,1.0
MA010120220808233471,도미노피자충북,혁신점,I2,음식,I210,기타 간이,I21003,피자,I56192,피자; 햄버거; 샌드위치 및 유사 음식점업,43,충청북도,43770,음성군,43770330,맹동면,4377033028,맹동면,4.3770330281116897e+18,1,대지,충청북도 음성군 맹동면 두성리 1169,437704541731,충청북도 음성군 맹동면 두레로,4.37703302811169e+24,충청북도 음성군 맹동면 두레로 23,27738.0,1.0
MA010120220801142963,79네수육국밥&철판,연수점,I2,음식,I201,한식,I20102,국/탕/찌개류,I56111,한식 일반 음식점업,43,충청북도,43130,충주시,43130630,연수동,4313011800,연수동,4.31301180011516e+18,1,대지,충청북도 충주시 연수동 1516,431303238002,충청북도 충주시 갱고개로,4.31301180011516e+24,충청북도 충주시 갱고개로 142,27352.0,1.0
MA010120220814026696,투썸플레이스,제천강저점,I2,음식,I212,비알코올,I21201,카페,I56221,커피 전문점,43,충청북도,43150,제천시,43150605,화산동,4315012100,강제동,4.3150121001084897e+18,1,대지,충청북도 제천시 강제동 849-1,431504517996,충청북도 제천시 청풍호로10길,4.31501210010849e+24,충청북도 제천시 청풍호로10길 40,27192.0,1.0
MA010120220802959962,서리서리멸치국수청주하나로본점,직영점,I2,음식,I201,한식,I20105,국수/칼국수,I56111,한식 일반 음식점업,43,충청북도,43111,청주시 상당구,43111730,용암2동,4311112600,방서동,4.311112600101181e+18,1,대지,충청북도 청주시 상당구 방서동 118,431113236018,충청북도 청주시 상당구 무농정로,4.31111260010118e+24,충청북도 청주시 상당구 무농정로 32,28783.0,1.0
MA010120220803508539,위니아서비스충주,2호점,S2,수리·개인,S205,가전제품 수리,S20501,가전제품 수리업,S95310,가전제품 수리업,43,충청북도,43130,충주시,43130580,호암.직동,4313010800,직동,4.31301080010552e+18,1,대지,충청북도 충주시 직동 552,431304515323,충청북도 충주시 직동길,4.31301080010552e+24,충청북도 충주시 직동길 170,27488.0,3.0
MA010120220804691794,정관장,수곡점,G2,소매,G205,식료품 소매,G20508,건강보조식품 소매업,G47217,건강 보조식품 소매업,43,충청북도,43112,청주시 서원구,43112580,수곡2동,4311210700,수곡동,4.3112107001090806e+18,1,대지,충청북도 청주시 서원구 수곡동 908,431123237013,충청북도 청주시 서원구 구룡산로,4.31131090010908e+24,충청북도 청주시 서원구 구룡산로 246,28697.0,1.0
MA010120220804759529,자연을담은돈까스,충북대점,I2,음식,I204,서양식,I20401,경양식,I56123,서양식 음식점업,43,충청북도,43112,청주시 서원구,43112530,사창동,4311210200,사창동,4.3112102001046497e+18,1,대지,충청북도 청주시 서원구 사창동 465-2,431124511219,충청북도 청주시 서원구 내수동로108번길,4.31131020010465e+24,충청북도 청주시 서원구 내수동로108번길 51,28643.0,2.0
MA010120220812072223,등촌샤브칼국수,율량점,I2,음식,I201,한식,I20105,국수/칼국수,I56111,한식 일반 음식점업,43,충청북도,43114,청주시 청원구,43114540,율량.사천동,4311410300,율량동,4.31141030012219e+18,1,대지,충청북도 청주시 청원구 율량동 2219,431143236001,충청북도 청주시 청원구 1순환로,4.31141030012219e+24,충청북도 청주시 청원구 1순환로 120,28321.0,1.0
MA010120220809985202,신호탕국물떡볶이,수곡점,I2,음식,I210,기타 간이,I21007,김밥/만두/분식,I56194,김밥 및 기타 간이 음식점업,43,충청북도,43112,청주시 서원구,43112580,수곡2동,4311210700,수곡동,4.311210700108221e+18,1,대지,충청북도 청주시 서원구 수곡동 822,431124511624,충청북도 청주시 서원구 수곡로57번길,4.31131090010822e+24,충청북도 청주시 서원구 수곡로57번길 26-2,28688.0,1.0
MA010120220812752677,세븐청주힐즈점,코리아,G2,소매,G204,종합 소매,G20405,편의점,G47122,체인화 편의점,43,충청북도,43113,청주시 흥덕구,43113760,강서1동,4311313800,비하동,4.31131380010784e+18,1,대지,충청북도 청주시 흥덕구 비하동 784,431134511438,충청북도 청주시 흥덕구 비하로18번길,4.31131380010784e+24,충청북도 청주시 흥덕구 비하로18번길 10,28365.0,1.0
MA010120220812128728,가장맛있는족발청주,테크노점,I2,음식,I201,한식,I20103,족발/보쌈,I56111,한식 일반 음식점업,43,충청북도,43113,청주시 흥덕구,43113770,강서2동,4311313400,송절동,4.31131340010804e+18,1,대지,충청북도 청주시 흥덕구 송절동 804,431134855165,충청북도 청주시 흥덕구 송화로166번길,4.31131340010804e+24,충청북도 청주시 흥덕구 송화로166번길 7-3,28292.0,1.0
MA010120220812715839,이백도,봉명점,I2,음식,I211,주점,I21104,요리 주점,I56219,기타 주점업,43,충청북도,43113,청주시 흥덕구,43113756,봉명2.송정동,4311311500,봉명동,4.31131150012739e+18,1,대지,충청북도 청주시 흥덕구 봉명동 2739,431134511253,충청북도 청주시 흥덕구 덕암로114번길,4.31131150012739e+24,충청북도 청주시 흥덕구 덕암로114번길 80,28465.0,1.0
MA010120220805429429,도니돼지,2호점,I2,음식,I201,한식,I20107,돼지고기 구이/찜,I56113,한식 육류 요리 전문점,43,충청북도,43130,충주시,43130580,호암.직동,4313010700,호암동,4.31301070010026e+18,1,대지,충청북도 충주시 호암동 26-4,431304515323,충청북도 충주시 직동길,4.31301070010026e+24,충청북도 충주시 직동길 37,27489.0,2.0
MA010120220811852700,씨유음성,삼성2호점,G2,소매,G204,종합 소매,G20405,편의점,G47122,체인화 편의점,43,충청북도,43770,음성군,43770350,삼성면,4377035021,삼성면,4.37703502110526e+18,1,대지,충청북도 음성군 삼성면 덕정리 526-7,437703247013,충청북도 음성군 삼성면 덕정로,4.37703502110526e+24,충청북도 음성군 삼성면 덕정로 42,27652.0,1.0
MA010120220803320829,이백장돈가스,용산점,I2,음식,I203,일식,I20302,일식 카레/돈가스/덮밥,I56111,한식 일반 음식점업,43,충청북도,43130,충주시,43130550,용산동,4313010600,용산동,4.31301060010658e+18,1,대지,충청북도 충주시 용산동 658,431303238049,충청북도 충주시 용산로,4.31301060010658e+24,충청북도 충주시 용산로 32-1,27399.0,1.0
MA010120220810151609,맘스케익청주오믈렛,터미널점,I2,음식,I210,기타 간이,I21001,빵/도넛,I56191,제과점업,43,충청북도,43113,청주시 흥덕구,43113760,강서1동,4311311700,강서동,4.31131170010482e+18,1,대지,충청북도 청주시 흥덕구 강서동 482,431133237005,충청북도 청주시 흥덕구 강서로,4.31131170010482e+24,충청북도 청주시 흥덕구 강서로 111,28377.0,1.0
MA010120220805713258,세븐일레븐제천,본점,G2,소매,G204,종합 소매,G20405,편의점,G47122,체인화 편의점,43,충청북도,43150,제천시,43150590,청전동,4315011300,청전동,4.3150113001076895e+18,1,대지,충청북도 제천시 청전동 769,431503239009,충청북도 제천시 내제로,4.31501130010769e+24,충청북도 제천시 내제로 237,27153.0,1.0
MA010120220806511538,장띨,7호점,S2,수리·개인,S207,이용·미용,S20701,미용실,S96112,두발 미용업,43,충청북도,43113,청주시 흥덕구,43113756,봉명2.송정동,4311311600,송정동,4.31131160010329e+18,1,대지,충청북도 청주시 흥덕구 송정동 329-4,431133237021,충청북도 청주시 흥덕구 대신로,4.31131160010329e+24,충청북도 청주시 흥덕구 대신로 132,28443.0,1.0
MA010120220808539364,어부밥상충주점,모다아울렛,I2,음식,I201,한식,I20101,백반/한정식,I56111,한식 일반 음식점업,43,충청북도,43130,충주시,43130605,달천동,4313011400,달천동,4.31301140010786e+18,1,대지,충청북도 충주시 달천동 786-3,431302246001,충청북도 충주시 중원대로,4.31301140010786e+24,충청북도 충주시 중원대로 3683,27476.0,4.0
MA010120220811680229,징기스칸,용암점,I2,음식,I210,기타 간이,I21006,치킨,I56193,치킨 전문점,43,충청북도,43111,청주시 상당구,43111720,용암1동,4311112400,용암동,4.3111124001210496e+18,1,대지,충청북도 청주시 상당구 용암동 2105,431113236043,충청북도 청주시 상당구 용암로,4.31111240012105e+24,충청북도 청주시 상당구 용암로 36,28769.0,1.0
MA010120220808225159,한솥도시락충북,음성금왕점,I2,음식,I201,한식,I20101,백반/한정식,I56111,한식 일반 음식점업,43,충청북도,43770,음성군,43770253,금왕읍,4377025321,금왕읍,4.3770253211025295e+18,1,대지,충청북도 음성군 금왕읍 무극리 253-15,437703247019,충청북도 음성군 금왕읍 무극로,4.37702532110253e+24,충청북도 음성군 금왕읍 무극로 271,27629.0,1.0
MA010120220807759169,참치라이더,제천점,I2,음식,I203,일식,I20301,일식 회/초밥,I56114,한식 해산물 요리 전문점,43,충청북도,43150,제천시,43150510,교동,4315011600,장락동,4.31501160010525e+18,1,대지,충청북도 제천시 장락동 525,431504854555,충청북도 제천시 장락로1길,4.31501160010525e+24,충청북도 제천시 장락로1길 19,27142.0,1.0
MA010120220811743744,아이스크림세계과자꽁꽁냠냠,탑동점,G2,소매,G205,식료품 소매,G20507,아이스크림 할인점,G47216,빵류; 과자류 및 당류 소매업,43,충청북도,43111,청주시 상당구,43111620,탑대성동,4311111700,탑동,4.31111170010344e+18,1,대지,충청북도 청주시 상당구 탑동 344,431113014064,충청북도 청주시 상당구 산성로,4.31111170010042e+24,충청북도 청주시 상당구 산성로 55,28720.0,1.0
MA010120220800297659,촌댁맥주,오창점,I2,음식,I211,주점,I21103,생맥주 전문,I56219,기타 주점업,43,충청북도,43114,청주시 청원구,43114253,오창읍,4311425345,오창읍,4.311425345107901e+18,1,대지,충청북도 청주시 청원구 오창읍 양청리 790-7,431143240077,충청북도 청주시 청원구 오창읍 중심상업로,4.3710253450079e+24,충청북도 청주시 청원구 오창읍 중심상업로 51-12,28120.0,1.0
MA010120220813963465,컴포즈커피청주,복대점,I2,음식,I212,비알코올,I21201,카페,I56221,커피 전문점,43,충청북도,43113,청주시 흥덕구,43113741,복대1동,4311311400,복대동,4.31131140010292e+18,1,대지,충청북도 청주시 흥덕구 복대동 292-24,431133237081,충청북도 청주시 흥덕구 진재로,4.31131140010292e+24,충청북도 청주시 흥덕구 진재로 91,28427.0,1.0
MA010120220802882665,깐깐한족발,호암점,I2,음식,I201,한식,I20103,족발/보쌈,I56111,한식 일반 음식점업,43,충청북도,43130,충주시,43130580,호암.직동,4313010700,호암동,4.31301070011212e+18,1,대지,충청북도 충주시 호암동 1212,431303352069,충청북도 충주시 사천개로,4.31301070011212e+24,충청북도 충주시 사천개로 40,27480.0,1.0
MA010120220812128717,몽땅연필스터디카페청주,하복대점,R1,예술·스포츠,R102,도서관·사적지,R10202,독서실/스터디 카페,R90212,독서실 운영업,43,충청북도,43113,청주시 흥덕구,43113741,복대1동,4311311400,복대동,4.31131140012927e+18,1,대지,충청북도 청주시 흥덕구 복대동 2927,431133237081,충청북도 청주시 흥덕구 진재로,4.31131140012927e+24,충청북도 청주시 흥덕구 진재로 56,28420.0,3.0
MA010120220806320037,청주TBJ,롯데아울렛,G2,소매,G209,섬유·의복·신발 소매,G20905,기타 의류 소매업,G47419,기타 의복 소매업,43,충청북도,43113,청주시 흥덕구,43113760,강서1동,4311313800,비하동,4.31131380010811e+18,1,대지,충청북도 청주시 흥덕구 비하동 811,431133014065,충청북도 청주시 흥덕구 2순환로,4.31131380010332e+24,충청북도 청주시 흥덕구 2순환로 1004,28360.0,3.0
MA010120220801146203,충주제주그린점,롯데마트,G2,소매,G215,의약·화장품 소매,G21503,화장품 소매업,G47813,화장품; 비누 및 방향제 소매업,43,충청북도,43130,충주시,43130625,칠금.금릉동,4313011600,칠금동,4.3130116001084897e+18,1,대지,충청북도 충주시 칠금동 849,431304514580,충청북도 충주시 봉계1길,4.31301160010849e+24,충청북도 충주시 봉계1길 49,27360.0,2.0
MA010120220803171223,헬로우컷,오창점,S2,수리·개인,S207,이용·미용,S20701,미용실,S96112,두발 미용업,43,충청북도,43114,청주시 청원구,43114253,오창읍,4311425344,오창읍,4.3114253441065103e+18,1,대지,충청북도 청주시 청원구 오창읍 각리 651-1,431143240063,충청북도 청주시 청원구 오창읍 오창중앙로,4.37102534400651e+24,충청북도 청주시 청원구 오창읍 오창중앙로 115-10,28123.0,1.0
MA010120220812561745,코인워시365충주,호암점,S2,수리·개인,S209,세탁,S20901,세탁소,S96912,가정용 세탁업,43,충청북도,43130,충주시,43130580,호암.직동,4313010700,호암동,4.31301070011116e+18,1,대지,충청북도 충주시 호암동 1116,431304856109,충청북도 충주시 호암토성5길,4.31301070011116e+24,충청북도 충주시 호암토성5길 6,27480.0,1.0
MA010120220812592207,북문로떡볶이상당점,롯데마트,I2,음식,I210,기타 간이,I21007,김밥/만두/분식,I56194,김밥 및 기타 간이 음식점업,43,충청북도,43111,청주시 상당구,43111720,용암1동,4311112400,용암동,4.31111240012634e+18,1,대지,충청북도 청주시 상당구 용암동 2634,431114508512,충청북도 청주시 상당구 용암북로160번길,4.31111240012634e+24,충청북도 청주시 상당구 용암북로160번길 60,28762.0,2.0
MA010120220813545802,세무법인이화,청주지점,M1,과학·기술,M104,회계·세무,M10402,세무사,M71202,세무사업,43,충청북도,43113,청주시 흥덕구,43113741,복대1동,4311311400,복대동,4.31131140010288e+18,1,대지,충청북도 청주시 흥덕구 복대동 288-6,431133237020,충청북도 청주시 흥덕구 대농로,4.31131140010288e+24,충청북도 청주시 흥덕구 대농로 33,28424.0,5.0
MA010120220811686064,옛골,2호점,I2,음식,I201,한식,I20101,백반/한정식,I56111,한식 일반 음식점업,43,충청북도,43114,청주시 청원구,43114253,오창읍,4311425345,오창읍,4.3114253451082e+18,1,대지,충청북도 청주시 청원구 오창읍 양청리 820-1,431143240075,충청북도 청주시 청원구 오창읍 중심상업1로,4.3114253451082e+24,충청북도 청주시 청원구 오창읍 중심상업1로 8-9,28120.0,1.0
MA010120220810438630,알파청주,중앙점,G2,소매,G213,오락용품 소매,G21302,문구/회화용품 소매업,G47612,문구용품 및 회화용품 소매업,43,충청북도,43113,청주시 흥덕구,43113747,가경동,4311311300,가경동,4.3113113001227e+18,1,대지,충청북도 청주시 흥덕구 가경동 2270,431133237046,충청북도 청주시 흥덕구 서현로,4.3113113001227e+24,충청북도 청주시 흥덕구 서현로 60,28382.0,2.0
MA010120220811049096,아이디어안경원,청주금천점,G2,소매,G216,안경·정밀기기 소매,G21602,안경렌즈 소매업,G47822,안경 및 렌즈 소매업,43,충청북도,43111,청주시 상당구,43111680,금천동,4311112000,금천동,4.3111120001027697e+18,1,대지,충청북도 청주시 상당구 금천동 277,431113236055,충청북도 청주시 상당구 중고개로,4.31111200010277e+24,충청북도 청주시 상당구 중고개로 336,28744.0,1.0
MA010120220809887868,게스롯데청주아울렛,코리아,G2,소매,G209,섬유·의복·신발 소매,G20905,기타 의류 소매업,G47414,셔츠 및 블라우스 소매업,43,충청북도,43113,청주시 흥덕구,43113760,강서1동,4311313800,비하동,4.31131380010811e+18,1,대지,충청북도 청주시 흥덕구 비하동 811,431133014065,충청북도 청주시 흥덕구 2순환로,4.31131380010332e+24,충청북도 청주시 흥덕구 2순환로 1004,28360.0,3.0
MA010120220812265908,가온석갈비,율량점,I2,음식,I201,한식,I20107,돼지고기 구이/찜,I56113,한식 육류 요리 전문점,43,충청북도,43114,청주시 청원구,43114540,율량.사천동,4311410300,율량동,4.3114103001202493e+18,1,대지,충청북도 청주시 청원구 율량동 2025,431144844105,충청북도 청주시 청원구 율량로190번길,4.31141030012025e+24,충청북도 청주시 청원구 율량로190번길 63,28320.0,2.0
MA010120220805593117,굴세상,복대점,I2,음식,I201,한식,I20112,해산물 구이/찜,I56111,한식 일반 음식점업,43,충청북도,43113,청주시 흥덕구,43113741,복대1동,4311311400,복대동,4.3113114001326295e+18,1,대지,충청북도 청주시 흥덕구 복대동 3263,431134511235,충청북도 청주시 흥덕구 대신로73번길,4.31131140013263e+24,충청북도 청주시 흥덕구 대신로73번길 78,28426.0,1.0
MA010120220805720865,SK행복,대리점,G2,소매,G208,가전·통신 소매,G20802,핸드폰 소매업,G47312,통신기기 소매업,43,충청북도,43150,제천시,43150528,중앙동,4315010600,중앙로1가,4.31501060010116e+18,1,대지,충청북도 제천시 중앙로1가 116-18,431503239051,충청북도 제천시 용두천로,4.31501060010226e+24,충청북도 제천시 용두천로 69-1,27172.0,1.0
MA010120220805965492,명장복집,율량점,I2,음식,I201,한식,I20113,복 요리 전문,I56111,한식 일반 음식점업,43,충청북도,43114,청주시 청원구,43114540,율량.사천동,4311410300,율량동,4.3114103001223096e+18,1,대지,충청북도 청주시 청원구 율량동 2231,431143236001,충청북도 청주시 청원구 1순환로,4.31141030012231e+24,충청북도 청주시 청원구 1순환로 102-1,28321.0,2.0
MA010120220800917554,또래오래,금천점,I2,음식,I210,기타 간이,I21006,치킨,I56193,치킨 전문점,43,충청북도,43111,청주시 상당구,43111680,금천동,4311112000,금천동,4.31111200010115e+18,1,대지,충청북도 청주시 상당구 금천동 115-27,431114508371,충청북도 청주시 상당구 쇠내로135번길,4.31111200010115e+24,충청북도 청주시 상당구 쇠내로135번길 16,28731.0,1.0
MA010120220807119791,도미노피자청주,산남점,I2,음식,I210,기타 간이,I21003,피자,I56192,피자; 햄버거; 샌드위치 및 유사 음식점업,43,충청북도,43112,청주시 서원구,43112580,수곡2동,4311210700,수곡동,4.311210700109e+18,1,대지,충청북도 청주시 서원구 수곡동 900,431123237013,충청북도 청주시 서원구 구룡산로,4.311310900109e+24,충청북도 청주시 서원구 구룡산로 237,28688.0,1.0
MA010120220806268215,기아오토큐,개신점,S2,수리·개인,S203,자동차 수리·세차,S20301,자동차 정비소,S95212,자동차 전문 수리업,43,충청북도,43112,청주시 서원구,43112590,성화.개신.죽림동,4311210900,개신동,4.3112109001005e+18,1,대지,충청북도 청주시 서원구 개신동 50,431123236001,충청북도 청주시 서원구 1순환로,4.31131110010052e+24,충청북도 청주시 서원구 1순환로 761,28666.0,1.0
MA010120220813717816,피자스쿨청주,사직점,I2,음식,I210,기타 간이,I21003,피자,I56192,피자; 햄버거; 샌드위치 및 유사 음식점업,43,충청북도,43112,청주시 서원구,43112530,사창동,4311210200,사창동,4.31121020010356e+18,1,대지,충청북도 청주시 서원구 사창동 356-14,431124511904,충청북도 청주시 서원구 창직로35번길,4.31131020010356e+24,충청북도 청주시 서원구 창직로35번길 6,28662.0,1.0
MA010120220808512309,비비큐청주,시청점,I2,음식,I210,기타 간이,I21006,치킨,I56193,치킨 전문점,43,충청북도,43111,청주시 상당구,43111525,중앙동,4311110400,북문로3가,4.3111104001004897e+18,1,대지,충청북도 청주시 상당구 북문로3가 49-1,431113236056,충청북도 청주시 상당구 중앙로,4.31111040010049e+24,충청북도 청주시 상당구 중앙로 83,28541.0,1.0
MA010120220808769920,화이트펜슬,청주금천점,R1,예술·스포츠,R102,도서관·사적지,R10202,독서실/스터디 카페,R90212,독서실 운영업,43,충청북도,43111,청주시 상당구,43111690,용담.명암.산성동,4311112100,용담동,4.31111210010398e+18,1,대지,충청북도 청주시 상당구 용담동 398,431113236035,충청북도 청주시 상당구 수영로,4.31111210010398e+24,충청북도 청주시 상당구 수영로 297,28744.0,2.0
MA010120220803381071,민비아구찜해물찜,증평점,I2,음식,I201,한식,I20101,백반/한정식,I56111,한식 일반 음식점업,43,충청북도,43745,증평군,43745250,증평읍,4374525030,증평읍,4.37452503010568e+18,1,대지,충청북도 증평군 증평읍 초중리 568-2,437453244020,충청북도 증평군 증평읍 초중로,4.37452503010568e+24,충청북도 증평군 증평읍 초중로 52,27941.0,1.0
MA010120220813452572,계화동,율량점,I2,음식,I201,한식,I20101,백반/한정식,I56111,한식 일반 음식점업,43,충청북도,43114,청주시 청원구,43114540,율량.사천동,4311410300,율량동,4.31141030012026e+18,1,대지,충청북도 청주시 청원구 율량동 2026,431144844105,충청북도 청주시 청원구 율량로190번길,4.31141030012026e+24,충청북도 청주시 청원구 율량로190번길 53,28320.0,1.0
MA010120220813943080,미니스톱금왕,센터점,G2,소매,G204,종합 소매,G20405,편의점,G47122,체인화 편의점,43,충청북도,43770,음성군,43770253,금왕읍,4377025321,금왕읍,4.37702532110244e+18,1,대지,충청북도 음성군 금왕읍 무극리 244-8,437703247019,충청북도 음성군 금왕읍 무극로,4.37702532110244e+24,충청북도 음성군 금왕읍 무극로 288,27634.0,1.0
MA010120220803212304,세븐일레븐오창원룸,사랑점,G2,소매,G204,종합 소매,G20405,편의점,G47122,체인화 편의점,43,충청북도,43114,청주시 청원구,43114253,오창읍,4311425345,오창읍,4.31142534510764e+18,1,대지,충청북도 청주시 청원구 오창읍 양청리 764-5,431144520436,충청북도 청주시 청원구 오창읍 양청길,4.37102534500764e+24,충청북도 청주시 청원구 오창읍 양청길 41-9,28115.0,1.0
MA010120220807759707,슬리밍고,지웰시티점,G2,소매,G209,섬유·의복·신발 소매,G20902,여성 의류 소매업,G47412,여자용 겉옷 소매업,43,충청북도,43113,청주시 흥덕구,43113741,복대1동,4311311400,복대동,4.31131140010288e+18,1,대지,충청북도 청주시 흥덕구 복대동 288-124,431133237020,충청북도 청주시 흥덕구 대농로,4.31131140010288e+24,충청북도 청주시 흥덕구 대농로 39,28424.0,4.0
MA010120220812580162,빽다방청주,테크노폴리스점,I2,음식,I212,비알코올,I21201,카페,I56221,커피 전문점,43,충청북도,43113,청주시 흥덕구,43113770,강서2동,4311313400,송절동,4.31131340010814e+18,1,대지,충청북도 청주시 흥덕구 송절동 814,431134855167,충청북도 청주시 흥덕구 송화로184번길,4.31131340010814e+24,충청북도 청주시 흥덕구 송화로184번길 4,28292.0,1.0
MA010120220805087111,제천삼익상가,상인협동조합,G2,소매,G204,종합 소매,G20499,그 외 기타 종합 소매업,G47190,그 외 기타 종합 소매업,43,충청북도,43150,제천시,43150605,화산동,4315010900,화산동,4.31501090010237e+18,1,대지,충청북도 제천시 화산동 237-19,431504517769,충청북도 제천시 의림대로2길,4.31501090010237e+24,충청북도 제천시 의림대로2길 9,27196.0,1.0
MA010120220808528687,일잡,코리아,N1,시설관리·임대,N104,고용 알선,N10402,임시/일용 인력 공급업,N75121,임시 및 일용 인력 공급업,43,충청북도,43130,충주시,43130610,봉방동,4313011500,봉방동,4.31301150010018e+18,1,대지,충청북도 충주시 봉방동 18-11,431304514599,충청북도 충주시 봉방3길,4.31301150010018e+24,충청북도 충주시 봉방3길 39-2,27428.0,1.0
MA010120220805583072,캠퍼스안경원,분평점,G2,소매,G216,안경·정밀기기 소매,G21602,안경렌즈 소매업,G47822,안경 및 렌즈 소매업,43,충청북도,43112,청주시 서원구,43112560,분평동,4311210600,분평동,4.31121060011378e+18,1,대지,충청북도 청주시 서원구 분평동 1378,431123237034,충청북도 청주시 서원구 분평로,4.31131080011378e+24,충청북도 청주시 서원구 분평로 36,28799.0,1.0
MA010120220800375209,크라우드PC청주,산남점,S2,수리·개인,S201,컴퓨터 수리,S20101,컴퓨터/노트북/프린터 수리업,S95110,컴퓨터 및 주변 기기 수리업,43,충청북도,43112,청주시 서원구,43112550,산남동,4311210400,산남동,4.31121040010499e+18,1,대지,충청북도 청주시 서원구 산남동 499,431123237037,충청북도 청주시 서원구 산남로,4.31131060010499e+24,충청북도 청주시 서원구 산남로 30,28626.0,2.0
MA010120220809784998,선창가전랜드,옥천점,G2,소매,G208,가전·통신 소매,G20803,가전제품 소매업,G47320,가전제품 소매업,43,충청북도,43730,옥천군,43730250,옥천읍,4373025034,옥천읍,4.37302503410062e+18,1,대지,충청북도 옥천군 옥천읍 마암리 62-1,437303000091,충청북도 옥천군 옥천읍 옥천로,4.37302503410062e+24,충청북도 옥천군 옥천읍 옥천로 1677-1,29048.0,1.0
MA010120220800303354,이화수,오창점,I2,음식,I201,한식,I20101,백반/한정식,I56111,한식 일반 음식점업,43,충청북도,43114,청주시 청원구,43114253,오창읍,4311425345,오창읍,4.31142534510798e+18,1,대지,충청북도 청주시 청원구 오창읍 양청리 798-6,431143240077,충청북도 청주시 청원구 오창읍 중심상업로,4.37102534500798e+24,충청북도 청주시 청원구 오창읍 중심상업로 32-19,28119.0,1.0
MA010120220805540658,안동한우곱창,제천점,I2,음식,I201,한식,I20109,곱창 전골/구이,I56113,한식 육류 요리 전문점,43,충청북도,43150,제천시,43150605,화산동,4315012100,강제동,4.31501210010832e+18,1,대지,충청북도 제천시 강제동 832,431503239001,충청북도 제천시 강저로,4.31501210010832e+24,충청북도 제천시 강저로 246,27192.0,1.0
MA010120220800537837,본죽산남,법원점,I2,음식,I201,한식,I20101,백반/한정식,I56111,한식 일반 음식점업,43,충청북도,43112,청주시 서원구,43112550,산남동,4311210400,산남동,4.3112104001065697e+18,1,대지,충청북도 청주시 서원구 산남동 657,431123237037,충청북도 청주시 서원구 산남로,4.31131060010657e+24,충청북도 청주시 서원구 산남로 64,28625.0,1.0
MA010120220810285052,엘앤제이왁싱엔레푸스,오창점,S2,수리·개인,S207,이용·미용,S20703,네일숍,S96119,기타 미용업,43,충청북도,43114,청주시 청원구,43114253,오창읍,4311425345,오창읍,4.3114253451082097e+18,1,대지,충청북도 청주시 청원구 오창읍 양청리 821-4,431143240077,충청북도 청주시 청원구 오창읍 중심상업로,4.37102534500821e+24,충청북도 청주시 청원구 오창읍 중심상업로 7,28120.0,2.0
MA010120220805570886,더핸섬,가경점,S2,수리·개인,S207,이용·미용,S20701,미용실,S96112,두발 미용업,43,충청북도,43113,청주시 흥덕구,43113747,가경동,4311311300,가경동,4.3113113001166495e+18,1,대지,충청북도 청주시 흥덕구 가경동 1665,431133237041,충청북도 청주시 흥덕구 서경로,4.31131130011665e+24,충청북도 청주시 흥덕구 서경로 28,28413.0,1.0
MA010120220800528428,세븐일레븐음성대소,터미널점,G2,소매,G204,종합 소매,G20405,편의점,G47122,체인화 편의점,43,충청북도,43770,음성군,43770340,대소면,4377034021,대소면,4.3770340211010094e+18,1,대지,충청북도 음성군 대소면 오산리 101-4,437703247025,충청북도 음성군 대소면 산내로,4.37703402110101e+24,충청북도 음성군 대소면 산내로 308,27668.0,1.0
MA010120220805607374,지코바숯불치킨,하복대점,I2,음식,I210,기타 간이,I21006,치킨,I56193,치킨 전문점,43,충청북도,43113,청주시 흥덕구,43113741,복대1동,4311311400,복대동,4.3113114001251297e+18,1,대지,충청북도 청주시 흥덕구 복대동 2513,431134511822,충청북도 청주시 흥덕구 증안로34번길,4.31131140012513e+24,충청북도 청주시 흥덕구 증안로34번길 27-7,28416.0,1.0
MA010120220805735515,미래티중앙,직영점,G2,소매,G208,가전·통신 소매,G20802,핸드폰 소매업,G47312,통신기기 소매업,43,충청북도,43150,제천시,43150528,중앙동,4315010700,중앙로2가,4.3150107001013494e+18,1,대지,충청북도 제천시 중앙로2가 135,431504517306,충청북도 제천시 명륜로16길,4.31501070010124e+24,충청북도 제천시 명륜로16길 21,27173.0,1.0
MA010120220805595332,스펙터현대,충청점,G2,소매,G216,안경·정밀기기 소매,G21602,안경렌즈 소매업,G47822,안경 및 렌즈 소매업,43,충청북도,43113,청주시 흥덕구,43113741,복대1동,4311311400,복대동,4.3113114001338e+18,1,대지,충청북도 청주시 흥덕구 복대동 3380,431133236058,충청북도 청주시 흥덕구 직지대로,4.31131140010584e+24,충청북도 청주시 흥덕구 직지대로 308,28424.0,6.0
MA010120220809337332,러브이브충북,혁신도시점,G2,소매,G209,섬유·의복·신발 소매,G20906,침구류/커튼 소매업,G47421,가정용 직물제품 소매업,43,충청북도,43770,음성군,43770330,맹동면,4377033028,맹동면,4.37703302811236e+18,1,대지,충청북도 음성군 맹동면 두성리 1236,437703000235,충청북도 음성군 맹동면 대하로,4.37703302811236e+24,충청북도 음성군 맹동면 대하로 270,27738.0,1.0
MA010120220808596756,세븐일레븐청주주공,2단지점,G2,소매,G204,종합 소매,G20405,편의점,G47122,체인화 편의점,43,충청북도,43113,청주시 흥덕구,43113747,가경동,4311311300,가경동,4.3113113001155e+18,1,대지,충청북도 청주시 흥덕구 가경동 1550,431133237002,충청북도 청주시 흥덕구 가경로,4.3113113001155e+24,충청북도 청주시 흥덕구 가경로 28,28409.0,1.0
MA010120220808684351,한상드림청주복,대동점,G2,소매,G205,식료품 소매,G20509,반찬/식료품 소매업,G47218,조리 반찬류 소매업,43,충청북도,43113,청주시 흥덕구,43113741,복대1동,4311311400,복대동,4.31131140010288e+18,1,대지,충청북도 청주시 흥덕구 복대동 288-21,431133237020,충청북도 청주시 흥덕구 대농로,4.31131140010288e+24,충청북도 청주시 흥덕구 대농로 62,28427.0,1.0
MA010120220805105874,월하,충북대점,I2,음식,I201,한식,I20101,백반/한정식,I56111,한식 일반 음식점업,43,충청북도,43112,청주시 서원구,43112530,사창동,4311210200,사창동,4.31121020010446e+18,1,대지,충청북도 청주시 서원구 사창동 446-2,431124512177,충청북도 청주시 서원구 1순환로704번길,4.31131020010446e+24,충청북도 청주시 서원구 1순환로704번길 73,28643.0,2.0
MA010120220809603383,로그인제천,본점,G2,소매,G204,종합 소매,G20405,편의점,G47122,체인화 편의점,43,충청북도,43150,제천시,43150510,교동,4315011600,장락동,4.31501160010676e+18,1,대지,충청북도 제천시 장락동 676-2,431503239061,충청북도 제천시 장락로,4.31501160010676e+24,충청북도 제천시 장락로 48,27150.0,1.0
MA010120220808420503,컴포즈커피청주,테크노폴리스점,I2,음식,I212,비알코올,I21201,카페,I56221,커피 전문점,43,충청북도,43113,청주시 흥덕구,43113770,강서2동,4311313400,송절동,4.3113134001083295e+18,1,대지,충청북도 청주시 흥덕구 송절동 833,431134855167,충청북도 청주시 흥덕구 송화로184번길,4.31131340010833e+24,충청북도 청주시 흥덕구 송화로184번길 10,28292.0,1.0
MA010120220808827467,버거킹충북,진천점,I2,음식,I210,기타 간이,I21004,버거,I56192,피자; 햄버거; 샌드위치 및 유사 음식점업,43,충청북도,43750,진천군,43750250,진천읍,4375025024,진천읍,4.3750250241039503e+18,1,대지,충청북도 진천군 진천읍 읍내리 395,437503245007,충청북도 진천군 진천읍 상산로,4.37502502410395e+24,충청북도 진천군 진천읍 상산로 73,27833.0,1.0
MA010120220810037623,수레로,충대점,I2,음식,I201,한식,I20107,돼지고기 구이/찜,I56113,한식 육류 요리 전문점,43,충청북도,43112,청주시 서원구,43112530,사창동,4311210200,사창동,4.31121020010408e+18,1,대지,충청북도 청주시 서원구 사창동 408,431124512175,충청북도 청주시 서원구 1순환로672번길,4.31131020010408e+24,충청북도 청주시 서원구 1순환로672번길 22,28643.0,2.0
MA010120220808006962,이마트24청주용암,중앙점,G2,소매,G204,종합 소매,G20405,편의점,G47122,체인화 편의점,43,충청북도,43111,청주시 상당구,43111720,용암1동,4311112400,용암동,4.31111240012219e+18,1,대지,충청북도 청주시 상당구 용암동 2219,431113236008,충청북도 청주시 상당구 낙영로,4.31111240012219e+24,충청북도 청주시 상당구 낙영로 11,28766.0,1.0
MA010120220808490954,배스킨라빈스청주,테크노폴리스점,I2,음식,I210,기타 간이,I21008,아이스크림/빙수,I56194,김밥 및 기타 간이 음식점업,43,충청북도,43113,청주시 흥덕구,43113770,강서2동,4311313400,송절동,4.31131340010812e+18,1,대지,충청북도 청주시 흥덕구 송절동 812,431133351696,충청북도 청주시 흥덕구 송화로,4.31131340010812e+24,충청북도 청주시 흥덕구 송화로 180,28292.0,1.0
MA010120220806768304,미스터피자,진천점,I2,음식,I210,기타 간이,I21003,피자,I56192,피자; 햄버거; 샌드위치 및 유사 음식점업,43,충청북도,43750,진천군,43750250,진천읍,4375025024,진천읍,4.3750250241052303e+18,1,대지,충청북도 진천군 진천읍 읍내리 523,437503245018,충청북도 진천군 진천읍 중앙동로,4.37502502410523e+24,충청북도 진천군 진천읍 중앙동로 52-1,27834.0,2.0
MA010120220812650527,뉴욕버거,가경점,I2,음식,I210,기타 간이,I21004,버거,I56192,피자; 햄버거; 샌드위치 및 유사 음식점업,43,충청북도,43113,청주시 흥덕구,43113747,가경동,4311311300,가경동,4.31131130011696e+18,1,대지,충청북도 청주시 흥덕구 가경동 1696,431133014066,충청북도 청주시 흥덕구 서부로,4.31131130011696e+24,충청북도 청주시 흥덕구 서부로 1291,28413.0,1.0
MA010120220810652805,DAKS청주점,롯데아울렛,G2,소매,G209,섬유·의복·신발 소매,G20905,기타 의류 소매업,G47414,셔츠 및 블라우스 소매업,43,충청북도,43113,청주시 흥덕구,43113760,강서1동,4311313800,비하동,4.31131380010811e+18,1,대지,충청북도 청주시 흥덕구 비하동 811,431133014065,충청북도 청주시 흥덕구 2순환로,4.31131380010332e+24,충청북도 청주시 흥덕구 2순환로 1004,28360.0,3.0
MA010120220805261727,비비안현대,충청점,G2,소매,G209,섬유·의복·신발 소매,G20905,기타 의류 소매업,G47413,속옷 및 잠옷 소매업,43,충청북도,43113,청주시 흥덕구,43113741,복대1동,4311311400,복대동,4.3113114001338e+18,1,대지,충청북도 청주시 흥덕구 복대동 3380,431133236058,충청북도 청주시 흥덕구 직지대로,4.31131140010584e+24,충청북도 청주시 흥덕구 직지대로 308,28424.0,3.0
MA010120220803312167,매직에디션현대,충청점,G2,소매,G209,섬유·의복·신발 소매,G20903,유아용 의류 소매업,G47417,유아용 의류 소매업,43,충청북도,43113,청주시 흥덕구,43113741,복대1동,4311311400,복대동,4.3113114001338e+18,1,대지,충청북도 청주시 흥덕구 복대동 3380,431133236058,충청북도 청주시 흥덕구 직지대로,4.31131140010584e+24,충청북도 청주시 흥덕구 직지대로 308,28424.0,4.0
MA010120220805617714,유한책임회사하이모,청주지점,G2,소매,G221,기타 상품 소매,G22199,그 외 기타 상품 전문 소매업,G47422,의복 액세서리 및 모조 장신구 소매업,43,충청북도,43113,청주시 흥덕구,43113760,강서1동,4311311700,강서동,4.31131170010527e+18,1,대지,충청북도 청주시 흥덕구 강서동 527,431133014065,충청북도 청주시 흥덕구 2순환로,4.31131170010527e+24,충청북도 청주시 흥덕구 2순환로 1256,28378.0,3.0
MA010120220808095849,선비꼬마김밥청주,산남점,I2,음식,I210,기타 간이,I21007,김밥/만두/분식,I56194,김밥 및 기타 간이 음식점업,43,충청북도,43112,청주시 서원구,43112550,산남동,4311210400,산남동,4.31121040010493e+18,1,대지,충청북도 청주시 서원구 산남동 493,431123237037,충청북도 청주시 서원구 산남로,4.31131060010493e+24,충청북도 청주시 서원구 산남로 16,28626.0,1.0
MA010120220809206010,디플레이스스터디카페강서,가경점,R1,예술·스포츠,R102,도서관·사적지,R10202,독서실/스터디 카페,R90212,독서실 운영업,43,충청북도,43113,청주시 흥덕구,43113747,가경동,4311311300,가경동,4.3113113001184097e+18,1,대지,충청북도 청주시 흥덕구 가경동 1841,431133237047,충청북도 청주시 흥덕구 서현북로,4.31131130011841e+24,충청북도 청주시 흥덕구 서현북로 18,28383.0,3.0
MA010120220813248840,킹스유도클럽,2호점,P1,교육,P106,기타 교육,P10601,태권도/무술학원,P85611,태권도 및 무술 교육기관,43,충청북도,43111,청주시 상당구,43111720,용암1동,4311112400,용암동,4.31111240013072e+18,1,대지,충청북도 청주시 상당구 용암동 3072,431114857347,충청북도 청주시 상당구 중고개로141번길,4.31111240013072e+24,충청북도 청주시 상당구 중고개로141번길 13-10,28808.0,8.0
MA010120220803188519,경희대상승태권도,코리아,P1,교육,P106,기타 교육,P10601,태권도/무술학원,P85611,태권도 및 무술 교육기관,43,충청북도,43770,음성군,43770370,감곡면,4377037021,감곡면,4.37703702110514e+18,1,대지,충청북도 음성군 감곡면 오향리 514-3,437703197001,충청북도 음성군 감곡면 가곡로,4.37703702110514e+24,충청북도 음성군 감곡면 가곡로 3-2,27610.0,2.0
MA010120220805596142,청주캠브리지,롯데아울렛,G2,소매,G209,섬유·의복·신발 소매,G20901,남성 의류 소매업,G47411,남자용 겉옷 소매업,43,충청북도,43113,청주시 흥덕구,43113760,강서1동,4311313800,비하동,4.31131380010811e+18,1,대지,충청북도 청주시 흥덕구 비하동 811,431133014065,충청북도 청주시 흥덕구 2순환로,4.31131380010332e+24,충청북도 청주시 흥덕구 2순환로 1004,28360.0,3.0
MA010120220805598438,엘르이너웨어현대백화점,충청점,G2,소매,G209,섬유·의복·신발 소매,G20905,기타 의류 소매업,G47413,속옷 및 잠옷 소매업,43,충청북도,43113,청주시 흥덕구,43113741,복대1동,4311311400,복대동,4.3113114001338e+18,1,대지,충청북도 청주시 흥덕구 복대동 3380,431133236058,충청북도 청주시 흥덕구 직지대로,4.31131140010584e+24,충청북도 청주시 흥덕구 직지대로 308,28424.0,1.0
MA010120220802276124,으뜸50안경충주,호암점,G2,소매,G216,안경·정밀기기 소매,G21602,안경렌즈 소매업,G47822,안경 및 렌즈 소매업,43,충청북도,43130,충주시,43130580,호암.직동,4313010700,호암동,4.3130107001119094e+18,1,대지,충청북도 충주시 호암동 1191,431303352070,충청북도 충주시 호암토성2로,4.31301070011191e+24,충청북도 충주시 호암토성2로 1,27480.0,1.0
MA010120220803712978,슈콤마보니현대백화점,충청점,G2,소매,G209,섬유·의복·신발 소매,G20910,신발 소매업,G47430,신발 소매업,43,충청북도,43113,청주시 흥덕구,43113741,복대1동,4311311400,복대동,4.3113114001338e+18,1,대지,충청북도 청주시 흥덕구 복대동 3380,431133236058,충청북도 청주시 흥덕구 직지대로,4.31131140010584e+24,충청북도 청주시 흥덕구 직지대로 308,28424.0,2.0
MA010120220805628731,BYC영동,전문점,G2,소매,G209,섬유·의복·신발 소매,G20905,기타 의류 소매업,G47413,속옷 및 잠옷 소매업,43,충청북도,43740,영동군,43740250,영동읍,4374025021,영동읍,4.3740250211066496e+18,1,대지,충청북도 영동군 영동읍 계산리 665-1,437403243002,충청북도 영동군 영동읍 계산로,4.37402502110665e+24,충청북도 영동군 영동읍 계산로 40,29144.0,1.0
MA010120220814007856,유니베라청주수곡,대리점,G2,소매,G205,식료품 소매,G20508,건강보조식품 소매업,G47217,건강 보조식품 소매업,43,충청북도,43112,청주시 서원구,43112570,수곡1동,4311210700,수곡동,4.31121070010082e+18,1,대지,충청북도 청주시 서원구 수곡동 82-1,431123236067,충청북도 청주시 서원구 청남로,4.31131090010082e+24,충청북도 청주시 서원구 청남로 2109,28677.0,2.0
MA010120220807098960,토니모리,사천점,G2,소매,G215,의약·화장품 소매,G21503,화장품 소매업,G47813,화장품; 비누 및 방향제 소매업,43,충청북도,43114,청주시 청원구,43114540,율량.사천동,4311410300,율량동,4.3114103001130097e+18,1,대지,충청북도 청주시 청원구 율량동 1301,431143236050,충청북도 청주시 청원구 율봉로,4.31111150011301e+24,충청북도 청주시 청원구 율봉로 106,28349.0,1.0
MA010120220806761286,박준양스시,3호점,I2,음식,I203,일식,I20301,일식 회/초밥,I56122,일식 음식점업,43,충청북도,43112,청주시 서원구,43112590,성화.개신.죽림동,4311210800,성화동,4.3112108001084303e+18,1,대지,충청북도 청주시 서원구 성화동 843,431124512242,충청북도 청주시 서원구 구룡산로51번가길,4.31131100010843e+24,충청북도 청주시 서원구 구룡산로51번가길 9,28614.0,1.0
MA010120220805569199,북문로떡볶이,봉명점,I2,음식,I210,기타 간이,I21007,김밥/만두/분식,I56194,김밥 및 기타 간이 음식점업,43,충청북도,43113,청주시 흥덕구,43113756,봉명2.송정동,4311311500,봉명동,4.31131150012701e+18,1,대지,충청북도 청주시 흥덕구 봉명동 2701,431134511253,충청북도 청주시 흥덕구 덕암로114번길,4.31131150012701e+24,충청북도 청주시 흥덕구 덕암로114번길 28,28465.0,1.0
MA010120220804497718,알에스에이치,코리아,I2,음식,I201,한식,I20101,백반/한정식,G45110,자동차 신품 판매업,43,충청북도,43770,음성군,43770340,대소면,4377034022,대소면,4.37703402210534e+18,1,대지,충청북도 음성군 대소면 태생리 534,437704541693,충청북도 음성군 대소면 오태로137번길,4.37703402210534e+24,충청북도 음성군 대소면 오태로137번길 13,27666.0,1.0
MA010120220812515443,가자스크린,골프연습장,R1,예술·스포츠,R103,스포츠 서비스,R10311,골프 연습장,R91136,골프 연습장 운영업,43,충청북도,43111,청주시 상당구,43111720,용암1동,4311112400,용암동,4.3111124001163295e+18,1,대지,충청북도 청주시 상당구 용암동 1633,431114508560,충청북도 청주시 상당구 월평로184번길,4.31111240011633e+24,충청북도 청주시 상당구 월평로184번길 19,28776.0,2.0
MA010120220814027891,만복국수집청주,교대점,I2,음식,I201,한식,I20105,국수/칼국수,I56111,한식 일반 음식점업,43,충청북도,43112,청주시 서원구,43112570,수곡1동,4311210700,수곡동,4.31121070010094e+18,1,대지,충청북도 청주시 서원구 수곡동 94-9,431123237013,충청북도 청주시 서원구 구룡산로,4.31131090010094e+24,충청북도 청주시 서원구 구룡산로 379-1,28677.0,1.0
MA010120220810139533,하노이쌀국수베트남-PHOHANOI,전문점,I2,음식,I205,동남아시아,I20501,베트남식 전문,I56129,기타 외국식 음식점업,43,충청북도,43114,청주시 청원구,43114253,오창읍,4311425345,오창읍,4.31142534510818e+18,1,대지,충청북도 청주시 청원구 오창읍 양청리 818-4,431143240077,충청북도 청주시 청원구 오창읍 중심상업로,4.37102534500818e+24,충청북도 청주시 청원구 오창읍 중심상업로 20,28119.0,1.0
MA010120220813474453,세븐일레븐청주가덕,로드점,G2,소매,G204,종합 소매,G20405,편의점,G47122,체인화 편의점,43,충청북도,43111,청주시 상당구,43111330,가덕면,4311133032,가덕면,4.3111330321016095e+18,1,대지,충청북도 청주시 상당구 가덕면 금거리 161-1,431113236065,충청북도 청주시 상당구 가덕면 단재로,4.37103303300161e+24,충청북도 청주시 상당구 가덕면 단재로 1625,28205.0,1.0
MA010120220806316517,충북스포츠,백화점,G2,소매,G213,오락용품 소매,G21304,운동용품 소매업,G47631,운동 및 경기용품 소매업,43,충청북도,43112,청주시 서원구,43112510,사직1동,4311210100,사직동,4.31121010010813e+18,1,대지,충청북도 청주시 서원구 사직동 813,431123237098,충청북도 청주시 서원구 흥덕로,4.31131010010813e+24,충청북도 청주시 서원구 흥덕로 28,28556.0,1.0
MA010120220812202620,디피코제천총판,대리점,G2,소매,G215,의약·화장품 소매,G21502,의료기기 소매업,G47812,의료용 기구 소매업,43,충청북도,43150,제천시,43150528,중앙동,4315010700,중앙로2가,4.31501070010109e+18,1,대지,충청북도 제천시 중앙로2가 109-2,431503239051,충청북도 제천시 용두천로,4.31501070010108e+24,충청북도 제천시 용두천로 129,27173.0,1.0
MA010120220813493108,세븐일레븐음성삼성,시장점,G2,소매,G204,종합 소매,G20405,편의점,G47122,체인화 편의점,43,충청북도,43770,음성군,43770350,삼성면,4377035021,삼성면,4.37703502110508e+18,1,대지,충청북도 음성군 삼성면 덕정리 508-6,437703247013,충청북도 음성군 삼성면 덕정로,4.37703502110508e+24,충청북도 음성군 삼성면 덕정로 51,27649.0,1.0
MA010120220804046074,세븐일레븐음성감곡,북부점,G2,소매,G204,종합 소매,G20405,편의점,G47122,체인화 편의점,43,충청북도,43770,음성군,43770370,감곡면,4377037021,감곡면,4.3770370211083295e+18,1,대지,충청북도 음성군 감곡면 오향리 833-4,437703238087,충청북도 음성군 감곡면 북부로,4.37703702110833e+24,충청북도 음성군 감곡면 북부로 36,27611.0,1.0
MA010120220806539059,이마트24충주건대,병원점,G2,소매,G204,종합 소매,G20405,편의점,G47122,체인화 편의점,43,충청북도,43130,충주시,43130540,교현2동,4313010500,교현동,4.3130105001062e+18,1,대지,충청북도 충주시 교현동 620-5,431302238002,충청북도 충주시 국원대로,4.3130105001062e+24,충청북도 충주시 국원대로 82,27376.0,1.0
MA010120220801612891,강여사,곱창전골,I2,음식,I201,한식,I20101,백반/한정식,I56111,한식 일반 음식점업,43,충청북도,43114,청주시 청원구,43114253,오창읍,4311425330,오창읍,4.31142533010079e+18,1,대지,충청북도 청주시 청원구 오창읍 장대리 79-1,431144520483,충청북도 청주시 청원구 오창읍 오창시내1길,4.37102533010016e+24,충청북도 청주시 청원구 오창읍 오창시내1길 8,28129.0,1.0
MA010120220805618039,신영대농개발주,청주지점,R1,예술·스포츠,R103,스포츠 서비스,R10306,종합 스포츠시설,R91131,종합 스포츠시설 운영업,43,충청북도,43113,청주시 흥덕구,43113741,복대1동,4311311400,복대동,4.31131140013379e+18,1,대지,충청북도 청주시 흥덕구 복대동 3379,431133237020,충청북도 청주시 흥덕구 대농로,4.31131140010584e+24,충청북도 청주시 흥덕구 대농로 17,28424.0,3.0
MA010120220803991856,달꽃다방,청주대점,I2,음식,I212,비알코올,I21201,카페,I56221,커피 전문점,43,충청북도,43114,청주시 청원구,43114530,내덕2동,4311410200,내덕동,4.31141020010115e+18,1,대지,충청북도 청주시 청원구 내덕동 115-130,431143236036,충청북도 청주시 청원구 안덕벌로,4.31111140010115e+24,충청북도 청주시 청원구 안덕벌로 58,28497.0,1.0
MA010120220803023766,메가엠지씨커피청주,개신점,I2,음식,I212,비알코올,I21201,카페,I56221,커피 전문점,43,충청북도,43112,청주시 서원구,43112590,성화.개신.죽림동,4311210900,개신동,4.31121090010624e+18,1,대지,충청북도 청주시 서원구 개신동 624,431123237008,충청북도 청주시 서원구 경신로,4.31131110010624e+24,충청북도 청주시 서원구 경신로 31-1,28608.0,1.0
MA010120220803381758,동명카츠충북,혁신점,I2,음식,I203,일식,I20302,일식 카레/돈가스/덮밥,I56122,일식 음식점업,43,충청북도,43750,진천군,43750253,덕산읍,4375025325,덕산읍,4.3750253251255506e+18,1,대지,충청북도 진천군 덕산읍 두촌리 2555,437504541650,충청북도 진천군 덕산읍 예지1길,4.37503102512555e+24,충청북도 진천군 덕산읍 예지1길 9,27875.0,1.0
MA010120220802284248,구제,백화점,G2,소매,G222,중고 상품 소매,G22201,중고 상품 소매업,G47869,기타 중고 상품 소매업,43,충청북도,43113,청주시 흥덕구,43113751,봉명1동,4311311500,봉명동,4.311311500102e+18,1,대지,충청북도 청주시 흥덕구 봉명동 200-16,431133237031,충청북도 청주시 흥덕구 봉명로,4.311311500102e+24,충청북도 청주시 흥덕구 봉명로 111,28572.0,1.0
MA010120220803653372,미셸청주점,롯데아울렛,G2,소매,G209,섬유·의복·신발 소매,G20910,신발 소매업,G47430,신발 소매업,43,충청북도,43113,청주시 흥덕구,43113760,강서1동,4311313800,비하동,4.31131380010811e+18,1,대지,충청북도 청주시 흥덕구 비하동 811,431133014065,충청북도 청주시 흥덕구 2순환로,4.31131380010332e+24,충청북도 청주시 흥덕구 2순환로 1004,28360.0,1.0
MA010120220808908643,씨유충주연수,행복점,G2,소매,G204,종합 소매,G20405,편의점,G47122,체인화 편의점,43,충청북도,43130,충주시,43130630,연수동,4313011800,연수동,4.3130118001121894e+18,1,대지,충청북도 충주시 연수동 1219,431302238002,충청북도 충주시 국원대로,4.31301180011219e+24,충청북도 충주시 국원대로 171,27356.0,1.0
MA010120220802832569,웨스트우드,청원점,G2,소매,G209,섬유·의복·신발 소매,G20905,기타 의류 소매업,G47419,기타 의복 소매업,43,충청북도,43112,청주시 서원구,43112310,남이면,4311231022,남이면,4.31123102210406e+18,1,대지,충청북도 청주시 서원구 남이면 외천리 406,431123236067,충청북도 청주시 서원구 남이면 청남로,4.37103502210406e+24,충청북도 청주시 서원구 남이면 청남로 1088,28185.0,1.0
MA010120220805695074,감탄,개신점,I2,음식,I210,기타 간이,I21007,김밥/만두/분식,I56194,김밥 및 기타 간이 음식점업,43,충청북도,43112,청주시 서원구,43112590,성화.개신.죽림동,4311210900,개신동,4.31121090010632e+18,1,대지,충청북도 청주시 서원구 개신동 632,431123237008,충청북도 청주시 서원구 경신로,4.31131110010632e+24,충청북도 청주시 서원구 경신로 40,28611.0,1.0
MA010120220806322266,던킨도너츠,청주대점,I2,음식,I210,기타 간이,I21001,빵/도넛,I56191,제과점업,43,충청북도,43114,청주시 청원구,43114510,우암동,4311410100,우암동,4.3114101001032294e+18,1,대지,충청북도 청주시 청원구 우암동 323-7,431143236058,충청북도 청주시 청원구 직지대로,4.31111130010323e+24,충청북도 청주시 청원구 직지대로 880,28535.0,1.0
MA010120220806267752,교촌치킨봉명,1호점,I2,음식,I210,기타 간이,I21006,치킨,I56193,치킨 전문점,43,충청북도,43113,청주시 흥덕구,43113756,봉명2.송정동,4311311500,봉명동,4.31131150012844e+18,1,대지,충청북도 청주시 흥덕구 봉명동 2844-3,431134511762,충청북도 청주시 흥덕구 월명로178번길,4.31131150012844e+24,충청북도 청주시 흥덕구 월명로178번길 55,28463.0,1.0
MA010120220811674446,푸드,코리아,I2,음식,I204,서양식,I20401,경양식,I56123,서양식 음식점업,43,충청북도,43111,청주시 상당구,43111720,용암1동,4311112500,용정동,4.3111125001060306e+18,1,대지,충청북도 청주시 상당구 용정동 603,431114508453,충청북도 청주시 상당구 영운천로129번길,4.31111250010603e+24,충청북도 청주시 상당구 영운천로129번길 30,28730.0,1.0
MA010120220810436033,신기떡볶이,청담동,I2,음식,I210,기타 간이,I21007,김밥/만두/분식,I56194,김밥 및 기타 간이 음식점업,43,충청북도,43111,청주시 상당구,43111525,중앙동,4311111200,수동,4.31111120010412e+18,1,대지,충청북도 청주시 상당구 수동 412-4,431114508307,충청북도 청주시 상당구 상당로186번길,4.31111120010412e+24,충청북도 청주시 상당구 상당로186번길 31,28508.0,1.0
MA010120220802311725,멕시카나,금천점,I2,음식,I210,기타 간이,I21006,치킨,I56193,치킨 전문점,43,충청북도,43111,청주시 상당구,43111680,금천동,4311112000,금천동,4.31111200010096e+18,1,대지,충청북도 청주시 상당구 금천동 96-34,431114508385,충청북도 청주시 상당구 쇠내로91번길,4.31111200010096e+24,충청북도 청주시 상당구 쇠내로91번길 12,28733.0,1.0
MA010120220811758281,맘스핸즈셀프빨래방장락,고암점,S2,수리·개인,S209,세탁,S20902,셀프 빨래방,S96912,가정용 세탁업,43,충청북도,43150,제천시,43150510,교동,4315011600,장락동,4.31501160010436e+18,1,대지,충청북도 제천시 장락동 436-6,431504844152,충청북도 제천시 죽하로11길,4.31501160010436e+24,충청북도 제천시 죽하로11길 3,27148.0,1.0
MA010120220803875553,스노우피크,제천점,G2,소매,G209,섬유·의복·신발 소매,G20905,기타 의류 소매업,G47414,셔츠 및 블라우스 소매업,43,충청북도,43150,제천시,43150528,중앙동,4315010600,중앙로1가,4.31501060010114e+18,1,대지,충청북도 제천시 중앙로1가 114-39,431503239074,충청북도 제천시 풍양로,4.31501060010114e+24,충청북도 제천시 풍양로 100,27173.0,1.0
MA010120220800809518,김밥천국,증평점,I2,음식,I210,기타 간이,I21007,김밥/만두/분식,I56194,김밥 및 기타 간이 음식점업,43,충청북도,43745,증평군,43745250,증평읍,4374525023,증평읍,4.3745250231000494e+18,1,대지,충청북도 증평군 증평읍 중동리 5,437453244026,충청북도 증평군 증평읍 중앙로,4.37452502310005e+24,충청북도 증평군 증평읍 중앙로 215,27927.0,1.0
MA010120220812659691,아리따움청주,분평점,G2,소매,G215,의약·화장품 소매,G21503,화장품 소매업,G47813,화장품; 비누 및 방향제 소매업,43,충청북도,43112,청주시 서원구,43112560,분평동,4311210600,분평동,4.31121060011378e+18,1,대지,충청북도 청주시 서원구 분평동 1378,431123237034,충청북도 청주시 서원구 분평로,4.31131080011378e+24,충청북도 청주시 서원구 분평로 36,28799.0,1.0
MA010120220811231469,바디앤솔청주,동남점,P1,교육,P106,기타 교육,P10603,요가/필라테스 학원,P85612,기타 스포츠 교육기관,43,충청북도,43111,청주시 상당구,43111720,용암1동,4311112400,용암동,4.3111124001307694e+18,1,대지,충청북도 청주시 상당구 용암동 3077,431113236055,충청북도 청주시 상당구 중고개로,4.31111240013077e+24,충청북도 청주시 상당구 중고개로 129,28808.0,8.0
MA010120220804763541,포토이즘박스충주,연수점,M1,과학·기술,M113,사진 촬영,M11301,사진촬영업,S96999,그 외 기타 달리 분류되지 않은 개인 서비스업,43,충청북도,43130,충주시,43130630,연수동,4313011800,연수동,4.31301180011596e+18,1,대지,충청북도 충주시 연수동 1596,431304515010,충청북도 충주시 연수동산로6길,4.31301180011596e+24,충청북도 충주시 연수동산로6길 21,27352.0,1.0
MA010120220812909411,말자싸롱가경점,청담동,I2,음식,I211,주점,I21103,생맥주 전문,I56213,생맥주 전문점,43,충청북도,43113,청주시 흥덕구,43113747,가경동,4311311300,가경동,4.3113113001018097e+18,1,대지,충청북도 청주시 흥덕구 가경동 181-1,431133237002,충청북도 청주시 흥덕구 가경로,4.31131130010181e+24,충청북도 청주시 흥덕구 가경로 85,28402.0,1.0
MA010120220800397181,커피나무,혁신점,I2,음식,I212,비알코올,I21201,카페,I56221,커피 전문점,43,충청북도,43750,진천군,43750253,덕산읍,4375025325,덕산읍,4.37502532513021e+18,1,대지,충청북도 진천군 덕산읍 두촌리 3021,437503245039,충청북도 진천군 덕산읍 교학로,4.37503102513021e+24,충청북도 진천군 덕산읍 교학로 30,27873.0,1.0
MA010120220812223173,지에스25개신,3단지점,G2,소매,G204,종합 소매,G20405,편의점,G47122,체인화 편의점,43,충청북도,43112,청주시 서원구,43112590,성화.개신.죽림동,4311210900,개신동,4.31121090010619e+18,1,대지,충청북도 청주시 서원구 개신동 619,431123237008,충청북도 청주시 서원구 경신로,4.31131110010619e+24,충청북도 청주시 서원구 경신로 31-14,28608.0,1.0
MA010120220812260601,아이디어안경원,오창점,G2,소매,G216,안경·정밀기기 소매,G21602,안경렌즈 소매업,G47822,안경 및 렌즈 소매업,43,충청북도,43114,청주시 청원구,43114253,오창읍,4311425345,오창읍,4.3114253451082097e+18,1,대지,충청북도 청주시 청원구 오창읍 양청리 821-2,431142014001,충청북도 청주시 청원구 오창읍 오창대로,4.37102534500821e+24,충청북도 청주시 청원구 오창읍 오창대로 315,28120.0,1.0
MA010120220808378742,쭈낙해물칼국수청주,본점,I2,음식,I201,한식,I20105,국수/칼국수,I56112,한식 면 요리 전문점,43,충청북도,43113,청주시 흥덕구,43113756,봉명2.송정동,4311311500,봉명동,4.311311500123581e+18,1,대지,충청북도 청주시 흥덕구 봉명동 2358,431134511259,충청북도 청주시 흥덕구 덕암로41번길,4.31131150012358e+24,충청북도 청주시 흥덕구 덕암로41번길 83,28461.0,3.0
MA010120220812196861,지오지아청주,지웰시티점,G2,소매,G209,섬유·의복·신발 소매,G20901,남성 의류 소매업,G47411,남자용 겉옷 소매업,43,충청북도,43113,청주시 흥덕구,43113741,복대1동,4311311400,복대동,4.31131140013379e+18,1,대지,충청북도 청주시 흥덕구 복대동 3379,431133237020,충청북도 청주시 흥덕구 대농로,4.31131140010584e+24,충청북도 청주시 흥덕구 대농로 17,28424.0,2.0
MA010120220804338909,제천지역자활센터스팀맨충북,제천점,S2,수리·개인,S203,자동차 수리·세차,S20302,자동차 세차장,S95213,자동차 세차업,43,충청북도,43150,제천시,43150605,화산동,4315010900,화산동,4.3150109001089894e+18,1,대지,충청북도 제천시 화산동 899,431504517769,충청북도 제천시 의림대로2길,4.31501090010899e+24,충청북도 제천시 의림대로2길 65,27197.0,1.0
MA010120220811124485,신백점,꽁꽁냠냠,G2,소매,G204,종합 소매,G20404,슈퍼마켓,G47216,빵류; 과자류 및 당류 소매업,43,충청북도,43150,제천시,43150577,신백동,4315012000,신백동,4.3150120001020303e+18,1,대지,충청북도 제천시 신백동 203-65,431504517526,충청북도 제천시 신백로12길,4.31501200010203e+24,충청북도 제천시 신백로12길 16,27179.0,1.0
MA010120220805239530,샐러데이즈충주,호암점,I2,음식,I210,기타 간이,I21099,그 외 기타 간이 음식점,I56199,간이 음식 포장 판매 전문점,43,충청북도,43130,충주시,43130580,호암.직동,4313010700,호암동,4.3130107001098895e+18,1,대지,충청북도 충주시 호암동 989,431304856104,충청북도 충주시 호암수청1로,4.31301070010989e+24,충청북도 충주시 호암수청1로 55,27502.0,1.0
MA010120220804542395,짬뽕지존,오창점,I2,음식,I202,중식,I20201,중국집,I56121,중식 음식점업,43,충청북도,43114,청주시 청원구,43114253,오창읍,4311425345,오창읍,4.31142534510788e+18,1,대지,충청북도 청주시 청원구 오창읍 양청리 788-3,431143240077,충청북도 청주시 청원구 오창읍 중심상업로,4.37102534500788e+24,충청북도 청주시 청원구 오창읍 중심상업로 31-10,28120.0,1.0
MA010120220813939360,오봉집충북,혁신도시점,I2,음식,I201,한식,I20101,백반/한정식,I56111,한식 일반 음식점업,43,충청북도,43770,음성군,43770330,맹동면,4377033028,맹동면,4.3770330281137695e+18,1,대지,충청북도 음성군 맹동면 두성리 1377,437703247042,충청북도 음성군 맹동면 원중로,4.37703302811377e+24,충청북도 음성군 맹동면 원중로 1406,27738.0,1.0
MA010120220813799808,설빙청주,율량점,I2,음식,I212,비알코올,I21201,카페,I56229,기타 비알코올 음료점업,43,충청북도,43114,청주시 청원구,43114550,오근장동,4311410500,주성동,4.31141050010348e+18,1,대지,충청북도 청주시 청원구 주성동 348,431143236054,충청북도 청주시 청원구 주성로,4.31111310010348e+24,충청북도 청주시 청원구 주성로 269,28318.0,2.0
MA010120220806330135,왕천파닭,율량점,I2,음식,I210,기타 간이,I21006,치킨,I56193,치킨 전문점,43,충청북도,43114,청주시 청원구,43114540,율량.사천동,4311410300,율량동,4.3114103001079e+18,1,대지,충청북도 청주시 청원구 율량동 790,431144508046,충청북도 청주시 청원구 공항로150번길,4.3111115001079e+24,충청북도 청주시 청원구 공항로150번길 30,28328.0,1.0
MA010120220805721293,지니스안경제천,중앙점,G2,소매,G216,안경·정밀기기 소매,G21602,안경렌즈 소매업,G47822,안경 및 렌즈 소매업,43,충청북도,43150,제천시,43150528,중앙동,4315010700,중앙로2가,4.31501070010088e+18,1,대지,충청북도 제천시 중앙로2가 88-13,431502239002,충청북도 제천시 의림대로,4.31501070010088e+24,충청북도 제천시 의림대로 128,27173.0,1.0
MA010120220805394486,마스터플랜스터디카페충북,음성점,R1,예술·스포츠,R102,도서관·사적지,R10202,독서실/스터디 카페,R90212,독서실 운영업,43,충청북도,43770,음성군,43770250,음성읍,4377025021,음성읍,4.37702502110482e+18,1,대지,충청북도 음성군 음성읍 읍내리 482-4,437703247030,충청북도 음성군 음성읍 수정로,4.37702502110482e+24,충청북도 음성군 음성읍 수정로 28,27703.0,3.0
MA010120220803006742,연희네닭강정운동동,본점,I2,음식,I210,기타 간이,I21006,치킨,I56193,치킨 전문점,43,충청북도,43111,청주시 상당구,43111730,용암2동,4311112900,운동동,4.31111290010235e+18,1,대지,충청북도 청주시 상당구 운동동 235-3,431113014001,충청북도 청주시 상당구 목련로,4.31111290010235e+24,충청북도 청주시 상당구 목련로 202,28758.0,1.0
MA010120220802146470,굽네치킨,가경점,I2,음식,I210,기타 간이,I21006,치킨,I56193,치킨 전문점,43,충청북도,43113,청주시 흥덕구,43113747,가경동,4311311300,가경동,4.31131130011478e+18,1,대지,충청북도 청주시 흥덕구 가경동 1478-4,431133237007,충청북도 청주시 흥덕구 경산로,4.31131130011478e+24,충청북도 청주시 흥덕구 경산로 28,28403.0,1.0
MA010120220810155957,카페인더문,율량점,I2,음식,I212,비알코올,I21201,카페,I56221,커피 전문점,43,충청북도,43114,청주시 청원구,43114540,율량.사천동,4311410300,율량동,4.3114103001206497e+18,1,대지,충청북도 청주시 청원구 율량동 2065,431144844107,충청북도 청주시 청원구 율량로202번길,4.31141030012065e+24,충청북도 청주시 청원구 율량로202번길 12,28320.0,1.0
MA010120220810583230,이바돔감자탕충북,제천점,I2,음식,I201,한식,I20102,국/탕/찌개류,I56111,한식 일반 음식점업,43,충청북도,43150,제천시,43150605,화산동,4315012100,강제동,4.31501210010832e+18,1,대지,충청북도 제천시 강제동 832,431503239001,충청북도 제천시 강저로,4.31501210010832e+24,충청북도 제천시 강저로 246,27192.0,3.0
MA010120220805531415,슈슈앤크라,제천점,G2,소매,G209,섬유·의복·신발 소매,G20903,유아용 의류 소매업,G47417,유아용 의류 소매업,43,충청북도,43150,제천시,43150528,중앙동,4315010700,중앙로2가,4.31501070010088e+18,1,대지,충청북도 제천시 중앙로2가 88-3,431504517306,충청북도 제천시 명륜로16길,4.31501070010165e+24,충청북도 제천시 명륜로16길 20,27173.0,1.0
MA010120220801837335,이마트24청주테라,스퀘어점,G2,소매,G204,종합 소매,G20405,편의점,G47122,체인화 편의점,43,충청북도,43113,청주시 흥덕구,43113741,복대1동,4311311400,복대동,4.31131140010288e+18,1,대지,충청북도 청주시 흥덕구 복대동 288-6,431133237020,충청북도 청주시 흥덕구 대농로,4.31131140010288e+24,충청북도 청주시 흥덕구 대농로 33,28424.0,1.0
MA010120220806513653,리부트청주센터,코리아,N1,시설관리·임대,N104,고용 알선,N10401,고용 알선업,N75110,고용 알선업,43,충청북도,43112,청주시 서원구,43112510,사직1동,4311210100,사직동,4.31121010010265e+18,1,대지,충청북도 청주시 서원구 사직동 265-35,431123237036,충청북도 청주시 서원구 사운로,4.31131010010265e+24,충청북도 청주시 서원구 사운로 81,28555.0,3.0
MA010120220805579423,이삭토스트충북대,중문점,I2,음식,I210,기타 간이,I21005,토스트/샌드위치/샐러드,I56192,피자; 햄버거; 샌드위치 및 유사 음식점업,43,충청북도,43112,청주시 서원구,43112530,사창동,4311210200,사창동,4.3112102001046497e+18,1,대지,충청북도 청주시 서원구 사창동 465-1,431124512173,충청북도 청주시 서원구 1순환로674번길,4.31131020010465e+24,충청북도 청주시 서원구 1순환로674번길 66,28643.0,1.0
MA010120220805602014,제임스딘에스케이,하이닉스점,G2,소매,G209,섬유·의복·신발 소매,G20905,기타 의류 소매업,G47413,속옷 및 잠옷 소매업,43,충청북도,43113,청주시 흥덕구,43113770,강서2동,4311313700,향정동,4.3113137001012495e+18,1,대지,충청북도 청주시 흥덕구 향정동 125,431133014065,충청북도 청주시 흥덕구 2순환로,4.31131370010125e+24,충청북도 청주시 흥덕구 2순환로 959,28433.0,1.0
MA010120220810195147,휴대폰대통령,옥천점,G2,소매,G208,가전·통신 소매,G20802,핸드폰 소매업,G47312,통신기기 소매업,43,충청북도,43730,옥천군,43730250,옥천읍,4373025037,옥천읍,4.37302503710266e+18,1,대지,충청북도 옥천군 옥천읍 장야리 266-12,437303242012,충청북도 옥천군 옥천읍 문장로,4.37302503710266e+24,충청북도 옥천군 옥천읍 문장로 82,29046.0,1.0
MA010120220813574610,우림칼국수,율량점,I2,음식,I201,한식,I20105,국수/칼국수,I56112,한식 면 요리 전문점,43,충청북도,43114,청주시 청원구,43114550,오근장동,4311410600,주중동,4.31141060010898e+18,1,대지,충청북도 청주시 청원구 주중동 898,431144844093,충청북도 청주시 청원구 율량로3번길,4.31141060010898e+24,충청북도 청주시 청원구 율량로3번길 3,28323.0,1.0
MA010120220803396989,씨유제천장락,4단지점,G2,소매,G204,종합 소매,G20405,편의점,G47122,체인화 편의점,43,충청북도,43150,제천시,43150510,교동,4315011600,장락동,4.31501160011043e+18,1,대지,충청북도 제천시 장락동 1043,431504517196,충청북도 제천시 내토로59길,4.31501160010411e+24,충청북도 제천시 내토로59길 7,27149.0,1.0
MA010120220808547616,큰통치킨,가경점,I2,음식,I210,기타 간이,I21006,치킨,I56193,치킨 전문점,43,충청북도,43113,청주시 흥덕구,43113747,가경동,4311311300,가경동,4.31131130011516e+18,1,대지,충청북도 청주시 흥덕구 가경동 1516,431133237002,충청북도 청주시 흥덕구 가경로,4.31131130011516e+24,충청북도 청주시 흥덕구 가경로 72,28408.0,1.0
MA010120220810020659,용산부속구이,1호점,I2,음식,I201,한식,I20107,돼지고기 구이/찜,I56113,한식 육류 요리 전문점,43,충청북도,43130,충주시,43130550,용산동,4313010600,용산동,4.3130106001156e+18,1,대지,충청북도 충주시 용산동 1560-2,431304514153,충청북도 충주시 금봉4길,4.3130106001156e+24,충청북도 충주시 금봉4길 13-1,27398.0,1.0
MA010120220805564190,또봉이통닭율량,사천점,I2,음식,I210,기타 간이,I21006,치킨,I56193,치킨 전문점,43,충청북도,43114,청주시 청원구,43114540,율량.사천동,4311410300,율량동,4.3114103001127506e+18,1,대지,충청북도 청주시 청원구 율량동 1275,431144508258,충청북도 청주시 청원구 사뜸로61번길,4.31111150011276e+24,충청북도 청주시 청원구 사뜸로61번길 32,28340.0,1.0
MA010120220808409725,게스청주점,롯데아울렛,G2,소매,G209,섬유·의복·신발 소매,G20905,기타 의류 소매업,G47414,셔츠 및 블라우스 소매업,43,충청북도,43113,청주시 흥덕구,43113760,강서1동,4311313800,비하동,4.31131380010811e+18,1,대지,충청북도 청주시 흥덕구 비하동 811,431133014065,충청북도 청주시 흥덕구 2순환로,4.31131380010332e+24,충청북도 청주시 흥덕구 2순환로 1004,28360.0,3.0
MA010120220805599727,디케이엔와이남성현대,충청점,G2,소매,G209,섬유·의복·신발 소매,G20905,기타 의류 소매업,G47414,셔츠 및 블라우스 소매업,43,충청북도,43113,청주시 흥덕구,43113741,복대1동,4311311400,복대동,4.3113114001338e+18,1,대지,충청북도 청주시 흥덕구 복대동 3380,431133236058,충청북도 청주시 흥덕구 직지대로,4.31131140010584e+24,충청북도 청주시 흥덕구 직지대로 308,28424.0,4.0
MA010120220807715408,포토이즘박스/컬러드청주,지웰시티점,M1,과학·기술,M113,사진 촬영,M11301,사진촬영업,S96999,그 외 기타 달리 분류되지 않은 개인 서비스업,43,충청북도,43113,청주시 흥덕구,43113741,복대1동,4311311400,복대동,4.31131140010288e+18,1,대지,충청북도 청주시 흥덕구 복대동 288-118,431133237020,충청북도 청주시 흥덕구 대농로,4.31131140010288e+24,충청북도 청주시 흥덕구 대농로 58,28427.0,1.0
MA010120220804955527,올리브영,충북영동점,G2,소매,G215,의약·화장품 소매,G21503,화장품 소매업,G47813,화장품; 비누 및 방향제 소매업,43,충청북도,43740,영동군,43740250,영동읍,4374025021,영동읍,4.3740250211069696e+18,1,대지,충청북도 영동군 영동읍 계산리 697-10,437403243042,충청북도 영동군 영동읍 영산로,4.37402502110697e+24,충청북도 영동군 영동읍 영산로 8,29145.0,1.0
MA010120220805619970,글로벌주,코리아,N1,시설관리·임대,N104,고용 알선,N10401,고용 알선업,N75110,고용 알선업,43,충청북도,43113,청주시 흥덕구,43113700,운천.신봉동,4311310400,운천동,4.31131040011112e+18,1,대지,충청북도 청주시 흥덕구 운천동 1112,431133236058,충청북도 청주시 흥덕구 직지대로,4.31131040011112e+24,충청북도 청주시 흥덕구 직지대로 767,28470.0,5.0
MA010120220807140468,피자마루,보은점,I2,음식,I210,기타 간이,I21003,피자,I56192,피자; 햄버거; 샌드위치 및 유사 음식점업,43,충청북도,43720,보은군,43720250,보은읍,4372025021,보은읍,4.37202502110038e+18,1,대지,충청북도 보은군 보은읍 삼산리 38-3,437203241011,충청북도 보은군 보은읍 보은로,4.37202502110038e+24,충청북도 보은군 보은읍 보은로 96,28949.0,1.0
MA010120220806642045,시너지플레이스스터디카페청주,용암점,R1,예술·스포츠,R102,도서관·사적지,R10202,독서실/스터디 카페,R90212,독서실 운영업,43,충청북도,43111,청주시 상당구,43111720,용암1동,4311112400,용암동,4.31111240011672e+18,1,대지,충청북도 청주시 상당구 용암동 1672,431113236049,충청북도 청주시 상당구 월평로,4.31111240011672e+24,충청북도 청주시 상당구 월평로 192,28776.0,6.0
MA010120220808247438,무모한초밥,금왕점,I2,음식,I203,일식,I20301,일식 회/초밥,I56122,일식 음식점업,43,충청북도,43770,음성군,43770253,금왕읍,4377025321,금왕읍,4.37702532110244e+18,1,대지,충청북도 음성군 금왕읍 무극리 244-9,437704541211,충청북도 음성군 금왕읍 무극로286번길,4.37702532110244e+24,충청북도 음성군 금왕읍 무극로286번길 1,27634.0,1.0
MA010120220805702344,법인발효,코리아,P1,교육,P106,기타 교육,P10629,그 외 기타 교육기관,P85699,그 외 기타 분류 안된 교육기관,43,충청북도,43760,괴산군,43760320,장연면,4376032021,장연면,4.37603202110563e+18,1,대지,충청북도 괴산군 장연면 오가리 563-1,437604538318,충청북도 괴산군 장연면 미선로오가2길,4.37603202110563e+24,충청북도 괴산군 장연면 미선로오가2길 32,28009.0,1.0
MA010120220806080525,좋은고기숯불,전문점,I2,음식,I201,한식,I20107,돼지고기 구이/찜,I56113,한식 육류 요리 전문점,43,충청북도,43114,청주시 청원구,43114253,오창읍,4311425345,오창읍,4.3114253451082097e+18,1,대지,충청북도 청주시 청원구 오창읍 양청리 821-2,431142014001,충청북도 청주시 청원구 오창읍 오창대로,4.37102534500821e+24,충청북도 청주시 청원구 오창읍 오창대로 315,28120.0,1.0
MA010120220808296569,살롱드도로시충주,호암점,S2,수리·개인,S207,이용·미용,S20701,미용실,S96112,두발 미용업,43,충청북도,43130,충주시,43130580,호암.직동,4313010700,호암동,4.3130107001014006e+18,1,대지,충청북도 충주시 호암동 140-23,431303238083,충청북도 충주시 형설로,4.3130107001014e+24,충청북도 충주시 형설로 5,27483.0,1.0
MA010120220806643161,씨유청주,중앙점,G2,소매,G204,종합 소매,G20405,편의점,G47122,체인화 편의점,43,충청북도,43111,청주시 상당구,43111525,중앙동,4311110300,북문로2가,4.3111103001006295e+18,1,대지,충청북도 청주시 상당구 북문로2가 63-3,431113236025,충청북도 청주시 상당구 사직대로,4.31111030010063e+24,충청북도 청주시 상당구 사직대로 363-1,28545.0,1.0
MA010120220807146441,커피인터뷰,충청점,I2,음식,I212,비알코올,I21201,카페,I56221,커피 전문점,43,충청북도,43113,청주시 흥덕구,43113741,복대1동,4311311400,복대동,4.3113114001338e+18,1,대지,충청북도 청주시 흥덕구 복대동 3380,431133236058,충청북도 청주시 흥덕구 직지대로,4.31131140010584e+24,충청북도 청주시 흥덕구 직지대로 308,28424.0,3.0
MA010120220808778386,포토이즘박스청주,율량점,M1,과학·기술,M113,사진 촬영,M11301,사진촬영업,S96999,그 외 기타 달리 분류되지 않은 개인 서비스업,43,충청북도,43114,청주시 청원구,43114540,율량.사천동,4311410300,율량동,4.3114103001202493e+18,1,대지,충청북도 청주시 청원구 율량동 2025,431144844105,충청북도 청주시 청원구 율량로190번길,4.31141030012025e+24,충청북도 청주시 청원구 율량로190번길 63,28320.0,1.0
MA010120220806624337,세무법인백두,청주지점,M1,과학·기술,M104,회계·세무,M10402,세무사,M71202,세무사업,43,충청북도,43111,청주시 상당구,43111545,성안동,4311110200,북문로1가,4.3111102001006694e+18,1,대지,충청북도 청주시 상당구 북문로1가 67-5,431114508333,충청북도 청주시 상당구 상당로69번길,4.31111020010067e+24,충청북도 청주시 상당구 상당로69번길 21,28530.0,3.0
MA010120220806704909,세븐청주가경센터점,코리아,G2,소매,G204,종합 소매,G20405,편의점,G47122,체인화 편의점,43,충청북도,43113,청주시 흥덕구,43113747,가경동,4311311300,가경동,4.31131130011043e+18,1,대지,충청북도 청주시 흥덕구 가경동 1043,431133237092,충청북도 청주시 흥덕구 풍년로,4.31131130011043e+24,충청북도 청주시 흥덕구 풍년로 182,28394.0,1.0
MA010120220808767879,말자광혜원점,청담동,I2,음식,I211,주점,I21103,생맥주 전문,I56213,생맥주 전문점,43,충청북도,43750,진천군,43750370,광혜원면,4375037027,광혜원면,4.3750370271052897e+18,1,대지,충청북도 진천군 광혜원면 광혜원리 529-109,437504535429,충청북도 진천군 광혜원면 화랑5길,4.37503702710529e+24,충청북도 진천군 광혜원면 화랑5길 16,27802.0,1.0
MA010120220811873086,햇살머믄꼬마김밥오창2,산단점,I2,음식,I210,기타 간이,I21007,김밥/만두/분식,I56194,김밥 및 기타 간이 음식점업,43,충청북도,43114,청주시 청원구,43114253,오창읍,4311425332,오창읍,4.3114253321054694e+18,1,대지,충청북도 청주시 청원구 오창읍 주성리 547,431143257079,충청북도 청주시 청원구 오창읍 2산단3로,4.31142533210547e+24,충청북도 청주시 청원구 오창읍 2산단3로 12,28117.0,1.0
MA010120220800674270,또래오래치킨&피자제천,중앙점,I2,음식,I210,기타 간이,I21006,치킨,I56193,치킨 전문점,43,충청북도,43150,제천시,43150537,남현동,4315010400,남천동,4.3150104001116303e+18,1,대지,충청북도 제천시 남천동 1163,431504517810,충청북도 제천시 의병대로18길,4.31501040011163e+24,충청북도 제천시 의병대로18길 10,27172.0,1.0
MA010120220805577195,발렌시아청주,롯데아울렛,G2,소매,G209,섬유·의복·신발 소매,G20905,기타 의류 소매업,G47419,기타 의복 소매업,43,충청북도,43113,청주시 흥덕구,43113760,강서1동,4311313800,비하동,4.31131380010811e+18,1,대지,충청북도 청주시 흥덕구 비하동 811,431133014065,충청북도 청주시 흥덕구 2순환로,4.31131380010332e+24,충청북도 청주시 흥덕구 2순환로 1004,28360.0,2.0
MA010120220813475509,33떡볶이오창롯데,캐슬점,I2,음식,I210,기타 간이,I21007,김밥/만두/분식,I56194,김밥 및 기타 간이 음식점업,43,충청북도,43114,청주시 청원구,43114253,오창읍,4311425345,오창읍,4.3114253451081e+18,1,대지,충청북도 청주시 청원구 오창읍 양청리 810-2,431143240095,충청북도 청주시 청원구 오창읍 중부로,4.3114253451081e+24,충청북도 청주시 청원구 오창읍 중부로 760,28118.0,1.0
MA010120220806263352,행복한참코다리,비하점,I2,음식,I201,한식,I20112,해산물 구이/찜,I56111,한식 일반 음식점업,43,충청북도,43113,청주시 흥덕구,43113760,강서1동,4311313800,비하동,4.31131380010236e+18,1,대지,충청북도 청주시 흥덕구 비하동 236-39,431133014065,충청북도 청주시 흥덕구 2순환로,4.31131380010236e+24,충청북도 청주시 흥덕구 2순환로 1132,28363.0,1.0
MA010120220811822955,하복대,중앙점,G2,소매,G209,섬유·의복·신발 소매,G20905,기타 의류 소매업,G47413,속옷 및 잠옷 소매업,43,충청북도,43113,청주시 흥덕구,43113741,복대1동,4311311400,복대동,4.31131140012544e+18,1,대지,충청북도 청주시 흥덕구 복대동 2544,431134511822,충청북도 청주시 흥덕구 증안로34번길,4.31131140012544e+24,충청북도 청주시 흥덕구 증안로34번길 10,28416.0,1.0
MA010120220812177597,2,글로리아,G2,소매,G209,섬유·의복·신발 소매,G20905,기타 의류 소매업,G47414,셔츠 및 블라우스 소매업,43,충청북도,43150,제천시,43150528,중앙동,4315010600,중앙로1가,4.31501060010077e+18,1,대지,충청북도 제천시 중앙로1가 77,431503239074,충청북도 제천시 풍양로,4.31501060010077e+24,충청북도 제천시 풍양로 108,27173.0,1.0
MA010120220806552996,본도시락충주,호암점,I2,음식,I201,한식,I20101,백반/한정식,I56111,한식 일반 음식점업,43,충청북도,43130,충주시,43130515,성내.충인동,4313010300,성서동,4.31301030010365e+18,1,대지,충청북도 충주시 성서동 365,431303238048,충청북도 충주시 예성로,4.31301030010365e+24,충청북도 충주시 예성로 155,27387.0,1.0
MA010120220805563072,팬텀,롯데아울렛,G2,소매,G209,섬유·의복·신발 소매,G20905,기타 의류 소매업,G47419,기타 의복 소매업,43,충청북도,43113,청주시 흥덕구,43113760,강서1동,4311313800,비하동,4.31131380010811e+18,1,대지,충청북도 청주시 흥덕구 비하동 811,431133014065,충청북도 청주시 흥덕구 2순환로,4.31131380010332e+24,충청북도 청주시 흥덕구 2순환로 1004,28360.0,1.0
MA010120220803546142,롯데리아,음성점,I2,음식,I210,기타 간이,I21004,버거,I56192,피자; 햄버거; 샌드위치 및 유사 음식점업,43,충청북도,43770,음성군,43770250,음성읍,4377025021,음성읍,4.3770250211032694e+18,1,대지,충청북도 음성군 음성읍 읍내리 327-17,437703247030,충청북도 음성군 음성읍 수정로,4.37702502110327e+24,충청북도 음성군 음성읍 수정로 53,27696.0,1.0
MA010120220805553590,GS율량,행복점,G2,소매,G204,종합 소매,G20405,편의점,G47122,체인화 편의점,43,충청북도,43114,청주시 청원구,43114540,율량.사천동,4311410300,율량동,4.31141030010992e+18,1,대지,충청북도 청주시 청원구 율량동 992,431144508646,충청북도 청주시 청원구 충청대로107번길,4.31141030010992e+24,충청북도 청주시 청원구 충청대로107번길 47,28332.0,1.0
MA010120220808559068,브이아이피,코리아,P1,교육,P106,기타 교육,P10629,그 외 기타 교육기관,P85699,그 외 기타 분류 안된 교육기관,43,충청북도,43130,충주시,43130535,교현.안림동,4313010500,교현동,4.3130105001022e+18,1,대지,충청북도 충주시 교현동 220-17,431304514447,충청북도 충주시 만리산9길,4.3130105001022e+24,충청북도 충주시 만리산9길 3,27383.0,2.0
MA010120220807387013,보은나화장품,코리아,G2,소매,G215,의약·화장품 소매,G21503,화장품 소매업,G47813,화장품; 비누 및 방향제 소매업,43,충청북도,43720,보은군,43720250,보은읍,4372025021,보은읍,4.3720250211015895e+18,1,대지,충청북도 보은군 보은읍 삼산리 159-4,437203241015,충청북도 보은군 보은읍 삼산로,4.37202502110159e+24,충청북도 보은군 보은읍 삼산로 36,28948.0,2.0
MA010120220808278395,써브웨이청주,충북대점,I2,음식,I210,기타 간이,I21005,토스트/샌드위치/샐러드,I56192,피자; 햄버거; 샌드위치 및 유사 음식점업,43,충청북도,43112,청주시 서원구,43112530,사창동,4311210200,사창동,4.3112102001048095e+18,1,대지,충청북도 청주시 서원구 사창동 481,431123236001,충청북도 청주시 서원구 1순환로,4.31131020010481e+24,충청북도 청주시 서원구 1순환로 676,28643.0,1.0
MA010120220804603500,올바른개성손만두청주,월오점,I2,음식,I210,기타 간이,I21007,김밥/만두/분식,I56111,한식 일반 음식점업,43,충청북도,43111,청주시 상당구,43111730,용암2동,4311113000,월오동,4.3111130001014897e+18,1,대지,충청북도 청주시 상당구 월오동 149-4,431114508140,충청북도 청주시 상당구 다리실로249번길,4.31111300010149e+24,충청북도 청주시 상당구 다리실로249번길 67-13,28758.0,1.0
MA010120220812099012,셀픽스청주,충북대점,M1,과학·기술,M113,사진 촬영,M11301,사진촬영업,S96999,그 외 기타 달리 분류되지 않은 개인 서비스업,43,충청북도,43112,청주시 서원구,43112530,사창동,4311210200,사창동,4.3112102001050097e+18,1,대지,충청북도 청주시 서원구 사창동 501-3,431124511220,충청북도 청주시 서원구 내수동로114번길,4.31121020010501e+24,충청북도 청주시 서원구 내수동로114번길 32,28643.0,1.0
MA010120220808397044,세븐일레븐충주,노은점,G2,소매,G204,종합 소매,G20405,편의점,G47122,체인화 편의점,43,충청북도,43130,충주시,43130360,노은면,4313036021,노은면,4.3130360211055606e+18,1,대지,충청북도 충주시 노은면 연하리 556-2,431304515046,충청북도 충주시 노은면 연하중앙길,4.31303602110556e+24,충청북도 충주시 노은면 연하중앙길 42,27452.0,1.0
MA010120220800841903,알파충북,혁신도시점,G2,소매,G213,오락용품 소매,G21302,문구/회화용품 소매업,G47612,문구용품 및 회화용품 소매업,43,충청북도,43770,음성군,43770330,맹동면,4377033028,맹동면,4.37703302811248e+18,1,대지,충청북도 음성군 맹동면 두성리 1248,437703000235,충청북도 음성군 맹동면 대하로,4.37703302811248e+24,충청북도 음성군 맹동면 대하로 260,27738.0,1.0
MA010120220804041921,뷰티호텔진천,혁신점,G2,소매,G215,의약·화장품 소매,G21503,화장품 소매업,G47813,화장품; 비누 및 방향제 소매업,43,충청북도,43750,진천군,43750253,덕산읍,4375025325,덕산읍,4.37502532513148e+18,1,대지,충청북도 진천군 덕산읍 두촌리 3148,437503000235,충청북도 진천군 덕산읍 대하로,4.37503102513148e+24,충청북도 진천군 덕산읍 대하로 114,27874.0,1.0
MA010120220808245099,지센,금천점,G2,소매,G209,섬유·의복·신발 소매,G20905,기타 의류 소매업,G47414,셔츠 및 블라우스 소매업,43,충청북도,43111,청주시 상당구,43111690,용담.명암.산성동,4311112100,용담동,4.31111210010403e+18,1,대지,충청북도 청주시 상당구 용담동 403,431113236035,충청북도 청주시 상당구 수영로,4.31111210010403e+24,충청북도 청주시 상당구 수영로 305,28744.0,1.0
MA010120220812811665,지코바호암,1호점,I2,음식,I210,기타 간이,I21006,치킨,I56193,치킨 전문점,43,충청북도,43130,충주시,43130580,호암.직동,4313010700,호암동,4.31301070010137e+18,1,대지,충청북도 충주시 호암동 137-3,431303238085,충청북도 충주시 호암중앙2로,4.31301070010137e+24,충청북도 충주시 호암중앙2로 32,27483.0,1.0
MA010120220813588568,빔플프로젝터충북,청주지점,G2,소매,G208,가전·통신 소매,G20803,가전제품 소매업,G47320,가전제품 소매업,43,충청북도,43114,청주시 청원구,43114253,오창읍,4311425345,오창읍,4.3114253451077693e+18,1,대지,충청북도 청주시 청원구 오창읍 양청리 777-2,431144520429,충청북도 청주시 청원구 오창읍 양청1길,4.37102534510777e+24,충청북도 청주시 청원구 오창읍 양청1길 7,28115.0,1.0
MA010120220810055866,천향마라탕,제천점,I2,음식,I202,중식,I20202,마라탕/훠궈,I56121,중식 음식점업,43,충청북도,43150,제천시,43150510,교동,4315011600,장락동,4.31501160010542e+18,1,대지,충청북도 제천시 장락동 542-6,431504844152,충청북도 제천시 죽하로11길,4.31501160010542e+24,충청북도 제천시 죽하로11길 17-1,27144.0,1.0
MA010120220803211930,현대한무비너스,충청점,G2,소매,G209,섬유·의복·신발 소매,G20905,기타 의류 소매업,G47413,속옷 및 잠옷 소매업,43,충청북도,43113,청주시 흥덕구,43113741,복대1동,4311311400,복대동,4.3113114001338e+18,1,대지,충청북도 청주시 흥덕구 복대동 3380,431133236058,충청북도 청주시 흥덕구 직지대로,4.31131140010584e+24,충청북도 청주시 흥덕구 직지대로 308,28424.0,3.0
MA010120220808094715,이마트24청주쁘띠,칸타빌점,G2,소매,G204,종합 소매,G20405,편의점,G47122,체인화 편의점,43,충청북도,43111,청주시 상당구,43111545,성안동,4311110700,문화동,4.311110700101181e+18,1,대지,충청북도 청주시 상당구 문화동 118,431113236042,충청북도 청주시 상당구 용담로,4.3111107001005e+24,충청북도 청주시 상당구 용담로 7,28516.0,1.0
MA010120220807150661,황우랑,진천점,I2,음식,I201,한식,I20107,돼지고기 구이/찜,I56113,한식 육류 요리 전문점,43,충청북도,43750,진천군,43750250,진천읍,4375025021,진천읍,4.37502502110062e+18,1,대지,충청북도 진천군 진천읍 교성리 62-3,437503245018,충청북도 진천군 진천읍 중앙동로,4.37502502110062e+24,충청북도 진천군 진천읍 중앙동로 1,27839.0,1.0
MA010120220803351442,씨유음성,중앙점,G2,소매,G204,종합 소매,G20405,편의점,G47122,체인화 편의점,43,충청북도,43770,음성군,43770250,음성읍,4377025021,음성읍,4.377025021104e+18,1,대지,충청북도 음성군 음성읍 읍내리 400-20,437704854512,충청북도 음성군 음성읍 중앙로50번길,4.377025021104e+24,충청북도 음성군 음성읍 중앙로50번길 17,27706.0,1.0
MA010120220800150325,푸드,코리아,I2,음식,I210,기타 간이,I21099,그 외 기타 간이 음식점,I56199,간이 음식 포장 판매 전문점,43,충청북도,43113,청주시 흥덕구,43113756,봉명2.송정동,4311311500,봉명동,4.31131150011481e+18,1,대지,충청북도 청주시 흥덕구 봉명동 1481,431134511148,충청북도 청주시 흥덕구 과상미로49번길,4.31131150011481e+24,충청북도 청주시 흥덕구 과상미로49번길 6,28452.0,1.0
MA010120220809333212,스마트짐,사천점,R1,예술·스포츠,R103,스포츠 서비스,R10307,헬스장,R91132,체력 단련시설 운영업,43,충청북도,43114,청주시 청원구,43114540,율량.사천동,4311410300,율량동,4.31141030011299e+18,1,대지,충청북도 청주시 청원구 율량동 1299,431143236023,충청북도 청주시 청원구 사뜸로,4.31141030011299e+24,충청북도 청주시 청원구 사뜸로 54,28349.0,4.0
MA010120220810543627,빙아이스크림,봉산점,G2,소매,G204,종합 소매,G20404,슈퍼마켓,G47216,빵류; 과자류 및 당류 소매업,43,충청북도,43113,청주시 흥덕구,43113250,오송읍,4311325031,오송읍,4.3113250311086295e+18,1,대지,충청북도 청주시 흥덕구 오송읍 봉산리 863,431134520286,충청북도 청주시 흥덕구 오송읍 봉산3길,4.31132503110863e+24,충청북도 청주시 흥덕구 오송읍 봉산3길 19-1,28222.0,1.0
MA010120220808829178,지이크현대백화점,충청점,G2,소매,G209,섬유·의복·신발 소매,G20901,남성 의류 소매업,G47411,남자용 겉옷 소매업,43,충청북도,43113,청주시 흥덕구,43113741,복대1동,4311311400,복대동,4.3113114001338e+18,1,대지,충청북도 청주시 흥덕구 복대동 3380,431133236058,충청북도 청주시 흥덕구 직지대로,4.31131140010584e+24,충청북도 청주시 흥덕구 직지대로 308,28424.0,4.0
MA010120220805670466,원주추어탕미추,전문점,I2,음식,I201,한식,I20102,국/탕/찌개류,I56111,한식 일반 음식점업,43,충청북도,43130,충주시,43130535,교현.안림동,4313012200,안림동,4.31301220010339e+18,1,대지,충청북도 충주시 안림동 339-3,431303238041,충청북도 충주시 안림로,4.31301220010339e+24,충청북도 충주시 안림로 80,27486.0,1.0
MA010120220812232780,본도시락,제천점,I2,음식,I201,한식,I20101,백반/한정식,I56111,한식 일반 음식점업,43,충청북도,43150,제천시,43150528,중앙동,4315010100,의림동,4.31501010010036e+18,1,대지,충청북도 제천시 의림동 36-1,431504517272,충청북도 제천시 독순로11길,4.31501010010036e+24,충청북도 제천시 독순로11길 23,27169.0,1.0
MA010120220810911929,홈마트,고암점,G2,소매,G204,종합 소매,G20404,슈퍼마켓,G47121,슈퍼마켓,43,충청북도,43150,제천시,43150518,의림지동,4315011500,고암동,4.3150115001116897e+18,1,대지,충청북도 제천시 고암동 1169-9,431503239051,충청북도 제천시 용두천로,4.31501150011251e+24,충청북도 제천시 용두천로 388,27145.0,1.0
MA010120220805588085,삼천리자전거,봉명점,G2,소매,G213,오락용품 소매,G21305,자전거 소매업,G47632,자전거 및 기타 운송장비 소매업,43,충청북도,43113,청주시 흥덕구,43113756,봉명2.송정동,4311311500,봉명동,4.31131150011608e+18,1,대지,충청북도 청주시 흥덕구 봉명동 1608,431133236058,충청북도 청주시 흥덕구 직지대로,4.31131150011608e+24,충청북도 청주시 흥덕구 직지대로 559,28453.0,1.0
MA010120220812609086,우림칼국수,산성점,I2,음식,I201,한식,I20105,국수/칼국수,I56112,한식 면 요리 전문점,43,충청북도,43111,청주시 상당구,43111310,낭성면,4311131031,낭성면,4.31113103110322e+18,1,대지,충청북도 청주시 상당구 낭성면 현암리 322-5,431113014064,충청북도 청주시 상당구 낭성면 산성로,4.31113103110322e+24,충청북도 청주시 상당구 낭성면 산성로 674,28192.0,1.0
MA010120220814311292,자주청주,터미널점,G2,소매,G204,종합 소매,G20499,그 외 기타 종합 소매업,G47190,그 외 기타 종합 소매업,43,충청북도,43113,청주시 흥덕구,43113747,가경동,4311311300,가경동,4.31131130011416e+18,1,대지,충청북도 청주시 흥덕구 가경동 1416-2,431133237093,충청북도 청주시 흥덕구 풍산로,4.31131130011416e+24,충청북도 청주시 흥덕구 풍산로 15,28396.0,1.0
MA010120220813358713,바른치킨,증평점,I2,음식,I210,기타 간이,I21006,치킨,I56193,치킨 전문점,43,충청북도,43745,증평군,43745250,증평읍,4374525030,증평읍,4.3745250301053696e+18,1,대지,충청북도 증평군 증평읍 초중리 537-3,437453244020,충청북도 증평군 증평읍 초중로,4.37452503010537e+24,충청북도 증평군 증평읍 초중로 29,27939.0,1.0
MA010120220809650769,연암곱창산남,본점,I2,음식,I201,한식,I20109,곱창 전골/구이,I56111,한식 일반 음식점업,43,충청북도,43112,청주시 서원구,43112550,산남동,4311210400,산남동,4.31121040010654e+18,1,대지,충청북도 청주시 서원구 산남동 654,431123237037,충청북도 청주시 서원구 산남로,4.31131060010654e+24,충청북도 청주시 서원구 산남로 54,28625.0,1.0
MA010120220805685095,메가엠지씨커피충주연수,중앙점,I2,음식,I212,비알코올,I21201,카페,I56221,커피 전문점,43,충청북도,43130,충주시,43130630,연수동,4313011800,연수동,4.31301180010884e+18,1,대지,충청북도 충주시 연수동 884,431302238004,충청북도 충주시 번영대로,4.31301180010884e+24,충청북도 충주시 번영대로 103,27347.0,1.0
MA010120220806441996,토프레소오창,호수공원점,I2,음식,I212,비알코올,I21201,카페,I56221,커피 전문점,43,충청북도,43114,청주시 청원구,43114253,오창읍,4311425345,오창읍,4.31142534510792e+18,1,대지,충청북도 청주시 청원구 오창읍 양청리 792-2,431143240075,충청북도 청주시 청원구 오창읍 중심상업1로,4.37102534500792e+24,충청북도 청주시 청원구 오창읍 중심상업1로 8-34,28120.0,1.0
MA010120220805582828,CU청주,대성점,G2,소매,G204,종합 소매,G20405,편의점,G47122,체인화 편의점,43,충청북도,43111,청주시 상당구,43111620,탑대성동,4311111800,대성동,4.3111118001000095e+18,1,대지,충청북도 청주시 상당구 대성동 1,431113236042,충청북도 청주시 상당구 용담로,4.31111180010001e+24,충청북도 청주시 상당구 용담로 102,28522.0,1.0
MA010120220806551493,원조부안집,율량점,I2,음식,I201,한식,I20107,돼지고기 구이/찜,I56113,한식 육류 요리 전문점,43,충청북도,43114,청주시 청원구,43114540,율량.사천동,4311410300,율량동,4.31141030012026e+18,1,대지,충청북도 청주시 청원구 율량동 2026,431144844105,충청북도 청주시 청원구 율량로190번길,4.31141030012026e+24,충청북도 청주시 청원구 율량로190번길 53,28320.0,1.0
MA010120220805620992,커피앤주,코리아,G2,소매,G208,가전·통신 소매,G20803,가전제품 소매업,G47320,가전제품 소매업,43,충청북도,43112,청주시 서원구,43112550,산남동,4311210400,산남동,4.31121040010973e+18,1,대지,충청북도 청주시 서원구 산남동 973,431124511284,충청북도 청주시 서원구 두꺼비로70번길,4.31131060010973e+24,충청북도 청주시 서원구 두꺼비로70번길 105,28630.0,3.0
MA010120220805586592,에스케이,중앙여고점,G2,소매,G208,가전·통신 소매,G20802,핸드폰 소매업,G47312,통신기기 소매업,43,충청북도,43112,청주시 서원구,43112530,사창동,4311210200,사창동,4.31121020010236e+18,1,대지,충청북도 청주시 서원구 사창동 236-10,431123236025,충청북도 청주시 서원구 사직대로,4.31131020010236e+24,충청북도 청주시 서원구 사직대로 147,28567.0,1.0
MA010120220808458612,뜨란채순두부,본점,I2,음식,I201,한식,I20101,백반/한정식,I56111,한식 일반 음식점업,43,충청북도,43111,청주시 상당구,43111320,미원면,4311132021,미원면,4.3111320211044e+18,1,대지,충청북도 청주시 상당구 미원면 미원리 440-2,431113236065,충청북도 청주시 상당구 미원면 단재로,4.3710320210044e+24,충청북도 청주시 상당구 미원면 단재로 2395,28199.0,1.0
MA010120220805636418,네일은맑음,2호점,S2,수리·개인,S207,이용·미용,S20703,네일숍,S96119,기타 미용업,43,충청북도,43112,청주시 서원구,43112530,사창동,4311210200,사창동,4.31121020010356e+18,1,대지,충청북도 청주시 서원구 사창동 356-14,431124511904,충청북도 청주시 서원구 창직로35번길,4.31131020010356e+24,충청북도 청주시 서원구 창직로35번길 6,28662.0,1.0
MA010120220803203386,강릉초당골짬뽕순두부,복대점,I2,음식,I201,한식,I20101,백반/한정식,I56111,한식 일반 음식점업,43,충청북도,43113,청주시 흥덕구,43113742,복대2동,4311311400,복대동,4.31131140010872e+18,1,대지,충청북도 청주시 흥덕구 복대동 872-10,431133350731,충청북도 청주시 흥덕구 충대로,4.31131140010872e+24,충청북도 청주시 흥덕구 충대로 12,28641.0,1.0
MA010120220805987069,로이드밤헤어,오창점,S2,수리·개인,S207,이용·미용,S20701,미용실,S96112,두발 미용업,43,충청북도,43114,청주시 청원구,43114253,오창읍,4311425344,오창읍,4.31142534410648e+18,1,대지,충청북도 청주시 청원구 오창읍 각리 648-4,431143240063,충청북도 청주시 청원구 오창읍 오창중앙로,4.37102534400648e+24,충청북도 청주시 청원구 오창읍 오창중앙로 115-4,28123.0,2.0
MA010120220804923223,씨유청주가경,행복점,G2,소매,G204,종합 소매,G20405,편의점,G47122,체인화 편의점,43,충청북도,43113,청주시 흥덕구,43113747,가경동,4311311300,가경동,4.3113113001087293e+18,1,대지,충청북도 청주시 흥덕구 가경동 873,431134512038,충청북도 청주시 흥덕구 풍년로206번길,4.31131130010873e+24,충청북도 청주시 흥덕구 풍년로206번길 48,28389.0,1.0
MA010120220803819694,크린토피아청주개신,1호점,S2,수리·개인,S209,세탁,S20901,세탁소,S96912,가정용 세탁업,43,충청북도,43112,청주시 서원구,43112590,성화.개신.죽림동,4311210900,개신동,4.3112109001051494e+18,1,대지,충청북도 청주시 서원구 개신동 515,431123237058,충청북도 청주시 서원구 신율로,4.31131110010515e+24,충청북도 청주시 서원구 신율로 68,28609.0,1.0
MA010120220803205073,밀레청주,에버세이브점,G2,소매,G209,섬유·의복·신발 소매,G20905,기타 의류 소매업,G47419,기타 의복 소매업,43,충청북도,43112,청주시 서원구,43112560,분평동,4311210500,미평동,4.31121050010028e+18,1,대지,충청북도 청주시 서원구 미평동 28,431124511938,충청북도 청주시 서원구 청남로1936번길,4.31131070010031e+24,충청북도 청주시 서원구 청남로1936번길 2,28802.0,1.0
MA010120220802831819,신참떡볶이충주,호암점,I2,음식,I210,기타 간이,I21007,김밥/만두/분식,I56194,김밥 및 기타 간이 음식점업,43,충청북도,43130,충주시,43130580,호암.직동,4313010700,호암동,4.31301070010996e+18,1,대지,충청북도 충주시 호암동 996,431303352068,충청북도 충주시 호암수청2로,4.31301070010996e+24,충청북도 충주시 호암수청2로 29,27502.0,1.0
MA010120220805551868,일루이청주,성안점,G2,소매,G209,섬유·의복·신발 소매,G20907,액세서리/잡화 소매업,G47422,의복 액세서리 및 모조 장신구 소매업,43,충청북도,43111,청주시 상당구,43111545,성안동,4311110200,북문로1가,4.3111102001005297e+18,1,대지,충청북도 청주시 상당구 북문로1가 53-3,431113236031,충청북도 청주시 상당구 성안로,4.31111020010053e+24,충청북도 청주시 상당구 성안로 35-1,28530.0,1.0
MA010120220805837712,탑텐키즈상당점,롯데마트,G2,소매,G209,섬유·의복·신발 소매,G20903,유아용 의류 소매업,G47417,유아용 의류 소매업,43,충청북도,43111,청주시 상당구,43111720,용암1동,4311112400,용암동,4.31111240012634e+18,1,대지,충청북도 청주시 상당구 용암동 2634,431114508512,충청북도 청주시 상당구 용암북로160번길,4.31111240012634e+24,충청북도 청주시 상당구 용암북로160번길 60,28762.0,1.0
MA010120220806988944,커피스미스,오창점,I2,음식,I212,비알코올,I21201,카페,I56221,커피 전문점,43,충청북도,43114,청주시 청원구,43114253,오창읍,4311425345,오창읍,4.31142534510818e+18,1,대지,충청북도 청주시 청원구 오창읍 양청리 818-1,431143240077,충청북도 청주시 청원구 오창읍 중심상업로,4.37102534500818e+24,충청북도 청주시 청원구 오창읍 중심상업로 30,28119.0,1.0
MA010120220813217502,배스킨라빈스청주,개신점,I2,음식,I210,기타 간이,I21008,아이스크림/빙수,I56194,김밥 및 기타 간이 음식점업,43,충청북도,43112,청주시 서원구,43112590,성화.개신.죽림동,4311210900,개신동,4311210900106910208,1,대지,충청북도 청주시 서원구 개신동 691,431123237030,충청북도 청주시 서원구 복대로,4.31131110010691e+24,충청북도 청주시 서원구 복대로 31,28612.0,1.0
MA010120220805582253,대리정보시스템,명지,M1,과학·기술,M109,기술 서비스,M10999,기타 엔지니어링 서비스업,M72129,기타 엔지니어링 서비스업,43,충청북도,43111,청주시 상당구,43111730,용암2동,4311112400,용암동,4311112400119239680,1,대지,충청북도 청주시 상당구 용암동 1924,431114508228,충청북도 청주시 상당구 무농정로31번길,4.31111240011924e+24,충청북도 청주시 상당구 무농정로31번길 26,28782.0,1.0
MA010120220812950769,신세계푸드이베이커리,제천점,I2,음식,I210,기타 간이,I21001,빵/도넛,I56191,제과점업,43,충청북도,43150,제천시,43150605,화산동,4315012100,강제동,4315012100106840064,1,대지,충청북도 제천시 강제동 684,431503239064,충청북도 제천시 장평천로,4.31501210010278e+24,충청북도 제천시 장평천로 11,27198.0,1.0
MA010120220812830756,노리,데일리,S2,수리·개인,S207,이용·미용,S20702,피부 관리실,S96113,피부 미용업,43,충청북도,43113,청주시 흥덕구,43113751,봉명1동,4311311500,봉명동,4311311500102159872,1,대지,충청북도 청주시 흥덕구 봉명동 216-8,431133237031,충청북도 청주시 흥덕구 봉명로,4.31131150010216e+24,충청북도 청주시 흥덕구 봉명로 112,28573.0,1.0
MA010120220812946409,씨유청주우암,스타점,G2,소매,G204,종합 소매,G20405,편의점,G47122,체인화 편의점,43,충청북도,43114,청주시 청원구,43114510,우암동,4311410100,우암동,4311410100101199872,1,대지,충청북도 청주시 청원구 우암동 120-12,431144508316,충청북도 청주시 청원구 상당로231번길,4.3111113001012e+24,충청북도 청주시 청원구 상당로231번길 15,28536.0,1.0
MA010120220809925430,레전드야구존,율량점,R1,예술·스포츠,R103,스포츠 서비스,R10314,기타 스포츠시설 운영업,R91139,그 외 기타 스포츠시설 운영업,43,충청북도,43114,청주시 청원구,43114540,율량.사천동,4311410300,율량동,4311410300120509952,1,대지,충청북도 청주시 청원구 율량동 2051,431143349124,충청북도 청주시 청원구 율량로,4.31111150010346e+24,충청북도 청주시 청원구 율량로 198,28320.0,2.0
MA010120220813746273,배달킹안춘배,개신점,I2,음식,I201,한식,I20101,백반/한정식,I56193,치킨 전문점,43,충청북도,43112,청주시 서원구,43112590,성화.개신.죽림동,4311210900,개신동,4311210900107059712,1,대지,충청북도 청주시 서원구 개신동 706,431124512229,충청북도 청주시 서원구 복대로17번길,4.31121090010706e+24,충청북도 청주시 서원구 복대로17번길 7-10,28612.0,1.0
MA010120220806346906,레드페이스홈플주,오창점,G2,소매,G209,섬유·의복·신발 소매,G20905,기타 의류 소매업,G47419,기타 의복 소매업,43,충청북도,43114,청주시 청원구,43114253,오창읍,4311425345,오창읍,4311425345108199424,1,대지,충청북도 청주시 청원구 오창읍 양청리 820,431143240075,충청북도 청주시 청원구 오창읍 중심상업1로,4.3710253451082e+24,충청북도 청주시 청원구 오창읍 중심상업1로 8-11,28120.0,2.0
MA010120220806354064,꽁꽁냠냠무인할인,운천점,G2,소매,G204,종합 소매,G20405,편의점,G47122,체인화 편의점,43,충청북도,43113,청주시 흥덕구,43113700,운천.신봉동,4311310400,운천동,4311310400109649920,1,대지,충청북도 청주시 흥덕구 운천동 965,431133236058,충청북도 청주시 흥덕구 직지대로,4.31131040010965e+24,충청북도 청주시 흥덕구 직지대로 745,28470.0,1.0
MA010120220808696577,청주머렐,롯데아울렛,G2,소매,G209,섬유·의복·신발 소매,G20905,기타 의류 소매업,G47419,기타 의복 소매업,43,충청북도,43113,청주시 흥덕구,43113760,강서1동,4311313800,비하동,4311313800108109824,1,대지,충청북도 청주시 흥덕구 비하동 811,431133014065,충청북도 청주시 흥덕구 2순환로,4.31131380010332e+24,충청북도 청주시 흥덕구 2순환로 1004,28360.0,3.0
MA010120220808652059,세븐충북대뉴중문점,코리아,G2,소매,G204,종합 소매,G20405,편의점,G47122,체인화 편의점,43,충청북도,43112,청주시 서원구,43112530,사창동,4311210200,사창동,4311210200104130048,1,대지,충청북도 청주시 서원구 사창동 413,431124512175,충청북도 청주시 서원구 1순환로672번길,4.31131020010413e+24,충청북도 청주시 서원구 1순환로672번길 35,28643.0,1.0
MA010120220808067944,김밥나라,분평점,I2,음식,I210,기타 간이,I21007,김밥/만두/분식,I56194,김밥 및 기타 간이 음식점업,43,충청북도,43112,청주시 서원구,43112560,분평동,4311210600,분평동,4311210600112019968,1,대지,충청북도 청주시 서원구 분평동 1202,431124512135,충청북도 청주시 서원구 1순환로1137번길,4.31131080011202e+24,충청북도 청주시 서원구 1순환로1137번길 129,28792.0,1.0
MA010120220810343980,크라우드PC,증평점,R1,예술·스포츠,R104,유원지·오락,R10406,PC방,R91222,컴퓨터 게임방 운영업,43,충청북도,43745,증평군,43745250,증평읍,4374525030,증평읍,4374525030105650176,1,대지,충청북도 증평군 증평읍 초중리 565-8,437453244020,충청북도 증평군 증평읍 초중로,4.37452503010565e+24,충청북도 증평군 증평읍 초중로 86,27940.0,2.0
MA010120220801142662,아가방,오창점,G2,소매,G209,섬유·의복·신발 소매,G20903,유아용 의류 소매업,G47417,유아용 의류 소매업,43,충청북도,43114,청주시 청원구,43114253,오창읍,4311425345,오창읍,4311425345108209664,1,대지,충청북도 청주시 청원구 오창읍 양청리 821-2,431142014001,충청북도 청주시 청원구 오창읍 오창대로,4.37102534500821e+24,충청북도 청주시 청원구 오창읍 오창대로 315,28120.0,1.0
MA010120220813513616,마리텔,봉명점,G2,소매,G221,기타 상품 소매,G22199,그 외 기타 상품 전문 소매업,G47859,그 외 기타 분류 안된 상품 전문 소매업,43,충청북도,43113,청주시 흥덕구,43113756,봉명2.송정동,4311311500,봉명동,4311311500124760064,1,대지,충청북도 청주시 흥덕구 봉명동 2476,431133237023,충청북도 청주시 흥덕구 덕암로,4.31131150012476e+24,충청북도 청주시 흥덕구 덕암로 45,28461.0,1.0
MA010120220803395207,투썸플레이스충북혁신,중앙점,I2,음식,I212,비알코올,I21201,카페,I56221,커피 전문점,43,충청북도,43770,음성군,43770330,맹동면,4377033028,맹동면,4377033028114709504,1,대지,충청북도 음성군 맹동면 두성리 1471,437703247070,충청북도 음성군 맹동면 장성로,4.37703302811471e+24,충청북도 음성군 맹동면 장성로 107,27738.0,1.0
MA010120220806883398,파크랜드,용암점,G2,소매,G209,섬유·의복·신발 소매,G20901,남성 의류 소매업,G47411,남자용 겉옷 소매업,43,충청북도,43111,청주시 상당구,43111720,용암1동,4311112400,용암동,4311112400126249984,1,대지,충청북도 청주시 상당구 용암동 2625,431113236055,충청북도 청주시 상당구 중고개로,4.31111240012625e+24,충청북도 청주시 상당구 중고개로 187,28763.0,1.0
MA010120220802743506,도미노피자청주,용암점,I2,음식,I210,기타 간이,I21003,피자,I56192,피자; 햄버거; 샌드위치 및 유사 음식점업,43,충청북도,43111,청주시 상당구,43111670,영운동,4311111900,영운동,4311111900101210112,1,대지,충청북도 청주시 상당구 영운동 121-15,431113236065,충청북도 청주시 상당구 단재로,4.31111190010121e+24,충청북도 청주시 상당구 단재로 123,28738.0,1.0
MA010120220810149091,청년다방제천,중앙점,I2,음식,I210,기타 간이,I21007,김밥/만두/분식,I56194,김밥 및 기타 간이 음식점업,43,충청북도,43150,제천시,43150528,중앙동,4315010700,중앙로2가,4315010700101269504,1,대지,충청북도 제천시 중앙로2가 127,431504517756,충청북도 제천시 의림대로16길,4.31501070010127e+24,충청북도 제천시 의림대로16길 14,27173.0,1.0
MA010120220812531210,오유미당,오창점,I2,음식,I203,일식,I20301,일식 회/초밥,I56122,일식 음식점업,43,충청북도,43114,청주시 청원구,43114253,오창읍,4311425345,오창읍,4311425345108209664,1,대지,충청북도 청주시 청원구 오창읍 양청리 821-2,431142014001,충청북도 청주시 청원구 오창읍 오창대로,4.37102534500821e+24,충청북도 청주시 청원구 오창읍 오창대로 315,28120.0,1.0
MA010120220803823100,골목미장원,성안점,S2,수리·개인,S207,이용·미용,S20701,미용실,S96112,두발 미용업,43,충청북도,43111,청주시 상당구,43111545,성안동,4311110600,남문로2가,4311110600100830208,1,대지,충청북도 청주시 상당구 남문로2가 83-6,431114508331,충청북도 청주시 상당구 상당로59번길,4.31111060010083e+24,충청북도 청주시 상당구 상당로59번길 47-1,28529.0,1.0
MA010120220812639703,치킨신드롬청주,사직점,I2,음식,I210,기타 간이,I21006,치킨,I56193,치킨 전문점,43,충청북도,43112,청주시 서원구,43112520,사직2동,4311210100,사직동,4311210100106330112,1,대지,충청북도 청주시 서원구 사직동 633-17,431123237084,충청북도 청주시 서원구 창직로,4.31131010010633e+24,충청북도 청주시 서원구 창직로 90,28658.0,1.0
MA010120220812787265,에스테티아충북혁신,1호점,S2,수리·개인,S207,이용·미용,S20702,피부 관리실,S96113,피부 미용업,43,충청북도,43770,음성군,43770330,맹동면,4377033031,맹동면,4.377033031105e+18,1,대지,충청북도 음성군 맹동면 동성리 500,437704541746,충청북도 음성군 맹동면 대하1길,4.377033031105e+24,충청북도 음성군 맹동면 대하1길 10,27738.0,2.0
MA010120220808053670,조선돈까스청주,율량점,I2,음식,I204,서양식,I20401,경양식,I56111,한식 일반 음식점업,43,충청북도,43114,청주시 청원구,43114540,율량.사천동,4311410300,율량동,4311410300108060160,1,대지,충청북도 청주시 청원구 율량동 806-1,431144508573,충청북도 청주시 청원구 율봉로167번길,4.31111150010806e+24,충청북도 청주시 청원구 율봉로167번길 32,28328.0,1.0
MA010120220800224849,가마치통닭,율량점,I2,음식,I210,기타 간이,I21006,치킨,I56193,치킨 전문점,43,충청북도,43114,청주시 청원구,43114540,율량.사천동,4311410300,율량동,4311410300112920576,1,대지,충청북도 청주시 청원구 율량동 1292,431144508591,충청북도 청주시 청원구 율봉로94번길,4.31111150011292e+24,충청북도 청주시 청원구 율봉로94번길 9,28348.0,1.0
MA010120220813485485,베러먼데이청주가로수,마을점,I2,음식,I212,비알코올,I21201,카페,I56221,커피 전문점,43,충청북도,43113,청주시 흥덕구,43113747,가경동,4311311300,가경동,4311311300119829504,1,대지,충청북도 청주시 흥덕구 가경동 1983,431133237047,충청북도 청주시 흥덕구 서현북로,4.31131130011983e+24,충청북도 청주시 흥덕구 서현북로 56,28383.0,1.0
MA010120220812014848,포토이즘박스,충북대점,M1,과학·기술,M113,사진 촬영,M11301,사진촬영업,S96999,그 외 기타 달리 분류되지 않은 개인 서비스업,43,충청북도,43112,청주시 서원구,43112530,사창동,4311210200,사창동,4311210200102170112,1,대지,충청북도 청주시 서원구 사창동 217-15,431124511218,충청북도 청주시 서원구 내수동로102번길,4.31131020010217e+24,충청북도 청주시 서원구 내수동로102번길 40,28643.0,1.0
MA010120220805211386,석호네닭발지웰점,본점,I2,음식,I201,한식,I20110,닭/오리고기 구이/찜,I56111,한식 일반 음식점업,43,충청북도,43113,청주시 흥덕구,43113741,복대1동,4311311400,복대동,4311311400104949760,1,대지,충청북도 청주시 흥덕구 복대동 495-6,431133237081,충청북도 청주시 흥덕구 진재로,4.31131140010495e+24,충청북도 청주시 흥덕구 진재로 83,28427.0,1.0
MA010120220805472287,새마을식당충북,진천점,I2,음식,I201,한식,I20107,돼지고기 구이/찜,I56111,한식 일반 음식점업,43,충청북도,43750,진천군,43750250,진천읍,4375025021,진천읍,4375025021100490240,1,대지,충청북도 진천군 진천읍 교성리 49-1,437503245018,충청북도 진천군 진천읍 중앙동로,4.37502502110049e+24,충청북도 진천군 진천읍 중앙동로 29,27839.0,1.0
MA010120220805657093,한국피자헛충주,본점,I2,음식,I210,기타 간이,I21003,피자,I56192,피자; 햄버거; 샌드위치 및 유사 음식점업,43,충청북도,43130,충주시,43130630,연수동,4313011800,연수동,4313011800117050368,1,대지,충청북도 충주시 연수동 1705,431302238001,충청북도 충주시 계명대로,4.31301180011705e+24,충청북도 충주시 계명대로 232,27372.0,1.0
MA010120220805592503,토담순대,산남점,I2,음식,I201,한식,I20102,국/탕/찌개류,I56111,한식 일반 음식점업,43,충청북도,43112,청주시 서원구,43112550,산남동,4311210400,산남동,4311210400103759872,1,대지,충청북도 청주시 서원구 산남동 376,431124511757,충청북도 청주시 서원구 원흥로100번길,4.31131060010376e+24,충청북도 청주시 서원구 원흥로100번길 27-22,28626.0,1.0
MA010120220811227601,요하마라21,제천점,I2,음식,I210,기타 간이,I21099,그 외 기타 간이 음식점,I56199,간이 음식 포장 판매 전문점,43,충청북도,43150,제천시,43150528,중앙동,4315010100,의림동,4315010100102970368,1,대지,충청북도 제천시 의림동 297,431503239009,충청북도 제천시 내제로,4.31501010010297e+24,충청북도 제천시 내제로 185,27164.0,1.0
MA010120220800462992,초심스터디카페충주,호암점,R1,예술·스포츠,R102,도서관·사적지,R10202,독서실/스터디 카페,R90212,독서실 운영업,43,충청북도,43130,충주시,43130580,호암.직동,4313010700,호암동,4313010700109959680,1,대지,충청북도 충주시 호암동 996,431303352068,충청북도 충주시 호암수청2로,4.31301070010996e+24,충청북도 충주시 호암수청2로 29,27502.0,5.0
MA010120220811803770,씨유예다음,2차점,G2,소매,G204,종합 소매,G20405,편의점,G47122,체인화 편의점,43,충청북도,43750,진천군,43750253,덕산읍,4375025325,덕산읍,4375025325124559872,1,대지,충청북도 진천군 덕산읍 두촌리 2456,437503000235,충청북도 진천군 덕산읍 대하로,4.37503102512456e+24,충청북도 진천군 덕산읍 대하로 195,27871.0,1.0
MA010120220805578698,벧엘스포츠,율량점,G2,소매,G213,오락용품 소매,G21304,운동용품 소매업,G47631,운동 및 경기용품 소매업,43,충청북도,43114,청주시 청원구,43114540,율량.사천동,4311410300,율량동,4311410300109829632,1,대지,충청북도 청주시 청원구 율량동 983,431143236050,충청북도 청주시 청원구 율봉로,4.31111150010983e+24,충청북도 청주시 청원구 율봉로 182-1,28332.0,1.0
MA010120220814026896,우주라이크커피,증평점,I2,음식,I212,비알코올,I21201,카페,I56221,커피 전문점,43,충청북도,43745,증평군,43745250,증평읍,4374525022,증평읍,4374525022100280320,1,대지,충청북도 증평군 증평읍 교동리 28,437453014040,충청북도 증평군 증평읍 광장로,4.37452502610023e+24,충청북도 증평군 증평읍 광장로 89,27926.0,1.0
MA010120220813479737,킹콩부대찌개,청주봉명점,I2,음식,I201,한식,I20102,국/탕/찌개류,I56111,한식 일반 음식점업,43,충청북도,43113,청주시 흥덕구,43113756,봉명2.송정동,4311311500,봉명동,4311311500119719936,1,대지,충청북도 청주시 흥덕구 봉명동 1972,431133237029,충청북도 청주시 흥덕구 백봉로,4.31131150011972e+24,충청북도 청주시 흥덕구 백봉로 194,28448.0,1.0
MA010120220803783800,씨유청주지웰,드림점,G2,소매,G204,종합 소매,G20405,편의점,G47122,체인화 편의점,43,충청북도,43113,청주시 흥덕구,43113741,복대1동,4311311400,복대동,4311311400102880256,1,대지,충청북도 청주시 흥덕구 복대동 288-15,431133237020,충청북도 청주시 흥덕구 대농로,4.31131140010288e+24,충청북도 청주시 흥덕구 대농로 47,28425.0,1.0
MA010120220804935608,돼지게티,제천점,I2,음식,I204,서양식,I20402,파스타/스테이크,I56123,서양식 음식점업,43,충청북도,43150,제천시,43150590,청전동,4315011300,청전동,4315011300106209792,1,대지,충청북도 제천시 청전동 621,431504517039,충청북도 제천시 고암로1길,4.31501130010623e+24,충청북도 제천시 고암로1길 19-1,27147.0,1.0
MA010120220808110312,읍천리382,오창점,I2,음식,I212,비알코올,I21201,카페,I56221,커피 전문점,43,충청북도,43114,청주시 청원구,43114253,오창읍,4311425345,오창읍,4311425345107520000,1,대지,충청북도 청주시 청원구 오창읍 양청리 752-3,431143240006,충청북도 청주시 청원구 오창읍 과학산업2로,4.37102534500752e+24,충청북도 청주시 청원구 오창읍 과학산업2로 379,28115.0,1.0
MA010120220812672474,피자마루,오창점,I2,음식,I210,기타 간이,I21003,피자,I56192,피자; 햄버거; 샌드위치 및 유사 음식점업,43,충청북도,43114,청주시 청원구,43114253,오창읍,4311425344,오창읍,4311425344106480128,1,대지,충청북도 청주시 청원구 오창읍 각리 648-1,431143240063,충청북도 청주시 청원구 오창읍 오창중앙로,4.37102534400648e+24,충청북도 청주시 청원구 오창읍 오창중앙로 121,28123.0,1.0
MA010120220805704595,아워홈전진건설로봇,음성점,I2,음식,I207,구내식당·뷔페,I20701,구내식당,I56130,기관 구내식당업,43,충청북도,43770,음성군,43770253,금왕읍,4377025337,금왕읍,4377025337100329984,1,대지,충청북도 음성군 금왕읍 오선리 33,437703014058,충청북도 음성군 금왕읍 대금로,4.37702533710033e+24,충청북도 음성군 금왕읍 대금로 1264,27632.0,1.0
MA010120220814126153,크린토피아청주가경,2호점,S2,수리·개인,S209,세탁,S20901,세탁소,S96912,가정용 세탁업,43,충청북도,43113,청주시 흥덕구,43113747,가경동,4311311300,가경동,4311311300111869952,1,대지,충청북도 청주시 흥덕구 가경동 1187,431133237002,충청북도 청주시 흥덕구 가경로,4.31131130011187e+24,충청북도 청주시 흥덕구 가경로 171,28393.0,1.0
MA010120220813277014,아르떼,충북대점,I2,음식,I212,비알코올,I21201,카페,I56221,커피 전문점,43,충청북도,43112,청주시 서원구,43112530,사창동,4311210200,사창동,4311210200103849984,1,대지,충청북도 청주시 서원구 사창동 385-10,431124511218,충청북도 청주시 서원구 내수동로102번길,4.31131020010385e+24,충청북도 청주시 서원구 내수동로102번길 54,28643.0,1.0
MA010120220812380387,청남대감자탕율량,본점,I2,음식,I201,한식,I20102,국/탕/찌개류,I56111,한식 일반 음식점업,43,충청북도,43114,청주시 청원구,43114540,율량.사천동,4311410300,율량동,4311410300113930240,1,대지,충청북도 청주시 청원구 율량동 1393,431143236023,충청북도 청주시 청원구 사뜸로,4.31111150011393e+24,충청북도 청주시 청원구 사뜸로 40,28349.0,1.0
MA010120220810814524,문S파스타,수곡점,I2,음식,I204,서양식,I20402,파스타/스테이크,I56111,한식 일반 음식점업,43,충청북도,43112,청주시 서원구,43112570,수곡1동,4311210700,수곡동,4311210700102110208,1,대지,충청북도 청주시 서원구 수곡동 211-32,431124511161,충청북도 청주시 서원구 구룡산로346번길,4.31131090010211e+24,충청북도 청주시 서원구 구룡산로346번길 61,28693.0,1.0
MA010120220807007516,투썸플레이스신봉네,거리점,I2,음식,I212,비알코올,I21201,카페,I56221,커피 전문점,43,충청북도,43113,청주시 흥덕구,43113700,운천.신봉동,4311310500,신봉동,4311310500100510208,1,대지,충청북도 청주시 흥덕구 신봉동 51-5,431133237036,충청북도 청주시 흥덕구 사운로,4.31131050010051e+24,충청북도 청주시 흥덕구 사운로 301,28458.0,1.0
MA010120220800525479,호아빈충북,혁신도시점,I2,음식,I205,동남아시아,I20501,베트남식 전문,I56129,기타 외국식 음식점업,43,충청북도,43770,음성군,43770330,맹동면,4377033028,맹동면,4377033028112050176,1,대지,충청북도 음성군 맹동면 두성리 1205,437704541737,충청북도 음성군 맹동면 용두1안길,4.37703302811205e+24,충청북도 음성군 맹동면 용두1안길 17-2,27738.0,1.0
MA010120220811705887,청년병천순대,진천점,I2,음식,I201,한식,I20102,국/탕/찌개류,I56111,한식 일반 음식점업,43,충청북도,43750,진천군,43750250,진천읍,4375025024,진천읍,4375025024103249920,1,대지,충청북도 진천군 진천읍 읍내리 325-2,437504535379,충청북도 진천군 진천읍 중앙서2길,4.37502502410325e+24,충청북도 진천군 진천읍 중앙서2길 9,27833.0,1.0
MA010120220800061153,씨유청주사천,하나점,G2,소매,G204,종합 소매,G20405,편의점,G47122,체인화 편의점,43,충청북도,43114,청주시 청원구,43114540,율량.사천동,4311410400,사천동,4311410400102469632,1,대지,충청북도 청주시 청원구 사천동 247-10,431143236052,충청북도 청주시 청원구 율천북로,4.31111160010247e+24,충청북도 청주시 청원구 율천북로 43-2,28346.0,1.0
MA010120220805600531,충북송어직판장,복대점,I2,음식,I201,한식,I20111,횟집,I56114,한식 해산물 요리 전문점,43,충청북도,43113,청주시 흥덕구,43113742,복대2동,4311311400,복대동,4311311400120079872,1,대지,충청북도 청주시 흥덕구 복대동 2008,431133237030,충청북도 청주시 흥덕구 복대로,4.31131140012008e+24,충청북도 청주시 흥덕구 복대로 106,28606.0,1.0
MA010120220814234392,위찜,율량점,I2,음식,I201,한식,I20111,횟집,I56114,한식 해산물 요리 전문점,43,충청북도,43114,청주시 청원구,43114540,율량.사천동,4311410300,율량동,4311410300120199680,1,대지,충청북도 청주시 청원구 율량동 2020,431144844105,충청북도 청주시 청원구 율량로190번길,4.3114103001202e+24,충청북도 청주시 청원구 율량로190번길 81,28320.0,1.0
MA010120220811326590,동궁찜닭율량.,사천점,I2,음식,I201,한식,I20110,닭/오리고기 구이/찜,I56113,한식 육류 요리 전문점,43,충청북도,43114,청주시 청원구,43114540,율량.사천동,4311410300,율량동,4311410300110330368,1,대지,충청북도 청주시 청원구 율량동 1033-5,431144508586,충청북도 청주시 청원구 율봉로212번길,4.31111150011033e+24,충청북도 청주시 청원구 율봉로212번길 32,28333.0,1.0
MA010120220803867863,청주점컬럼비아,롯데아울렛,G2,소매,G209,섬유·의복·신발 소매,G20905,기타 의류 소매업,G47419,기타 의복 소매업,43,충청북도,43113,청주시 흥덕구,43113760,강서1동,4311313800,비하동,4311313800108109824,1,대지,충청북도 청주시 흥덕구 비하동 811,431133014065,충청북도 청주시 흥덕구 2순환로,4.31131380010332e+24,충청북도 청주시 흥덕구 2순환로 1004,28360.0,3.0
MA010120220813528235,씨제이올리브영청주사창,사거리점,G2,소매,G215,의약·화장품 소매,G21503,화장품 소매업,G47813,화장품; 비누 및 방향제 소매업,43,충청북도,43112,청주시 서원구,43112530,사창동,4311210200,사창동,4311210200101479424,1,대지,충청북도 청주시 서원구 사창동 148-3,431123236025,충청북도 청주시 서원구 사직대로,4.31121020010148e+24,충청북도 청주시 서원구 사직대로 107,28575.0,1.0
MA010120220811829024,멕시카나,용암점,I2,음식,I210,기타 간이,I21006,치킨,I56193,치킨 전문점,43,충청북도,43111,청주시 상당구,43111720,용암1동,4311112400,용암동,4311112400111779840,1,대지,충청북도 청주시 상당구 용암동 1178,431113236043,충청북도 청주시 상당구 용암로,4.31111240011178e+24,충청북도 청주시 상당구 용암로 101-1,28771.0,1.0
MA010120220809647974,마듀현대백화점,충청점,I2,음식,I210,기타 간이,I21001,빵/도넛,I56191,제과점업,43,충청북도,43113,청주시 흥덕구,43113741,복대1동,4311311400,복대동,4311311400133799936,1,대지,충청북도 청주시 흥덕구 복대동 3380,431133236058,충청북도 청주시 흥덕구 직지대로,4.31131140010584e+24,충청북도 청주시 흥덕구 직지대로 308,28424.0,1.0
MA010120220812939767,대마족발,분평점,I2,음식,I201,한식,I20103,족발/보쌈,I56111,한식 일반 음식점업,43,충청북도,43112,청주시 서원구,43112560,분평동,4311210600,분평동,4311210600112900096,1,대지,충청북도 청주시 서원구 분평동 1290,431124511742,충청북도 청주시 서원구 원마루로20번길,4.3113108001129e+24,충청북도 청주시 서원구 원마루로20번길 18,28794.0,1.0
MA010120220803118635,루마썬팅,사천점,S2,수리·개인,S203,자동차 수리·세차,S20301,자동차 정비소,S95212,자동차 전문 수리업,43,충청북도,43114,청주시 청원구,43114540,율량.사천동,4311410400,사천동,4311410400105710080,1,대지,충청북도 청주시 청원구 사천동 571-2,431143236060,충청북도 청주시 청원구 토성로,4.31111160010571e+24,충청북도 청주시 청원구 토성로 5,28354.0,2.0
MA010120220800226753,장날순대,충북대점,I2,음식,I201,한식,I20102,국/탕/찌개류,I56111,한식 일반 음식점업,43,충청북도,43112,청주시 서원구,43112530,사창동,4311210200,사창동,4311210200102579712,1,대지,충청북도 청주시 서원구 사창동 258-5,431123237019,충청북도 청주시 서원구 내수동로,4.31131020010258e+24,충청북도 청주시 서원구 내수동로 125-1,28647.0,1.0
MA010120220813188401,세무법인현우,청주지점,M1,과학·기술,M104,회계·세무,M10402,세무사,M71202,세무사업,43,충청북도,43113,청주시 흥덕구,43113741,복대1동,4311311400,복대동,4311311400102309888,1,대지,충청북도 청주시 흥덕구 복대동 231-6,431133237030,충청북도 청주시 흥덕구 복대로,4.31131140010231e+24,충청북도 청주시 흥덕구 복대로 231,28584.0,4.0
MA010120220814023896,석호네닭발,분평점,I2,음식,I201,한식,I20110,닭/오리고기 구이/찜,I56111,한식 일반 음식점업,43,충청북도,43112,청주시 서원구,43112560,분평동,4311210600,분평동,4311210600113489920,1,대지,충청북도 청주시 서원구 분평동 1349,431123237034,충청북도 청주시 서원구 분평로,4.31131080011349e+24,충청북도 청주시 서원구 분평로 93,28794.0,1.0
MA010120220808741756,피굽남;유떡청주,동남점,I2,음식,I210,기타 간이,I21003,피자,I56192,피자; 햄버거; 샌드위치 및 유사 음식점업,43,충청북도,43111,청주시 상당구,43111720,용암1동,4311112400,용암동,4311112400131500032,1,대지,충청북도 청주시 상당구 용암동 3150,431114857348,충청북도 청주시 상당구 중고개로142번길,4.31111240010219e+24,충청북도 청주시 상당구 중고개로142번길 20,28807.0,1.0
MA010120220803274435,비비안가경,전문점,G2,소매,G209,섬유·의복·신발 소매,G20905,기타 의류 소매업,G47413,속옷 및 잠옷 소매업,43,충청북도,43113,청주시 흥덕구,43113742,복대2동,4311311400,복대동,4311311400109920256,1,대지,충청북도 청주시 흥덕구 복대동 992,431133237030,충청북도 청주시 흥덕구 복대로,4.31131140010992e+24,충청북도 청주시 흥덕구 복대로 159,28599.0,1.0
MA010120220811781831,에피그램현대,충청점,G2,소매,G209,섬유·의복·신발 소매,G20905,기타 의류 소매업,G47419,기타 의복 소매업,43,충청북도,43113,청주시 흥덕구,43113741,복대1동,4311311400,복대동,4311311400133799936,1,대지,충청북도 청주시 흥덕구 복대동 3380,431133236058,충청북도 청주시 흥덕구 직지대로,4.31131140010584e+24,충청북도 청주시 흥덕구 직지대로 308,28424.0,4.0
MA010120220808284178,빽다방청주가경,골드점,I2,음식,I212,비알코올,I21201,카페,I56221,커피 전문점,43,충청북도,43113,청주시 흥덕구,43113747,가경동,4311311300,가경동,4311311300116780032,1,대지,충청북도 청주시 흥덕구 가경동 1678,431133237002,충청북도 청주시 흥덕구 가경로,4.31131130011679e+24,충청북도 청주시 흥덕구 가경로 9-22,28413.0,1.0
MA010120220814223056,은화수식당,충북대점,I2,음식,I210,기타 간이,I21007,김밥/만두/분식,I56194,김밥 및 기타 간이 음식점업,43,충청북도,43112,청주시 서원구,43112530,사창동,4311210200,사창동,4311210200102170112,1,대지,충청북도 청주시 서원구 사창동 217-15,431124511218,충청북도 청주시 서원구 내수동로102번길,4.31131020010217e+24,충청북도 청주시 서원구 내수동로102번길 40,28643.0,1.0
MA010120220812449406,대연대패삼겹살,봉명점,I2,음식,I201,한식,I20107,돼지고기 구이/찜,I56113,한식 육류 요리 전문점,43,충청북도,43113,청주시 흥덕구,43113756,봉명2.송정동,4311311500,봉명동,4311311500119740416,1,대지,충청북도 청주시 흥덕구 봉명동 1974,431133237029,충청북도 청주시 흥덕구 백봉로,4.31131150011974e+24,충청북도 청주시 흥덕구 백봉로 198,28448.0,1.0
MA010120220814107138,롤로,코리아,G2,소매,G207,담배 소매,G20701,담배/전자담배 소매업,G47222,담배 소매업,43,충청북도,43111,청주시 상당구,43111680,금천동,4311112000,금천동,4311112000100979712,1,대지,충청북도 청주시 상당구 금천동 98-10,431113236035,충청북도 청주시 상당구 수영로,4.31111200010098e+24,충청북도 청주시 상당구 수영로 224,28739.0,1.0
MA010120220806990863,롯데리아청주,옥산점,I2,음식,I210,기타 간이,I21004,버거,I56192,피자; 햄버거; 샌드위치 및 유사 음식점업,43,충청북도,43113,청주시 흥덕구,43113320,옥산면,4311332021,옥산면,4311332021105489920,1,대지,충청북도 청주시 흥덕구 옥산면 오산리 549-4,431133237111,충청북도 청주시 흥덕구 옥산면 청주역로,4.31133202110549e+24,충청북도 청주시 흥덕구 옥산면 청주역로 625,28113.0,1.0
MA010120220808041695,서영이앤티현대백화점,충청점,G2,소매,G206,음료 소매,G20602,주류 소매업,G47221,음료 소매업,43,충청북도,43113,청주시 흥덕구,43113741,복대1동,4311311400,복대동,4311311400133799936,1,대지,충청북도 청주시 흥덕구 복대동 3380,431133236058,충청북도 청주시 흥덕구 직지대로,4.31131140010584e+24,충청북도 청주시 흥덕구 직지대로 308,28424.0,1.0
MA010120220806402417,쿡1015,오창점,G2,소매,G205,식료품 소매,G20509,반찬/식료품 소매업,G47218,조리 반찬류 소매업,43,충청북도,43114,청주시 청원구,43114253,오창읍,4311425345,오창읍,4311425345108209664,1,대지,충청북도 청주시 청원구 오창읍 양청리 821-2,431142014001,충청북도 청주시 청원구 오창읍 오창대로,4.37102534500821e+24,충청북도 청주시 청원구 오창읍 오창대로 315,28120.0,1.0
MA010120220805563952,굽네치킨,용암점,I2,음식,I210,기타 간이,I21006,치킨,I56193,치킨 전문점,43,충청북도,43111,청주시 상당구,43111720,용암1동,4311112400,용암동,4311112400121829888,1,대지,충청북도 청주시 상당구 용암동 2183,431113236048,충청북도 청주시 상당구 원봉로,4.31111240012183e+24,충청북도 청주시 상당구 원봉로 88,28766.0,1.0
MA010120220813277889,일룸청주,중앙점,G2,소매,G211,가구 소매,G21101,가구 소매업,G47520,가구 소매업,43,충청북도,43113,청주시 흥덕구,43113760,강서1동,4311311700,강서동,4311311700101230080,1,대지,충청북도 청주시 흥덕구 강서동 123-5,431133237005,충청북도 청주시 흥덕구 강서로,4.31131170010123e+24,충청북도 청주시 흥덕구 강서로 55,28381.0,2.0
MA010120220806379158,제천황기명태,음성점,I2,음식,I201,한식,I20112,해산물 구이/찜,I56111,한식 일반 음식점업,43,충청북도,43770,음성군,43770250,음성읍,4377025021,음성읍,4377025021108019712,1,대지,충청북도 음성군 음성읍 읍내리 802-1,437703247044,충청북도 음성군 음성읍 음성로,4.37702502110802e+24,충청북도 음성군 음성읍 음성로 54,27705.0,1.0
MA010120220804175811,피자스쿨,복대점,I2,음식,I210,기타 간이,I21003,피자,I56192,피자; 햄버거; 샌드위치 및 유사 음식점업,43,충청북도,43113,청주시 흥덕구,43113741,복대1동,4311311400,복대동,4311311400125770240,1,대지,충청북도 청주시 흥덕구 복대동 2577,431133237079,충청북도 청주시 흥덕구 증안로,4.31131140012577e+24,충청북도 청주시 흥덕구 증안로 24,28416.0,1.0
MA010120220807094410,제이에스,코리아,G2,소매,G212,기타 생활용품 소매,G21201,전기용품/조명장치 소매업,G47591,전기용품 및 조명장치 소매업,43,충청북도,43113,청주시 흥덕구,43113700,운천.신봉동,4311310400,운천동,4311310400106769920,1,대지,충청북도 청주시 흥덕구 운천동 677-1,431133237036,충청북도 청주시 흥덕구 사운로,4.31131040010677e+24,충청북도 청주시 흥덕구 사운로 255,28473.0,2.0
MA010120220805579254,마리웨일,법원점,I2,음식,I210,기타 간이,I21001,빵/도넛,I56191,제과점업,43,충청북도,43112,청주시 서원구,43112550,산남동,4311210400,산남동,4311210400106070016,1,대지,충청북도 청주시 서원구 산남동 607,431124511285,충청북도 청주시 서원구 두꺼비로78번길,4.31131060010607e+24,충청북도 청주시 서원구 두꺼비로78번길 53,28625.0,1.0
MA010120220803038128,만타스시31,오창점,I2,음식,I203,일식,I20301,일식 회/초밥,I56122,일식 음식점업,43,충청북도,43114,청주시 청원구,43114253,오창읍,4311425345,오창읍,4311425345108209664,1,대지,충청북도 청주시 청원구 오창읍 양청리 821-4,431143240077,충청북도 청주시 청원구 오창읍 중심상업로,4.37102534500821e+24,충청북도 청주시 청원구 오창읍 중심상업로 7,28120.0,1.0
MA010120220813342054,석호네닭발,옥산점,I2,음식,I201,한식,I20110,닭/오리고기 구이/찜,I56111,한식 일반 음식점업,43,충청북도,43113,청주시 흥덕구,43113320,옥산면,4311332025,옥산면,4311332025104519680,1,대지,충청북도 청주시 흥덕구 옥산면 가락리 452-6,431134520010,충청북도 청주시 흥덕구 옥산면 가락길,4.31133202520068e+24,충청북도 청주시 흥덕구 옥산면 가락길 30,28113.0,1.0
MA010120220810215599,역전할머니맥주,청주대점,I2,음식,I211,주점,I21103,생맥주 전문,I56213,생맥주 전문점,43,충청북도,43114,청주시 청원구,43114510,우암동,4311410100,우암동,4311410100103209984,1,대지,충청북도 청주시 청원구 우암동 321-24,431143236056,충청북도 청주시 청원구 중앙로,4.31111130010321e+24,충청북도 청주시 청원구 중앙로 161,28488.0,1.0
MA010120220805185984,고등어청,본점,I2,음식,I201,한식,I20112,해산물 구이/찜,I56111,한식 일반 음식점업,43,충청북도,43113,청주시 흥덕구,43113741,복대1동,4311311400,복대동,4311311400102899712,1,대지,충청북도 청주시 흥덕구 복대동 290-8,431134511866,충청북도 청주시 흥덕구 진재로110번길,4.3113114001029e+24,충청북도 청주시 흥덕구 진재로110번길 27,28426.0,1.0
MA010120220806190093,두리네밥도둑,봉명점,I2,음식,I210,기타 간이,I21099,그 외 기타 간이 음식점,I56199,간이 음식 포장 판매 전문점,43,충청북도,43113,청주시 흥덕구,43113756,봉명2.송정동,4311311500,봉명동,4311311500117499904,1,대지,충청북도 청주시 흥덕구 봉명동 1750,431133237011,충청북도 청주시 흥덕구 과상미로,4.3113115001175e+24,충청북도 청주시 흥덕구 과상미로 19,28452.0,1.0
MA010120220811953297,큰맘할매순대국청주,오창점,I2,음식,I201,한식,I20102,국/탕/찌개류,I56111,한식 일반 음식점업,43,충청북도,43114,청주시 청원구,43114253,오창읍,4311425332,오창읍,4311425332106019840,1,대지,충청북도 청주시 청원구 오창읍 주성리 602,431144571746,충청북도 청주시 청원구 오창읍 주성1길,4.31142533210602e+24,충청북도 청주시 청원구 오창읍 주성1길 10,28117.0,1.0
MA010120220803244256,우리,대리점,G2,소매,G208,가전·통신 소매,G20802,핸드폰 소매업,G47312,통신기기 소매업,43,충청북도,43113,청주시 흥덕구,43113741,복대1동,4311311400,복대동,4311311400102880256,1,대지,충청북도 청주시 흥덕구 복대동 288-21,431133237020,충청북도 청주시 흥덕구 대농로,4.31131140010288e+24,충청북도 청주시 흥덕구 대농로 62,28427.0,1.0
MA010120220806333604,씨유청주율량,중앙점,G2,소매,G204,종합 소매,G20405,편의점,G47122,체인화 편의점,43,충청북도,43114,청주시 청원구,43114540,율량.사천동,4311410300,율량동,4311410300112819712,1,대지,충청북도 청주시 청원구 율량동 1282,431143236050,충청북도 청주시 청원구 율봉로,4.31111150011282e+24,충청북도 청주시 청원구 율봉로 95,28340.0,1.0
MA010120220814157662,쿱스토어대전충청,금천점,G2,소매,G204,종합 소매,G20404,슈퍼마켓,G47121,슈퍼마켓,43,충청북도,43111,청주시 상당구,43111680,금천동,4311112000,금천동,4311112000100649984,1,대지,충청북도 청주시 상당구 금천동 65-7,431113236055,충청북도 청주시 상당구 중고개로,4.31111200010065e+24,충청북도 청주시 상당구 중고개로 259,28729.0,1.0
MA010120220810321946,청주전자담배,백화점,G2,소매,G207,담배 소매,G20701,담배/전자담배 소매업,G47222,담배 소매업,43,충청북도,43113,청주시 흥덕구,43113756,봉명2.송정동,4311311500,봉명동,4311311500119820288,1,대지,충청북도 청주시 흥덕구 봉명동 1982,431133237029,충청북도 청주시 흥덕구 백봉로,4.31131150011982e+24,충청북도 청주시 흥덕구 백봉로 210,28448.0,1.0
MA010120220809946774,글라스틴트충주,연수점,S2,수리·개인,S203,자동차 수리·세차,S20301,자동차 정비소,S95212,자동차 전문 수리업,43,충청북도,43130,충주시,43130630,연수동,4313011800,연수동,4313011800103150080,1,대지,충청북도 충주시 연수동 315-6,431302238003,충청북도 충주시 금봉대로,4.31301180010315e+24,충청북도 충주시 금봉대로 605,27344.0,1.0
MA010120220808823478,파리바게트청주,동남점,I2,음식,I210,기타 간이,I21001,빵/도넛,I56191,제과점업,43,충청북도,43111,청주시 상당구,43111720,용암1동,4311112400,용암동,4311112400130769920,1,대지,충청북도 청주시 상당구 용암동 3077,431113236055,충청북도 청주시 상당구 중고개로,4.31111240013077e+24,충청북도 청주시 상당구 중고개로 129,28808.0,1.0
MA010120220806531628,톨비스트점충주,모다아울렛,G2,소매,G209,섬유·의복·신발 소매,G20905,기타 의류 소매업,G47419,기타 의복 소매업,43,충청북도,43130,충주시,43130605,달천동,4313011400,달천동,4313011400107859968,1,대지,충청북도 충주시 달천동 786-3,431302246001,충청북도 충주시 중원대로,4.31301140010786e+24,충청북도 충주시 중원대로 3683,27476.0,2.0
MA010120220813448643,농협홍삼한삼인서청주점,롯데마트,G2,소매,G205,식료품 소매,G20508,건강보조식품 소매업,G46103,섬유; 의복; 신발 및 가죽제품 중개업,43,충청북도,43113,청주시 흥덕구,43113760,강서1동,4311313800,비하동,4311313800108109824,1,대지,충청북도 청주시 흥덕구 비하동 811,431133014065,충청북도 청주시 흥덕구 2순환로,4.31131380010332e+24,충청북도 청주시 흥덕구 2순환로 1004,28360.0,1.0
MA010120220805604051,에피소드,봉명점,I2,음식,I211,주점,I21103,생맥주 전문,I56213,생맥주 전문점,43,충청북도,43113,청주시 흥덕구,43113756,봉명2.송정동,4311311500,봉명동,4311311500128640000,1,대지,충청북도 청주시 흥덕구 봉명동 2864,431133237029,충청북도 청주시 흥덕구 백봉로,4.31131150012864e+24,충청북도 청주시 흥덕구 백봉로 189,28463.0,1.0
MA010120220803922063,쿼드커피,충북대점,I2,음식,I212,비알코올,I21201,카페,I56221,커피 전문점,43,충청북도,43112,청주시 서원구,43112530,사창동,4311210200,사창동,4311210200104650240,1,대지,충청북도 청주시 서원구 사창동 465,431124512175,충청북도 청주시 서원구 1순환로672번길,4.31131020010465e+24,충청북도 청주시 서원구 1순환로672번길 63,28643.0,1.0
MA010120220813788783,피씨토랑,제천점,R1,예술·스포츠,R104,유원지·오락,R10406,PC방,R91222,컴퓨터 게임방 운영업,43,충청북도,43150,제천시,43150560,용두동,4315011100,하소동,4315011100100720128,1,대지,충청북도 제천시 하소동 72-18,431504517624,충청북도 제천시 용두대로15가길,4.31501110010072e+24,충청북도 제천시 용두대로15가길 7,27162.0,2.0
MA010120220810160682,여성크로커다일,증평점,G2,소매,G209,섬유·의복·신발 소매,G20902,여성 의류 소매업,G47412,여자용 겉옷 소매업,43,충청북도,43745,증평군,43745250,증평읍,4374525023,증평읍,4374525023100160000,1,대지,충청북도 증평군 증평읍 중동리 16-4,437453244026,충청북도 증평군 증평읍 중앙로,4.37452502310016e+24,충청북도 증평군 증평읍 중앙로 193-2,27927.0,1.0
MA010120220805561173,꽃돼지가,1호점,I2,음식,I201,한식,I20107,돼지고기 구이/찜,I56113,한식 육류 요리 전문점,43,충청북도,43114,청주시 청원구,43114550,오근장동,4311410600,주중동,4311410600109980160,1,대지,충청북도 청주시 청원구 주중동 998,431144844097,충청북도 청주시 청원구 율량로48번길,4.31141060010998e+24,충청북도 청주시 청원구 율량로48번길 37,28325.0,1.0
MA010120220805557343,할리스충북,진천점,I2,음식,I212,비알코올,I21201,카페,I56221,커피 전문점,43,충청북도,43750,진천군,43750250,진천읍,4375025024,진천읍,4375025024102380032,1,대지,충청북도 진천군 진천읍 읍내리 238-7,437503245019,충청북도 진천군 진천읍 중앙북로,4.37502502410238e+24,충청북도 진천군 진천읍 중앙북로 28,27832.0,2.0
MA010120220810222038,인생극장,광혜원점,I2,음식,I201,한식,I20107,돼지고기 구이/찜,I56111,한식 일반 음식점업,43,충청북도,43750,진천군,43750370,광혜원면,4375037027,광혜원면,4375037027104229888,1,대지,충청북도 진천군 광혜원면 광혜원리 423,437504535024,충청북도 진천군 광혜원면 광혜원산단1길,4.37503702710423e+24,충청북도 진천군 광혜원면 광혜원산단1길 117-3,27804.0,1.0
MA010120220808812822,유캔두잇청주율량,사천점,I2,음식,I212,비알코올,I21201,카페,I56221,커피 전문점,43,충청북도,43114,청주시 청원구,43114540,율량.사천동,4311410400,사천동,4311410400107169792,1,대지,충청북도 청주시 청원구 사천동 717,431143236023,충청북도 청주시 청원구 사뜸로,4.31141040010717e+24,충청북도 청주시 청원구 사뜸로 100-8,28337.0,1.0
MA010120220805559088,삼립빵비하,대리점,G2,소매,G204,종합 소매,G20404,슈퍼마켓,G47129,기타 음ㆍ식료품 위주 종합 소매업,43,충청북도,43112,청주시 서원구,43112510,사직1동,4311210100,사직동,4311210100102660096,1,대지,충청북도 청주시 서원구 사직동 266-15,431123237095,충청북도 청주시 서원구 호국로,4.31131010010266e+24,충청북도 청주시 서원구 호국로 106-1,28555.0,1.0
MA010120220803578045,에꼴리에,제천점,G2,소매,G209,섬유·의복·신발 소매,G20905,기타 의류 소매업,G47419,기타 의복 소매업,43,충청북도,43150,제천시,43150528,중앙동,4315010600,중앙로1가,4315010600100800000,1,대지,충청북도 제천시 중앙로1가 80-1,431504518097,충청북도 제천시 풍양로15길,4.31501060010221e+24,충청북도 제천시 풍양로15길 5,27173.0,1.0
MA010120220805579126,네네치킨,분평점,I2,음식,I210,기타 간이,I21006,치킨,I56193,치킨 전문점,43,충청북도,43112,청주시 서원구,43112560,분평동,4311210600,분평동,4311210600113679872,1,대지,충청북도 청주시 서원구 분평동 1368,431123236001,충청북도 청주시 서원구 1순환로,4.31131080011368e+24,충청북도 청주시 서원구 1순환로 1109,28800.0,1.0
MA010120220811939316,지에스25매포,삼거리점,G2,소매,G204,종합 소매,G20405,편의점,G47122,체인화 편의점,43,충청북도,43800,단양군,43800253,매포읍,4380025327,매포읍,4380025327100600320,1,대지,충청북도 단양군 매포읍 평동리 60-4,438003248059,충청북도 단양군 매포읍 평동로,4.3800253271006e+24,충청북도 단양군 매포읍 평동로 8,27004.0,1.0
MA010120220813578248,구이구이쪽갈비,율량점,I2,음식,I201,한식,I20107,돼지고기 구이/찜,I56113,한식 육류 요리 전문점,43,충청북도,43114,청주시 청원구,43114540,율량.사천동,4311410300,율량동,4311410300108300288,1,대지,충청북도 청주시 청원구 율량동 830,431144508575,충청북도 청주시 청원구 율봉로175번길,4.3111115001083e+24,충청북도 청주시 청원구 율봉로175번길 10-13,28327.0,1.0
MA010120220813136850,혜화동돈까스극장청주,용암점,I2,음식,I203,일식,I20302,일식 카레/돈가스/덮밥,I56123,서양식 음식점업,43,충청북도,43111,청주시 상당구,43111720,용암1동,4311112400,용암동,4311112400121809920,1,대지,충청북도 청주시 상당구 용암동 2181,431113236048,충청북도 청주시 상당구 원봉로,4.31111240012181e+24,충청북도 청주시 상당구 원봉로 90,28766.0,1.0
MA010120220805708869,마레몬떼,제천점,G2,소매,G209,섬유·의복·신발 소매,G20902,여성 의류 소매업,G47412,여자용 겉옷 소매업,43,충청북도,43150,제천시,43150528,중앙동,4315010700,중앙로2가,4315010700100290048,1,대지,충청북도 제천시 중앙로2가 29-4,431502239002,충청북도 제천시 의림대로,4.31501070010029e+24,충청북도 제천시 의림대로 119-1,27169.0,1.0
MA010120220807152862,정관장,가경점,G2,소매,G205,식료품 소매,G20508,건강보조식품 소매업,G47217,건강 보조식품 소매업,43,충청북도,43112,청주시 서원구,43112590,성화.개신.죽림동,4311210800,성화동,4311210800107219968,1,대지,충청북도 청주시 서원구 성화동 722,431124512253,충청북도 청주시 서원구 장전로6번길,4.31131100010722e+24,충청북도 청주시 서원구 장전로6번길 32,28614.0,1.0
MA010120220805564058,보드람치킨,하복대점,I2,음식,I210,기타 간이,I21006,치킨,I56193,치킨 전문점,43,충청북도,43113,청주시 흥덕구,43113741,복대1동,4311311400,복대동,4311311400128250368,1,대지,충청북도 청주시 흥덕구 복대동 2825,431134511886,충청북도 청주시 흥덕구 짐대로50번길,4.31131140012825e+24,충청북도 청주시 흥덕구 짐대로50번길 3,28417.0,1.0
MA010120220805589679,K2,코리아,G2,소매,G209,섬유·의복·신발 소매,G20905,기타 의류 소매업,G47419,기타 의복 소매업,43,충청북도,43112,청주시 서원구,43112560,분평동,4311210500,미평동,4311210500100349952,1,대지,충청북도 청주시 서원구 미평동 35-6,431124511938,충청북도 청주시 서원구 청남로1936번길,4.31131070010035e+24,충청북도 청주시 서원구 청남로1936번길 1,28802.0,3.0
MA010120220806324251,루마썬팅,오창점,G2,소매,G202,자동차 부품 소매,G20202,자동차 부품 소매업,G45219,기타 자동차 신품 부품 및 내장품 판매업,43,충청북도,43114,청주시 청원구,43114253,오창읍,4311425345,오창읍,4311425345107770368,1,대지,충청북도 청주시 청원구 오창읍 양청리 777-19,431144520431,충청북도 청주시 청원구 오창읍 양청2안길,4.37102534510777e+24,충청북도 청주시 청원구 오창읍 양청2안길 29,28115.0,1.0
MA010120220810887405,원조한입쏘옥김밥,전문점,I2,음식,I210,기타 간이,I21007,김밥/만두/분식,I56194,김밥 및 기타 간이 음식점업,43,충청북도,43130,충주시,43130550,용산동,4313010600,용산동,4313010600104839680,1,대지,충청북도 충주시 용산동 484,431303238047,충청북도 충주시 염밭로,4.31301060010484e+24,충청북도 충주시 염밭로 79,27395.0,1.0
MA010120220805009456,우리할매떡볶이용산,호암점,I2,음식,I210,기타 간이,I21007,김밥/만두/분식,I56194,김밥 및 기타 간이 음식점업,43,충청북도,43130,충주시,43130550,용산동,4313010600,용산동,4313010600120099840,1,대지,충청북도 충주시 용산동 2010-1,431304514151,충청북도 충주시 금봉2길,4.3130106001201e+24,충청북도 충주시 금봉2길 18-7,27403.0,1.0
MA010120220803048447,주다방청주,충북대점,I2,음식,I211,주점,I21104,요리 주점,I56219,기타 주점업,43,충청북도,43112,청주시 서원구,43112530,사창동,4311210200,사창동,4311210200104199680,1,대지,충청북도 청주시 서원구 사창동 420,431124512175,충청북도 청주시 서원구 1순환로672번길,4.3113102001042e+24,충청북도 청주시 서원구 1순환로672번길 19,28643.0,1.0
MA010120220811670216,이마트24단,양평동점,G2,소매,G204,종합 소매,G20405,편의점,G47122,체인화 편의점,43,충청북도,43800,단양군,43800253,매포읍,4380025327,매포읍,4380025327109909504,1,대지,충청북도 단양군 매포읍 평동리 991,438003248055,충청북도 단양군 매포읍 평동4로,4.38002532710991e+24,충청북도 단양군 매포읍 평동4로 129,27006.0,1.0
MA010120220810345218,홀인원실내,골프연습장,R1,예술·스포츠,R103,스포츠 서비스,R10311,골프 연습장,R91136,골프 연습장 운영업,43,충청북도,43770,음성군,43770330,맹동면,4377033028,맹동면,4377033028114739712,1,대지,충청북도 음성군 맹동면 두성리 1474,437704541724,충청북도 음성군 맹동면 장성3길,4.37703302811474e+24,충청북도 음성군 맹동면 장성3길 13-5,27738.0,5.0
MA010120220813355026,켄터베리치킨,증평점,I2,음식,I211,주점,I21104,요리 주점,I56219,기타 주점업,43,충청북도,43745,증평군,43745250,증평읍,4374525026,증평읍,4374525026102080000,1,대지,충청북도 증평군 증평읍 창동리 208-2,437453244015,충청북도 증평군 증평읍 역전로,4.37452502610208e+24,충청북도 증평군 증평읍 역전로 17-1,27927.0,1.0
MA010120220804435011,비비큐청주,가경점,I2,음식,I210,기타 간이,I21006,치킨,I56193,치킨 전문점,43,충청북도,43113,청주시 흥덕구,43113747,가경동,4311311300,가경동,4311311300114830336,1,대지,충청북도 청주시 흥덕구 가경동 1483-13,431133237092,충청북도 청주시 흥덕구 풍년로,4.31131130011483e+24,충청북도 청주시 흥덕구 풍년로 100,28403.0,1.0
MA010120220812531460,시온뷰티케어,2호점,S2,수리·개인,S207,이용·미용,S20702,피부 관리실,S96113,피부 미용업,43,충청북도,43114,청주시 청원구,43114540,율량.사천동,4311410300,율량동,4311410300107790336,1,대지,충청북도 청주시 청원구 율량동 779,431144508046,충청북도 청주시 청원구 공항로150번길,4.31141030010779e+24,충청북도 청주시 청원구 공항로150번길 16-8,28329.0,1.0
MA010120220813966748,몸가짐&굿볼스튜디오,증평점,P1,교육,P106,기타 교육,P10603,요가/필라테스 학원,P85612,기타 스포츠 교육기관,43,충청북도,43745,증평군,43745250,증평읍,4374525032,증평읍,4374525032109890048,1,대지,충청북도 증평군 증평읍 송산리 989,437454532232,충청북도 증평군 증평읍 송산로4길,4.37452503210989e+24,충청북도 증평군 증평읍 송산로4길 21,27917.0,2.0
MA010120220813520697,미샤NC청주점,백화점,G2,소매,G215,의약·화장품 소매,G21503,화장품 소매업,G47813,화장품; 비누 및 방향제 소매업,43,충청북도,43113,청주시 흥덕구,43113747,가경동,4311311300,가경동,4311311300114160128,1,대지,충청북도 청주시 흥덕구 가경동 1416-3,431133014065,충청북도 청주시 흥덕구 2순환로,4.31131130011416e+24,충청북도 청주시 흥덕구 2순환로 1233,28396.0,4.0
MA010120220804986427,그린어스청주지점,코리아,S2,수리·개인,S206,기타 가정용품 수리,S20601,의류/이불 수선업,S95391,의복 및 기타 가정용 직물제품 수리업,43,충청북도,43112,청주시 서원구,43112560,분평동,4311210500,미평동,4311210500100349952,1,대지,충청북도 청주시 서원구 미평동 35-6,431124511938,충청북도 청주시 서원구 청남로1936번길,4.31131070010035e+24,충청북도 청주시 서원구 청남로1936번길 1,28802.0,1.0
MA010120220803092875,공차청주,테크노폴리스점,I2,음식,I212,비알코올,I21201,카페,I56229,기타 비알코올 음료점업,43,충청북도,43113,청주시 흥덕구,43113770,강서2동,4311313400,송절동,4311313400108149760,1,대지,충청북도 청주시 흥덕구 송절동 815,431134855165,충청북도 청주시 흥덕구 송화로166번길,4.31131340010815e+24,충청북도 청주시 흥덕구 송화로166번길 7-21,28292.0,1.0
MA010120220814361412,태후사랑,복대점,S2,수리·개인,S207,이용·미용,S20701,미용실,S96112,두발 미용업,43,충청북도,43113,청주시 흥덕구,43113742,복대2동,4311311400,복대동,4311311400112079872,1,대지,충청북도 청주시 흥덕구 복대동 1208,431134512049,충청북도 청주시 흥덕구 풍산로128번길,4.31131140011208e+24,충청북도 청주시 흥덕구 풍산로128번길 11-2,28605.0,1.0
MA010120220806930107,허가네돼지갈비,전문점,I2,음식,I201,한식,I20101,백반/한정식,I56111,한식 일반 음식점업,43,충청북도,43113,청주시 흥덕구,43113756,봉명2.송정동,4311311500,봉명동,4311311500118149632,1,대지,충청북도 청주시 흥덕구 봉명동 1815,431134512270,충청북도 청주시 흥덕구 1순환로536번길,4.31131150011815e+24,충청북도 청주시 흥덕구 1순환로536번길 3,28451.0,1.0
MA010120220808751525,카페인중독청주,용암점,I2,음식,I212,비알코올,I21201,카페,I56221,커피 전문점,43,충청북도,43111,청주시 상당구,43111720,용암1동,4311112400,용암동,4311112400130729984,1,대지,충청북도 청주시 상당구 용암동 3073,431114857347,충청북도 청주시 상당구 중고개로141번길,4.31111240010186e+24,충청북도 청주시 상당구 중고개로141번길 13-2,28808.0,1.0
MA010120220805326479,부어치킨금천,용암점,I2,음식,I210,기타 간이,I21006,치킨,G47129,기타 음ㆍ식료품 위주 종합 소매업,43,충청북도,43111,청주시 상당구,43111720,용암1동,4311112400,용암동,4311112400112050176,1,대지,충청북도 청주시 상당구 용암동 1205,431114508519,충청북도 청주시 상당구 용암북로46번길,4.31111240011205e+24,충청북도 청주시 상당구 용암북로46번길 8,28770.0,1.0
MA010120220804660714,서리서리멸치국수,가경점,I2,음식,I201,한식,I20105,국수/칼국수,I56112,한식 면 요리 전문점,43,충청북도,43113,청주시 흥덕구,43113747,가경동,4311311300,가경동,4311311300114089984,1,대지,충청북도 청주시 흥덕구 가경동 1409,431133237092,충청북도 청주시 흥덕구 풍년로,4.31131130011409e+24,충청북도 청주시 흥덕구 풍년로 164-3,28395.0,1.0
MA010120220801939151,듀엘현대백화점,충청점,G2,소매,G209,섬유·의복·신발 소매,G20902,여성 의류 소매업,G47412,여자용 겉옷 소매업,43,충청북도,43113,청주시 흥덕구,43113741,복대1동,4311311400,복대동,4311311400133799936,1,대지,충청북도 청주시 흥덕구 복대동 3380,431133236058,충청북도 청주시 흥덕구 직지대로,4.31131140010584e+24,충청북도 청주시 흥덕구 직지대로 308,28424.0,1.0
MA010120220803341691,메가엠지씨커피청주,지웰시티점,I2,음식,I212,비알코올,I21201,카페,I56221,커피 전문점,43,충청북도,43113,청주시 흥덕구,43113741,복대1동,4311311400,복대동,4311311400102880256,1,대지,충청북도 청주시 흥덕구 복대동 288-124,431133237020,충청북도 청주시 흥덕구 대농로,4.31131140010288e+24,충청북도 청주시 흥덕구 대농로 39,28424.0,1.0
MA010120220805602995,만물건강,백화점,G2,소매,G205,식료품 소매,G20508,건강보조식품 소매업,G47217,건강 보조식품 소매업,43,충청북도,43113,청주시 흥덕구,43113742,복대2동,4311311400,복대동,4311311400111109632,1,대지,충청북도 청주시 흥덕구 복대동 1111,431134511382,충청북도 청주시 흥덕구 복대로146번길,4.31131140011111e+24,충청북도 청주시 흥덕구 복대로146번길 48,28601.0,1.0
MA010120220812073783,세븐일레븐충주,용산점,G2,소매,G204,종합 소매,G20405,편의점,G47122,체인화 편의점,43,충청북도,43130,충주시,43130550,용산동,4313010600,용산동,4313010600114780160,1,대지,충청북도 충주시 용산동 1478-1,431304514044,충청북도 충주시 거룡2길,4.31301060011478e+24,충청북도 충주시 거룡2길 44,27399.0,1.0
MA010120220813968124,비비큐치킨충주,호암점,I2,음식,I210,기타 간이,I21006,치킨,I56193,치킨 전문점,43,충청북도,43130,충주시,43130580,호암.직동,4313010700,호암동,4313010700111909888,1,대지,충청북도 충주시 호암동 1191,431303352070,충청북도 충주시 호암토성2로,4.31301070011191e+24,충청북도 충주시 호암토성2로 1,27480.0,2.0
MA010120220805721980,한울칡냉면,본점,I2,음식,I201,한식,I20106,냉면/밀면,I56112,한식 면 요리 전문점,43,충청북도,43150,제천시,43150510,교동,4315011600,장락동,4315011600106360320,1,대지,충청북도 제천시 장락동 636,431502239003,충청북도 제천시 청전대로,4.31501160010637e+24,충청북도 제천시 청전대로 217,27148.0,1.0
MA010120220805584136,배스킨라빈스31,하복대점,I2,음식,I210,기타 간이,I21008,아이스크림/빙수,I56194,김밥 및 기타 간이 음식점업,43,충청북도,43113,청주시 흥덕구,43113741,복대1동,4311311400,복대동,4311311400124650496,1,대지,충청북도 청주시 흥덕구 복대동 2465,431133237081,충청북도 청주시 흥덕구 진재로,4.31131140012465e+24,충청북도 청주시 흥덕구 진재로 49,28416.0,1.0
MA010120220814091603,코웨이렌탈,제천점,G2,소매,G208,가전·통신 소매,G20803,가전제품 소매업,N75999,그 외 기타 분류 안된 사업 지원 서비스업,43,충청북도,43150,제천시,43150605,화산동,4315010900,화산동,4315010900110090240,1,대지,충청북도 제천시 화산동 1009,431503239054,충청북도 제천시 원화산로,4.31501090010075e+24,충청북도 제천시 원화산로 43,27197.0,1.0
MA010120220809762918,로이드밤,율량점,S2,수리·개인,S207,이용·미용,S20701,미용실,S96112,두발 미용업,43,충청북도,43114,청주시 청원구,43114550,오근장동,4311410500,주성동,4311410500103379968,1,대지,충청북도 청주시 청원구 주성동 338,431143349124,충청북도 청주시 청원구 율량로,4.31111310010142e+24,충청북도 청주시 청원구 율량로 104,28318.0,2.0
MA010120220811749868,지에스25송절,테크노점,G2,소매,G204,종합 소매,G20405,편의점,G47122,체인화 편의점,43,충청북도,43113,청주시 흥덕구,43113770,강서2동,4311313400,송절동,4311313400106720256,1,대지,충청북도 청주시 흥덕구 송절동 672,431134855163,충청북도 청주시 흥덕구 송화로130번길,4.31131340010311e+24,충청북도 청주시 흥덕구 송화로130번길 14,28293.0,1.0
MA010120220808368751,세븐일레븐청주대,중문점,G2,소매,G204,종합 소매,G20405,편의점,G47122,체인화 편의점,43,충청북도,43114,청주시 청원구,43114510,우암동,4311410100,우암동,4311410100100199424,1,대지,충청북도 청주시 청원구 우암동 20-2,431143236034,충청북도 청주시 청원구 수암로,4.3111113001002e+24,충청북도 청주시 청원구 수암로 98-15,28504.0,1.0
MA010120220805735541,아워홈대원대학교주,제천점,I2,음식,I207,구내식당·뷔페,I20701,구내식당,I56130,기관 구내식당업,43,충청북도,43150,제천시,43150560,용두동,4315011200,신월동,4315011200105989632,1,대지,충청북도 제천시 신월동 599,431503239080,충청북도 제천시 대학로,4.31501120010599e+24,충청북도 제천시 대학로 316,27135.0,1.0
MA010120220805621112,남한강마트,진천점,G2,소매,G204,종합 소매,G20404,슈퍼마켓,G47121,슈퍼마켓,43,충청북도,43750,진천군,43750250,진천읍,4375025024,진천읍,4375025024101709824,1,대지,충청북도 진천군 진천읍 읍내리 171-1,437504535084,충청북도 진천군 진천읍 대촌길,4.37502502410171e+24,충청북도 진천군 진천읍 대촌길 1,27849.0,1.0
MA010120220813223892,세탁풍경부용,2호점,S2,수리·개인,S209,세탁,S20902,셀프 빨래방,S96912,가정용 세탁업,43,충청북도,43740,영동군,43740250,영동읍,4374025028,영동읍,4374025028100519936,1,대지,충청북도 영동군 영동읍 부용리 52-5,437403243054,충청북도 영동군 영동읍 학산영동로,4.37402502810052e+24,충청북도 영동군 영동읍 학산영동로 1201-21,29152.0,1.0
MA010120220812410381,청년감자탕청주,산남점,I2,음식,I201,한식,I20102,국/탕/찌개류,I56111,한식 일반 음식점업,43,충청북도,43112,청주시 서원구,43112550,산남동,4311210400,산남동,4311210400105850368,1,대지,충청북도 청주시 서원구 산남동 585,431124511541,충청북도 청주시 서원구 산남로70번길,4.31131060010585e+24,충청북도 청주시 서원구 산남로70번길 14,28625.0,2.0
MA010120220813947173,GS25증평,창동점,G2,소매,G204,종합 소매,G20405,편의점,G47122,체인화 편의점,43,충청북도,43745,증평군,43745250,증평읍,4374525026,증평읍,4374525026102090240,1,대지,충청북도 증평군 증평읍 창동리 209,437453244015,충청북도 증평군 증평읍 역전로,4.37452502610209e+24,충청북도 증평군 증평읍 역전로 13-1,27927.0,1.0
MA010120220806321177,뚜레쥬르청주,지웰시티점,I2,음식,I210,기타 간이,I21001,빵/도넛,I56191,제과점업,43,충청북도,43113,청주시 흥덕구,43113741,복대1동,4311311400,복대동,4311311400102880256,1,대지,충청북도 청주시 흥덕구 복대동 288-124,431133237020,충청북도 청주시 흥덕구 대농로,4.31131140010288e+24,충청북도 청주시 흥덕구 대농로 39,28424.0,1.0
MA010120220813242123,교촌치킨금천,광장점,I2,음식,I210,기타 간이,I21006,치킨,I56193,치킨 전문점,43,충청북도,43111,청주시 상당구,43111690,용담.명암.산성동,4311112100,용담동,4311112100103950336,1,대지,충청북도 청주시 상당구 용담동 395,431114508279,충청북도 청주시 상당구 산성로112번길,4.31111210010395e+24,충청북도 청주시 상당구 산성로112번길 24,28744.0,1.0
MA010120220807168349,헌터피씨충주,본점,R1,예술·스포츠,R104,유원지·오락,R10406,PC방,R91222,컴퓨터 게임방 운영업,43,충청북도,43130,충주시,43130630,연수동,4313011800,연수동,4313011800106599424,1,대지,충청북도 충주시 연수동 660-1,431303238048,충청북도 충주시 예성로,4.3130118001066e+24,충청북도 충주시 예성로 377,27346.0,3.0
MA010120220804780470,홍문당서적,용암점,G2,소매,G213,오락용품 소매,G21301,서점,G47611,서적; 신문 및 잡지류 소매업,43,충청북도,43111,청주시 상당구,43111720,용암1동,4311112400,용암동,4311112400115919872,1,대지,충청북도 청주시 상당구 용암동 1592-1,431113236049,충청북도 청주시 상당구 월평로,4.31111240011592e+24,충청북도 청주시 상당구 월평로 172,28776.0,2.0
MA010120220805399317,탐앤탐스,제천점,I2,음식,I212,비알코올,I21201,카페,I56221,커피 전문점,43,충청북도,43150,제천시,43150560,용두동,4315011100,하소동,4315011100100789760,1,대지,충청북도 제천시 하소동 79-8,431504517625,충청북도 제천시 용두대로15길,4.31501110010079e+24,충청북도 제천시 용두대로15길 4,27162.0,1.0
MA010120220806627952,두찜두마리찜닭,복대점,I2,음식,I201,한식,I20110,닭/오리고기 구이/찜,I56111,한식 일반 음식점업,43,충청북도,43113,청주시 흥덕구,43113741,복대1동,4311311400,복대동,4311311400102880256,1,대지,충청북도 청주시 흥덕구 복대동 288-62,431133237081,충청북도 청주시 흥덕구 진재로,4.31131140010288e+24,충청북도 청주시 흥덕구 진재로 141,28425.0,1.0
MA010120220805933595,신기떡볶이,청담동,I2,음식,I210,기타 간이,I21007,김밥/만두/분식,I56194,김밥 및 기타 간이 음식점업,43,충청북도,43111,청주시 상당구,43111690,용담.명암.산성동,4311112100,용담동,4311112100104670208,1,대지,충청북도 청주시 상당구 용담동 467,431113236035,충청북도 청주시 상당구 수영로,4.31111210010306e+24,충청북도 청주시 상당구 수영로 359,28746.0,1.0
MA010120220805618216,에이션패션청주점주,롯데아울렛,G2,소매,G209,섬유·의복·신발 소매,G20905,기타 의류 소매업,G47419,기타 의복 소매업,43,충청북도,43113,청주시 흥덕구,43113760,강서1동,4311313800,비하동,4311313800108109824,1,대지,충청북도 청주시 흥덕구 비하동 811,431133014065,충청북도 청주시 흥덕구 2순환로,4.31131380010332e+24,충청북도 청주시 흥덕구 2순환로 1004,28360.0,1.0
MA010120220813385175,갈골집,용암점,I2,음식,I201,한식,I20107,돼지고기 구이/찜,I56113,한식 육류 요리 전문점,43,충청북도,43111,청주시 상당구,43111720,용암1동,4311112400,용암동,4311112400123909632,1,대지,충청북도 청주시 상당구 용암동 2391,431114508524,충청북도 청주시 상당구 용암북로76번길,4.31111240012391e+24,충청북도 청주시 상당구 용암북로76번길 3,28766.0,1.0
MA010120220805469475,이니스프리충북,음성점,G2,소매,G215,의약·화장품 소매,G21503,화장품 소매업,G47813,화장품; 비누 및 방향제 소매업,43,충청북도,43770,음성군,43770250,음성읍,4377025021,음성읍,4377025021105359872,1,대지,충청북도 음성군 음성읍 읍내리 536-30,437703247030,충청북도 음성군 음성읍 수정로,4.37702502110536e+24,충청북도 음성군 음성읍 수정로 41,27695.0,1.0
MA010120220814363482,이화수전통육개장,봉명점,I2,음식,I201,한식,I20102,국/탕/찌개류,I56111,한식 일반 음식점업,43,충청북도,43113,청주시 흥덕구,43113756,봉명2.송정동,4311311500,봉명동,4311311500127379968,1,대지,충청북도 청주시 흥덕구 봉명동 2738,431134511253,충청북도 청주시 흥덕구 덕암로114번길,4.31131150012738e+24,충청북도 청주시 흥덕구 덕암로114번길 76,28465.0,1.0
MA010120220808491643,종근당건강헬스벨스토리충주,연수점,G2,소매,G205,식료품 소매,G20508,건강보조식품 소매업,G47217,건강 보조식품 소매업,43,충청북도,43130,충주시,43130630,연수동,4313011800,연수동,4313011800108839936,1,대지,충청북도 충주시 연수동 884,431302238004,충청북도 충주시 번영대로,4.31301180010884e+24,충청북도 충주시 번영대로 103,27347.0,1.0
MA010120220813176722,빅커피,2호점,I2,음식,I212,비알코올,I21201,카페,I56221,커피 전문점,43,충청북도,43130,충주시,43130571,문화동,4313012700,문화동,4313012700116700160,1,대지,충청북도 충주시 문화동 1670,431304514648,충청북도 충주시 사직산21길,4.3130127001167e+24,충청북도 충주시 사직산21길 32,27408.0,1.0
MA010120220813689298,명동닭갈비.곱창,전문점,I2,음식,I201,한식,I20107,돼지고기 구이/찜,I56113,한식 육류 요리 전문점,43,충청북도,43113,청주시 흥덕구,43113747,가경동,4311311300,가경동,4311311300110510080,1,대지,충청북도 청주시 흥덕구 가경동 1051,431134512035,충청북도 청주시 흥덕구 풍년로194번길,4.31131130011051e+24,충청북도 청주시 흥덕구 풍년로194번길 4,28394.0,1.0
MA010120220805657812,진성종합상사금호·미쉐린,대리점,S2,수리·개인,S203,자동차 수리·세차,S20301,자동차 정비소,S95212,자동차 전문 수리업,43,충청북도,43130,충주시,43130625,칠금.금릉동,4313012800,금릉동,4313012800100940288,1,대지,충청북도 충주시 금릉동 94-2,431304514851,충청북도 충주시 쇠저울1길,4.31301280010094e+24,충청북도 충주시 쇠저울1길 2,27338.0,1.0
MA010120220812325062,카약커,코리아,G2,소매,G213,오락용품 소매,G21304,운동용품 소매업,G47631,운동 및 경기용품 소매업,43,충청북도,43800,단양군,43800330,영춘면,4380033022,영춘면,4380033022104090112,1,대지,충청북도 단양군 영춘면 하리 409-1,438003000159,충청북도 단양군 영춘면 강변로,4.38003302210409e+24,충청북도 단양군 영춘면 강변로 531,27018.0,2.0
MA010120220803575693,파리바게뜨,율량점,I2,음식,I210,기타 간이,I21001,빵/도넛,I56191,제과점업,43,충청북도,43114,청주시 청원구,43114540,율량.사천동,4311410300,율량동,4311410300109020160,1,대지,충청북도 청주시 청원구 율량동 902,431143236050,충청북도 청주시 청원구 율봉로,4.31111150010902e+24,충청북도 청주시 청원구 율봉로 150,28331.0,1.0
MA010120220800679039,떡담청주,분평점,I2,음식,I210,기타 간이,I21002,떡/한과,C10711,떡류 제조업,43,충청북도,43112,청주시 서원구,43112560,분평동,4311210600,분평동,4311210600113690112,1,대지,충청북도 청주시 서원구 분평동 1369,431124512136,충청북도 청주시 서원구 1순환로1107번길,4.31131080011369e+24,충청북도 청주시 서원구 1순환로1107번길 10,28800.0,1.0
MA010120220807410485,유로코피자,오창점,I2,음식,I210,기타 간이,I21003,피자,I56192,피자; 햄버거; 샌드위치 및 유사 음식점업,43,충청북도,43114,청주시 청원구,43114253,오창읍,4311425346,오창읍,4311425346104019968,1,대지,충청북도 청주시 청원구 오창읍 구룡리 402-11,431143240012,충청북도 청주시 청원구 오창읍 구룡택지로,4.31142534610402e+24,충청북도 청주시 청원구 오창읍 구룡택지로 22,28121.0,1.0
MA010120220811839429,PAT,분평점,G2,소매,G209,섬유·의복·신발 소매,G20905,기타 의류 소매업,G47419,기타 의복 소매업,43,충청북도,43112,청주시 서원구,43112560,분평동,4311210600,분평동,4311210600112309760,1,대지,충청북도 청주시 서원구 분평동 1231,431123236067,충청북도 청주시 서원구 청남로,4.31131080011231e+24,충청북도 청주시 서원구 청남로 1996,28797.0,1.0
MA010120220806346847,세무법인한마음동,청주지점,M1,과학·기술,M104,회계·세무,M10402,세무사,M71202,세무사업,43,충청북도,43111,청주시 상당구,43111525,중앙동,4311111200,수동,4311111200101790208,1,대지,충청북도 청주시 상당구 수동 179-1,431113236046,충청북도 청주시 상당구 우암산로,4.31111120010179e+24,충청북도 청주시 상당구 우암산로 28,28513.0,3.0
MA010120220813172487,햇살머믄꼬마김밥사창,본점,I2,음식,I210,기타 간이,I21007,김밥/만두/분식,I56194,김밥 및 기타 간이 음식점업,43,충청북도,43112,청주시 서원구,43112530,사창동,4311210200,사창동,4311210200103050240,1,대지,충청북도 청주시 서원구 사창동 305-35,431123237019,충청북도 청주시 서원구 내수동로,4.31131020010305e+24,충청북도 청주시 서원구 내수동로 165-1,28648.0,1.0
MA010120220808743927,염색이야기,옥천점,S2,수리·개인,S207,이용·미용,S20701,미용실,S96112,두발 미용업,43,충청북도,43730,옥천군,43730250,옥천읍,4373025036,옥천읍,4373025036101640192,1,대지,충청북도 옥천군 옥천읍 금구리 164-26,437303242015,충청북도 옥천군 옥천읍 삼금로,4.37302503610164e+24,충청북도 옥천군 옥천읍 삼금로 25,29038.0,1.0
MA010120220811500749,피자쿠치나충북,음성점,I2,음식,I210,기타 간이,I21003,피자,I56192,피자; 햄버거; 샌드위치 및 유사 음식점업,43,충청북도,43770,음성군,43770250,음성읍,4377025029,음성읍,4377025029102589952,1,대지,충청북도 음성군 음성읍 신천리 259-5,437703247062,충청북도 음성군 음성읍 중앙로,4.37702502910259e+24,충청북도 음성군 음성읍 중앙로 35-1,27705.0,1.0
MA010120220803575772,투썸플레이스청주오창2,산단점,I2,음식,I212,비알코올,I21201,카페,I56221,커피 전문점,43,충청북도,43114,청주시 청원구,43114253,오창읍,4311425332,오창읍,4311425332106469888,1,대지,충청북도 청주시 청원구 오창읍 주성리 647,431143257076,충청북도 청주시 청원구 오창읍 2산단로,4.31142533210647e+24,충청북도 청주시 청원구 오창읍 2산단로 124,28117.0,1.0
MA010120220808739462,25시반점,용암점,I2,음식,I202,중식,I20201,중국집,I56121,중식 음식점업,43,충청북도,43111,청주시 상당구,43111720,용암1동,4311112400,용암동,4311112400124319744,1,대지,충청북도 청주시 상당구 용암동 2432,431113236044,충청북도 청주시 상당구 용암북로,4.31111240012432e+24,충청북도 청주시 상당구 용암북로 86-1,28766.0,1.0
MA010120220810343281,25내덕,그린점,G2,소매,G204,종합 소매,G20405,편의점,G47122,체인화 편의점,43,충청북도,43114,청주시 청원구,43114530,내덕2동,4311410200,내덕동,4311410200100970496,1,대지,충청북도 청주시 청원구 내덕동 97-8,431144508434,충청북도 청주시 청원구 안덕벌로52번길,4.31111140010097e+24,충청북도 청주시 청원구 안덕벌로52번길 28-2,28497.0,1.0
MA010120220805592217,GS25청주,중앙점,G2,소매,G204,종합 소매,G20405,편의점,G47122,체인화 편의점,43,충청북도,43112,청주시 서원구,43112530,사창동,4311210200,사창동,4311210200103660032,1,대지,충청북도 청주시 서원구 사창동 366-17,431124511899,충청북도 청주시 서원구 창직로12번길,4.31121020010366e+24,충청북도 청주시 서원구 창직로12번길 3,28664.0,1.0
MA010120220800522206,청호실내,골프연습장,R1,예술·스포츠,R103,스포츠 서비스,R10311,골프 연습장,R91136,골프 연습장 운영업,43,충청북도,43745,증평군,43745250,증평읍,4374525030,증평읍,4374525030100019712,1,대지,충청북도 증평군 증평읍 초중리 2-3,437454532065,충청북도 증평군 증평읍 삼보로5길,4.37452503010002e+24,충청북도 증평군 증평읍 삼보로5길 12,27929.0,2.0
MA010120220811912240,파리바게뜨,광혜원점,I2,음식,I210,기타 간이,I21001,빵/도넛,I56191,제과점업,43,충청북도,43750,진천군,43750370,광혜원면,4375037027,광혜원면,4375037027104430080,1,대지,충청북도 진천군 광혜원면 광혜원리 443-5,437504535351,충청북도 진천군 광혜원면 중리3길,4.37503702710443e+24,충청북도 진천군 광혜원면 중리3길 21,27805.0,1.0
MA010120220807056030,세븐청주대캠퍼스점,코리아,G2,소매,G204,종합 소매,G20405,편의점,G47122,체인화 편의점,43,충청북도,43114,청주시 청원구,43114510,우암동,4311410100,우암동,4311410100102369792,1,대지,충청북도 청주시 청원구 우암동 237-13,431143236027,충청북도 청주시 청원구 상당로,4.31141010010237e+24,충청북도 청주시 청원구 상당로 249,28536.0,1.0
MA010120220806303691,삼첩분식청주,오창점,I2,음식,I210,기타 간이,I21007,김밥/만두/분식,I56194,김밥 및 기타 간이 음식점업,43,충청북도,43114,청주시 청원구,43114253,오창읍,4311425345,오창읍,4311425345107230208,1,대지,충청북도 청주시 청원구 오창읍 양청리 723-10,431144520439,충청북도 청주시 청원구 오창읍 양청택지1길,4.37102534510723e+24,충청북도 청주시 청원구 오창읍 양청택지1길 17-8,28115.0,1.0
MA010120220805198486,비겐의료기,괴산지점,G2,소매,G215,의약·화장품 소매,G21502,의료기기 소매업,G47812,의료용 기구 소매업,43,충청북도,43114,청주시 청원구,43114520,내덕1동,4311410200,내덕동,4311410200102909952,1,대지,충청북도 청주시 청원구 내덕동 291-27,431143236045,충청북도 청주시 청원구 우암로,4.31111140010291e+24,충청북도 청주시 청원구 우암로 101,28479.0,2.0
MA010120220813836769,왕천파닭,옥산점,I2,음식,I210,기타 간이,I21006,치킨,I56193,치킨 전문점,43,충청북도,43113,청주시 흥덕구,43113320,옥산면,4311332021,옥산면,4311332021105489920,1,대지,충청북도 청주시 흥덕구 옥산면 오산리 549-4,431133237111,충청북도 청주시 흥덕구 옥산면 청주역로,4.31133202110549e+24,충청북도 청주시 흥덕구 옥산면 청주역로 625,28113.0,1.0
MA010120220809327292,힐스템봉,명지점,G2,소매,G205,식료품 소매,G20508,건강보조식품 소매업,G47217,건강 보조식품 소매업,43,충청북도,43113,청주시 흥덕구,43113751,봉명1동,4311311500,봉명동,4311311500109009920,1,대지,충청북도 청주시 흥덕구 봉명동 901,431133236001,충청북도 청주시 흥덕구 1순환로,4.31131150010901e+24,충청북도 청주시 흥덕구 1순환로 599,28561.0,3.0
MA010120220807208203,족발야시장,율량점,I2,음식,I201,한식,I20103,족발/보쌈,I56111,한식 일반 음식점업,43,충청북도,43114,청주시 청원구,43114540,율량.사천동,4311410300,율량동,4311410300111719424,1,대지,충청북도 청주시 청원구 율량동 1172,431144508607,충청북도 청주시 청원구 주성로96번길,4.31111150011172e+24,충청북도 청주시 청원구 주성로96번길 32,28340.0,1.0
MA010120220807803979,제줏간,지웰시티점,I2,음식,I201,한식,I20107,돼지고기 구이/찜,I56113,한식 육류 요리 전문점,43,충청북도,43113,청주시 흥덕구,43113741,복대1동,4311311400,복대동,4311311400102920192,1,대지,충청북도 청주시 흥덕구 복대동 292-14,431133237081,충청북도 청주시 흥덕구 진재로,4.31131140010292e+24,충청북도 청주시 흥덕구 진재로 90,28426.0,1.0
MA010120220803129554,애니멀데이,가경점,G2,소매,G220,애완동물·용품 소매,G22001,애완동물/애완용품 소매업,G47852,애완용 동물 및 관련용품 소매업,43,충청북도,43113,청주시 흥덕구,43113747,가경동,4311311300,가경동,4311311300117570048,1,대지,충청북도 청주시 흥덕구 가경동 1757,431133237045,충청북도 청주시 흥덕구 서현동로,4.31131130011757e+24,충청북도 청주시 흥덕구 서현동로 4,28378.0,1.0
MA010120220812073939,곱분이곱창충북,혁신도시점,I2,음식,I201,한식,I20109,곱창 전골/구이,I56113,한식 육류 요리 전문점,43,충청북도,43770,음성군,43770330,맹동면,4377033028,맹동면,4377033028113939968,1,대지,충청북도 음성군 맹동면 두성리 1394,437704541745,충청북도 음성군 맹동면 대하2길,4.37703302811394e+24,충청북도 음성군 맹동면 대하2길 17,27738.0,1.0
MA010120220800457847,빽다방청대,사거리점,I2,음식,I212,비알코올,I21201,카페,I56221,커피 전문점,43,충청북도,43114,청주시 청원구,43114510,우암동,4311410100,우암동,4311410100102360064,1,대지,충청북도 청주시 청원구 우암동 236-12,431143236058,충청북도 청주시 청원구 직지대로,4.31111130010236e+24,충청북도 청주시 청원구 직지대로 890,28536.0,1.0
MA010120220806620302,메가엠지씨커피청주공단,오거리점,I2,음식,I212,비알코올,I21201,카페,I56221,커피 전문점,43,충청북도,43113,청주시 흥덕구,43113742,복대2동,4311311400,복대동,4311311400108490240,1,대지,충청북도 청주시 흥덕구 복대동 849-1,431133236025,충청북도 청주시 흥덕구 사직대로,4.31131140010849e+24,충청북도 청주시 흥덕구 사직대로 8,28594.0,1.0
MA010120220813329877,생생해물요리,전문점,I2,음식,I201,한식,I20101,백반/한정식,I56111,한식 일반 음식점업,43,충청북도,43114,청주시 청원구,43114253,오창읍,4311425345,오창읍,4311425345107660288,1,대지,충청북도 청주시 청원구 오창읍 양청리 766-10,431144520430,충청북도 청주시 청원구 오창읍 양청2길,4.37102534500766e+24,충청북도 청주시 청원구 오창읍 양청2길 11,28115.0,1.0
MA010120220803418078,무지개맥주충북대,정문점,I2,음식,I211,주점,I21103,생맥주 전문,I56219,기타 주점업,43,충청북도,43113,청주시 흥덕구,43113742,복대2동,4311311400,복대동,4311311400101770240,1,대지,충청북도 청주시 흥덕구 복대동 177-5,431133237019,충청북도 청주시 흥덕구 내수동로,4.31131140010177e+24,충청북도 청주시 흥덕구 내수동로 30-1,28595.0,1.0
MA010120220808033106,투썸플레이스,지웰시티점,I2,음식,I212,비알코올,I21201,카페,I56221,커피 전문점,43,충청북도,43113,청주시 흥덕구,43113741,복대1동,4311311400,복대동,4311311400102880256,1,대지,충청북도 청주시 흥덕구 복대동 288-123,431133237020,충청북도 청주시 흥덕구 대농로,4.31131140010288e+24,충청북도 청주시 흥덕구 대농로 70,28427.0,1.0
MA010120220804983462,어라운드스터디카페청주,복대점,R1,예술·스포츠,R102,도서관·사적지,R10202,독서실/스터디 카페,R90212,독서실 운영업,43,충청북도,43113,청주시 흥덕구,43113741,복대1동,4311311400,복대동,4311311400129290240,1,대지,충청북도 청주시 흥덕구 복대동 2929,431133237081,충청북도 청주시 흥덕구 진재로,4.31131140012929e+24,충청북도 청주시 흥덕구 진재로 50,28420.0,3.0
MA010120220807119835,광목이야기,금천점,G2,소매,G209,섬유·의복·신발 소매,G20906,침구류/커튼 소매업,G47421,가정용 직물제품 소매업,43,충청북도,43111,청주시 상당구,43111680,금천동,4311112000,금천동,4311112000102190080,1,대지,충청북도 청주시 상당구 금천동 219-17,431113236055,충청북도 청주시 상당구 중고개로,4.31111200010219e+24,충청북도 청주시 상당구 중고개로 305-1,28728.0,1.0
MA010120220805636876,일미리금계찜닭,충북대점,I2,음식,I201,한식,I20110,닭/오리고기 구이/찜,I56111,한식 일반 음식점업,43,충청북도,43112,청주시 서원구,43112530,사창동,4311210200,사창동,4311210200104600576,1,대지,충청북도 청주시 서원구 사창동 460,431124512175,충청북도 청주시 서원구 1순환로672번길,4.3113102001046e+24,충청북도 청주시 서원구 1순환로672번길 62,28643.0,1.0
MA010120220813775358,설빙,오창점,I2,음식,I212,비알코올,I21201,카페,I56229,기타 비알코올 음료점업,43,충청북도,43114,청주시 청원구,43114253,오창읍,4311425345,오창읍,4311425345107520000,1,대지,충청북도 청주시 청원구 오창읍 양청리 752-1,431143240006,충청북도 청주시 청원구 오창읍 과학산업2로,4.37102534510752e+24,충청북도 청주시 청원구 오창읍 과학산업2로 385,28115.0,2.0
MA010120220803447618,샤브마니아청주,테크노점,I2,음식,I201,한식,I20101,백반/한정식,I56111,한식 일반 음식점업,43,충청북도,43113,청주시 흥덕구,43113770,강서2동,4311313400,송절동,4311313400106940416,1,대지,충청북도 청주시 흥덕구 송절동 694,431133351696,충청북도 청주시 흥덕구 송화로,4.31131340010694e+24,충청북도 청주시 흥덕구 송화로 156,28292.0,1.0
MA010120220802979636,빽다방,진천점,I2,음식,I212,비알코올,I21201,카페,I56221,커피 전문점,43,충청북도,43750,진천군,43750250,진천읍,4375025024,진천읍,4375025024103950336,1,대지,충청북도 진천군 진천읍 읍내리 395,437503245007,충청북도 진천군 진천읍 상산로,4.37502502410395e+24,충청북도 진천군 진천읍 상산로 73,27833.0,1.0
MA010120220805603147,송하유통청주,롯데아울렛,G2,소매,G209,섬유·의복·신발 소매,G20910,신발 소매업,G47430,신발 소매업,43,충청북도,43113,청주시 흥덕구,43113760,강서1동,4311313800,비하동,4311313800108109824,1,대지,충청북도 청주시 흥덕구 비하동 811,431133014065,충청북도 청주시 흥덕구 2순환로,4.31131380010332e+24,충청북도 청주시 흥덕구 2순환로 1004,28360.0,3.0
MA010120220805577144,미스터한컷트,전문점,S2,수리·개인,S207,이용·미용,S20701,미용실,S96112,두발 미용업,43,충청북도,43113,청주시 흥덕구,43113700,운천.신봉동,4311310500,신봉동,4311310500101669888,1,대지,충청북도 청주시 흥덕구 신봉동 167,431133237036,충청북도 청주시 흥덕구 사운로,4.31131050010167e+24,충청북도 청주시 흥덕구 사운로 320,28456.0,1.0
MA010120220813338661,가마치통닭,교통대점,I2,음식,I210,기타 간이,I21006,치킨,I56193,치킨 전문점,43,충청북도,43130,충주시,43130335,대소원면,4313033529,대소원면,4313033529103500288,1,대지,충청북도 충주시 대소원면 검단리 350-52,431303238012,충청북도 충주시 대소원면 대학로,4.3130330291035e+24,충청북도 충주시 대소원면 대학로 19,27470.0,1.0
MA010120220808384340,삼성모바일샵마스터홈플러스,오창점,G2,소매,G208,가전·통신 소매,G20802,핸드폰 소매업,G47312,통신기기 소매업,43,충청북도,43114,청주시 청원구,43114253,오창읍,4311425345,오창읍,4311425345108199424,1,대지,충청북도 청주시 청원구 오창읍 양청리 820,431143240075,충청북도 청주시 청원구 오창읍 중심상업1로,4.3710253451082e+24,충청북도 청주시 청원구 오창읍 중심상업1로 8-11,28120.0,1.0
MA010120220804657019,25시반점사천,율량점,I2,음식,I202,중식,I20201,중국집,I56121,중식 음식점업,43,충청북도,43114,청주시 청원구,43114540,율량.사천동,4311410300,율량동,4311410300116179968,1,대지,충청북도 청주시 청원구 율량동 1618,431143236023,충청북도 청주시 청원구 사뜸로,4.31111150011618e+24,충청북도 청주시 청원구 사뜸로 20,28349.0,1.0
MA010120220808664034,요거트아이스크림의정석,진천점,I2,음식,I210,기타 간이,I21008,아이스크림/빙수,I56111,한식 일반 음식점업,43,충청북도,43750,진천군,43750250,진천읍,4375025024,진천읍,4375025024103719936,1,대지,충청북도 진천군 진천읍 읍내리 372-2,437503245020,충청북도 진천군 진천읍 중앙서로,4.37502502410372e+24,충청북도 진천군 진천읍 중앙서로 53-7,27833.0,2.0
MA010120220809974252,휴대폰하우스,개신점,G2,소매,G208,가전·통신 소매,G20802,핸드폰 소매업,G47312,통신기기 소매업,43,충청북도,43112,청주시 서원구,43112590,성화.개신.죽림동,4311210900,개신동,4311210900106179584,1,대지,충청북도 청주시 서원구 개신동 618,431123237008,충청북도 청주시 서원구 경신로,4.31131110010618e+24,충청북도 청주시 서원구 경신로 31-30,28608.0,1.0
MA010120220811081036,안경매니져,옥천점,G2,소매,G216,안경·정밀기기 소매,G21602,안경렌즈 소매업,G47822,안경 및 렌즈 소매업,43,충청북도,43730,옥천군,43730250,옥천읍,4373025038,옥천읍,4373025038102220288,1,대지,충청북도 옥천군 옥천읍 삼양리 222-23,437303242015,충청북도 옥천군 옥천읍 삼금로,4.37302503810222e+24,충청북도 옥천군 옥천읍 삼금로 56,29038.0,1.0
MA010120220803429604,땅스부대찌개충주,연수점,I2,음식,I201,한식,I20102,국/탕/찌개류,I56111,한식 일반 음식점업,43,충청북도,43130,충주시,43130630,연수동,4313011800,연수동,4313011800106670080,1,대지,충청북도 충주시 연수동 667,431303238048,충청북도 충주시 예성로,4.31301180010667e+24,충청북도 충주시 예성로 400,27342.0,1.0
MA010120220805585247,삼화문구오피스,산남점,G2,소매,G213,오락용품 소매,G21302,문구/회화용품 소매업,G47612,문구용품 및 회화용품 소매업,43,충청북도,43112,청주시 서원구,43112550,산남동,4311210400,산남동,4311210400106880000,1,대지,충청북도 청주시 서원구 산남동 688,431123237037,충청북도 청주시 서원구 산남로,4.31131060010688e+24,충청북도 청주시 서원구 산남로 81,28630.0,2.0
MA010120220803319867,점핑고,혁신점,R1,예술·스포츠,R104,유원지·오락,R10405,기타 오락장,R91229,기타 오락장 운영업,43,충청북도,43750,진천군,43750253,덕산읍,4375025325,덕산읍,4375025325125810176,1,대지,충청북도 진천군 덕산읍 두촌리 2581,437503245036,충청북도 진천군 덕산읍 자안로,4.37503102512581e+24,충청북도 진천군 덕산읍 자안로 9,27871.0,5.0
MA010120220806792899,청주도매문구드림디포,가경점,G2,소매,G213,오락용품 소매,G21302,문구/회화용품 소매업,G47612,문구용품 및 회화용품 소매업,43,충청북도,43113,청주시 흥덕구,43113760,강서1동,4311311700,강서동,4311311700105139712,1,대지,충청북도 청주시 흥덕구 강서동 514,431133237045,충청북도 청주시 흥덕구 서현동로,4.31131170010514e+24,충청북도 청주시 흥덕구 서현동로 15,28378.0,1.0
MA010120220805419874,다이소,증평점,G2,소매,G204,종합 소매,G20499,그 외 기타 종합 소매업,G47190,그 외 기타 종합 소매업,43,충청북도,43745,증평군,43745250,증평읍,4374525025,증평읍,4374525025100860416,1,대지,충청북도 증평군 증평읍 신동리 86,437453244026,충청북도 증평군 증평읍 중앙로,4.37452502510084e+24,충청북도 증평군 증평읍 중앙로 182,27937.0,1.0
MA010120220805593574,파리바게뜨청주가경,시장점,I2,음식,I210,기타 간이,I21001,빵/도넛,I56191,제과점업,43,충청북도,43113,청주시 흥덕구,43113742,복대2동,4311311400,복대동,4311311400109989888,1,대지,충청북도 청주시 흥덕구 복대동 999,431133237030,충청북도 청주시 흥덕구 복대로,4.31131140010999e+24,충청북도 청주시 흥덕구 복대로 158,28600.0,1.0
MA010120220804732132,워시엔조이셀프빨래방충주,호암점,S2,수리·개인,S209,세탁,S20902,셀프 빨래방,S96912,가정용 세탁업,43,충청북도,43130,충주시,43130580,호암.직동,4313010700,호암동,4313010700101390336,1,대지,충청북도 충주시 호암동 139-2,431303238083,충청북도 충주시 형설로,4.31301070010139e+24,충청북도 충주시 형설로 12,27482.0,1.0
MA010120220809890493,고씨네,충북대점,I2,음식,I203,일식,I20301,일식 회/초밥,I56122,일식 음식점업,43,충청북도,43112,청주시 서원구,43112530,사창동,4311210200,사창동,4311210200104600576,1,대지,충청북도 청주시 서원구 사창동 460,431124512175,충청북도 청주시 서원구 1순환로672번길,4.3113102001046e+24,충청북도 청주시 서원구 1순환로672번길 62,28643.0,2.0
MA010120220802652352,피자마루,테크노점,I2,음식,I210,기타 간이,I21003,피자,I56192,피자; 햄버거; 샌드위치 및 유사 음식점업,43,충청북도,43113,청주시 흥덕구,43113770,강서2동,4311313400,송절동,4311313400107249664,1,대지,충청북도 청주시 흥덕구 송절동 725,431134855165,충청북도 청주시 흥덕구 송화로166번길,4.31131340010725e+24,충청북도 청주시 흥덕구 송화로166번길 20,28292.0,1.0
MA010120220803205182,소망닭집,2호점,I2,음식,I210,기타 간이,I21006,치킨,I56193,치킨 전문점,43,충청북도,43150,제천시,43150590,청전동,4315011300,청전동,4315011300100750336,1,대지,충청북도 제천시 청전동 75-2,431503239051,충청북도 제천시 용두천로,4.31501130010075e+24,충청북도 제천시 용두천로 231,27152.0,1.0
MA010120220806767121,까사벨네일롯데,캐슬점,S2,수리·개인,S207,이용·미용,S20703,네일숍,S96119,기타 미용업,43,충청북도,43114,청주시 청원구,43114253,오창읍,4311425345,오창읍,4311425345108100096,1,대지,충청북도 청주시 청원구 오창읍 양청리 810-2,431143240095,충청북도 청주시 청원구 오창읍 중부로,4.3114253451081e+24,충청북도 청주시 청원구 오창읍 중부로 760,28118.0,2.0
MA010120220806462438,빽다방청주,개신점,I2,음식,I212,비알코올,I21201,카페,I56221,커피 전문점,43,충청북도,43112,청주시 서원구,43112590,성화.개신.죽림동,4311210900,개신동,4311210900106279936,1,대지,충청북도 청주시 서원구 개신동 628,431123237008,충청북도 청주시 서원구 경신로,4.31131110010628e+24,충청북도 청주시 서원구 경신로 32-1,28611.0,1.0
MA010120220807246527,파리게이츠현대백화점,충청점,G2,소매,G209,섬유·의복·신발 소매,G20905,기타 의류 소매업,G47419,기타 의복 소매업,43,충청북도,43113,청주시 흥덕구,43113741,복대1동,4311311400,복대동,4311311400133799936,1,대지,충청북도 청주시 흥덕구 복대동 3380,431133236058,충청북도 청주시 흥덕구 직지대로,4.31131140010584e+24,충청북도 청주시 흥덕구 직지대로 308,28424.0,3.0
MA010120220809271223,치킨플러스,율량점,I2,음식,I210,기타 간이,I21006,치킨,I56193,치킨 전문점,43,충청북도,43114,청주시 청원구,43114540,율량.사천동,4311410300,율량동,4311410300109189632,1,대지,충청북도 청주시 청원구 율량동 919,431144508042,충청북도 청주시 청원구 공항로112번길,4.31111150010919e+24,충청북도 청주시 청원구 공항로112번길 22,28331.0,1.0
MA010120220813554187,교촌치킨오창,1호점,I2,음식,I210,기타 간이,I21006,치킨,I56193,치킨 전문점,43,충청북도,43114,청주시 청원구,43114253,오창읍,4311425344,오창읍,4311425344106520576,1,대지,충청북도 청주시 청원구 오창읍 각리 652-7,431143240009,충청북도 청주시 청원구 오창읍 과학산업5로,4.37102534400652e+24,충청북도 청주시 청원구 오창읍 과학산업5로 114,28123.0,1.0
MA010120220812170835,추억사진관단락,제천점,M1,과학·기술,M113,사진 촬영,M11301,사진촬영업,M73301,인물 사진 및 행사용 영상 촬영업,43,충청북도,43150,제천시,43150360,백운면,4315036021,백운면,4315036021107069952,1,대지,충청북도 제천시 백운면 평동리 707,431503239008,충청북도 제천시 백운면 금봉로,4.31503602110707e+24,충청북도 제천시 백운면 금봉로 365,27105.0,3.0
MA010120220805592629,왕천파닭성화산남,죽림점,I2,음식,I210,기타 간이,I21006,치킨,I56193,치킨 전문점,43,충청북도,43112,청주시 서원구,43112590,성화.개신.죽림동,4311210800,성화동,4311210800104389632,1,대지,충청북도 청주시 서원구 성화동 439,431123237061,충청북도 청주시 서원구 신화로,4.31131100010439e+24,충청북도 청주시 서원구 신화로 33,28636.0,1.0
MA010120220814038832,김치찜양많이,전문점,I2,음식,I201,한식,I20102,국/탕/찌개류,I56111,한식 일반 음식점업,43,충청북도,43113,청주시 흥덕구,43113747,가경동,4311311300,가경동,4311311300108879872,1,대지,충청북도 청주시 흥덕구 가경동 888,431134511090,충청북도 청주시 흥덕구 가로수로1240번길,4.31131130010888e+24,충청북도 청주시 흥덕구 가로수로1240번길 42,28389.0,1.0
MA010120220806773118,소보양본가,증평점,I2,음식,I201,한식,I20102,국/탕/찌개류,I56113,한식 육류 요리 전문점,43,충청북도,43745,증평군,43745250,증평읍,4374525030,증평읍,4.374525030106e+18,1,대지,충청북도 증평군 증평읍 초중리 600-6,437454532186,충청북도 증평군 증평읍 초중2길,4.374525030106e+24,충청북도 증평군 증평읍 초중2길 51,27940.0,1.0
MA010120220805428117,비비큐청주,수곡점,I2,음식,I210,기타 간이,I21006,치킨,I56193,치킨 전문점,43,충청북도,43112,청주시 서원구,43112580,수곡2동,4311210700,수곡동,4311210700108460032,1,대지,충청북도 청주시 서원구 수곡동 846,431123237053,충청북도 청주시 서원구 수곡로,4.31131090010846e+24,충청북도 청주시 서원구 수곡로 63,28688.0,1.0
MA010120220811939460,안동본가국밥,복대점,I2,음식,I201,한식,I20102,국/탕/찌개류,I56111,한식 일반 음식점업,43,충청북도,43113,청주시 흥덕구,43113741,복대1동,4311311400,복대동,4311311400130680320,1,대지,충청북도 청주시 흥덕구 복대동 3068,431133237021,충청북도 청주시 흥덕구 대신로,4.31131140013068e+24,충청북도 청주시 흥덕구 대신로 16,28423.0,1.0
MA010120220806346184,아름다운가게청주,용암점,G2,소매,G222,중고 상품 소매,G22201,중고 상품 소매업,G47869,기타 중고 상품 소매업,43,충청북도,43111,청주시 상당구,43111720,용암1동,4311112400,용암동,4311112400126799872,1,대지,충청북도 청주시 상당구 용암동 2680,431114508512,충청북도 청주시 상당구 용암북로160번길,4.3111124001268e+24,충청북도 청주시 상당구 용암북로160번길 25,28762.0,1.0
MA010120220813333004,헤비수헤어,금천점,S2,수리·개인,S207,이용·미용,S20701,미용실,S96112,두발 미용업,43,충청북도,43111,청주시 상당구,43111690,용담.명암.산성동,4311112100,용담동,4.311112100104e+18,1,대지,충청북도 청주시 상당구 용담동 400,431113236035,충청북도 청주시 상당구 수영로,4.311112100104e+24,충청북도 청주시 상당구 수영로 299-1,28744.0,2.0
MA010120220805632309,영동곶감자재,백화점,G2,소매,G221,기타 상품 소매,G22199,그 외 기타 상품 전문 소매업,G47859,그 외 기타 분류 안된 상품 전문 소매업,43,충청북도,43740,영동군,43740250,영동읍,4374025028,영동읍,4374025028103430144,1,대지,충청북도 영동군 영동읍 부용리 343-97,437403243054,충청북도 영동군 영동읍 학산영동로,4.37402502810343e+24,충청북도 영동군 영동읍 학산영동로 1239,29149.0,1.0
MA010120220805508595,명륜진사갈비청주,개신점,I2,음식,I201,한식,I20107,돼지고기 구이/찜,I56113,한식 육류 요리 전문점,43,충청북도,43112,청주시 서원구,43112590,성화.개신.죽림동,4311210900,개신동,4311210900106990080,1,대지,충청북도 청주시 서원구 개신동 699,431123237030,충청북도 청주시 서원구 복대로,4.31131110010699e+24,충청북도 청주시 서원구 복대로 11,28612.0,1.0
MA010120220807027894,족발의격,율량점,I2,음식,I201,한식,I20103,족발/보쌈,I56111,한식 일반 음식점업,43,충청북도,43114,청주시 청원구,43114540,율량.사천동,4311410300,율량동,4311410300120719872,1,대지,충청북도 청주시 청원구 율량동 2072,431143236001,충청북도 청주시 청원구 1순환로,4.31141030012072e+24,충청북도 청주시 청원구 1순환로 136,28320.0,1.0
MA010120220805645919,피자마루&마루포차개신,사직점,I2,음식,I210,기타 간이,I21003,피자,I56192,피자; 햄버거; 샌드위치 및 유사 음식점업,43,충청북도,43112,청주시 서원구,43112590,성화.개신.죽림동,4311210900,개신동,4311210900100029952,1,대지,충청북도 청주시 서원구 개신동 3-28,431124511319,충청북도 청주시 서원구 모충로25번길,4.31131110010003e+24,충청북도 청주시 서원구 모충로25번길 23,28666.0,1.0
MA010120220800951144,이디야커피충주,문화점,I2,음식,I212,비알코올,I21201,카페,I56221,커피 전문점,43,충청북도,43130,충주시,43130571,문화동,4313012700,문화동,4313012700123029504,1,대지,충청북도 충주시 문화동 2303,431302246001,충청북도 충주시 중원대로,4.31301270012303e+24,충청북도 충주시 중원대로 3364,27410.0,1.0
MA010120220802681155,79대포청주,산남점,I2,음식,I211,주점,I21104,요리 주점,I56219,기타 주점업,43,충청북도,43112,청주시 서원구,43112550,산남동,4311210400,산남동,4311210400105900032,1,대지,충청북도 청주시 서원구 산남동 590,431124511540,충청북도 청주시 서원구 산남로62번길,4.3113106001059e+24,충청북도 청주시 서원구 산남로62번길 25,28625.0,1.0
MA010120220803053668,씨유충주,중앙점,G2,소매,G204,종합 소매,G20405,편의점,G47122,체인화 편의점,43,충청북도,43130,충주시,43130515,성내.충인동,4313010100,성내동,4313010100100950016,1,대지,충청북도 충주시 성내동 95,431303238091,충청북도 충주시 중앙로,4.31301010010091e+24,충청북도 충주시 중앙로 101-10,27389.0,1.0
MA010120220812420530,비에이치씨치킨충주,호암점,I2,음식,I210,기타 간이,I21006,치킨,I56193,치킨 전문점,43,충청북도,43130,충주시,43130580,호암.직동,4313010700,호암동,4313010700109920256,1,대지,충청북도 충주시 호암동 992,431304856104,충청북도 충주시 호암수청1로,4.31301070010992e+24,충청북도 충주시 호암수청1로 51,27502.0,1.0
MA010120220805614573,비포주,코리아,N1,시설관리·임대,N104,고용 알선,N10403,상용 인력 공급 및 인사관리 서비스업,N75122,상용 인력 공급 및 인사관리 서비스업,43,충청북도,43111,청주시 상당구,43111525,중앙동,4311110300,북문로2가,4311110300101160448,1,대지,충청북도 청주시 상당구 북문로2가 116-46,431113236027,충청북도 청주시 상당구 상당로,4.31111030010116e+24,충청북도 청주시 상당구 상당로 109-1,28543.0,2.0
MA010120220812538578,에스키즈청주점,롯데아울렛,G2,소매,G209,섬유·의복·신발 소매,G20910,신발 소매업,G47430,신발 소매업,43,충청북도,43113,청주시 흥덕구,43113760,강서1동,4311313800,비하동,4311313800108109824,1,대지,충청북도 청주시 흥덕구 비하동 811,431133014065,충청북도 청주시 흥덕구 2순환로,4.31131380010332e+24,충청북도 청주시 흥덕구 2순환로 1004,28360.0,2.0
MA010120220812256017,베트남노상식당,오창점,I2,음식,I205,동남아시아,I20501,베트남식 전문,I56129,기타 외국식 음식점업,43,충청북도,43114,청주시 청원구,43114253,오창읍,4311425345,오창읍,4311425345107909632,1,대지,충청북도 청주시 청원구 오창읍 양청리 791-4,431143240075,충청북도 청주시 청원구 오창읍 중심상업1로,4.37102534510791e+24,충청북도 청주시 청원구 오창읍 중심상업1로 8-46,28120.0,1.0
MA010120220800919343,화이트365청주,용암점,S2,수리·개인,S209,세탁,S20901,세탁소,S96912,가정용 세탁업,43,충청북도,43111,청주시 상당구,43111720,용암1동,4311112400,용암동,4311112400123559936,1,대지,충청북도 청주시 상당구 용암동 2356,431114508107,충청북도 청주시 상당구 낙영로24번길,4.31111240012356e+24,충청북도 청주시 상당구 낙영로24번길 18,28767.0,1.0
MA010120220809618013,한전케이피에스,제천지점,N1,시설관리·임대,N101,시설관리,N10101,사업시설 유지·관리 서비스업,N74100,사업시설 유지ㆍ관리 서비스업,43,충청북도,43150,제천시,43150590,청전동,4315011300,청전동,4315011300100140032,1,대지,충청북도 제천시 청전동 14-3,431504517780,충청북도 제천시 의림대로36길,4.31501130010014e+24,충청북도 제천시 의림대로36길 15,27147.0,1.0
MA010120220813741923,알파스크린,골프연습장,R1,예술·스포츠,R103,스포츠 서비스,R10311,골프 연습장,R91136,골프 연습장 운영업,43,충청북도,43770,음성군,43770340,대소면,4377034022,대소면,4377034022103699968,1,대지,충청북도 음성군 대소면 태생리 370,437704541136,충청북도 음성군 대소면 대성로77번길,4.3770340221037e+24,충청북도 음성군 대소면 대성로77번길 43,27660.0,1.0
MA010120220807415380,굽네치킨서충주,신도시점,I2,음식,I210,기타 간이,I21006,치킨,I56193,치킨 전문점,43,충청북도,43130,충주시,43130335,대소원면,4313033531,대소원면,4313033531109610496,1,대지,충청북도 충주시 대소원면 본리 961,431303238097,충청북도 충주시 대소원면 첨단산업4로,4.31303353110961e+24,충청북도 충주시 대소원면 첨단산업4로 31,27466.0,1.0
MA010120220805618220,롯데지에프알청주점,롯데아울렛,G2,소매,G209,섬유·의복·신발 소매,G20904,한복 소매업,G47415,한복 소매업,43,충청북도,43113,청주시 흥덕구,43113760,강서1동,4311313800,비하동,4311313800108109824,1,대지,충청북도 청주시 흥덕구 비하동 811,431133014065,충청북도 청주시 흥덕구 2순환로,4.31131380010332e+24,충청북도 청주시 흥덕구 2순환로 1004,28360.0,3.0
MA010120220813454952,우림칼국수,본점,I2,음식,I201,한식,I20105,국수/칼국수,I56112,한식 면 요리 전문점,43,충청북도,43113,청주시 흥덕구,43113250,오송읍,4311325024,오송읍,4311325024101100032,1,대지,충청북도 청주시 흥덕구 오송읍 쌍청리 110,431134520424,충청북도 청주시 흥덕구 오송읍 쌍청2길,4.3113250241011e+24,충청북도 청주시 흥덕구 오송읍 쌍청2길 5,28157.0,1.0
MA010120220805213108,처갓집양념치킨제천,본점,I2,음식,I210,기타 간이,I21006,치킨,I56193,치킨 전문점,43,충청북도,43150,제천시,43150605,화산동,4315012100,강제동,4315012100108179968,1,대지,충청북도 제천시 강제동 818,431504844161,충청북도 제천시 강저로12길,4.31501210010818e+24,충청북도 제천시 강저로12길 13-21,27200.0,1.0
MA010120220813861411,아워홈원앤씨,오창점,I2,음식,I207,구내식당·뷔페,I20701,구내식당,I56130,기관 구내식당업,43,충청북도,43113,청주시 흥덕구,43113320,옥산면,4311332033,옥산면,4311332033111079936,1,대지,충청북도 청주시 흥덕구 옥산면 남촌리 1108-4,431133240008,충청북도 청주시 흥덕구 옥산면 과학산업4로,4.37104103301108e+24,충청북도 청주시 흥덕구 옥산면 과학산업4로 205,28121.0,1.0
MA010120220811413097,파크랜드보은,상설점,G2,소매,G209,섬유·의복·신발 소매,G20905,기타 의류 소매업,G47413,속옷 및 잠옷 소매업,43,충청북도,43720,보은군,43720250,보은읍,4372025021,보은읍,4372025021101400064,1,대지,충청북도 보은군 보은읍 삼산리 140-2,437203241015,충청북도 보은군 보은읍 삼산로,4.3720250211014e+24,충청북도 보은군 보은읍 삼산로 18,28948.0,1.0
MA010120220803084638,노군꼬치,봉명점,I2,음식,I211,주점,I21104,요리 주점,I56219,기타 주점업,43,충청북도,43113,청주시 흥덕구,43113756,봉명2.송정동,4311311500,봉명동,4311311500127320064,1,대지,충청북도 청주시 흥덕구 봉명동 2732,431134511376,충청북도 청주시 흥덕구 백봉로223번길,4.31131150012732e+24,충청북도 청주시 흥덕구 백봉로223번길 15,28465.0,1.0
MA010120220806325103,씨유괴산,동부점,G2,소매,G204,종합 소매,G20405,편의점,G47122,체인화 편의점,43,충청북도,43760,괴산군,43760250,괴산읍,4376025021,괴산읍,4376025021106299904,1,대지,충청북도 괴산군 괴산읍 동부리 630-4,437604538574,충청북도 괴산군 괴산읍 읍내로11길,4.3760250211063e+24,충청북도 괴산군 괴산읍 읍내로11길 6,28030.0,1.0
MA010120220805578366,주성메디칼,2호점,G2,소매,G215,의약·화장품 소매,G21502,의료기기 소매업,G47812,의료용 기구 소매업,43,충청북도,43111,청주시 상당구,43111680,금천동,4311112000,금천동,4311112000101619712,1,대지,충청북도 청주시 상당구 금천동 162-51,431114508160,충청북도 청주시 상당구 단재로57번길,4.31111200010162e+24,충청북도 청주시 상당구 단재로57번길 24,28736.0,1.0
MA010120220811653037,카툰명가,율량점,I2,음식,I212,비알코올,I21201,카페,I56229,기타 비알코올 음료점업,43,충청북도,43114,청주시 청원구,43114540,율량.사천동,4311410300,율량동,4311410300112819712,1,대지,충청북도 청주시 청원구 율량동 1282,431143236050,충청북도 청주시 청원구 율봉로,4.31111150011282e+24,충청북도 청주시 청원구 율봉로 95,28340.0,2.0
MA010120220811833638,롤로모충,코리아,G2,소매,G205,식료품 소매,G20506,채소/과일 소매업,G47215,채소; 과실 및 뿌리작물 소매업,43,충청북도,43112,청주시 서원구,43112540,모충동,4311210300,모충동,4311210300101189632,1,대지,충청북도 청주시 서원구 모충동 119-1,431123236067,충청북도 청주시 서원구 청남로,4.31131030010119e+24,충청북도 청주시 서원구 청남로 2153,28676.0,1.0
MA010120220805560164,안경나라,오창점,G2,소매,G216,안경·정밀기기 소매,G21602,안경렌즈 소매업,G47822,안경 및 렌즈 소매업,43,충청북도,43114,청주시 청원구,43114253,오창읍,4311425344,오창읍,4311425344106500096,1,대지,충청북도 청주시 청원구 오창읍 각리 650-1,431143240063,충청북도 청주시 청원구 오창읍 오창중앙로,4.3710253440065e+24,충청북도 청주시 청원구 오창읍 오창중앙로 123-7,28123.0,1.0
MA010120220809856199,육대장,제천점,I2,음식,I201,한식,I20101,백반/한정식,I56111,한식 일반 음식점업,43,충청북도,43150,제천시,43150528,중앙동,4315010800,명동,4315010800100110336,1,대지,충청북도 제천시 명동 11-7,431502014004,충청북도 제천시 의병대로,4.31501080010011e+24,충청북도 제천시 의병대로 55-9,27169.0,2.0
MA010120220809811833,봉천세숫대야냉면,전문점,I2,음식,I201,한식,I20106,냉면/밀면,I56112,한식 면 요리 전문점,43,충청북도,43113,청주시 흥덕구,43113747,가경동,4311311300,가경동,4311311300115989504,1,대지,충청북도 청주시 흥덕구 가경동 1599,431134511553,충청북도 청주시 흥덕구 서경로4번길,4.31131130011599e+24,충청북도 청주시 흥덕구 서경로4번길 5,28413.0,1.0
MA010120220812383609,롤로용암,코리아,G2,소매,G207,담배 소매,G20701,담배/전자담배 소매업,G47222,담배 소매업,43,충청북도,43111,청주시 상당구,43111720,용암1동,4311112400,용암동,4311112400111139840,1,대지,충청북도 청주시 상당구 용암동 1114,431113236044,충청북도 청주시 상당구 용암북로,4.31111240011114e+24,충청북도 청주시 상당구 용암북로 36,28771.0,1.0
MA010120220803343797,메가엠지씨커피충주,연수점,I2,음식,I212,비알코올,I21201,카페,I56221,커피 전문점,43,충청북도,43130,충주시,43130630,연수동,4313011800,연수동,4313011800115149824,1,대지,충청북도 충주시 연수동 1515,431303238002,충청북도 충주시 갱고개로,4.31301180011515e+24,충청북도 충주시 갱고개로 140,27352.0,1.0
MA010120220806833691,불막열삼충주,호암점,I2,음식,I201,한식,I20109,곱창 전골/구이,I56219,기타 주점업,43,충청북도,43130,충주시,43130580,호암.직동,4313010700,호암동,4313010700112159744,1,대지,충청북도 충주시 호암동 1216,431303352070,충청북도 충주시 호암토성2로,4.31301070011216e+24,충청북도 충주시 호암토성2로 3,27480.0,1.0
MA010120220805677971,공주얼큰이칼국수쭈꾸미,호암점,I2,음식,I201,한식,I20105,국수/칼국수,I56112,한식 면 요리 전문점,43,충청북도,43130,충주시,43130580,호암.직동,4313010700,호암동,4313010700109799424,1,대지,충청북도 충주시 호암동 980,431304856103,충청북도 충주시 호암수청4길,4.3130107001098e+24,충청북도 충주시 호암수청4길 15,27502.0,1.0
MA010120220809964935,태후사랑,하복대점,S2,수리·개인,S207,이용·미용,S20701,미용실,S96112,두발 미용업,43,충청북도,43113,청주시 흥덕구,43113741,복대1동,4311311400,복대동,4311311400124979712,1,대지,충청북도 청주시 흥덕구 복대동 2498,431134511822,충청북도 청주시 흥덕구 증안로34번길,4.31131140012498e+24,충청북도 청주시 흥덕구 증안로34번길 19-1,28416.0,1.0
MA010120220805239109,빽다방청주성안,롯데점,I2,음식,I212,비알코올,I21201,카페,I56221,커피 전문점,43,충청북도,43111,청주시 상당구,43111545,성안동,4311110200,북문로1가,4311110200100899840,1,대지,충청북도 청주시 상당구 북문로1가 90-1,431113236031,충청북도 청주시 상당구 성안로,4.3111102001009e+24,충청북도 청주시 상당구 성안로 13,28526.0,1.0
MA010120220808756992,시작스터디카페청주,용암점,R1,예술·스포츠,R102,도서관·사적지,R10202,독서실/스터디 카페,R90212,독서실 운영업,43,충청북도,43111,청주시 상당구,43111720,용암1동,4311112400,용암동,4311112400115919872,1,대지,충청북도 청주시 상당구 용암동 1592-2,431113236049,충청북도 청주시 상당구 월평로,4.31111240011592e+24,충청북도 청주시 상당구 월평로 174,28776.0,4.0
MA010120220810571365,위넌스터디카페,청주대점,R1,예술·스포츠,R102,도서관·사적지,R10202,독서실/스터디 카페,R90212,독서실 운영업,43,충청북도,43114,청주시 청원구,43114510,우암동,4311410100,우암동,4311410100101309952,1,대지,충청북도 청주시 청원구 우암동 131-14,431143236061,충청북도 청주시 청원구 향군로,4.31141010010131e+24,충청북도 청주시 청원구 향군로 3,28537.0,1.0
MA010120220813901211,지에스렌트카,음성지점,N1,시설관리·임대,N109,운송장비 대여,N10901,자동차 대여업,N76110,자동차 임대업,43,충청북도,43770,음성군,43770330,맹동면,4377033028,맹동면,4377033028113939968,1,대지,충청북도 음성군 맹동면 두성리 1394,437704541745,충청북도 음성군 맹동면 대하2길,4.37703302811394e+24,충청북도 음성군 맹동면 대하2길 17,27738.0,2.0
MA010120220806335869,가장맛있는족발,용암점,I2,음식,I201,한식,I20103,족발/보쌈,I56111,한식 일반 음식점업,43,충청북도,43111,청주시 상당구,43111720,용암1동,4311112400,용암동,4311112400116579840,1,대지,충청북도 청주시 상당구 용암동 1658,431114508001,충청북도 청주시 상당구 1순환로1253번길,4.31111240011658e+24,충청북도 청주시 상당구 1순환로1253번길 34,28776.0,1.0
MA010120220803152965,정관장,분평점,G2,소매,G205,식료품 소매,G20508,건강보조식품 소매업,G47217,건강 보조식품 소매업,43,충청북도,43112,청주시 서원구,43112550,산남동,4311210600,분평동,4311210600102460416,1,대지,충청북도 청주시 서원구 분평동 246-26,431123236067,충청북도 청주시 서원구 청남로,4.31131080010246e+24,충청북도 청주시 서원구 청남로 2003,28701.0,1.0
MA010120220812845774,타타스베이글청주,산남점,I2,음식,I212,비알코올,I21201,카페,I56221,커피 전문점,43,충청북도,43112,청주시 서원구,43112550,산남동,4311210400,산남동,4311210400105900032,1,대지,충청북도 청주시 서원구 산남동 590,431124511540,충청북도 청주시 서원구 산남로62번길,4.3113106001059e+24,충청북도 청주시 서원구 산남로62번길 25,28625.0,1.0
MA010120220809916628,우림한우정육,백화점,G2,소매,G205,식료품 소매,G20503,정육점,G47212,육류 소매업,43,충청북도,43112,청주시 서원구,43112560,분평동,4311210600,분평동,4311210600113520128,1,대지,충청북도 청주시 서원구 분평동 1352,431123237068,충청북도 청주시 서원구 원마루로,4.31131080011352e+24,충청북도 청주시 서원구 원마루로 2,28794.0,1.0
MA010120220805567656,듀엘,롯데아울렛,G2,소매,G209,섬유·의복·신발 소매,G20902,여성 의류 소매업,G47412,여자용 겉옷 소매업,43,충청북도,43113,청주시 흥덕구,43113760,강서1동,4311313800,비하동,4311313800108109824,1,대지,충청북도 청주시 흥덕구 비하동 811,431133014065,충청북도 청주시 흥덕구 2순환로,4.31131380010332e+24,충청북도 청주시 흥덕구 2순환로 1004,28360.0,1.0
MA010120220805258447,비에이치씨청주,지웰시티점,I2,음식,I210,기타 간이,I21006,치킨,I56193,치킨 전문점,43,충청북도,43113,청주시 흥덕구,43113741,복대1동,4311311400,복대동,4311311400130570240,1,대지,충청북도 청주시 흥덕구 복대동 3057,431133237021,충청북도 청주시 흥덕구 대신로,4.31131140013057e+24,충청북도 청주시 흥덕구 대신로 43-22,28426.0,1.0
MA010120220813642299,감성커피,충북대점,I2,음식,I212,비알코올,I21201,카페,I56221,커피 전문점,43,충청북도,43112,청주시 서원구,43112530,사창동,4311210200,사창동,4311210200104440320,1,대지,충청북도 청주시 서원구 사창동 444,431124512173,충청북도 청주시 서원구 1순환로674번길,4.31131020010444e+24,충청북도 청주시 서원구 1순환로674번길 38,28643.0,1.0
MA010120220811686402,쿼드,코리아,I2,음식,I212,비알코올,I21201,카페,I56221,커피 전문점,43,충청북도,43112,청주시 서원구,43112560,분평동,4311211200,장암동,4311211200101770240,1,대지,충청북도 청주시 서원구 장암동 177,431123198002,충청북도 청주시 서원구 가장로,4.31121120010177e+24,충청북도 청주시 서원구 가장로 348,28805.0,2.0
MA010120220803274882,피자파는집용산,호암점,I2,음식,I210,기타 간이,I21003,피자,I56219,기타 주점업,43,충청북도,43130,충주시,43130560,지현동,4313012500,지현동,4313012500112399872,1,대지,충청북도 충주시 지현동 1240,431304515299,충청북도 충주시 지곡10길,4.3130125001124e+24,충청북도 충주시 지곡10길 24,27413.0,1.0
MA010120220809230791,블루워시24시셀프빨래방,분평점,S2,수리·개인,S209,세탁,S20902,셀프 빨래방,S96912,가정용 세탁업,43,충청북도,43112,청주시 서원구,43112560,분평동,4311210600,분평동,4311210600113859584,1,대지,충청북도 청주시 서원구 분평동 1386-1,431124512153,충청북도 청주시 서원구 분평로6번길,4.31131080011386e+24,충청북도 청주시 서원구 분평로6번길 21,28799.0,1.0
MA010120220806224499,캘러웨이,분평점,G2,소매,G209,섬유·의복·신발 소매,G20905,기타 의류 소매업,G47419,기타 의복 소매업,43,충청북도,43112,청주시 서원구,43112560,분평동,4311210500,미평동,4311210500101120000,1,대지,충청북도 청주시 서원구 미평동 112,431123236067,충청북도 청주시 서원구 청남로,4.31131070010112e+24,충청북도 청주시 서원구 청남로 1870,28803.0,1.0
MA010120220804732428,우미솥청주오창,본점,I2,음식,I201,한식,I20101,백반/한정식,I56111,한식 일반 음식점업,43,충청북도,43114,청주시 청원구,43114253,오창읍,4311425332,오창읍,4311425332106399744,1,대지,충청북도 청주시 청원구 오창읍 주성리 640,431143257077,충청북도 청주시 청원구 오창읍 2산단1로,4.3710253321064e+24,충청북도 청주시 청원구 오창읍 2산단1로 14,28117.0,1.0
MA010120220805584063,크린업24셀프빨래방,광혜원점,S2,수리·개인,S209,세탁,S20902,셀프 빨래방,S96912,가정용 세탁업,43,충청북도,43750,진천군,43750370,광혜원면,4375037027,광혜원면,4375037027105290240,1,대지,충청북도 진천군 광혜원면 광혜원리 529-148,437504535432,충청북도 진천군 광혜원면 화랑길,4.37503702710529e+24,충청북도 진천군 광혜원면 화랑길 107-1,27802.0,1.0
MA010120220805574301,정관장,복대점,G2,소매,G205,식료품 소매,G20508,건강보조식품 소매업,G47217,건강 보조식품 소매업,43,충청북도,43113,청주시 흥덕구,43113742,복대2동,4311311400,복대동,4311311400109779968,1,대지,충청북도 청주시 흥덕구 복대동 978-4,431133237030,충청북도 청주시 흥덕구 복대로,4.31131140010978e+24,충청북도 청주시 흥덕구 복대로 178,28597.0,1.0
MA010120220806343712,현대,코리아,N1,시설관리·임대,N104,고용 알선,N10402,임시/일용 인력 공급업,N75121,임시 및 일용 인력 공급업,43,충청북도,43111,청주시 상당구,43111525,중앙동,4311111200,수동,4311111200104469504,1,대지,충청북도 청주시 상당구 수동 447-1,431113236027,충청북도 청주시 상당구 상당로,4.31111120010447e+24,충청북도 청주시 상당구 상당로 200,28508.0,1.0
MA010120220813881378,아워홈에이티세미콘,진천점,I2,음식,I207,구내식당·뷔페,I20701,구내식당,I56130,기관 구내식당업,43,충청북도,43750,진천군,43750350,이월면,4375035029,이월면,4375035029104320000,1,대지,충청북도 진천군 이월면 미잠리 432-6,437503245014,충청북도 진천군 이월면 이덕로,4.37503502910432e+24,충청북도 진천군 이월면 이덕로 260,27816.0,2.0
MA010120220806032942,현대컨버스,충청점,G2,소매,G209,섬유·의복·신발 소매,G20905,기타 의류 소매업,G47419,기타 의복 소매업,43,충청북도,43113,청주시 흥덕구,43113741,복대1동,4311311400,복대동,4311311400133799936,1,대지,충청북도 청주시 흥덕구 복대동 3380,431133236058,충청북도 청주시 흥덕구 직지대로,4.31131140010584e+24,충청북도 청주시 흥덕구 직지대로 308,28424.0,1.0
MA010120220805321784,돼지갈비생목살,청담동,I2,음식,I201,한식,I20107,돼지고기 구이/찜,I56113,한식 육류 요리 전문점,43,충청북도,43112,청주시 서원구,43112570,수곡1동,4311210700,수곡동,4311210700101729792,1,대지,충청북도 청주시 서원구 수곡동 173-17,431124512206,충청북도 청주시 서원구 구룡산로326번길,4.31131090010173e+24,충청북도 청주시 서원구 구룡산로326번길 29,28693.0,1.0
MA010120220808635657,다비치안경,청주금천점,G2,소매,G216,안경·정밀기기 소매,G21602,안경렌즈 소매업,G47822,안경 및 렌즈 소매업,43,충청북도,43111,청주시 상당구,43111680,금천동,4311112000,금천동,4311112000102190080,1,대지,충청북도 청주시 상당구 금천동 219,431113236055,충청북도 청주시 상당구 중고개로,4.31111200010219e+24,충청북도 청주시 상당구 중고개로 307,28728.0,1.0
MA010120220808479738,메가엠지씨커피청주율량,중앙점,I2,음식,I212,비알코올,I21201,카페,I56221,커피 전문점,43,충청북도,43114,청주시 청원구,43114540,율량.사천동,4311410300,율량동,4311410300121759744,1,대지,충청북도 청주시 청원구 율량동 2176,431143349124,충청북도 청주시 청원구 율량로,4.31141030012176e+24,충청북도 청주시 청원구 율량로 199,28321.0,1.0
MA010120220806333201,피자뜨락,오창점,I2,음식,I210,기타 간이,I21003,피자,I56192,피자; 햄버거; 샌드위치 및 유사 음식점업,43,충청북도,43114,청주시 청원구,43114253,오창읍,4311425345,오창읍,4311425345107749888,1,대지,충청북도 청주시 청원구 오창읍 양청리 775-2,431144520429,충청북도 청주시 청원구 오창읍 양청1길,4.37102534510775e+24,충청북도 청주시 청원구 오창읍 양청1길 6-9,28115.0,1.0
MA010120220805618169,금강현대,충청점,G2,소매,G209,섬유·의복·신발 소매,G20910,신발 소매업,G47430,신발 소매업,43,충청북도,43113,청주시 흥덕구,43113741,복대1동,4311311400,복대동,4311311400133799936,1,대지,충청북도 청주시 흥덕구 복대동 3380,431133236058,충청북도 청주시 흥덕구 직지대로,4.31131140010584e+24,충청북도 청주시 흥덕구 직지대로 308,28424.0,1.0
MA010120220806698465,황금코다리용산,직영점,I2,음식,I201,한식,I20112,해산물 구이/찜,I56111,한식 일반 음식점업,43,충청북도,43130,충주시,43130550,용산동,4313010600,용산동,4313010600116090368,1,대지,충청북도 충주시 용산동 1609-2,431304514153,충청북도 충주시 금봉4길,4.31301060011609e+24,충청북도 충주시 금봉4길 6,27398.0,2.0
MA010120220810973651,로그인청주,율량점,G2,소매,G204,종합 소매,G20405,편의점,G47122,체인화 편의점,43,충청북도,43114,청주시 청원구,43114540,율량.사천동,4311410300,율량동,4311410300107749888,1,대지,충청북도 청주시 청원구 율량동 775,431144508569,충청북도 청주시 청원구 율봉로151번길,4.31111150010775e+24,충청북도 청주시 청원구 율봉로151번길 47,28329.0,1.0
MA010120220812912685,아이스크림,데일리,G2,소매,G204,종합 소매,G20404,슈퍼마켓,G47216,빵류; 과자류 및 당류 소매업,43,충청북도,43111,청주시 상당구,43111720,용암1동,4311112500,용정동,4311112500111529984,1,대지,충청북도 청주시 상당구 용정동 1153,431114571731,충청북도 청주시 상당구 용정로38번길,4.31111250011153e+24,충청북도 청주시 상당구 용정로38번길 6,28748.0,1.0
MA010120220813680520,소다청주점,롯데아울렛,G2,소매,G209,섬유·의복·신발 소매,G20910,신발 소매업,G47430,신발 소매업,43,충청북도,43113,청주시 흥덕구,43113760,강서1동,4311313800,비하동,4311313800108109824,1,대지,충청북도 청주시 흥덕구 비하동 811,431133014065,충청북도 청주시 흥덕구 2순환로,4.31131380010332e+24,충청북도 청주시 흥덕구 2순환로 1004,28360.0,2.0
MA010120220805266550,두잉스터디카페,수곡점,R1,예술·스포츠,R102,도서관·사적지,R10202,독서실/스터디 카페,R90212,독서실 운영업,43,충청북도,43112,청주시 서원구,43112580,수곡2동,4311210700,수곡동,4311210700108989952,1,대지,충청북도 청주시 서원구 수곡동 899,431123237013,충청북도 청주시 서원구 구룡산로,4.31131090010899e+24,충청북도 청주시 서원구 구룡산로 239,28688.0,4.0
MA010120220805735481,뱅뱅어패럴주,제천점,G2,소매,G209,섬유·의복·신발 소매,G20905,기타 의류 소매업,G47414,셔츠 및 블라우스 소매업,43,충청북도,43150,제천시,43150528,중앙동,4315010600,중앙로1가,4315010600101289984,1,대지,충청북도 제천시 중앙로1가 129,431502239002,충청북도 제천시 의림대로,4.31501060010122e+24,충청북도 제천시 의림대로 118,27173.0,1.0
MA010120220812867772,롯데리아,오창점,I2,음식,I210,기타 간이,I21004,버거,I56192,피자; 햄버거; 샌드위치 및 유사 음식점업,43,충청북도,43114,청주시 청원구,43114253,오창읍,4311425345,오창읍,4311425345108209664,1,대지,충청북도 청주시 청원구 오창읍 양청리 821-4,431143240077,충청북도 청주시 청원구 오창읍 중심상업로,4.37102534500821e+24,충청북도 청주시 청원구 오창읍 중심상업로 7,28120.0,1.0
MA010120220805672016,안경나라,용산점,G2,소매,G216,안경·정밀기기 소매,G21602,안경렌즈 소매업,G47822,안경 및 렌즈 소매업,43,충청북도,43130,충주시,43130550,용산동,4313010600,용산동,4313010600114160128,1,대지,충청북도 충주시 용산동 1416,431303238083,충청북도 충주시 형설로,4.31301060011416e+24,충청북도 충주시 형설로 91,27399.0,1.0
MA010120220802934564,비엠디,청주지점,I2,음식,I212,비알코올,I21201,카페,I56221,커피 전문점,43,충청북도,43113,청주시 흥덕구,43113751,봉명1동,4311311500,봉명동,4311311500112829952,1,대지,충청북도 청주시 흥덕구 봉명동 1283,431134511533,충청북도 청주시 흥덕구 사직대로81번길,4.31131150011283e+24,충청북도 청주시 흥덕구 사직대로81번길 39,28573.0,1.0
MA010120220810054046,중경마라탕,5호점,I2,음식,I202,중식,I20202,마라탕/훠궈,I56121,중식 음식점업,43,충청북도,43113,청주시 흥덕구,43113756,봉명2.송정동,4311311500,봉명동,4311311500128760320,1,대지,충청북도 청주시 흥덕구 봉명동 2876-1,431134512151,충청북도 청주시 흥덕구 덕암로6번길,4.31131150012876e+24,충청북도 청주시 흥덕구 덕암로6번길 62,28463.0,1.0
MA010120220805063592,요거프레소오송,두산위브점,I2,음식,I212,비알코올,I21201,카페,I56221,커피 전문점,43,충청북도,43113,청주시 흥덕구,43113250,오송읍,4311325026,오송읍,4311325026106639872,1,대지,충청북도 청주시 흥덕구 오송읍 연제리 664,431133240057,충청북도 청주시 흥덕구 오송읍 오송생명3로,4.37102562610664e+24,충청북도 청주시 흥덕구 오송읍 오송생명3로 31,28160.0,1.0
MA010120220805062952,수피자,옥산점,I2,음식,I210,기타 간이,I21003,피자,I56192,피자; 햄버거; 샌드위치 및 유사 음식점업,43,충청북도,43113,청주시 흥덕구,43113320,옥산면,4311332025,옥산면,4311332025200679936,2,산,충청북도 청주시 흥덕구 옥산면 가락리 산 68-8,431134520010,충청북도 청주시 흥덕구 옥산면 가락길,4.31133202520068e+24,충청북도 청주시 흥덕구 옥산면 가락길 28,28113.0,1.0
MA010120220809241082,디아이큐어,청주지점,G2,소매,G218,장식품 소매,G21802,기념품점,G47842,기념품; 관광 민예품 및 장식용품 소매업,43,충청북도,43112,청주시 서원구,43112530,사창동,4311210200,사창동,4311210200104469504,1,대지,충청북도 청주시 서원구 사창동 447,431124511219,충청북도 청주시 서원구 내수동로108번길,4.31131020010447e+24,충청북도 청주시 서원구 내수동로108번길 40,28643.0,3.0
MA010120220802277229,이제마스터디카페청주,산남점,R1,예술·스포츠,R102,도서관·사적지,R10202,독서실/스터디 카페,N75999,그 외 기타 분류 안된 사업 지원 서비스업,43,충청북도,43112,청주시 서원구,43112550,산남동,4311210400,산남동,4311210400106609664,1,대지,충청북도 청주시 서원구 산남동 661,431123237037,충청북도 청주시 서원구 산남로,4.31131060010661e+24,충청북도 청주시 서원구 산남로 76,28625.0,2.0
MA010120220814072042,씨유청주직지,스타점,G2,소매,G204,종합 소매,G20405,편의점,G47122,체인화 편의점,43,충청북도,43113,청주시 흥덕구,43113756,봉명2.송정동,4311311600,송정동,4311311600100700160,1,대지,충청북도 청주시 흥덕구 송정동 70-73,431134511836,충청북도 청주시 흥덕구 직지대로436번길,4.3113116001007e+24,충청북도 청주시 흥덕구 직지대로436번길 76,28581.0,1.0
MA010120220803288193,에스케이텔레콤한음청주,터미널점,G2,소매,G208,가전·통신 소매,G20802,핸드폰 소매업,G47312,통신기기 소매업,43,충청북도,43113,청주시 흥덕구,43113760,강서1동,4311311700,강서동,4311311700104760320,1,대지,충청북도 청주시 흥덕구 강서동 476,431133014065,충청북도 청주시 흥덕구 2순환로,4.31131170010476e+24,충청북도 청주시 흥덕구 2순환로 1238,28377.0,1.0
MA010120220814132918,마쥬현대백화점,충청점,G2,소매,G209,섬유·의복·신발 소매,G20902,여성 의류 소매업,G47412,여자용 겉옷 소매업,43,충청북도,43113,청주시 흥덕구,43113741,복대1동,4311311400,복대동,4311311400133799936,1,대지,충청북도 청주시 흥덕구 복대동 3380,431133236058,충청북도 청주시 흥덕구 직지대로,4.31131140010584e+24,충청북도 청주시 흥덕구 직지대로 308,28424.0,2.0
MA010120220803012111,주드커피,충북대점,I2,음식,I212,비알코올,I21201,카페,I56221,커피 전문점,43,충청북도,43113,청주시 흥덕구,43113742,복대2동,4311311400,복대동,4311311400123679744,1,대지,충청북도 청주시 흥덕구 복대동 2368-2,431134511598,충청북도 청주시 흥덕구 성봉로237번길,4.31131140012368e+24,충청북도 청주시 흥덕구 성봉로237번길 1,28604.0,1.0
MA010120220814125047,아이나비공식대리점;서비스상당점,지정점,G2,소매,G202,자동차 부품 소매,G20202,자동차 부품 소매업,G45213,자동차 내장용 신품 전기ㆍ전자ㆍ정밀기기 판매업,43,충청북도,43111,청주시 상당구,43111730,용암2동,4311112600,방서동,4311112600102099968,1,대지,충청북도 청주시 상당구 방서동 210-3,431113236065,충청북도 청주시 상당구 단재로,4.3111126001021e+24,충청북도 청주시 상당구 단재로 287,28784.0,1.0
MA010120220805750259,알파청주,율량점,G2,소매,G213,오락용품 소매,G21302,문구/회화용품 소매업,G47612,문구용품 및 회화용품 소매업,43,충청북도,43114,청주시 청원구,43114550,오근장동,4311410500,주성동,4311410500103559680,1,대지,충청북도 청주시 청원구 주성동 356,431144844115,충청북도 청주시 청원구 주성로279번길,4.31111310010142e+24,충청북도 청주시 청원구 주성로279번길 27-1,28318.0,1.0
MA010120220813117585,해피니스,데일리,I2,음식,I210,기타 간이,I21001,빵/도넛,I56191,제과점업,43,충청북도,43113,청주시 흥덕구,43113747,가경동,4311311300,가경동,4311311300115030016,1,대지,충청북도 청주시 흥덕구 가경동 1503-9,431133237092,충청북도 청주시 흥덕구 풍년로,4.31131130011503e+24,충청북도 청주시 흥덕구 풍년로 76,28406.0,1.0
MA010120220805601004,파리바게뜨공단,오거리점,I2,음식,I210,기타 간이,I21001,빵/도넛,I56191,제과점업,43,충청북도,43113,청주시 흥덕구,43113742,복대2동,4311311400,복대동,4311311400108490240,1,대지,충청북도 청주시 흥덕구 복대동 849-2,431133236025,충청북도 청주시 흥덕구 사직대로,4.31131140010849e+24,충청북도 청주시 흥덕구 사직대로 10,28594.0,1.0
MA010120220805083623,삼덕통닭용암,광장점,I2,음식,I210,기타 간이,I21006,치킨,I56193,치킨 전문점,43,충청북도,43111,청주시 상당구,43111720,용암1동,4311112400,용암동,4311112400116369920,1,대지,충청북도 청주시 상당구 용암동 1637,431114508001,충청북도 청주시 상당구 1순환로1253번길,4.31111240011637e+24,충청북도 청주시 상당구 1순환로1253번길 50,28776.0,1.0
MA010120220803709428,행포케,충북대점,I2,음식,I210,기타 간이,I21005,토스트/샌드위치/샐러드,I56192,피자; 햄버거; 샌드위치 및 유사 음식점업,43,충청북도,43112,청주시 서원구,43112530,사창동,4311210200,사창동,4311210200103859712,1,대지,충청북도 청주시 서원구 사창동 386-9,431124511218,충청북도 청주시 서원구 내수동로102번길,4.31121020010386e+24,충청북도 청주시 서원구 내수동로102번길 50,28643.0,1.0
MA010120220803314608,조개바다,봉명점,I2,음식,I201,한식,I20112,해산물 구이/찜,I56114,한식 해산물 요리 전문점,43,충청북도,43113,청주시 흥덕구,43113756,봉명2.송정동,4311311500,봉명동,4311311500128819712,1,대지,충청북도 청주시 흥덕구 봉명동 2882,431134511373,충청북도 청주시 흥덕구 백봉로183번길,4.31131150012882e+24,충청북도 청주시 흥덕구 백봉로183번길 7,28463.0,1.0
MA010120220808511479,장띨,오창점,S2,수리·개인,S207,이용·미용,S20701,미용실,S96112,두발 미용업,43,충청북도,43114,청주시 청원구,43114253,오창읍,4311425331,오창읍,4311425331101609984,1,대지,충청북도 청주시 청원구 오창읍 창리 161,431143257080,충청북도 청주시 청원구 오창읍 2산단4로,4.31142533110161e+24,충청북도 청주시 청원구 오창읍 2산단4로 45,28109.0,1.0
MA010120220805590550,또래오래치킨,가경점,I2,음식,I210,기타 간이,I21006,치킨,I56193,치킨 전문점,43,충청북도,43113,청주시 흥덕구,43113747,가경동,4311311300,가경동,4311311300114869760,1,대지,충청북도 청주시 흥덕구 가경동 1487-11,431133237074,충청북도 청주시 흥덕구 장구봉로,4.31131130011487e+24,충청북도 청주시 흥덕구 장구봉로 27,28403.0,1.0
MA010120220805592833,황기순의칼국수&왕돈까스;갓츠킹청주,수곡점,I2,음식,I201,한식,I20105,국수/칼국수,I56112,한식 면 요리 전문점,43,충청북도,43112,청주시 서원구,43112570,수곡1동,4311210700,수곡동,4311210700101779968,1,대지,충청북도 청주시 서원구 수곡동 178-9,431123237013,충청북도 청주시 서원구 구룡산로,4.31131090010178e+24,충청북도 청주시 서원구 구룡산로 335,28681.0,1.0
MA010120220809367838,뚜레쥬르청주,남문점,I2,음식,I210,기타 간이,I21001,빵/도넛,I56191,제과점업,43,충청북도,43111,청주시 상당구,43111545,성안동,4311110600,남문로2가,4311110600100199424,1,대지,충청북도 청주시 상당구 남문로2가 20-2,431113236009,충청북도 청주시 상당구 남사로,4.3111106001002e+24,충청북도 청주시 상당구 남사로 137,28530.0,1.0
MA010120220814204519,씨유제천하소,중앙점,G2,소매,G204,종합 소매,G20405,편의점,G47122,체인화 편의점,43,충청북도,43150,제천시,43150560,용두동,4315011100,하소동,4315011100100709888,1,대지,충청북도 제천시 하소동 71-3,431503239075,충청북도 제천시 하소로,4.31501110010071e+24,충청북도 제천시 하소로 46,27162.0,1.0
MA010120220814244203,속리산염소요리,전문점,I2,음식,I201,한식,I20199,기타 한식 음식점,I56111,한식 일반 음식점업,43,충청북도,43111,청주시 상당구,43111720,용암1동,4311112400,용암동,4311112400124669952,1,대지,충청북도 청주시 상당구 용암동 2467,431114508108,충청북도 청주시 상당구 낙영로28번길,4.31111240012467e+24,충청북도 청주시 상당구 낙영로28번길 15-1,28767.0,1.0
MA010120220813667438,바버현대,충청점,G2,소매,G209,섬유·의복·신발 소매,G20901,남성 의류 소매업,G47411,남자용 겉옷 소매업,43,충청북도,43113,청주시 흥덕구,43113741,복대1동,4311311400,복대동,4311311400133799936,1,대지,충청북도 청주시 흥덕구 복대동 3380,431133236058,충청북도 청주시 흥덕구 직지대로,4.31131140010584e+24,충청북도 청주시 흥덕구 직지대로 308,28424.0,4.0
MA010120220808562043,아이원에프엔씨서,청주지점,I2,음식,I210,기타 간이,I21006,치킨,I56193,치킨 전문점,43,충청북도,43113,청주시 흥덕구,43113760,강서1동,4311313800,비하동,4311313800108109824,1,대지,충청북도 청주시 흥덕구 비하동 811,431133014065,충청북도 청주시 흥덕구 2순환로,4.31131380010332e+24,충청북도 청주시 흥덕구 2순환로 1004,28360.0,3.0
MA010120220806270373,현대자동차,증평점,S2,수리·개인,S203,자동차 수리·세차,S20301,자동차 정비소,S95212,자동차 전문 수리업,43,충청북도,43745,증평군,43745250,증평읍,4374525030,증평읍,4374525030105500160,1,대지,충청북도 증평군 증평읍 초중리 550-4,437454532191,충청북도 증평군 증평읍 초중7길,4.3745250301055e+24,충청북도 증평군 증평읍 초중7길 43,27939.0,1.0
MA010120220803996952,깜돈,개신점,I2,음식,I201,한식,I20107,돼지고기 구이/찜,I56113,한식 육류 요리 전문점,43,충청북도,43113,청주시 흥덕구,43113742,복대2동,4311311400,복대동,4311311400120090112,1,대지,충청북도 청주시 흥덕구 복대동 2009,431134511783,충청북도 청주시 흥덕구 장구봉로101번길,4.31131140012009e+24,충청북도 청주시 흥덕구 장구봉로101번길 45,28606.0,1.0
MA010120220805558513,영창피아노충북,대리점,G2,소매,G212,기타 생활용품 소매,G21203,악기 소매업,G47593,악기 소매업,43,충청북도,43113,청주시 흥덕구,43113700,운천.신봉동,4311310500,신봉동,4311310500103480320,1,대지,충청북도 청주시 흥덕구 신봉동 348,431133236058,충청북도 청주시 흥덕구 직지대로,4.31131050010348e+24,충청북도 청주시 흥덕구 직지대로 683-1,28476.0,1.0
MA010120220811896331,세무법인명장,충주지점,M1,과학·기술,M104,회계·세무,M10402,세무사,M71202,세무사업,43,충청북도,43130,충주시,43130535,교현.안림동,4313012200,안림동,4313012200104770048,1,대지,충청북도 충주시 안림동 477,431303238041,충청북도 충주시 안림로,4.31301220010477e+24,충청북도 충주시 안림로 28,27486.0,1.0
MA010120220812193605,청주,동부점,G2,소매,G204,종합 소매,G20405,편의점,G47122,체인화 편의점,43,충청북도,43111,청주시 상당구,43111720,용암1동,4311112500,용정동,4311112500110300160,1,대지,충청북도 청주시 상당구 용정동 1030,431114508726,충청북도 청주시 상당구 호미로198번길,4.3111125001103e+24,충청북도 청주시 상당구 호미로198번길 21,28749.0,1.0
MA010120220813829807,명륜진사갈비,옥천점,I2,음식,I201,한식,I20107,돼지고기 구이/찜,I56113,한식 육류 요리 전문점,43,충청북도,43730,옥천군,43730250,옥천읍,4373025036,옥천읍,4373025036100480000,1,대지,충청북도 옥천군 옥천읍 금구리 48-16,437303242004,충청북도 옥천군 옥천읍 금장로,4.37302503610048e+24,충청북도 옥천군 옥천읍 금장로 70,29047.0,1.0
MA010120220813908264,크린토피아청주용암,1호점,S2,수리·개인,S209,세탁,S20901,세탁소,S96912,가정용 세탁업,43,충청북도,43111,청주시 상당구,43111690,용담.명암.산성동,4311112100,용담동,4311112100104209920,1,대지,충청북도 청주시 상당구 용담동 421,431113236035,충청북도 청주시 상당구 수영로,4.31111210010421e+24,충청북도 청주시 상당구 수영로 327,28745.0,1.0
MA010120220804659465,60계치킨,오창점,I2,음식,I210,기타 간이,I21006,치킨,I56193,치킨 전문점,43,충청북도,43114,청주시 청원구,43114253,오창읍,4311425344,오창읍,4311425344106370048,1,대지,충청북도 청주시 청원구 오창읍 각리 637-6,431143240063,충청북도 청주시 청원구 오창읍 오창중앙로,4.37102534400637e+24,충청북도 청주시 청원구 오창읍 오창중앙로 32,28124.0,1.0
MA010120220806101789,소다현대,충청점,G2,소매,G209,섬유·의복·신발 소매,G20910,신발 소매업,G47430,신발 소매업,43,충청북도,43113,청주시 흥덕구,43113741,복대1동,4311311400,복대동,4311311400133799936,1,대지,충청북도 청주시 흥덕구 복대동 3380,431133236058,충청북도 청주시 흥덕구 직지대로,4.31131140010584e+24,충청북도 청주시 흥덕구 직지대로 308,28424.0,2.0
MA010120220802277377,버무리떡볶이,분평점,I2,음식,I210,기타 간이,I21007,김밥/만두/분식,I56194,김밥 및 기타 간이 음식점업,43,충청북도,43112,청주시 서원구,43112560,분평동,4311210600,분평동,4311210600113699840,1,대지,충청북도 청주시 서원구 분평동 1370,431124512136,충청북도 청주시 서원구 1순환로1107번길,4.31131080011371e+24,충청북도 청주시 서원구 1순환로1107번길 20,28800.0,1.0
MA010120220812364291,지에스씨넷,청주지점,N1,시설관리·임대,N104,고용 알선,N10401,고용 알선업,N75110,고용 알선업,43,충청북도,43112,청주시 서원구,43112530,사창동,4311210200,사창동,4311210200101400576,1,대지,충청북도 청주시 서원구 사창동 140-9,431123236025,충청북도 청주시 서원구 사직대로,4.3113102001014e+24,충청북도 청주시 서원구 사직대로 95,28575.0,4.0
MA010120220804951424,노벨스터디카페충주연수,센터점,R1,예술·스포츠,R102,도서관·사적지,R10202,독서실/스터디 카페,R90212,독서실 운영업,43,충청북도,43130,충주시,43130630,연수동,4313011800,연수동,4313011800115030016,1,대지,충청북도 충주시 연수동 1503,431303238044,충청북도 충주시 연수동산로,4.31301180011503e+24,충청북도 충주시 연수동산로 1,27352.0,3.0
MA010120220807106308,지에스렌트카,제천지점,N1,시설관리·임대,N109,운송장비 대여,N10901,자동차 대여업,N76110,자동차 임대업,43,충청북도,43150,제천시,43150528,중앙동,4315010100,의림동,4315010100100039680,1,대지,충청북도 제천시 의림동 4-7,431503239037,충청북도 제천시 숭문로,4.31501010010004e+24,충청북도 제천시 숭문로 121,27164.0,1.0
MA0101202502A0018979,씨유청주뉴금천,광장점,G2,소매,G204,종합 소매,G20405,편의점,G47122,체인화 편의점,43,충청북도,43111,청주시 상당구,43111690,용담.명암.산성동,4311112100,용담동,4311112100103690240,1,대지,충청북도 청주시 상당구 용담동 369,431114508297,충청북도 청주시 상당구 산성로98번길,4.31111210010369e+24,충청북도 청주시 상당구 산성로98번길 11,28744.0,1.0
MA0101202502A0021154,카페요아정충북,증평점,I2,음식,I212,비알코올,I21201,카페,I56221,커피 전문점,43,충청북도,43745,증평군,43745250,증평읍,4374525032,증평읍,4374525032107320320,1,대지,충청북도 증평군 증평읍 송산리 732,437453244030,충청북도 증평군 증평읍 송산로,4.37452503210732e+24,충청북도 증평군 증평읍 송산로 66,27918.0,1.0
MA0101202504A0050803,할매솥뚜껑삼겹살청주,복대점,I2,음식,I201,한식,I20107,돼지고기 구이/찜,I56111,한식 일반 음식점업,43,충청북도,43113,청주시 흥덕구,43113741,복대1동,4311311400,복대동,4311311400132149760,1,대지,충청북도 청주시 흥덕구 복대동 3215,431133237081,충청북도 청주시 흥덕구 진재로,4.31131140013215e+24,충청북도 청주시 흥덕구 진재로 105,28427.0,1.0
MA0101202502A0109748,사월에보리밥과쭈꾸미청주,분평점,I2,음식,I201,한식,I20101,백반/한정식,I56111,한식 일반 음식점업,43,충청북도,43112,청주시 서원구,43112560,분평동,4311210600,분평동,4311210600112470016,1,대지,충청북도 청주시 서원구 분평동 1247-1,431124512137,충청북도 청주시 서원구 1순환로1063번길,4.31131080011247e+24,충청북도 청주시 서원구 1순환로1063번길 61-2,28797.0,2.0
MA0101202502A0095235,와이에이치키친랩,용암점,I2,음식,I201,한식,I20101,백반/한정식,I56111,한식 일반 음식점업,43,충청북도,43111,청주시 상당구,43111680,금천동,4311112000,금천동,4311112000101139968,1,대지,충청북도 청주시 상당구 금천동 114-6,431114508100,충청북도 청주시 상당구 꽃산서로8번길,4.31111200010114e+24,충청북도 청주시 상당구 꽃산서로8번길 70-4,28732.0,1.0
MA0101202504A0047638,노걸대감자탕청주,복대점,I2,음식,I201,한식,I20102,국/탕/찌개류,I56111,한식 일반 음식점업,43,충청북도,43113,청주시 흥덕구,43113741,복대1동,4311311400,복대동,4311311400132110336,1,대지,충청북도 청주시 흥덕구 복대동 3211,431134511865,충청북도 청주시 흥덕구 진재로109번길,4.31131140013211e+24,충청북도 청주시 흥덕구 진재로109번길 21,28427.0,1.0
MA0101202504A0101594,포트캔커피,가경점,I2,음식,I212,비알코올,I21201,카페,I56221,커피 전문점,43,충청북도,43113,청주시 흥덕구,43113747,가경동,4311311300,가경동,4311311300119879680,1,대지,충청북도 청주시 흥덕구 가경동 1988,431133237047,충청북도 청주시 흥덕구 서현북로,4.31131130011988e+24,충청북도 청주시 흥덕구 서현북로 66,28384.0,1.0
MA0101202503A0013853,피자알볼로,용암점,I2,음식,I210,기타 간이,I21003,피자,I56192,피자; 햄버거; 샌드위치 및 유사 음식점업,43,충청북도,43111,청주시 상당구,43111720,용암1동,4311112400,용암동,4311112400125340160,1,대지,충청북도 청주시 상당구 용암동 2534,431113236057,충청북도 청주시 상당구 중흥로,4.31111240012534e+24,충청북도 청주시 상당구 중흥로 149,28767.0,1.0
MA0101202503A0059522,에스케이그린,대리점,G2,소매,G222,중고 상품 소매,G22201,중고 상품 소매업,G47862,중고 가전제품 및 통신장비 소매업,43,충청북도,43150,제천시,43150560,용두동,4315011100,하소동,4315011100100709888,1,대지,충청북도 제천시 하소동 71-2,431503239075,충청북도 제천시 하소로,4.31501110010071e+24,충청북도 제천시 하소로 48,27162.0,1.0
MA0101202503A0041513,분분청주,가경점,I2,음식,I205,동남아시아,I20501,베트남식 전문,I56129,기타 외국식 음식점업,43,충청북도,43113,청주시 흥덕구,43113747,가경동,4311311300,가경동,4311311300122290176,1,대지,충청북도 청주시 흥덕구 가경동 2229-1,431133237046,충청북도 청주시 흥덕구 서현로,4.31131130012229e+24,충청북도 청주시 흥덕구 서현로 102-20,28382.0,1.0
MA0101202503A0060970,브루클린바이브,율량점,I2,음식,I204,서양식,I20401,경양식,I56123,서양식 음식점업,43,충청북도,43114,청주시 청원구,43114540,율량.사천동,4311410300,율량동,4311410300120250368,1,대지,충청북도 청주시 청원구 율량동 2025,431144844105,충청북도 청주시 청원구 율량로190번길,4.31141030012025e+24,충청북도 청주시 청원구 율량로190번길 63,28320.0,1.0
MA0101202504A0010976,맘스터치충대,중문점,I2,음식,I210,기타 간이,I21004,버거,I56193,치킨 전문점,43,충청북도,43112,청주시 서원구,43112530,사창동,4311210200,사창동,4311210200102170112,1,대지,충청북도 청주시 서원구 사창동 217-22,431124511218,충청북도 청주시 서원구 내수동로102번길,4.31131020010217e+24,충청북도 청주시 서원구 내수동로102번길 36,28643.0,1.0
MA0101202504A0025128,노랑통닭,수곡점,I2,음식,I210,기타 간이,I21006,치킨,I56193,치킨 전문점,43,충청북도,43112,청주시 서원구,43112580,수곡2동,4311210700,수곡동,4311210700109080576,1,대지,충청북도 청주시 서원구 수곡동 908,431123237013,충청북도 청주시 서원구 구룡산로,4.31131090010908e+24,충청북도 청주시 서원구 구룡산로 246,28697.0,1.0
MA0101202502A0058411,뷰티온의원충북,혁신도시점,Q1,보건의료,Q102,의원,Q10204,피부/비뇨기과 의원,Q86201,일반의원,43,충청북도,43770,음성군,43770330,맹동면,4377033028,맹동면,4377033028114050048,1,대지,충청북도 음성군 맹동면 두성리 1405,437704541750,충청북도 음성군 맹동면 대하2가길,4.37703302811405e+24,충청북도 음성군 맹동면 대하2가길 31,27738.0,2.0
MA0101202504A0062269,곤트란쉐리에오창,센트럴점,I2,음식,I212,비알코올,I21201,카페,I56221,커피 전문점,43,충청북도,43114,청주시 청원구,43114253,오창읍,4311425345,오창읍,4311425345107930112,1,대지,충청북도 청주시 청원구 오창읍 양청리 793-1,431143240077,충청북도 청주시 청원구 오창읍 중심상업로,4.31142534510793e+24,충청북도 청주시 청원구 오창읍 중심상업로 48,28119.0,1.0
MA0101202504A0036595,틴트컴퍼니충북,혁신점,G2,소매,G202,자동차 부품 소매,G20202,자동차 부품 소매업,G45219,기타 자동차 신품 부품 및 내장품 판매업,43,충청북도,43770,음성군,43770330,맹동면,4377033028,맹동면,4377033028111559680,1,대지,충청북도 음성군 맹동면 두성리 1156,437704541731,충청북도 음성군 맹동면 두레로,4.37703302811156e+24,충청북도 음성군 맹동면 두레로 51-10,27738.0,1.0
MA0101202504A0015966,쏜다사격장,오창점,R1,예술·스포츠,R104,유원지·오락,R10405,기타 오락장,R91229,기타 오락장 운영업,43,충청북도,43114,청주시 청원구,43114253,오창읍,4311425345,오창읍,4311425345107900416,1,대지,충청북도 청주시 청원구 오창읍 양청리 790-6,431143240077,충청북도 청주시 청원구 오창읍 중심상업로,4.3710253450079e+24,충청북도 청주시 청원구 오창읍 중심상업로 51-10,28120.0,1.0
MA0101202504A0111449,과일카페알찬,청주봉명점,G2,소매,G205,식료품 소매,G20506,채소/과일 소매업,G47215,채소; 과실 및 뿌리작물 소매업,43,충청북도,43113,청주시 흥덕구,43113751,봉명1동,4311311500,봉명동,4311311500110689792,1,대지,충청북도 청주시 흥덕구 봉명동 1069,431134511933,충청북도 청주시 흥덕구 천수로7번길,4.31131150011069e+24,충청북도 청주시 흥덕구 천수로7번길 47,28562.0,1.0
MA0101202504A0099309,대상유통,2호점,S2,수리·개인,S206,기타 가정용품 수리,S20699,그 외 기타 개인/가정용품 수리업,S95399,그 외 기타 개인 및 가정용품 수리업,43,충청북도,43111,청주시 상당구,43111720,용암1동,4311112400,용암동,4311112400112659968,1,대지,충청북도 청주시 상당구 용암동 1266,431114508523,충청북도 청주시 상당구 용암북로6번길,4.31111240011266e+24,충청북도 청주시 상당구 용암북로6번길 51,28771.0,2.0
MA0101202503A0035761,소도둑한우,전문점,I2,음식,I201,한식,I20108,소고기 구이/찜,I56113,한식 육류 요리 전문점,43,충청북도,43130,충주시,43130625,칠금.금릉동,4313012800,금릉동,4313012800107160576,1,대지,충청북도 충주시 금릉동 716,431303238045,충청북도 충주시 연수로,4.31301280010716e+24,충청북도 충주시 연수로 6-16,27347.0,1.0
MA0101202503A0002138,씨유오송,휴먼시아점,G2,소매,G204,종합 소매,G20405,편의점,G47122,체인화 편의점,43,충청북도,43113,청주시 흥덕구,43113250,오송읍,4311325025,오송읍,4311325025105489920,1,대지,충청북도 청주시 흥덕구 오송읍 만수리 549-1,431133240054,충청북도 청주시 흥덕구 오송읍 오송가락로,4.37102562510549e+24,충청북도 청주시 흥덕구 오송읍 오송가락로 235,28166.0,1.0
MA0101202503A0041883,지에스25청주태성,산단점,G2,소매,G204,종합 소매,G20405,편의점,G47122,체인화 편의점,43,충청북도,43113,청주시 흥덕구,43113310,강내면,4311331027,강내면,4311331027103170048,1,대지,충청북도 청주시 흥덕구 강내면 태성리 317-5,431133014066,충청북도 청주시 흥덕구 강내면 서부로,4.37103902710317e+24,충청북도 청주시 흥덕구 강내면 서부로 261,28174.0,1.0
MA0101202503A0079162,공차,청주사천점,I2,음식,I212,비알코올,I21201,카페,I56221,커피 전문점,43,충청북도,43114,청주시 청원구,43114540,율량.사천동,4311410300,율량동,4311410300113180160,1,대지,충청북도 청주시 청원구 율량동 1318,431143236050,충청북도 청주시 청원구 율봉로,4.31111150011318e+24,충청북도 청주시 청원구 율봉로 142,28350.0,1.0
MA0101202502A0046445,동네포차주민,지웰시티점,I2,음식,I201,한식,I20101,백반/한정식,I56111,한식 일반 음식점업,43,충청북도,43113,청주시 흥덕구,43113741,복대1동,4311311400,복대동,4311311400133790208,1,대지,충청북도 청주시 흥덕구 복대동 3379,431133237020,충청북도 청주시 흥덕구 대농로,4.31131140010288e+24,충청북도 청주시 흥덕구 대농로 43,28424.0,1.0
MA0101202504A0108391,석호네닭발,가경점,I2,음식,I201,한식,I20110,닭/오리고기 구이/찜,I56111,한식 일반 음식점업,43,충청북도,43113,청주시 흥덕구,43113747,가경동,4311311300,가경동,4311311300119889920,1,대지,충청북도 청주시 흥덕구 가경동 1989,431133237047,충청북도 청주시 흥덕구 서현북로,4.31131130011989e+24,충청북도 청주시 흥덕구 서현북로 68,28384.0,1.0
MA0101202504A0075294,찬GYMPT,전문점,P1,교육,P106,기타 교육,P10603,요가/필라테스 학원,P85612,기타 스포츠 교육기관,43,충청북도,43130,충주시,43130625,칠금.금릉동,4313012800,금릉동,4313012800107539968,1,대지,충청북도 충주시 금릉동 754,431304514167,충청북도 충주시 금제4길,4.31301280010754e+24,충청북도 충주시 금제4길 7,27340.0,1.0
MA0101202503A0014681,이마트24충주,교통대점,G2,소매,G204,종합 소매,G20405,편의점,G47122,체인화 편의점,43,충청북도,43130,충주시,43130335,대소원면,4313033524,대소원면,4313033524101949952,1,대지,충청북도 충주시 대소원면 만정리 195-1,431303238012,충청북도 충주시 대소원면 대학로,4.31303302410195e+24,충청북도 충주시 대소원면 대학로 4,27470.0,1.0
MA0101202503A0041220,깡우동,청주봉명점,I2,음식,I203,일식,I20303,일식 면 요리,I56111,한식 일반 음식점업,43,충청북도,43113,청주시 흥덕구,43113756,봉명2.송정동,4311311500,봉명동,4311311500127410176,1,대지,충청북도 청주시 흥덕구 봉명동 2741,431134511374,충청북도 청주시 흥덕구 백봉로197번길,4.31131150012741e+24,충청북도 청주시 흥덕구 백봉로197번길 16,28465.0,1.0
MA0101202503A0008936,영천얼큰돼지국밥,오창점,I2,음식,I201,한식,I20101,백반/한정식,I56111,한식 일반 음식점업,43,충청북도,43114,청주시 청원구,43114253,오창읍,4311425345,오창읍,4311425345106579968,1,대지,충청북도 청주시 청원구 오창읍 양청리 658-6,431144520433,충청북도 청주시 청원구 오창읍 양청4길,4.31142534510658e+24,충청북도 청주시 청원구 오창읍 양청4길 7-3,28116.0,1.0
MA0101202503A0064253,본죽&비빔밥,개신점,I2,음식,I201,한식,I20101,백반/한정식,I56111,한식 일반 음식점업,43,충청북도,43112,청주시 서원구,43112590,성화.개신.죽림동,4311210900,개신동,4311210900106919936,1,대지,충청북도 청주시 서원구 개신동 692,431123237030,충청북도 청주시 서원구 복대로,4.31131110010692e+24,충청북도 청주시 서원구 복대로 27,28612.0,1.0
MA0101202503A0073988,권가제면소송절,본점,I2,음식,I203,일식,I20303,일식 면 요리,I56122,일식 음식점업,43,충청북도,43113,청주시 흥덕구,43113770,강서2동,4311313400,송절동,4311313400103909888,1,대지,충청북도 청주시 흥덕구 송절동 391-3,431133237072,충청북도 청주시 흥덕구 월명로,4.31131340010391e+24,충청북도 청주시 흥덕구 월명로 277,28437.0,1.0
MA0101202503A0053828,또래오래목계,1호점,I2,음식,I210,기타 간이,I21006,치킨,I56193,치킨 전문점,43,충청북도,43130,충주시,43130420,엄정면,4313042023,엄정면,4313042023102560256,1,대지,충청북도 충주시 엄정면 목계리 256,431304514763,충청북도 충주시 엄정면 서계1길,4.31304202310256e+24,충청북도 충주시 엄정면 서계1길 4,27314.0,1.0
MA0101202503A0071478,왕천파닭오창,2호점,I2,음식,I210,기타 간이,I21006,치킨,I56193,치킨 전문점,43,충청북도,43114,청주시 청원구,43114253,오창읍,4311425332,오창읍,4311425332103610368,1,대지,충청북도 청주시 청원구 오창읍 주성리 361,431144571748,충청북도 청주시 청원구 오창읍 주성3길,4.37102533110361e+24,충청북도 청주시 청원구 오창읍 주성3길 16,28117.0,1.0
MA0101202503A0069989,지에스25진천,중앙점,G2,소매,G204,종합 소매,G20405,편의점,G47122,체인화 편의점,43,충청북도,43750,진천군,43750250,진천읍,4375025024,진천읍,4375025024104709632,1,대지,충청북도 진천군 진천읍 읍내리 471-56,437503245018,충청북도 진천군 진천읍 중앙동로,4.37502502410471e+24,충청북도 진천군 진천읍 중앙동로 140,27849.0,1.0
MA0101202503A0011959,Q사랑,분평점,G2,소매,G215,의약·화장품 소매,G21503,화장품 소매업,G47813,화장품; 비누 및 방향제 소매업,43,충청북도,43112,청주시 서원구,43112560,분평동,4311210600,분평동,4311210600114119680,1,대지,충청북도 청주시 서원구 분평동 1412,431124512137,충청북도 청주시 서원구 1순환로1063번길,4.31131080011412e+24,충청북도 청주시 서원구 1순환로1063번길 36,28799.0,1.0
MA0101202503A0057659,뉴욕야시장,음성점,I2,음식,I211,주점,I21104,요리 주점,I56111,한식 일반 음식점업,43,충청북도,43770,음성군,43770250,음성읍,4377025021,음성읍,4377025021105400320,1,대지,충청북도 음성군 음성읍 읍내리 540-15,437704541535,충청북도 음성군 음성읍 중앙로132번길,4.3770250211054e+24,충청북도 음성군 음성읍 중앙로132번길 11-1,27695.0,1.0
MA0101202503A0048712,봉봉스테이션,오창점,G2,소매,G213,오락용품 소매,G21306,장난감 소매업,G47640,게임용구; 인형 및 장난감 소매업,43,충청북도,43114,청주시 청원구,43114253,오창읍,4311425345,오창읍,4311425345107909632,1,대지,충청북도 청주시 청원구 오창읍 양청리 791-2,431143240077,충청북도 청주시 청원구 오창읍 중심상업로,4.31142534510791e+24,충청북도 청주시 청원구 오창읍 중심상업로 61,28120.0,1.0
MA0101202503A0079515,굽네치킨청주,테크노폴리스점,I2,음식,I210,기타 간이,I21006,치킨,I56193,치킨 전문점,43,충청북도,43113,청주시 흥덕구,43113770,강서2동,4311313400,송절동,4311313400107370496,1,대지,충청북도 청주시 흥덕구 송절동 737,431134855162,충청북도 청주시 흥덕구 송화로108번길,4.31131340010737e+24,충청북도 청주시 흥덕구 송화로108번길 80,28292.0,1.0
MA0101202503A0041809,탐족족발보쌈청주용암,본점,I2,음식,I201,한식,I20101,백반/한정식,I56111,한식 일반 음식점업,43,충청북도,43111,청주시 상당구,43111720,용암1동,4311112400,용암동,4311112400123699712,1,대지,충청북도 청주시 상당구 용암동 2370,431113236008,충청북도 청주시 상당구 낙영로,4.3111124001237e+24,충청북도 청주시 상당구 낙영로 29,28766.0,1.0
MA0101202503A0031446,텐퍼센트커피충주,터미널점,I2,음식,I212,비알코올,I21201,카페,I56221,커피 전문점,43,충청북도,43130,충주시,43130625,칠금.금릉동,4313011600,칠금동,4313011600108630016,1,대지,충청북도 충주시 칠금동 863,431302238001,충청북도 충주시 계명대로,4.31301160010863e+24,충청북도 충주시 계명대로 24,27361.0,1.0
MA0101202503A0046467,남문갈매기,본점,I2,음식,I201,한식,I20101,백반/한정식,I56111,한식 일반 음식점업,43,충청북도,43111,청주시 상당구,43111545,성안동,4311111000,남주동,4311111000101890048,1,대지,충청북도 청주시 상당구 남주동 189-6,431114508117,충청북도 청주시 상당구 남사로102번길,4.31111100010189e+24,충청북도 청주시 상당구 남사로102번길 17,28532.0,1.0
MA0101202503A0026673,이레네,코리아,G2,소매,G215,의약·화장품 소매,G21503,화장품 소매업,G47813,화장품; 비누 및 방향제 소매업,43,충청북도,43114,청주시 청원구,43114540,율량.사천동,4311410300,율량동,4311410300109230080,1,대지,충청북도 청주시 청원구 율량동 923,431143236064,충청북도 청주시 청원구 공항로,4.31111150010924e+24,충청북도 청주시 청원구 공항로 106,28331.0,2.0
MA0101202503A0079111,참토스트청주개신,가경점,I2,음식,I210,기타 간이,I21005,토스트/샌드위치/샐러드,I56194,김밥 및 기타 간이 음식점업,43,충청북도,43112,청주시 서원구,43112590,성화.개신.죽림동,4311210900,개신동,4311210900106919936,1,대지,충청북도 청주시 서원구 개신동 692,431123237030,충청북도 청주시 서원구 복대로,4.31131110010692e+24,충청북도 청주시 서원구 복대로 27,28612.0,1.0
MA0101202503A0078570,청주맛집단성무이,충북대점,I2,음식,I202,중식,I20201,중국집,I56121,중식 음식점업,43,충청북도,43112,청주시 서원구,43112530,사창동,4311210200,사창동,4311210200104949760,1,대지,충청북도 청주시 서원구 사창동 495,431124512181,충청북도 청주시 서원구 1순환로694번길,4.31131020010495e+24,충청북도 청주시 서원구 1순환로694번길 4,28643.0,1.0
MA0101202503A0026995,두찜충북,증평점,I2,음식,I201,한식,I20101,백반/한정식,I56111,한식 일반 음식점업,43,충청북도,43745,증평군,43745250,증평읍,4374525022,증평읍,4374525022101459968,1,대지,충청북도 증평군 증평읍 교동리 146-2,437453014040,충청북도 증평군 증평읍 광장로,4.37452502210146e+24,충청북도 증평군 증평읍 광장로 131,27931.0,1.0
MA0101202503A0059457,파스쿠찌서충주,신도시점,I2,음식,I212,비알코올,I21201,카페,I56221,커피 전문점,43,충청북도,43130,충주시,43130385,중앙탑면,4313038526,중앙탑면,4313038526106700288,1,대지,충청북도 충주시 중앙탑면 용전리 670,431303238103,충청북도 충주시 중앙탑면 기업도시로,4.3130385261067e+24,충청북도 충주시 중앙탑면 기업도시로 222,27465.0,3.0
MA0101202503A0066418,메가엠지씨커피충북음성,시장점,I2,음식,I212,비알코올,I21201,카페,I56221,커피 전문점,43,충청북도,43770,음성군,43770250,음성읍,4377025021,음성읍,4377025021102459904,1,대지,충청북도 음성군 음성읍 읍내리 246-20,437703247032,충청북도 음성군 음성읍 시장로,4.37702502110246e+24,충청북도 음성군 음성읍 시장로 120-1,27696.0,1.0
MA0101202503A0036905,여성전용그룹PTFFFF청주,복대점,P1,교육,P106,기타 교육,P10603,요가/필라테스 학원,P85612,기타 스포츠 교육기관,43,충청북도,43113,청주시 흥덕구,43113741,복대1동,4311311400,복대동,4311311400129260032,1,대지,충청북도 청주시 흥덕구 복대동 2926,431133237079,충청북도 청주시 흥덕구 증안로,4.31131140012926e+24,충청북도 청주시 흥덕구 증안로 58,28420.0,3.0
MA0101202502A0069410,에어컨청소세척냉난방기수리오마이클린청주,본점,N1,시설관리·임대,N102,청소·방제,N10202,산업설비; 운송장비 및 공공장소 청소업,N74212,산업설비; 운송장비 및 공공장소 청소업,43,충청북도,43114,청주시 청원구,43114540,율량.사천동,4311410300,율량동,4311410300110659584,1,대지,충청북도 청주시 청원구 율량동 1066,431142014003,충청북도 청주시 청원구 충청대로,4.31111150011066e+24,충청북도 청주시 청원구 충청대로 113,28333.0,2.0
MA0101202502A0100311,명품순두부오송,2호점,I2,음식,I201,한식,I20101,백반/한정식,I56111,한식 일반 음식점업,43,충청북도,43113,청주시 흥덕구,43113250,오송읍,4311325031,오송읍,4311325031108979712,1,대지,충청북도 청주시 흥덕구 오송읍 봉산리 898,431133351776,충청북도 청주시 흥덕구 오송읍 오송생명13로,4.31132503110898e+24,충청북도 청주시 흥덕구 오송읍 오송생명13로 51,28222.0,1.0
MA0101202502A0024450,와이에이치키친랩,금천점,I2,음식,I201,한식,I20101,백반/한정식,I56111,한식 일반 음식점업,43,충청북도,43111,청주시 상당구,43111680,금천동,4311112000,금천동,4311112000101139968,1,대지,충청북도 청주시 상당구 금천동 114-6,431114508100,충청북도 청주시 상당구 꽃산서로8번길,4.31111200010114e+24,충청북도 청주시 상당구 꽃산서로8번길 70-4,28732.0,1.0
MA0101202502A0094172,드림바디휘트니스,가경점,R1,예술·스포츠,R103,스포츠 서비스,R10307,헬스장,R91132,체력 단련시설 운영업,43,충청북도,43113,청주시 흥덕구,43113747,가경동,4311311300,가경동,4311311300117009920,1,대지,충청북도 청주시 흥덕구 가경동 1701,431133237002,충청북도 청주시 흥덕구 가경로,4.31131130011701e+24,충청북도 청주시 흥덕구 가경로 9-1,28413.0,6.0
MA0101202502A0090056,미인계,산남점,I2,음식,I201,한식,I20101,백반/한정식,I56111,한식 일반 음식점업,43,충청북도,43112,청주시 서원구,43112550,산남동,4311210400,산남동,4311210400103940096,1,대지,충청북도 청주시 서원구 산남동 394,431124511757,충청북도 청주시 서원구 원흥로100번길,4.31131060010394e+24,충청북도 청주시 서원구 원흥로100번길 76,28626.0,1.0
MA0101202502A0099695,파닭참잘하는집사창,사직점,I2,음식,I210,기타 간이,I21006,치킨,I56193,치킨 전문점,43,충청북도,43112,청주시 서원구,43112530,사창동,4311210200,사창동,4311210200102970368,1,대지,충청북도 청주시 서원구 사창동 297-3,431123237019,충청북도 청주시 서원구 내수동로,4.31131020010297e+24,충청북도 청주시 서원구 내수동로 170,28649.0,1.0
MA0101202502A0051143,감성스터디카페청주,오창점,R1,예술·스포츠,R102,도서관·사적지,R10202,독서실/스터디 카페,R90212,독서실 운영업,43,충청북도,43114,청주시 청원구,43114253,오창읍,4311425344,오창읍,4311425344106490368,1,대지,충청북도 청주시 청원구 오창읍 각리 649-3,431143240063,충청북도 청주시 청원구 오창읍 오창중앙로,4.37102534400649e+24,충청북도 청주시 청원구 오창읍 오창중앙로 123-8,28123.0,4.0
MA0101202502A0082637,크린시아봉명,자이점,S2,수리·개인,S209,세탁,S20901,세탁소,S96912,가정용 세탁업,43,충청북도,43113,청주시 흥덕구,43113751,봉명1동,4311311500,봉명동,4311311500129340416,1,대지,충청북도 청주시 흥덕구 봉명동 2934,431133237072,충청북도 청주시 흥덕구 월명로,4.31131150010193e+24,충청북도 청주시 흥덕구 월명로 76,28569.0,1.0
MA0101202502A0017909,일만족발한국,교통대점,I2,음식,I201,한식,I20103,족발/보쌈,I56111,한식 일반 음식점업,43,충청북도,43130,충주시,43130335,대소원면,4313033529,대소원면,4313033529100789760,1,대지,충청북도 충주시 대소원면 검단리 79-2,431303238012,충청북도 충주시 대소원면 대학로,4.31303302910079e+24,충청북도 충주시 대소원면 대학로 28,27470.0,3.0
MA0101202502A0061431,노랑통닭,오창점,I2,음식,I210,기타 간이,I21006,치킨,I56193,치킨 전문점,43,충청북도,43114,청주시 청원구,43114253,오창읍,4311425344,오창읍,4311425344106500096,1,대지,충청북도 청주시 청원구 오창읍 각리 650-5,431143240063,충청북도 청주시 청원구 오창읍 오창중앙로,4.3710253440065e+24,충청북도 청주시 청원구 오창읍 오창중앙로 123-11,28123.0,1.0
MA0101202502A0069559,일가자인력청주,흥덕점,N1,시설관리·임대,N104,고용 알선,N10401,고용 알선업,N75110,고용 알선업,43,충청북도,43113,청주시 흥덕구,43113751,봉명1동,4311311500,봉명동,4311311500102120448,1,대지,충청북도 청주시 흥덕구 봉명동 212-21,431133237072,충청북도 청주시 흥덕구 월명로,4.31131150010212e+24,충청북도 청주시 흥덕구 월명로 37,28591.0,3.0
MA0101202502A0078524,씨유충북대,정문점,G2,소매,G204,종합 소매,G20405,편의점,G47122,체인화 편의점,43,충청북도,43113,청주시 흥덕구,43113742,복대2동,4311311400,복대동,4311311400116300288,1,대지,충청북도 청주시 흥덕구 복대동 1630,431134511222,충청북도 청주시 흥덕구 내수동로42번길,4.3113114001163e+24,충청북도 청주시 흥덕구 내수동로42번길 3,28595.0,1.0
MA0101202502A0053581,더런드리셀프빨래방청주,탑동점,S2,수리·개인,S209,세탁,S20902,셀프 빨래방,S96912,가정용 세탁업,43,충청북도,43111,청주시 상당구,43111620,탑대성동,4311111700,탑동,4311111700103249920,1,대지,충청북도 청주시 상당구 탑동 325-1,431114508672,충청북도 청주시 상당구 탑동로1번길,4.31111170010325e+24,충청북도 청주시 상당구 탑동로1번길 104,28718.0,1.0
MA0101202502A0075464,씨유청주신봉,센터점,G2,소매,G204,종합 소매,G20405,편의점,G47122,체인화 편의점,43,충청북도,43113,청주시 흥덕구,43113700,운천.신봉동,4311310500,신봉동,4311310500102520320,1,대지,충청북도 청주시 흥덕구 신봉동 252-5,431133237036,충청북도 청주시 흥덕구 사운로,4.31131050010252e+24,충청북도 청주시 흥덕구 사운로 374,28455.0,1.0
MA0101202502A0105273,명장복국,청주금천점,I2,음식,I201,한식,I20101,백반/한정식,I56111,한식 일반 음식점업,43,충청북도,43111,청주시 상당구,43111690,용담.명암.산성동,4311112100,용담동,4311112100103660032,1,대지,충청북도 청주시 상당구 용담동 366,431113014064,충청북도 청주시 상당구 산성로,4.31111210010366e+24,충청북도 청주시 상당구 산성로 104,28744.0,1.0
MA0101202502A0105350,온헤어커트,전문점,S2,수리·개인,S207,이용·미용,S20701,미용실,S96112,두발 미용업,43,충청북도,43111,청주시 상당구,43111680,금천동,4311112000,금천동,4311112000101150208,1,대지,충청북도 청주시 상당구 금천동 115-52,431113236032,충청북도 청주시 상당구 쇠내로,4.31111200010115e+24,충청북도 청주시 상당구 쇠내로 139,28731.0,1.0
MA0101202502A0086319,크린토피아코인워시청주,지웰시티점,S2,수리·개인,S209,세탁,S20902,셀프 빨래방,S96912,가정용 세탁업,43,충청북도,43113,청주시 흥덕구,43113741,복대1동,4311311400,복대동,4311311400133790208,1,대지,충청북도 청주시 흥덕구 복대동 3379,431133237020,충청북도 청주시 흥덕구 대농로,4.31131140010288e+24,충청북도 청주시 흥덕구 대농로 43,28424.0,1.0
MA0101202505A0029368,이디야커피청주사직,중앙점,I2,음식,I212,비알코올,I21201,카페,I56221,커피 전문점,43,충청북도,43112,청주시 서원구,43112520,사직2동,4311210100,사직동,4311210100100129792,1,대지,충청북도 청주시 서원구 사직동 13-12,431123236025,충청북도 청주시 서원구 사직대로,4.31131010010013e+24,충청북도 청주시 서원구 사직대로 282,28654.0,1.0
MA0101202505A0033257,역전할머니맥주,충북대점,I2,음식,I211,주점,I21103,생맥주 전문,I56213,생맥주 전문점,43,충청북도,43112,청주시 서원구,43112530,사창동,4311210200,사창동,4311210200104460288,1,대지,충청북도 청주시 서원구 사창동 446-1,431124512177,충청북도 청주시 서원구 1순환로704번길,4.31131020010446e+24,충청북도 청주시 서원구 1순환로704번길 75,28643.0,1.0
MA0101202505A0044155,이노점빵,율량점,I2,음식,I210,기타 간이,I21001,빵/도넛,I56191,제과점업,43,충청북도,43114,청주시 청원구,43114540,율량.사천동,4311410300,율량동,4311410300110119936,1,대지,충청북도 청주시 청원구 율량동 1012-1,431143236052,충청북도 청주시 청원구 율천북로,4.31111150011012e+24,충청북도 청주시 청원구 율천북로 193,28334.0,1.0
MA0101202505A0067986,꾸브라꼬숯불치킨,금천점,I2,음식,I210,기타 간이,I21006,치킨,I56111,한식 일반 음식점업,43,충청북도,43111,청주시 상당구,43111680,금천동,4311112000,금천동,4311112000101100032,1,대지,충청북도 청주시 상당구 금천동 110-4,431113236032,충청북도 청주시 상당구 쇠내로,4.3111120001011e+24,충청북도 청주시 상당구 쇠내로 110,28739.0,1.0
MA0101202505A0043193,리븐헤어송절,봉명점,S2,수리·개인,S207,이용·미용,S20701,미용실,S96112,두발 미용업,43,충청북도,43113,청주시 흥덕구,43113770,강서2동,4311313400,송절동,4311313400107239424,1,대지,충청북도 청주시 흥덕구 송절동 724,431134855165,충청북도 청주시 흥덕구 송화로166번길,4.31131340010724e+24,충청북도 청주시 흥덕구 송화로166번길 22,28292.0,2.0
MA0101202505A0040784,휴대폰성지옆커폰청주,오창점,G2,소매,G208,가전·통신 소매,G20802,핸드폰 소매업,G47312,통신기기 소매업,43,충청북도,43114,청주시 청원구,43114253,오창읍,4311425345,오창읍,4311425345108209664,1,대지,충청북도 청주시 청원구 오창읍 양청리 821-2,431142014001,충청북도 청주시 청원구 오창읍 오창대로,4.37102534500821e+24,충청북도 청주시 청원구 오창읍 오창대로 315,28120.0,1.0
MA0101202505A0017507,은경스킨앤바디청주,용암점,S2,수리·개인,S207,이용·미용,S20702,피부 관리실,S96113,피부 미용업,43,충청북도,43111,청주시 상당구,43111730,용암2동,4311112400,용암동,4311112400120829952,1,대지,충청북도 청주시 상당구 용암동 2083,431113236018,충청북도 청주시 상당구 무농정로,4.31111240012083e+24,충청북도 청주시 상당구 무농정로 99,28778.0,2.0
MA0101202505A0030584,메가엠지씨커피서청주점,롯데마트,I2,음식,I212,비알코올,I21201,카페,I56221,커피 전문점,43,충청북도,43113,청주시 흥덕구,43113760,강서1동,4311313800,비하동,4311313800108109824,1,대지,충청북도 청주시 흥덕구 비하동 811,431133014065,충청북도 청주시 흥덕구 2순환로,4.31131380010332e+24,충청북도 청주시 흥덕구 2순환로 1004,28360.0,1.0
MA0101202505A0013388,치킨왕김닭구청주,터미널점,I2,음식,I210,기타 간이,I21006,치킨,I56193,치킨 전문점,43,충청북도,43113,청주시 흥덕구,43113747,가경동,4311311300,가경동,4311311300111370240,1,대지,충청북도 청주시 흥덕구 가경동 1137,431133237092,충청북도 청주시 흥덕구 풍년로,4.31131130011137e+24,충청북도 청주시 흥덕구 풍년로 178,28395.0,1.0
MA0101202505A0059735,팀98짐,2호점,R1,예술·스포츠,R103,스포츠 서비스,R10307,헬스장,R91132,체력 단련시설 운영업,43,충청북도,43130,충주시,43130335,대소원면,4313033524,대소원면,4313033524101929984,1,대지,충청북도 충주시 대소원면 만정리 193-13,431303238012,충청북도 충주시 대소원면 대학로,4.31303302410193e+24,충청북도 충주시 대소원면 대학로 11,27470.0,4.0
MA0101202505A0009831,해피니언1ST제천,본점,S2,수리·개인,S207,이용·미용,S20701,미용실,S96112,두발 미용업,43,충청북도,43150,제천시,43150510,교동,4315011600,장락동,4315011600104059904,1,대지,충청북도 제천시 장락동 406-3,431503239061,충청북도 제천시 장락로,4.31501160010406e+24,충청북도 제천시 장락로 146,27142.0,3.0
MA0101202505A0070051,율량돼지,봉명점,I2,음식,I201,한식,I20107,돼지고기 구이/찜,I56111,한식 일반 음식점업,43,충청북도,43113,청주시 흥덕구,43113756,봉명2.송정동,4311311500,봉명동,4311311500128659968,1,대지,충청북도 청주시 흥덕구 봉명동 2866,431134511373,충청북도 청주시 흥덕구 백봉로183번길,4.31131150012866e+24,충청북도 청주시 흥덕구 백봉로183번길 6,28463.0,1.0
MA0101202505A0070474,갓튀긴후라이드,오창점,I2,음식,I210,기타 간이,I21006,치킨,I56193,치킨 전문점,43,충청북도,43114,청주시 청원구,43114253,오창읍,4311425345,오창읍,4311425345107489792,1,대지,충청북도 청주시 청원구 오창읍 양청리 749-6,431144520440,충청북도 청주시 청원구 오창읍 양청택지2길,4.37102534500749e+24,충청북도 청주시 청원구 오창읍 양청택지2길 10,28115.0,1.0
MA0101202505A0057246,비에이치씨,사직점,I2,음식,I210,기타 간이,I21006,치킨,I56193,치킨 전문점,43,충청북도,43112,청주시 서원구,43112530,사창동,4311210200,사창동,4311210200103160320,1,대지,충청북도 청주시 서원구 사창동 316-32,431123237064,충청북도 청주시 서원구 예체로,4.31131020010316e+24,충청북도 청주시 서원구 예체로 86,28650.0,1.0
MA0101202505A0060378,금천닭발&두루치기,동대문,I2,음식,I201,한식,I20101,백반/한정식,I56111,한식 일반 음식점업,43,충청북도,43111,청주시 상당구,43111680,금천동,4311112000,금천동,4311112000102960128,1,대지,충청북도 청주시 상당구 금천동 296,431114508297,충청북도 청주시 상당구 산성로98번길,4.31111200010296e+24,충청북도 청주시 상당구 산성로98번길 12,28744.0,1.0
MA0101202505A0070699,오늘통닭충주,용산점,I2,음식,I210,기타 간이,I21006,치킨,I56193,치킨 전문점,43,충청북도,43130,충주시,43130550,용산동,4313010600,용산동,4313010600116330496,1,대지,충청북도 충주시 용산동 1633,431303238083,충청북도 충주시 형설로,4.31301060011635e+24,충청북도 충주시 형설로 92,27398.0,1.0
MA0101202505A0061186,또또꼬마김밥청주,동남점,I2,음식,I210,기타 간이,I21007,김밥/만두/분식,I56194,김밥 및 기타 간이 음식점업,43,충청북도,43111,청주시 상당구,43111720,용암1동,4311112400,용암동,4311112400130739712,1,대지,충청북도 청주시 상당구 용암동 3074,431114857347,충청북도 청주시 상당구 중고개로141번길,4.31111240013074e+24,충청북도 청주시 상당구 중고개로141번길 11-1,28808.0,1.0
MA0101202505A0073537,에어컨총판청주,본점,G2,소매,G208,가전·통신 소매,G20803,가전제품 소매업,G47320,가전제품 소매업,43,충청북도,43111,청주시 상당구,43111730,용암2동,4311112400,용암동,4311112400117980160,1,대지,충청북도 청주시 상당구 용암동 1798,431114508225,충청북도 청주시 상당구 무농정로15번길,4.31111240011798e+24,충청북도 청주시 상당구 무농정로15번길 1,28782.0,1.0
MA0101202505A0038351,움버거앤윙스청주,율량점,I2,음식,I210,기타 간이,I21004,버거,I56192,피자; 햄버거; 샌드위치 및 유사 음식점업,43,충청북도,43114,청주시 청원구,43114550,오근장동,4311410500,주성동,4311410500103399424,1,대지,충청북도 청주시 청원구 주성동 340,431143349124,충청북도 청주시 청원구 율량로,4.31111310010142e+24,충청북도 청주시 청원구 율량로 96,28318.0,1.0
MA0101202505A0035639,쏜다사격장,율량점,R1,예술·스포츠,R104,유원지·오락,R10404,전자 게임장,R91221,전자 게임장 운영업,43,충청북도,43114,청주시 청원구,43114540,율량.사천동,4311410300,율량동,4311410300120540160,1,대지,충청북도 청주시 청원구 율량동 2054,431144844107,충청북도 청주시 청원구 율량로202번길,4.31141030012054e+24,충청북도 청주시 청원구 율량로202번길 30,28320.0,1.0
MA0101202505A0055468,엄마손청소,1호점,N1,시설관리·임대,N102,청소·방제,N10201,건축물 일반 청소업,N74211,건축물 일반 청소업,43,충청북도,43113,청주시 흥덕구,43113747,가경동,4311311300,가경동,4311311300101709824,1,대지,충청북도 청주시 흥덕구 가경동 171-2,431134511128,충청북도 청주시 흥덕구 경산로43번길,4.31131130010171e+24,충청북도 청주시 흥덕구 경산로43번길 18,28398.0,3.0
MA0101202505A0068888,오모가리뒷고기,전문점,I2,음식,I201,한식,I20107,돼지고기 구이/찜,I56111,한식 일반 음식점업,43,충청북도,43750,진천군,43750253,덕산읍,4375025325,덕산읍,4375025325125429760,1,대지,충청북도 진천군 덕산읍 두촌리 2543,437504541650,충청북도 진천군 덕산읍 예지1길,4.37503102512543e+24,충청북도 진천군 덕산읍 예지1길 3-2,27875.0,1.0
MA0101202505A0042891,굽네치킨칠금,문화점,I2,음식,I210,기타 간이,I21006,치킨,I56193,치킨 전문점,43,충청북도,43130,충주시,43130625,칠금.금릉동,4313011600,칠금동,4313011600108069888,1,대지,충청북도 충주시 칠금동 807,431304515388,충청북도 충주시 칠금3길,4.31301160010807e+24,충청북도 충주시 칠금3길 16-1,27358.0,1.0
MA0101202505A0036589,일동자재,청주지점,G2,소매,G210,철물·건설자재 소매,G21003,건설/건축자재 소매업,G47519,페인트; 창호 및 기타 건설자재 소매업,43,충청북도,43113,청주시 흥덕구,43113747,가경동,4311311300,가경동,4311311300115539968,1,대지,충청북도 청주시 흥덕구 가경동 1554,431133237002,충청북도 청주시 흥덕구 가경로,4.31131130011554e+24,충청북도 청주시 흥덕구 가경로 8-1,28409.0,5.0
MA0101202505A0067089,덤브치킨청주,율량점,I2,음식,I210,기타 간이,I21006,치킨,I56192,피자; 햄버거; 샌드위치 및 유사 음식점업,43,충청북도,43114,청주시 청원구,43114550,오근장동,4311410600,주중동,4311410600110060032,1,대지,충청북도 청주시 청원구 주중동 1006,431143349124,충청북도 청주시 청원구 율량로,4.3111132001018e+24,충청북도 청주시 청원구 율량로 54,28325.0,1.0
MA0101202505A0036520,더블유트리,테크노점,G2,소매,G209,섬유·의복·신발 소매,G20902,여성 의류 소매업,G47412,여자용 겉옷 소매업,43,충청북도,43113,청주시 흥덕구,43113770,강서2동,4311313400,송절동,4311313400108129792,1,대지,충청북도 청주시 흥덕구 송절동 813,431133351696,충청북도 청주시 흥덕구 송화로,4.31131340010813e+24,충청북도 청주시 흥덕구 송화로 182,28292.0,1.0
MA0101202505A0040934,바나프레소충주,시청점,I2,음식,I212,비알코올,I21201,카페,I56229,기타 비알코올 음료점업,43,충청북도,43130,충주시,43130630,연수동,4313011800,연수동,4313011800108190208,1,대지,충청북도 충주시 연수동 819-1,431302238002,충청북도 충주시 국원대로,4.31301180010819e+24,충청북도 충주시 국원대로 206,27347.0,1.0
MA0101202505A0030407,세븐일레븐청주사창,미소점,G2,소매,G204,종합 소매,G20405,편의점,G46103,섬유; 의복; 신발 및 가죽제품 중개업,43,충청북도,43112,청주시 서원구,43112530,사창동,4311210200,사창동,4311210200101839872,1,대지,충청북도 청주시 서원구 사창동 184-6,431124511933,충청북도 청주시 서원구 천수로7번길,4.31131020010184e+24,충청북도 청주시 서원구 천수로7번길 6,28562.0,1.0
MA0101202505A0052414,빵집오빠,옥천점,G2,소매,G204,종합 소매,G20404,슈퍼마켓,G47216,빵류; 과자류 및 당류 소매업,43,충청북도,43730,옥천군,43730250,옥천읍,4373025036,옥천읍,4373025036101580288,1,대지,충청북도 옥천군 옥천읍 금구리 158-2,437303242048,충청북도 옥천군 옥천읍 중앙로,4.37302503610158e+24,충청북도 옥천군 옥천읍 중앙로 32-2,29047.0,1.0
MA0101202505A0029689,메가엠지씨커피청주,율량점,I2,음식,I212,비알코올,I21201,카페,I56221,커피 전문점,43,충청북도,43114,청주시 청원구,43114550,오근장동,4311410500,주성동,4311410500103569920,1,대지,충청북도 청주시 청원구 주성동 357,431144844115,충청북도 청주시 청원구 주성로279번길,4.31141050010357e+24,충청북도 청주시 청원구 주성로279번길 27,28318.0,1.0
MA0101202505A0089249,커슐랭,용암점,I2,음식,I201,한식,I20101,백반/한정식,I56111,한식 일반 음식점업,43,충청북도,43111,청주시 상당구,43111720,용암1동,4311112400,용암동,4311112400129530368,1,대지,충청북도 청주시 상당구 용암동 2953,431114508152,충청북도 청주시 상당구 단재로196번길,4.3111124001076e+24,충청북도 청주시 상당구 단재로196번길 9,28788.0,1.0
MA0101202505A0042430,세븐일레븐충주산척,송강점,G2,소매,G204,종합 소매,G20405,편의점,G47122,체인화 편의점,43,충청북도,43130,충주시,43130410,산척면,4313041021,산척면,4313041021115059712,1,대지,충청북도 충주시 산척면 송강리 1506,431303238087,충청북도 충주시 산척면 북부로,4.31304102111506e+24,충청북도 충주시 산척면 북부로 3016,27315.0,1.0
MA0101202505A0048543,펫츠아일랜드,동남점,G2,소매,G220,애완동물·용품 소매,G22001,애완동물/애완용품 소매업,G47852,애완용 동물 및 관련용품 소매업,43,충청북도,43111,청주시 상당구,43111720,용암1동,4311112400,용암동,4311112400132649984,1,대지,충청북도 청주시 상당구 용암동 3265,431113236062,충청북도 청주시 상당구 호미로,4.31111240010177e+24,충청북도 청주시 상당구 호미로 3,28808.0,1.0
MA0101202505A0038691,좋은계란,연수점,G2,소매,G205,식료품 소매,G20509,반찬/식료품 소매업,G47219,기타 식료품 소매업,43,충청북도,43130,충주시,43130630,연수동,4313011800,연수동,4313011800106629632,1,대지,충청북도 충주시 연수동 663,431303238045,충청북도 충주시 연수로,4.31301180010663e+24,충청북도 충주시 연수로 55,27342.0,1.0
MA0101202505A0010880,요거트월드충북,진천점,I2,음식,I210,기타 간이,I21008,아이스크림/빙수,I56192,피자; 햄버거; 샌드위치 및 유사 음식점업,43,충청북도,43750,진천군,43750250,진천읍,4375025024,진천읍,4375025024105560064,1,대지,충청북도 진천군 진천읍 읍내리 556,437503245007,충청북도 진천군 진천읍 상산로,4.37502502410556e+24,충청북도 진천군 진천읍 상산로 88,27833.0,1.0
MA0101202505A0089133,픽스팟,진천점,G2,소매,G209,섬유·의복·신발 소매,G20911,가방 소매업,G47440,가방 및 기타 가죽제품 소매업,43,충청북도,43750,진천군,43750250,진천읍,4375025021,진천읍,4375025021100310528,1,대지,충청북도 진천군 진천읍 교성리 31-90,437504535063,충청북도 진천군 진천읍 남산8길,4.37502502110031e+24,충청북도 진천군 진천읍 남산8길 2,27838.0,1.0
MA0101202505A0080624,욜로PC방청주,가경점,R1,예술·스포츠,R104,유원지·오락,R10406,PC방,R91222,컴퓨터 게임방 운영업,43,충청북도,43113,청주시 흥덕구,43113747,가경동,4311311300,가경동,4311311300117570048,1,대지,충청북도 청주시 흥덕구 가경동 1757,431133237045,충청북도 청주시 흥덕구 서현동로,4.31131130011757e+24,충청북도 청주시 흥덕구 서현동로 4,28378.0,2.0
MA0101202505A0018631,송어마을,율량점,I2,음식,I201,한식,I20101,백반/한정식,I56111,한식 일반 음식점업,43,충청북도,43114,청주시 청원구,43114540,율량.사천동,4311410400,사천동,4311410400102210048,1,대지,충청북도 청주시 청원구 사천동 221-1,431143236054,충청북도 청주시 청원구 주성로,4.31141040010221e+24,충청북도 청주시 청원구 주성로 48,28341.0,1.0
MA0101202505A0003055,처갓집양념치킨오송2,산단점,I2,음식,I210,기타 간이,I21006,치킨,I56193,치킨 전문점,43,충청북도,43113,청주시 흥덕구,43113250,오송읍,4311325031,오송읍,4311325031115230208,1,대지,충청북도 청주시 흥덕구 오송읍 봉산리 1523,431133351770,충청북도 청주시 흥덕구 오송읍 오송생명7로,4.31132503111523e+24,충청북도 청주시 흥덕구 오송읍 오송생명7로 118,28221.0,1.0
MA0101202505A0001534,벤셔민현대,백화점,G2,소매,G209,섬유·의복·신발 소매,G20901,남성 의류 소매업,G47411,남자용 겉옷 소매업,43,충청북도,43113,청주시 흥덕구,43113741,복대1동,4311311400,복대동,4311311400133799936,1,대지,충청북도 청주시 흥덕구 복대동 3380,431133236058,충청북도 청주시 흥덕구 직지대로,4.31131140010584e+24,충청북도 청주시 흥덕구 직지대로 308,28424.0,2.0
MA0101202505A0092643,짱탁구장,증평점,R1,예술·스포츠,R103,스포츠 서비스,R10313,탁구장,R91139,그 외 기타 스포츠시설 운영업,43,충청북도,43745,증평군,43745250,증평읍,4374525026,증평읍,4374525026100649984,1,대지,충청북도 증평군 증평읍 창동리 65,437453014040,충청북도 증평군 증평읍 광장로,4.37452502610065e+24,충청북도 증평군 증평읍 광장로 80,27927.0,3.0
MA0101202505A0016641,아이디코인노래연습장성안길,2호점,R1,예술·스포츠,R104,유원지·오락,R10407,노래방,R91223,노래 연습장 운영업,43,충청북도,43111,청주시 상당구,43111545,성안동,4311110200,북문로1가,4311110200100859904,1,대지,충청북도 청주시 상당구 북문로1가 86-3,431113236031,충청북도 청주시 상당구 성안로,4.31111020010086e+24,충청북도 청주시 상당구 성안로 19-1,28526.0,2.0
MA0101202505A0014090,달밤족발,본점,I2,음식,I201,한식,I20103,족발/보쌈,I56111,한식 일반 음식점업,43,충청북도,43114,청주시 청원구,43114253,오창읍,4311425332,오창읍,4311425332106220032,1,대지,충청북도 청주시 청원구 오창읍 주성리 622,431144571746,충청북도 청주시 청원구 오창읍 주성1길,4.31142533210622e+24,충청북도 청주시 청원구 오창읍 주성1길 9,28117.0,1.0
MA0101202505A0088724,흥덕제과흥덕제과,에버세이브점,I2,음식,I210,기타 간이,I21001,빵/도넛,I56191,제과점업,43,충청북도,43112,청주시 서원구,43112560,분평동,4311210500,미평동,4311210500100349952,1,대지,충청북도 청주시 서원구 미평동 35-6,431124511938,충청북도 청주시 서원구 청남로1936번길,4.31131070010035e+24,충청북도 청주시 서원구 청남로1936번길 1,28802.0,2.0
MA0101202505A0058622,우짱베기충북,혁신도시점,I2,음식,I201,한식,I20107,돼지고기 구이/찜,I56113,한식 육류 요리 전문점,43,충청북도,43750,진천군,43750253,덕산읍,4375025325,덕산읍,4375025325124830208,1,대지,충청북도 진천군 덕산읍 두촌리 2483,437503245035,충청북도 진천군 덕산읍 시가로,4.37503102512483e+24,충청북도 진천군 덕산읍 시가로 39,27871.0,1.0
MA0101202505A0002658,세븐일레븐청주,교대점,G2,소매,G204,종합 소매,G20405,편의점,G46103,섬유; 의복; 신발 및 가죽제품 중개업,43,충청북도,43112,청주시 서원구,43112570,수곡1동,4311210700,수곡동,4311210700100789760,1,대지,충청북도 청주시 서원구 수곡동 79-10,431123236067,충청북도 청주시 서원구 청남로,4.31131090010079e+24,충청북도 청주시 서원구 청남로 2074,28708.0,1.0
MA0101202505A0093195,비겐체온센터,금왕점,G2,소매,G215,의약·화장품 소매,G21502,의료기기 소매업,G47812,의료용 기구 소매업,43,충청북도,43770,음성군,43770253,금왕읍,4377025321,금왕읍,4.377025321101e+18,1,대지,충청북도 음성군 금왕읍 무극리 100-15,437704541216,충청북도 음성군 금왕읍 무극로324번길,4.377025321101e+24,충청북도 음성군 금왕읍 무극로324번길 19,27636.0,2.0
MA0101202505A0024913,짜글옥충주관아,성내점,I2,음식,I201,한식,I20101,백반/한정식,I56111,한식 일반 음식점업,43,충청북도,43130,충주시,43130515,성내.충인동,4313010100,성내동,4313010100104869888,1,대지,충청북도 충주시 성내동 487,431304514085,충청북도 충주시 관아5길,4.31301010010487e+24,충청북도 충주시 관아5길 2,27388.0,1.0
MA010120220803008177,맘스터치오창2,산단점,I2,음식,I210,기타 간이,I21004,버거,I56192,피자; 햄버거; 샌드위치 및 유사 음식점업,43,충청북도,43114,청주시 청원구,43114253,오창읍,4311425332,오창읍,4311425332105779712,1,대지,충청북도 청주시 청원구 오창읍 주성리 578,431143257076,충청북도 청주시 청원구 오창읍 2산단로,4.31142533210578e+24,충청북도 청주시 청원구 오창읍 2산단로 134,28117.0,1.0
MA010120220802941046,아이벗치킨,진천점,I2,음식,I210,기타 간이,I21006,치킨,I56193,치킨 전문점,43,충청북도,43750,진천군,43750250,진천읍,4375025021,진천읍,4375025021100309504,1,대지,충청북도 진천군 진천읍 교성리 31-3,437504535063,충청북도 진천군 진천읍 남산8길,4.37502502110031e+24,충청북도 진천군 진천읍 남산8길 9,27838.0,1.0
MA010120220806632569,에스케이SK매직렌탈,제천점,G2,소매,G208,가전·통신 소매,G20803,가전제품 소매업,G47320,가전제품 소매업,43,충청북도,43150,제천시,43150605,화산동,4315010900,화산동,4315010900110090240,1,대지,충청북도 제천시 화산동 1009,431503239054,충청북도 제천시 원화산로,4.31501090010075e+24,충청북도 제천시 원화산로 43,27197.0,1.0
MA010120220811728959,비겐의료기체온센터,진천점,G2,소매,G215,의약·화장품 소매,G21502,의료기기 소매업,G47812,의료용 기구 소매업,43,충청북도,43750,진천군,43750250,진천읍,4375025024,진천읍,4375025024101420032,1,대지,충청북도 진천군 진천읍 읍내리 142,437504535377,충청북도 진천군 진천읍 중앙북5길,4.37502502410142e+24,충청북도 진천군 진천읍 중앙북5길 15,27833.0,2.0
MA010120220809747052,지에스25제천,금성점,G2,소매,G204,종합 소매,G20405,편의점,G47129,기타 음ㆍ식료품 위주 종합 소매업,43,충청북도,43150,제천시,43150310,금성면,4315031021,금성면,4315031021104659968,1,대지,충청북도 제천시 금성면 구룡리 466-51,431503239070,충청북도 제천시 금성면 청풍호로,4.31503102110466e+24,충청북도 제천시 금성면 청풍호로 1030,27207.0,1.0
MA010120220812032571,블랙야크청주점,롯데아울렛,G2,소매,G209,섬유·의복·신발 소매,G20905,기타 의류 소매업,G47419,기타 의복 소매업,43,충청북도,43113,청주시 흥덕구,43113760,강서1동,4311313800,비하동,4311313800108109824,1,대지,충청북도 청주시 흥덕구 비하동 811,431133014065,충청북도 청주시 흥덕구 2순환로,4.31131380010332e+24,충청북도 청주시 흥덕구 2순환로 1004,28360.0,3.0
MA010120220814048382,다이아필라테스,금천점,P1,교육,P106,기타 교육,P10603,요가/필라테스 학원,P85612,기타 스포츠 교육기관,43,충청북도,43111,청주시 상당구,43111680,금천동,4311112000,금천동,4311112000102689792,1,대지,충청북도 청주시 상당구 금천동 269,431114508297,충청북도 청주시 상당구 산성로98번길,4.31111200010269e+24,충청북도 청주시 상당구 산성로98번길 8,28744.0,2.0
MA010120220809628010,직지세무법인,청주지점,M1,과학·기술,M104,회계·세무,M10402,세무사,M71202,세무사업,43,충청북도,43114,청주시 청원구,43114540,율량.사천동,4311410300,율량동,4311410300110739968,1,대지,충청북도 청주시 청원구 율량동 1074,431142014003,충청북도 청주시 청원구 충청대로,4.31111150011074e+24,충청북도 청주시 청원구 충청대로 97,28334.0,4.0
MA010120220803284379,뉴욕버거,제천점,I2,음식,I210,기타 간이,I21004,버거,I56192,피자; 햄버거; 샌드위치 및 유사 음식점업,43,충청북도,43150,제천시,43150605,화산동,4315012100,강제동,4315012100106840064,1,대지,충청북도 제천시 강제동 684,431503239064,충청북도 제천시 장평천로,4.31501210010278e+24,충청북도 제천시 장평천로 11,27198.0,2.0
MA010120220805704950,러블리스,청주지점,G2,소매,G209,섬유·의복·신발 소매,G20902,여성 의류 소매업,G47412,여자용 겉옷 소매업,43,충청북도,43112,청주시 서원구,43112530,사창동,4311210200,사창동,4311210200104469504,1,대지,충청북도 청주시 서원구 사창동 447,431124511219,충청북도 청주시 서원구 내수동로108번길,4.31131020010447e+24,충청북도 청주시 서원구 내수동로108번길 40,28643.0,3.0
MA0101202501A0007759,제천황기명태,본점,I2,음식,I201,한식,I20112,해산물 구이/찜,I56111,한식 일반 음식점업,43,충청북도,43150,제천시,43150560,용두동,4315011200,신월동,4315011200102129664,1,대지,충청북도 제천시 신월동 213-13,431504517638,충청북도 제천시 용두대로26길,4.31501120010213e+24,충청북도 제천시 용두대로26길 13,27157.0,2.0
MA0101202501A0046800,마선생얼큰국밥충북,청주대점,I2,음식,I201,한식,I20102,국/탕/찌개류,I56111,한식 일반 음식점업,43,충청북도,43114,청주시 청원구,43114510,우암동,4311410100,우암동,4311410100102360064,1,대지,충청북도 청주시 청원구 우암동 236-10,431144508638,충청북도 청주시 청원구 직지대로890번길,4.31141010010236e+24,충청북도 청주시 청원구 직지대로890번길 7,28536.0,1.0
MA0101202502A0032018,교동찜닭,복대점,I2,음식,I201,한식,I20110,닭/오리고기 구이/찜,I56111,한식 일반 음식점업,43,충청북도,43113,청주시 흥덕구,43113742,복대2동,4311311400,복대동,4.311311400122e+18,1,대지,충청북도 청주시 흥덕구 복대동 2200,431133237058,충청북도 청주시 흥덕구 신율로,4.311311400122e+24,충청북도 청주시 흥덕구 신율로 114,28604.0,1.0
MA0101202502A0029760,카페에바나나과일바구니오창,본점,I2,음식,I212,비알코올,I21201,카페,I56221,커피 전문점,43,충청북도,43114,청주시 청원구,43114253,오창읍,4311425345,오창읍,4311425345107290112,1,대지,충청북도 청주시 청원구 오창읍 양청리 729-13,431144520439,충청북도 청주시 청원구 오창읍 양청택지1길,4.37102534500729e+24,충청북도 청주시 청원구 오창읍 양청택지1길 3-4,28115.0,1.0
MA0101202411A0052895,헤즈업,율량점,I2,음식,I211,주점,I21103,생맥주 전문,I56213,생맥주 전문점,43,충청북도,43114,청주시 청원구,43114540,율량.사천동,4311410300,율량동,4311410300120300032,1,대지,충청북도 청주시 청원구 율량동 2030,431144844107,충청북도 청주시 청원구 율량로202번길,4.3114103001203e+24,충청북도 청주시 청원구 율량로202번길 50,28320.0,2.0
MA0101202411A0024044,메가엠지씨커피진천이월,터미널점,I2,음식,I212,비알코올,I21201,카페,I56221,커피 전문점,43,충청북도,43750,진천군,43750350,이월면,4375035025,이월면,4375035025104410112,1,대지,충청북도 진천군 이월면 송림리 441-8,437503245021,충청북도 진천군 이월면 진광로,4.37503502510441e+24,충청북도 진천군 이월면 진광로 792,27815.0,1.0
MA0101202411A0060226,빽다방청주가경,아이파크점,I2,음식,I212,비알코올,I21201,카페,I56221,커피 전문점,43,충청북도,43113,청주시 흥덕구,43113747,가경동,4311311300,가경동,4311311300122700288,1,대지,충청북도 청주시 흥덕구 가경동 2270,431133237046,충청북도 청주시 흥덕구 서현로,4.3113113001227e+24,충청북도 청주시 흥덕구 서현로 60,28382.0,1.0
MA0101202411A0099421,강쌤철물오송,세종점,G2,소매,G210,철물·건설자재 소매,G21001,철물/공구 소매업,G47511,철물 및 난방용구 소매업,43,충청북도,43113,청주시 흥덕구,43113250,오송읍,4311325025,오송읍,4311325025106670080,1,대지,충청북도 청주시 흥덕구 오송읍 만수리 667,431134520459,충청북도 청주시 흥덕구 오송읍 연제만수길,4.37102562510667e+24,충청북도 청주시 흥덕구 오송읍 연제만수길 49,28166.0,1.0
MA0101202411A0090846,등촌샤브칼국수충주,연수점,I2,음식,I201,한식,I20105,국수/칼국수,I56111,한식 일반 음식점업,43,충청북도,43130,충주시,43130630,연수동,4313011800,연수동,4313011800116039680,1,대지,충청북도 충주시 연수동 1604-1,431304515009,충청북도 충주시 연수동산로5길,4.31301180011604e+24,충청북도 충주시 연수동산로5길 25,27352.0,1.0
MA0101202411A0048058,리밍,교통대점,I2,음식,I202,중식,I20201,중국집,I56121,중식 음식점업,43,충청북도,43130,충주시,43130335,대소원면,4313033524,대소원면,4313033524101929984,1,대지,충청북도 충주시 대소원면 만정리 193-11,431303238012,충청북도 충주시 대소원면 대학로,4.31303302410193e+24,충청북도 충주시 대소원면 대학로 12,27470.0,2.0
MA0101202501A0030641,롯데리아충주점,롯데마트,I2,음식,I210,기타 간이,I21004,버거,I56193,치킨 전문점,43,충청북도,43130,충주시,43130625,칠금.금릉동,4313011600,칠금동,4313011600108490240,1,대지,충청북도 충주시 칠금동 849,431304514580,충청북도 충주시 봉계1길,4.31301160010849e+24,충청북도 충주시 봉계1길 49,27360.0,2.0
MA0101202412A0072577,케이에이치팝2,코리아,M1,과학·기술,M107,본사·경영 컨설팅,M10703,경영 컨설팅업,M71531,경영 컨설팅업,43,충청북도,43114,청주시 청원구,43114250,내수읍,4311425023,내수읍,4311425023100300288,1,대지,충청북도 청주시 청원구 내수읍 풍정리 30-38,431144520659,충청북도 청주시 청원구 내수읍 풍정3길,4.3710250230003e+24,충청북도 청주시 청원구 내수읍 풍정3길 123,28150.0,2.0
MA0101202411A0013542,더맛있는족발보쌈청주,가경점,I2,음식,I201,한식,I20103,족발/보쌈,I56111,한식 일반 음식점업,43,충청북도,43113,청주시 흥덕구,43113760,강서1동,4311311700,강서동,4311311700105829888,1,대지,충청북도 청주시 흥덕구 강서동 583,431133014066,충청북도 청주시 흥덕구 서부로,4.31131170010266e+24,충청북도 청주시 흥덕구 서부로 1123,28381.0,1.0
MA0101202411A0020521,청년양고기,연수점,I2,음식,I201,한식,I20107,돼지고기 구이/찜,I56111,한식 일반 음식점업,43,충청북도,43130,충주시,43130630,연수동,4313011800,연수동,4313011800115589632,1,대지,충청북도 충주시 연수동 1559,431303238044,충청북도 충주시 연수동산로,4.31301180011559e+24,충청북도 충주시 연수동산로 23,27352.0,1.0
MA0101202501A0021985,처갓집양념치킨,광혜원점,I2,음식,I210,기타 간이,I21006,치킨,I56193,치킨 전문점,43,충청북도,43770,음성군,43770340,대소면,4377034032,대소면,4377034032106449920,1,대지,충청북도 음성군 대소면 대풍리 645-1,437703247010,충청북도 음성군 대소면 대청로,4.37703403210645e+24,충청북도 음성군 대소면 대청로 15,27658.0,1.0
MA0101202412A0019225,미스터피자,금왕점,I2,음식,I210,기타 간이,I21003,피자,I56192,피자; 햄버거; 샌드위치 및 유사 음식점업,43,충청북도,43770,음성군,43770253,금왕읍,4377025321,금왕읍,4377025321100270080,1,대지,충청북도 음성군 금왕읍 무극리 27-9,437703014045,충청북도 음성군 금왕읍 덕금로,4.37702532110027e+24,충청북도 음성군 금왕읍 덕금로 1162,27635.0,1.0
MA0101202501A0014487,통불,충북대점,I2,음식,I201,한식,I20101,백반/한정식,I56111,한식 일반 음식점업,43,충청북도,43112,청주시 서원구,43112530,사창동,4311210200,사창동,4311210200104320000,1,대지,충청북도 청주시 서원구 사창동 432,431124512175,충청북도 청주시 서원구 1순환로672번길,4.31131020010433e+24,충청북도 청주시 서원구 1순환로672번길 5,28643.0,1.0
MA0101202501A0031102,갓생맥주청주,율량점,I2,음식,I211,주점,I21103,생맥주 전문,I56111,한식 일반 음식점업,43,충청북도,43114,청주시 청원구,43114540,율량.사천동,4311410300,율량동,4311410300120640000,1,대지,충청북도 청주시 청원구 율량동 2064,431144844107,충청북도 청주시 청원구 율량로202번길,4.31141030012064e+24,충청북도 청주시 청원구 율량로202번길 14,28320.0,1.0
MA0101202501A0017264,냉면장인임사부청주가경,복대점,I2,음식,I201,한식,I20106,냉면/밀면,I56111,한식 일반 음식점업,43,충청북도,43113,청주시 흥덕구,43113747,가경동,4311311300,가경동,4311311300114610176,1,대지,충청북도 청주시 흥덕구 가경동 1461-11,431134512027,충청북도 청주시 흥덕구 풍년로119번길,4.31131130011461e+24,충청북도 청주시 흥덕구 풍년로119번길 26,28404.0,1.0
MA0101202412A0033257,컴포즈커피청주,개신점,I2,음식,I212,비알코올,I21201,카페,I56221,커피 전문점,43,충청북도,43112,청주시 서원구,43112590,성화.개신.죽림동,4311210900,개신동,4311210900106319872,1,대지,충청북도 청주시 서원구 개신동 632,431123237008,충청북도 청주시 서원구 경신로,4.31131110010632e+24,충청북도 청주시 서원구 경신로 40,28611.0,1.0
MA0101202411A0145667,코츠라멘오창,본점,I2,음식,I203,일식,I20303,일식 면 요리,I56122,일식 음식점업,43,충청북도,43114,청주시 청원구,43114253,오창읍,4311425345,오창읍,4311425345107749888,1,대지,충청북도 청주시 청원구 오창읍 양청리 775-8,431144520430,충청북도 청주시 청원구 오창읍 양청2길,4.31142534510775e+24,충청북도 청주시 청원구 오창읍 양청2길 40,28115.0,1.0
MA0101202411A0097047,소담촌,진천점,I2,음식,I205,동남아시아,I20599,기타 동남아식 전문,I56111,한식 일반 음식점업,43,충청북도,43750,진천군,43750250,진천읍,4375025024,진천읍,4375025024106520576,1,대지,충청북도 진천군 진천읍 읍내리 652,437504535372,충청북도 진천군 진천읍 중앙북1길,4.37502502610569e+24,충청북도 진천군 진천읍 중앙북1길 3,27831.0,2.0
MA0101202411A0099651,이끼베이커리,강변점,I2,음식,I212,비알코올,I21201,카페,I56221,커피 전문점,43,충청북도,43800,단양군,43800250,단양읍,4380025026,단양읍,4380025026105059840,1,대지,충청북도 단양군 단양읍 도전리 506,438003248037,충청북도 단양군 단양읍 수변로,4.38002502610506e+24,충청북도 단양군 단양읍 수변로 59-1,27011.0,1.0
MA0101202411A0131181,남노갈비,오창점,I2,음식,I201,한식,I20107,돼지고기 구이/찜,I56111,한식 일반 음식점업,43,충청북도,43114,청주시 청원구,43114253,오창읍,4311425332,오창읍,4311425332106090496,1,대지,충청북도 청주시 청원구 오창읍 주성리 609,431144571746,충청북도 청주시 청원구 오창읍 주성1길,4.31142533210609e+24,충청북도 청주시 청원구 오창읍 주성1길 16,28117.0,2.0
MA0101202411A0008027,한그릇돈가스,전문점,I2,음식,I204,서양식,I20401,경양식,I56111,한식 일반 음식점업,43,충청북도,43745,증평군,43745250,증평읍,4374525022,증평읍,4374525022101619712,1,대지,충청북도 증평군 증평읍 교동리 162-1,437453014040,충청북도 증평군 증평읍 광장로,4.37452502210162e+24,충청북도 증평군 증평읍 광장로 120,27936.0,1.0
MA0101202411A0113988,카페요아정청주,개신점,I2,음식,I212,비알코올,I21201,카페,I56221,커피 전문점,43,충청북도,43112,청주시 서원구,43112590,성화.개신.죽림동,4311210900,개신동,4311210900106959872,1,대지,충청북도 청주시 서원구 개신동 696,431123237030,충청북도 청주시 서원구 복대로,4.31131110010696e+24,충청북도 청주시 서원구 복대로 19,28612.0,1.0
MA0101202411A0040222,파파존스청주,산남점,I2,음식,I210,기타 간이,I21004,버거,I56192,피자; 햄버거; 샌드위치 및 유사 음식점업,43,충청북도,43112,청주시 서원구,43112550,산남동,4311210400,산남동,4311210400104940032,1,대지,충청북도 청주시 서원구 산남동 494,431123237037,충청북도 청주시 서원구 산남로,4.31131060010494e+24,충청북도 청주시 서원구 산남로 18,28626.0,1.0
MA0101202411A0182334,레이디룩,흥덕점,G2,소매,G209,섬유·의복·신발 소매,G20902,여성 의류 소매업,G47412,여자용 겉옷 소매업,43,충청북도,43113,청주시 흥덕구,43113751,봉명1동,4311311500,봉명동,4311311500102120448,1,대지,충청북도 청주시 흥덕구 봉명동 212-21,431133237072,충청북도 청주시 흥덕구 월명로,4.31131150010212e+24,충청북도 청주시 흥덕구 월명로 37,28591.0,3.0
MA0101202411A0036551,멕시카나,하복대점,I2,음식,I210,기타 간이,I21006,치킨,I56193,치킨 전문점,43,충청북도,43113,청주시 흥덕구,43113741,복대1동,4311311400,복대동,4311311400124559872,1,대지,충청북도 청주시 흥덕구 복대동 2456,431133237079,충청북도 청주시 흥덕구 증안로,4.31131140012456e+24,충청북도 청주시 흥덕구 증안로 23,28415.0,1.0
MA0101202411A0036928,우리동네참치정육점,제천점,I2,음식,I203,일식,I20301,일식 회/초밥,I56122,일식 음식점업,43,충청북도,43150,제천시,43150510,교동,4315011600,장락동,4315011600105459712,1,대지,충청북도 제천시 장락동 546-5,431503239067,충청북도 제천시 죽하로,4.31501160010546e+24,충청북도 제천시 죽하로 86,27142.0,1.0
MA0101202411A0146121,허가네한우탕,전문점,I2,음식,I201,한식,I20108,소고기 구이/찜,I56111,한식 일반 음식점업,43,충청북도,43114,청주시 청원구,43114520,내덕1동,4311410200,내덕동,4311410200102899712,1,대지,충청북도 청주시 청원구 내덕동 290-7,431144508132,충청북도 청주시 청원구 내덕로61번길,4.3111114001029e+24,충청북도 청주시 청원구 내덕로61번길 2,28478.0,1.0
MA0101202411A0145115,감동짬뽕,제천점,I2,음식,I202,중식,I20201,중국집,I56121,중식 음식점업,43,충청북도,43150,제천시,43150510,교동,4315011600,장락동,4315011600105900032,1,대지,충청북도 제천시 장락동 590-10,431503239041,충청북도 제천시 신죽하로,4.3150116001059e+24,충청북도 제천시 신죽하로 80,27143.0,1.0
MA0101202411A0170431,카페;온리가족청주청남시니어클럽,센터점,I2,음식,I212,비알코올,I21201,카페,I56221,커피 전문점,43,충청북도,43112,청주시 서원구,43112540,모충동,4311210300,모충동,4311210300100940288,1,대지,충청북도 청주시 서원구 모충동 94-9,431123236020,충청북도 청주시 서원구 무심서로,4.31131030010094e+24,충청북도 청주시 서원구 무심서로 333,28702.0,2.0
MA0101202411A0042788,엽기떡볶이,하복대점,I2,음식,I210,기타 간이,I21007,김밥/만두/분식,I56194,김밥 및 기타 간이 음식점업,43,충청북도,43113,청주시 흥덕구,43113741,복대1동,4311311400,복대동,4311311400130200576,1,대지,충청북도 청주시 흥덕구 복대동 3020,431133237081,충청북도 청주시 흥덕구 진재로,4.3113114001302e+24,충청북도 청주시 흥덕구 진재로 18,28420.0,1.0
MA0101202411A0046378,88워시셀프빨래방청주,개신점,S2,수리·개인,S209,세탁,S20902,셀프 빨래방,S96912,가정용 세탁업,43,충청북도,43112,청주시 서원구,43112590,성화.개신.죽림동,4311210900,개신동,4311210900100019712,1,대지,충청북도 청주시 서원구 개신동 2-17,431123237104,충청북도 청주시 서원구 모충로,4.31131110010002e+24,충청북도 청주시 서원구 모충로 27-2,28667.0,1.0
MA0101202411A0182012,백운회계법인,청주지점,M1,과학·기술,M104,회계·세무,M10401,공인회계사,M71201,공인회계사업,43,충청북도,43113,청주시 흥덕구,43113741,복대1동,4311311400,복대동,4311311400102880256,1,대지,충청북도 청주시 흥덕구 복대동 288-6,431133237020,충청북도 청주시 흥덕구 대농로,4.31131140010288e+24,충청북도 청주시 흥덕구 대농로 33,28424.0,5.0
MA0101202411A0084502,으뜸플러스안경,율량점,G2,소매,G216,안경·정밀기기 소매,G21602,안경렌즈 소매업,G46493,안경; 사진장비 및 광학용품 도매업,43,충청북도,43114,청주시 청원구,43114540,율량.사천동,4311410300,율량동,4311410300109809664,1,대지,충청북도 청주시 청원구 율량동 981,431143236050,충청북도 청주시 청원구 율봉로,4.31111150010981e+24,충청북도 청주시 청원구 율봉로 178,28332.0,3.0
MA0101202411A0021089,세븐일레븐청주성화,스타점,G2,소매,G204,종합 소매,G20405,편의점,G47122,체인화 편의점,43,충청북도,43112,청주시 서원구,43112590,성화.개신.죽림동,4311210800,성화동,4311210800108309504,1,대지,충청북도 청주시 서원구 성화동 831,431124512239,충청북도 청주시 서원구 장전로20번길,4.31131100010831e+24,충청북도 청주시 서원구 장전로20번길 42,28614.0,1.0
MA0101202411A0110953,동춘당꽈배기,증평점,I2,음식,I210,기타 간이,I21001,빵/도넛,I56192,피자; 햄버거; 샌드위치 및 유사 음식점업,43,충청북도,43745,증평군,43745250,증평읍,4374525031,증평읍,4374525031103600128,1,대지,충청북도 증평군 증평읍 연탄리 360-4,437453240095,충청북도 증평군 증평읍 중부로,4.3745250311036e+24,충청북도 증평군 증평읍 중부로 2258,27919.0,1.0
MA0101202411A0132741,제이델링베이커리카페,가경점,I2,음식,I210,기타 간이,I21001,빵/도넛,I56191,제과점업,43,충청북도,43113,청주시 흥덕구,43113747,가경동,4311311300,가경동,4311311300117810176,1,대지,충청북도 청주시 흥덕구 가경동 1781,431134511582,충청북도 청주시 흥덕구 서현서로25번길,4.31131130011781e+24,충청북도 청주시 흥덕구 서현서로25번길 50,28383.0,1.0
MA0101202411A0167672,에이치아이씨,코리아,M1,과학·기술,M105,광고,M10501,광고 대행업,M71310,광고 대행업,43,충청북도,43114,청주시 청원구,43114510,우암동,4311410100,우암동,4311410100101309952,1,대지,충청북도 청주시 청원구 우암동 131-8,431143236061,충청북도 청주시 청원구 향군로,4.31111130010131e+24,충청북도 청주시 청원구 향군로 1,28537.0,2.0
MA0101202411A0025178,맘스피자충북,혁신도시점,I2,음식,I210,기타 간이,I21003,피자,I56192,피자; 햄버거; 샌드위치 및 유사 음식점업,43,충청북도,43770,음성군,43770330,맹동면,4377033031,맹동면,4377033031104609792,1,대지,충청북도 음성군 맹동면 동성리 461,437703000235,충청북도 음성군 맹동면 대하로,4.37703303110461e+24,충청북도 음성군 맹동면 대하로 273,27738.0,1.0
MA0101202411A0114930,떡보라,가경점,I2,음식,I210,기타 간이,I21007,김밥/만두/분식,I56194,김밥 및 기타 간이 음식점업,43,충청북도,43113,청주시 흥덕구,43113747,가경동,4311311300,가경동,4311311300119409664,1,대지,충청북도 청주시 흥덕구 가경동 1941,431134511586,충청북도 청주시 흥덕구 서현중로23번길,4.31131130011941e+24,충청북도 청주시 흥덕구 서현중로23번길 4,28383.0,1.0
MA0101202411A0097130,시루향기,금천점,I2,음식,I201,한식,I20102,국/탕/찌개류,I56111,한식 일반 음식점업,43,충청북도,43111,청주시 상당구,43111680,금천동,4311112000,금천동,4311112000104399872,1,대지,충청북도 청주시 상당구 금천동 440,431114508456,충청북도 청주시 상당구 영운천로141번길,4.3111120001044e+24,충청북도 청주시 상당구 영운천로141번길 38,28730.0,1.0
MA0101202412A0013464,파파존스청주,율량점,I2,음식,I210,기타 간이,I21004,버거,I56192,피자; 햄버거; 샌드위치 및 유사 음식점업,43,충청북도,43114,청주시 청원구,43114540,율량.사천동,4311410300,율량동,4311410300120160256,1,대지,충청북도 청주시 청원구 율량동 2016,431142014003,충청북도 청주시 청원구 충청대로,4.31141030012016e+24,충청북도 청주시 청원구 충청대로 98,28320.0,1.0
MA0101202412A0075690,덤브치킨청주,분평점,I2,음식,I210,기타 간이,I21006,치킨,I56193,치킨 전문점,43,충청북도,43112,청주시 서원구,43112560,분평동,4311210600,분평동,4311210600113699840,1,대지,충청북도 청주시 서원구 분평동 1370,431124512136,충청북도 청주시 서원구 1순환로1107번길,4.31131080011371e+24,충청북도 청주시 서원구 1순환로1107번길 20,28800.0,1.0
MA0101202412A0071084,보드게임카페레드버튼청주,터미널점,R1,예술·스포츠,R104,유원지·오락,R10405,기타 오락장,R91229,기타 오락장 운영업,43,충청북도,43113,청주시 흥덕구,43113760,강서1동,4311311700,강서동,4311311700104770048,1,대지,충청북도 청주시 흥덕구 강서동 477,431133014065,충청북도 청주시 흥덕구 2순환로,4.31131170010477e+24,충청북도 청주시 흥덕구 2순환로 1240,28377.0,2.0
MA0101202412A0088311,문구잼가경,아이파크점,G2,소매,G213,오락용품 소매,G21302,문구/회화용품 소매업,G47612,문구용품 및 회화용품 소매업,43,충청북도,43113,청주시 흥덕구,43113747,가경동,4311311300,가경동,4311311300122200064,1,대지,충청북도 청주시 흥덕구 가경동 2220,431133237046,충청북도 청주시 흥덕구 서현로,4.31131130010656e+24,충청북도 청주시 흥덕구 서현로 66,28382.0,2.0
MA0101202412A0045454,행복한우동가게,충북대점,I2,음식,I203,일식,I20303,일식 면 요리,I56111,한식 일반 음식점업,43,충청북도,43112,청주시 서원구,43112530,사창동,4311210200,사창동,4311210200104300032,1,대지,충청북도 청주시 서원구 사창동 430,431124511220,충청북도 청주시 서원구 내수동로114번길,4.3113102001043e+24,충청북도 청주시 서원구 내수동로114번길 8,28643.0,1.0
MA0101202412A0047319,지에스25옥천,중앙점,G2,소매,G204,종합 소매,G20405,편의점,G47122,체인화 편의점,43,충청북도,43730,옥천군,43730250,옥천읍,4373025036,옥천읍,4373025036100250112,1,대지,충청북도 옥천군 옥천읍 금구리 25-2,437303242004,충청북도 옥천군 옥천읍 금장로,4.37302503610025e+24,충청북도 옥천군 옥천읍 금장로 56,29047.0,1.0
MA0101202412A0088658,육칠이,오창점,I2,음식,I201,한식,I20107,돼지고기 구이/찜,I56113,한식 육류 요리 전문점,43,충청북도,43114,청주시 청원구,43114253,오창읍,4311425346,오창읍,4311425346104220160,1,대지,충청북도 청주시 청원구 오창읍 구룡리 422-2,431144520069,충청북도 청주시 청원구 오창읍 구룡6길,4.37102534610422e+24,충청북도 청주시 청원구 오창읍 구룡6길 72-8,28121.0,1.0
MA0101202412A0066567,스태프,코리아,N1,시설관리·임대,N108,기타 사업 서비스,N10802,전시/컨벤션/행사 대행 서비스업,N75992,전시; 컨벤션 및 행사 대행업,43,충청북도,43130,충주시,43130610,봉방동,4313011500,봉방동,4313011500100849664,1,대지,충청북도 충주시 봉방동 85-3,431304514579,충청북도 충주시 봉계13길,4.31301150010085e+24,충청북도 충주시 봉계13길 30-1,27361.0,4.0
MA0101202412A0015228,메가엠지씨커피오창센트럴,허브점,I2,음식,I212,비알코올,I21201,카페,I56221,커피 전문점,43,충청북도,43114,청주시 청원구,43114253,오창읍,4311425345,오창읍,4311425345107930112,1,대지,충청북도 청주시 청원구 오창읍 양청리 793-1,431143240077,충청북도 청주시 청원구 오창읍 중심상업로,4.31142534510793e+24,충청북도 청주시 청원구 오창읍 중심상업로 48,28119.0,1.0
MA0101202412A0029120,이마트24제천청전,제일점,G2,소매,G204,종합 소매,G20405,편의점,G47122,체인화 편의점,43,충청북도,43150,제천시,43150590,청전동,4315011300,청전동,4315011300100140032,1,대지,충청북도 제천시 청전동 14-24,431504517780,충청북도 제천시 의림대로36길,4.31501130010014e+24,충청북도 제천시 의림대로36길 7,27147.0,1.0
MA0101202412A0010227,세븐일레븐강서,센터점,G2,소매,G204,종합 소매,G20405,편의점,G46103,섬유; 의복; 신발 및 가죽제품 중개업,43,충청북도,43113,청주시 흥덕구,43113760,강서1동,4311311700,강서동,4311311700104979968,1,대지,충청북도 청주시 흥덕구 강서동 498,431133237045,충청북도 청주시 흥덕구 서현동로,4.31131170010498e+24,충청북도 청주시 흥덕구 서현동로 21,28378.0,1.0
MA0101202412A0089185,아끌로네피자,가경점,I2,음식,I210,기타 간이,I21003,피자,I56192,피자; 햄버거; 샌드위치 및 유사 음식점업,43,충청북도,43113,청주시 흥덕구,43113747,가경동,4311311300,가경동,4311311300120370176,1,대지,충청북도 청주시 흥덕구 가경동 2037,431134511587,충청북도 청주시 흥덕구 서현중로24번길,4.31131130012037e+24,충청북도 청주시 흥덕구 서현중로24번길 3,28384.0,1.0
MA0101202412A0018010,이디야청주,테크노폴리스점,I2,음식,I212,비알코올,I21201,카페,I56221,커피 전문점,43,충청북도,43113,청주시 흥덕구,43113770,강서2동,4311313400,송절동,4311313400108099584,1,대지,충청북도 청주시 흥덕구 송절동 810,431133351696,충청북도 청주시 흥덕구 송화로,4.3113134001081e+24,충청북도 청주시 흥덕구 송화로 176,28292.0,1.0
MA0101202412A0071164,정드림흑염소,청주금천점,I2,음식,I201,한식,I20199,기타 한식 음식점,I56111,한식 일반 음식점업,43,충청북도,43111,청주시 상당구,43111690,용담.명암.산성동,4311112100,용담동,4311112100103889920,1,대지,충청북도 청주시 상당구 용담동 389,431114508279,충청북도 청주시 상당구 산성로112번길,4.31111210010389e+24,충청북도 청주시 상당구 산성로112번길 2,28744.0,1.0
MA0101202412A0032743,온오프PC청주,오창점,R1,예술·스포츠,R104,유원지·오락,R10406,PC방,R91222,컴퓨터 게임방 운영업,43,충청북도,43114,청주시 청원구,43114253,오창읍,4311425345,오창읍,4311425345107520000,1,대지,충청북도 청주시 청원구 오창읍 양청리 752-6,431143240006,충청북도 청주시 청원구 오창읍 과학산업2로,4.37102534510752e+24,충청북도 청주시 청원구 오창읍 과학산업2로 373,28115.0,4.0
MA0101202412A0032182,세븐일레븐충주연수,사랑점,G2,소매,G204,종합 소매,G20405,편의점,G47122,체인화 편의점,43,충청북도,43130,충주시,43130630,연수동,4313011800,연수동,4313011800114190336,1,대지,충청북도 충주시 연수동 1419,431304514364,충청북도 충주시 동수12길,4.31301180011419e+24,충청북도 충주시 동수12길 40,27351.0,1.0
MA0101202412A0013726,탑브릭스금천,스타점,G2,소매,G205,식료품 소매,G20506,채소/과일 소매업,G47215,채소; 과실 및 뿌리작물 소매업,43,충청북도,43111,청주시 상당구,43111680,금천동,4311112000,금천동,4311112000101150208,1,대지,충청북도 청주시 상당구 금천동 115-16,431114508371,충청북도 청주시 상당구 쇠내로135번길,4.31111200010115e+24,충청북도 청주시 상당구 쇠내로135번길 8,28731.0,1.0
MA0101202412A0042521,빙수과일화채빙과채오창점,전문점,I2,음식,I210,기타 간이,I21008,아이스크림/빙수,I56192,피자; 햄버거; 샌드위치 및 유사 음식점업,43,충청북도,43114,청주시 청원구,43114253,오창읍,4311425345,오창읍,4311425345108199424,1,대지,충청북도 청주시 청원구 오창읍 양청리 820-1,431143240075,충청북도 청주시 청원구 오창읍 중심상업1로,4.3114253451082e+24,충청북도 청주시 청원구 오창읍 중심상업1로 8-9,28120.0,1.0
MA0101202412A0048798,피자스쿨충북,혁신도시점,I2,음식,I210,기타 간이,I21003,피자,I56192,피자; 햄버거; 샌드위치 및 유사 음식점업,43,충청북도,43770,음성군,43770330,맹동면,4377033031,맹동면,4377033031104900096,1,대지,충청북도 음성군 맹동면 동성리 490,437703247042,충청북도 음성군 맹동면 원중로,4.37703302810753e+24,충청북도 음성군 맹동면 원중로 1430,27738.0,1.0
MA0101202412A0080897,지에스25옥천,삼양점,G2,소매,G204,종합 소매,G20405,편의점,G47122,체인화 편의점,43,충청북도,43730,옥천군,43730250,옥천읍,4373025038,옥천읍,4373025038102179840,1,대지,충청북도 옥천군 옥천읍 삼양리 218-6,437304526178,충청북도 옥천군 옥천읍 삼양로4길,4.37302503810218e+24,충청북도 옥천군 옥천읍 삼양로4길 2,29032.0,1.0
MA0101202412A0059186,우리할매떡볶이,제천점,I2,음식,I210,기타 간이,I21007,김밥/만두/분식,I56194,김밥 및 기타 간이 음식점업,43,충청북도,43150,제천시,43150560,용두동,4315011100,하소동,4315011100100639744,1,대지,충청북도 제천시 하소동 64-27,431504517624,충청북도 제천시 용두대로15가길,4.31501110010064e+24,충청북도 제천시 용두대로15가길 13,27162.0,1.0
MA0101202412A0026569,산장삼겹,금천점,I2,음식,I201,한식,I20101,백반/한정식,I56111,한식 일반 음식점업,43,충청북도,43111,청주시 상당구,43111680,금천동,4311112000,금천동,4311112000103009792,1,대지,충청북도 청주시 상당구 금천동 301,431114508297,충청북도 청주시 상당구 산성로98번길,4.31111200010301e+24,충청북도 청주시 상당구 산성로98번길 34,28744.0,1.0
MA0101202412A0074178,케이가디언스,코리아,G2,소매,G215,의약·화장품 소매,G21503,화장품 소매업,G47813,화장품; 비누 및 방향제 소매업,43,충청북도,43770,음성군,43770340,대소면,4377034025,대소면,4377034025200229888,2,산,충청북도 음성군 대소면 부윤리 산 23-15,437703247005,충청북도 음성군 대소면 대동로,4.37703402520023e+24,충청북도 음성군 대소면 대동로 453,27677.0,1.0
MA0101202412A0081332,달인콕배드민턴센터동남.,용암점,R1,예술·스포츠,R103,스포츠 서비스,R10312,테니스장,R91139,그 외 기타 스포츠시설 운영업,43,충청북도,43111,청주시 상당구,43111720,용암1동,4311112400,용암동,4311112400125649920,1,대지,충청북도 청주시 상당구 용암동 2565,431114508629,충청북도 청주시 상당구 중흥로187번길,4.31111240012565e+24,충청북도 청주시 상당구 중흥로187번길 21,28763.0,2.0
MA0101202412A0000226,우이락청주,율량점,I2,음식,I201,한식,I20101,백반/한정식,I56111,한식 일반 음식점업,43,충청북도,43114,청주시 청원구,43114540,율량.사천동,4311410300,율량동,4311410300120570368,1,대지,충청북도 청주시 청원구 율량동 2057,431144844107,충청북도 청주시 청원구 율량로202번길,4.31141030012057e+24,충청북도 청주시 청원구 율량로202번길 28,28320.0,1.0
MA0101202412A0065128,메디컬풋케어동성제약풀리메디청주서원,대리점,S2,수리·개인,S207,이용·미용,S20703,네일숍,S96119,기타 미용업,43,충청북도,43112,청주시 서원구,43112560,분평동,4311210600,분평동,4311210600112499712,1,대지,충청북도 청주시 서원구 분평동 1250-24,431124512136,충청북도 청주시 서원구 1순환로1107번길,4.3113108001125e+24,충청북도 청주시 서원구 1순환로1107번길 95,28796.0,2.0
MA0101202412A0027332,빙수과일화채빙과채본점,전문점,I2,음식,I210,기타 간이,I21008,아이스크림/빙수,I56192,피자; 햄버거; 샌드위치 및 유사 음식점업,43,충청북도,43112,청주시 서원구,43112530,사창동,4311210200,사창동,4311210200101309952,1,대지,충청북도 청주시 서원구 사창동 131-16,431124512219,충청북도 청주시 서원구 1순환로622번길,4.31131020010131e+24,충청북도 청주시 서원구 1순환로622번길 3,28574.0,1.0
MA0101202412A0000112,조치원파닭,3호점,I2,음식,I210,기타 간이,I21006,치킨,I56193,치킨 전문점,43,충청북도,43111,청주시 상당구,43111670,영운동,4311111900,영운동,4311111900100339712,1,대지,충청북도 청주시 상당구 영운동 34-21,431113236038,충청북도 청주시 상당구 영운천로,4.31111190010034e+24,충청북도 청주시 상당구 영운천로 105,28731.0,1.0
MA0101202412A0048414,장터&그집,2호점,I2,음식,I201,한식,I20101,백반/한정식,I56111,한식 일반 음식점업,43,충청북도,43130,충주시,43130625,칠금.금릉동,4313012800,금릉동,4313012800108709888,1,대지,충청북도 충주시 금릉동 871,431304514172,충청북도 충주시 금제9길,4.31301280010871e+24,충청북도 충주시 금제9길 20-1,27340.0,1.0
MA0101202412A0027218,점핑하이오송1,산단점,R1,예술·스포츠,R103,스포츠 서비스,R10314,기타 스포츠시설 운영업,R91139,그 외 기타 스포츠시설 운영업,43,충청북도,43113,청주시 흥덕구,43113250,오송읍,4311325026,오송읍,4311325026107180032,1,대지,충청북도 청주시 흥덕구 오송읍 연제리 718,431133240059,충청북도 청주시 흥덕구 오송읍 오송생명5로,4.31132502610718e+24,충청북도 청주시 흥덕구 오송읍 오송생명5로 184-4,28165.0,3.0
MA0101202412A0010078,공차충주,호암점,I2,음식,I212,비알코올,I21201,카페,I56221,커피 전문점,43,충청북도,43130,충주시,43130580,호암.직동,4313010700,호암동,4313010700112159744,1,대지,충청북도 충주시 호암동 1216,431303352070,충청북도 충주시 호암토성2로,4.31301070011216e+24,충청북도 충주시 호암토성2로 3,27480.0,1.0
MA0101202412A0021114,동백연화,금왕점,I2,음식,I201,한식,I20101,백반/한정식,I56111,한식 일반 음식점업,43,충청북도,43770,음성군,43770253,금왕읍,4377025321,금왕읍,4377025321105070080,1,대지,충청북도 음성군 금왕읍 무극리 507-1,437703247019,충청북도 음성군 금왕읍 무극로,4.37702532110507e+24,충청북도 음성군 금왕읍 무극로 237,27630.0,1.0
MA0101202412A0010937,지에스25오창엔솔,3호점,G2,소매,G204,종합 소매,G20405,편의점,G47122,체인화 편의점,43,충청북도,43114,청주시 청원구,43114253,오창읍,4311425332,오창읍,4311425332106480128,1,대지,충청북도 청주시 청원구 오창읍 주성리 648,431143257076,충청북도 청주시 청원구 오창읍 2산단로,4.37102533210648e+24,충청북도 청주시 청원구 오창읍 2산단로 81,28117.0,1.0
MA0101202412A0038236,휴대폰성지옆커폰,율량점,G2,소매,G208,가전·통신 소매,G20802,핸드폰 소매업,G47312,통신기기 소매업,43,충청북도,43114,청주시 청원구,43114540,율량.사천동,4311410300,율량동,4311410300109100032,1,대지,충청북도 청주시 청원구 율량동 910,431144508574,충청북도 청주시 청원구 율봉로168번길,4.3111115001091e+24,충청북도 청주시 청원구 율봉로168번길 7-1,28331.0,1.0
MA0101202412A0024919,씨유청주용암,굿모닝점,G2,소매,G204,종합 소매,G20405,편의점,G47122,체인화 편의점,43,충청북도,43111,청주시 상당구,43111720,용암1동,4311112400,용암동,4311112400114480128,1,대지,충청북도 청주시 상당구 용암동 1448,431114508557,충청북도 청주시 상당구 월평로150번길,4.31111240011448e+24,충청북도 청주시 상당구 월평로150번길 21,28775.0,1.0
MA0101202412A0020972,블리스짐,금왕점,R1,예술·스포츠,R103,스포츠 서비스,R10307,헬스장,R91132,체력 단련시설 운영업,43,충청북도,43770,음성군,43770253,금왕읍,4377025321,금왕읍,4377025321105240064,1,대지,충청북도 음성군 금왕읍 무극리 524-29,437703247019,충청북도 음성군 금왕읍 무극로,4.37702532110524e+24,충청북도 음성군 금왕읍 무극로 213,27630.0,4.0
MA0101202412A0061598,충북음성지역자활센터오백국수,금왕점,I2,음식,I201,한식,I20105,국수/칼국수,I56111,한식 일반 음식점업,43,충청북도,43770,음성군,43770253,금왕읍,4377025321,금왕읍,4377025321102530048,1,대지,충청북도 음성군 금왕읍 무극리 253-32,437703247019,충청북도 음성군 금왕읍 무극로,4.37702532110253e+24,충청북도 음성군 금왕읍 무극로 257-1,27629.0,1.0
MA0101202412A0042381,편편집청주,복대점,I2,음식,I201,한식,I20101,백반/한정식,I56111,한식 일반 음식점업,43,충청북도,43113,청주시 흥덕구,43113741,복대1동,4311311400,복대동,4311311400103280128,1,대지,충청북도 청주시 흥덕구 복대동 328-1,431133237078,충청북도 청주시 흥덕구 죽천로,4.31131140010328e+24,충청북도 청주시 흥덕구 죽천로 97-8,28426.0,2.0
MA0101202412A0011263,정글비,오창점,I2,음식,I212,비알코올,I21201,카페,I56221,커피 전문점,43,충청북도,43114,청주시 청원구,43114253,오창읍,4311425345,오창읍,4311425345108199424,1,대지,충청북도 청주시 청원구 오창읍 양청리 820-2,431143240075,충청북도 청주시 청원구 오창읍 중심상업1로,4.3114253451082e+24,충청북도 청주시 청원구 오창읍 중심상업1로 20,28120.0,2.0
MA0101202412A0033745,씨유청주내덕,센터점,G2,소매,G204,종합 소매,G20405,편의점,G47122,체인화 편의점,43,충청북도,43114,청주시 청원구,43114520,내덕1동,4311410200,내덕동,4311410200103059968,1,대지,충청북도 청주시 청원구 내덕동 306-4,431143236010,충청북도 청주시 청원구 내덕로,4.31141020010306e+24,충청북도 청주시 청원구 내덕로 54,28479.0,1.0
MA0101202501A0018195,품육,진천점,I2,음식,I201,한식,I20101,백반/한정식,I56111,한식 일반 음식점업,43,충청북도,43750,진천군,43750250,진천읍,4375025024,진천읍,4375025024102369792,1,대지,충청북도 진천군 진천읍 읍내리 237-5,437504535372,충청북도 진천군 진천읍 중앙북1길,4.37502502410237e+24,충청북도 진천군 진천읍 중앙북1길 6,27831.0,1.0
MA0101202412A0059481,타짜오리하우스,동남점,I2,음식,I201,한식,I20110,닭/오리고기 구이/찜,I56111,한식 일반 음식점업,43,충청북도,43111,청주시 상당구,43111730,용암2동,4311112600,방서동,4311112600109700096,1,대지,충청북도 청주시 상당구 방서동 970,431113352536,충청북도 청주시 상당구 월운로,4.3111126001097e+24,충청북도 청주시 상당구 월운로 2,28786.0,2.0
MA0101202412A0048745,달빛에구운고등어,율량점,I2,음식,I201,한식,I20112,해산물 구이/찜,I56111,한식 일반 음식점업,43,충청북도,43114,청주시 청원구,43114550,오근장동,4311410600,주중동,4311410600101309952,1,대지,충청북도 청주시 청원구 주중동 131-6,431142014003,충청북도 청주시 청원구 충청대로,4.31111320010131e+24,충청북도 청주시 청원구 충청대로 233,28308.0,2.0
MA0101202412A0005859,쏘시지요,산남점,I2,음식,I201,한식,I20101,백반/한정식,I56111,한식 일반 음식점업,43,충청북도,43112,청주시 서원구,43112550,산남동,4311210400,산남동,4311210400105900032,1,대지,충청북도 청주시 서원구 산남동 590,431124511540,충청북도 청주시 서원구 산남로62번길,4.3113106001059e+24,충청북도 청주시 서원구 산남로62번길 25,28625.0,1.0
MA0101202412A0028902,지지고,청주대점,I2,음식,I201,한식,I20101,백반/한정식,I56111,한식 일반 음식점업,43,충청북도,43114,청주시 청원구,43114510,우암동,4311410100,우암동,4311410100100199424,1,대지,충청북도 청주시 청원구 우암동 20-2,431143236034,충청북도 청주시 청원구 수암로,4.3111113001002e+24,충청북도 청주시 청원구 수암로 98-15,28504.0,1.0
MA0101202412A0085607,파리바게뜨충주,용산점,I2,음식,I210,기타 간이,I21001,빵/도넛,I56191,제과점업,43,충청북도,43130,충주시,43130550,용산동,4313010600,용산동,4313010600116410368,1,대지,충청북도 충주시 용산동 1641-5,431303238008,충청북도 충주시 남산로,4.31301060011641e+24,충청북도 충주시 남산로 78,27403.0,1.0
MA0101202412A0018328,삼미당청주,성안점,I2,음식,I203,일식,I20301,일식 회/초밥,I56122,일식 음식점업,43,충청북도,43111,청주시 상당구,43111545,성안동,4311110200,북문로1가,4311110200101370368,1,대지,충청북도 청주시 상당구 북문로1가 137,431114508336,충청북도 청주시 상당구 상당로91번길,4.31111020010137e+24,충청북도 청주시 상당구 상당로91번길 39-6,28525.0,1.0
MA0101202412A0029092,블링팝청주,동남점,G2,소매,G213,오락용품 소매,G21306,장난감 소매업,G47640,게임용구; 인형 및 장난감 소매업,43,충청북도,43111,청주시 상당구,43111720,용암1동,4311112400,용암동,4311112400130739712,1,대지,충청북도 청주시 상당구 용암동 3074,431114857347,충청북도 청주시 상당구 중고개로141번길,4.31111240013074e+24,충청북도 청주시 상당구 중고개로141번길 11-1,28808.0,1.0
MA0101202412A0014965,조선보리밥,율량점,I2,음식,I201,한식,I20101,백반/한정식,I56111,한식 일반 음식점업,43,충청북도,43114,청주시 청원구,43114550,오근장동,4311410600,주중동,4311410600101159936,1,대지,충청북도 청주시 청원구 주중동 116-6,431142014003,충청북도 청주시 청원구 충청대로,4.31141060010116e+24,충청북도 청주시 청원구 충청대로 251,28308.0,2.0
MA0101202412A0066535,아이스앤몬스터문구,진천점,G2,소매,G204,종합 소매,G20404,슈퍼마켓,G47129,기타 음ㆍ식료품 위주 종합 소매업,43,충청북도,43750,진천군,43750250,진천읍,4375025024,진천읍,4375025024103290368,1,대지,충청북도 진천군 진천읍 읍내리 329-1,437503245020,충청북도 진천군 진천읍 중앙서로,4.37502502410329e+24,충청북도 진천군 진천읍 중앙서로 41,27833.0,1.0
MA0101202411A0011715,꿔마마라탕용암,금천점,I2,음식,I202,중식,I20202,마라탕/훠궈,I56121,중식 음식점업,43,충청북도,43111,청주시 상당구,43111680,금천동,4311112000,금천동,4311112000101130240,1,대지,충청북도 청주시 상당구 금천동 113-7,431114508369,충청북도 청주시 상당구 쇠내로125번길,4.31111200010113e+24,충청북도 청주시 상당구 쇠내로125번길 5,28732.0,1.0
MA0101202411A0078811,권실장참마찹쌀꽈배기,제천점,I2,음식,I210,기타 간이,I21001,빵/도넛,I56194,김밥 및 기타 간이 음식점업,43,충청북도,43150,제천시,43150590,청전동,4315011300,청전동,4315011300101340160,1,대지,충청북도 제천시 청전동 134-3,431502239002,충청북도 제천시 의림대로,4.31501130010134e+24,충청북도 제천시 의림대로 211,27165.0,1.0
MA0101202411A0135592,약속다방,진천점,I2,음식,I212,비알코올,I21201,카페,I56229,기타 비알코올 음료점업,43,충청북도,43750,진천군,43750250,진천읍,4375025024,진천읍,4375025024102880256,1,대지,충청북도 진천군 진천읍 읍내리 288-3,437503245020,충청북도 진천군 진천읍 중앙서로,4.37502502410288e+24,충청북도 진천군 진천읍 중앙서로 21-3,27833.0,2.0
MA0101202411A0045723,뛰댕길겨미용할겨,2호점,G2,소매,G220,애완동물·용품 소매,G22001,애완동물/애완용품 소매업,G47852,애완용 동물 및 관련용품 소매업,43,충청북도,43113,청주시 흥덕구,43113756,봉명2.송정동,4311311500,봉명동,4311311500107290112,1,대지,충청북도 청주시 흥덕구 봉명동 729,431133236058,충청북도 청주시 흥덕구 직지대로,4.31131150010729e+24,충청북도 청주시 흥덕구 직지대로 635,28477.0,5.0
MA0101202411A0115404,미용실,청담동,S2,수리·개인,S207,이용·미용,S20701,미용실,S96112,두발 미용업,43,충청북도,43130,충주시,43130515,성내.충인동,4313010200,성남동,4313010200102060032,1,대지,충청북도 충주시 성남동 206,431303238083,충청북도 충주시 형설로,4.31301020010206e+24,충청북도 충주시 형설로 169-1,27393.0,1.0
MA0101202411A0172424,준앤진,청주지점,G2,소매,G222,중고 상품 소매,G22201,중고 상품 소매업,G47862,중고 가전제품 및 통신장비 소매업,43,충청북도,43112,청주시 서원구,43112530,사창동,4311210200,사창동,4311210200101909504,1,대지,충청북도 청주시 서원구 사창동 191-12,431123237086,충청북도 청주시 서원구 천수로,4.31121020010191e+24,충청북도 청주시 서원구 천수로 16-3,28568.0,1.0
MA0101202411A0101039,반지하별관,본점,I2,음식,I201,한식,I20101,백반/한정식,I56111,한식 일반 음식점업,43,충청북도,43113,청주시 흥덕구,43113760,강서1동,4311313800,비하동,4311313800100760576,1,대지,충청북도 청주시 흥덕구 비하동 76-10,431134511087,충청북도 청주시 흥덕구 가로수로1154번길,4.31131380010076e+24,충청북도 청주시 흥덕구 가로수로1154번길 13,28376.0,2.0
MA0101202411A0074005,워시앤조이셀프빨래방,증평점,S2,수리·개인,S209,세탁,S20902,셀프 빨래방,S96912,가정용 세탁업,43,충청북도,43745,증평군,43745250,증평읍,4374525027,증평읍,4374525027103420416,1,대지,충청북도 증평군 증평읍 장동리 342,437454532035,충청북도 증평군 증평읍 두름로1길,4.37452502710342e+24,충청북도 증평군 증평읍 두름로1길 20,27921.0,1.0
MA0101202411A0165196,메이져복싱피트니스,용암점,R1,예술·스포츠,R103,스포츠 서비스,R10307,헬스장,P85611,태권도 및 무술 교육기관,43,충청북도,43111,청주시 상당구,43111720,용암1동,4311112400,용암동,4311112400115939840,1,대지,충청북도 청주시 상당구 용암동 1594,431113236049,충청북도 청주시 상당구 월평로,4.31111240011594e+24,충청북도 청주시 상당구 월평로 180,28776.0,4.0
MA0101202411A0018442,카우앤카우청주봉명직영,본점,I2,음식,I201,한식,I20101,백반/한정식,I56111,한식 일반 음식점업,43,충청북도,43113,청주시 흥덕구,43113756,봉명2.송정동,4311311500,봉명동,4311311500128700416,1,대지,충청북도 청주시 흥덕구 봉명동 2870,431133237029,충청북도 청주시 흥덕구 백봉로,4.31131150010335e+24,충청북도 청주시 흥덕구 백봉로 169,28463.0,2.0
MA0101202411A0076659,요아정청주금천,광장점,I2,음식,I212,비알코올,I21201,카페,I56221,커피 전문점,43,충청북도,43111,청주시 상당구,43111680,금천동,4311112000,금천동,4311112000102880256,1,대지,충청북도 청주시 상당구 금천동 288,431114508296,충청북도 청주시 상당구 산성로92번길,4.31111200010288e+24,충청북도 청주시 상당구 산성로92번길 41,28744.0,1.0
MA0101202411A0102237,씨유증평,만남의광장점,G2,소매,G204,종합 소매,G20405,편의점,G47122,체인화 편의점,43,충청북도,43114,청주시 청원구,43114253,오창읍,4311425321,오창읍,4311425321101309952,1,대지,충청북도 청주시 청원구 오창읍 여천리 131,431144520453,충청북도 청주시 청원구 오창읍 여천3길,4.37102532110131e+24,충청북도 청주시 청원구 오창읍 여천3길 286,28127.0,1.0
MA0101202411A0067393,조치원파닭,증평점,I2,음식,I210,기타 간이,I21006,치킨,I56193,치킨 전문점,43,충청북도,43745,증평군,43745250,증평읍,4374525032,증평읍,4374525032107889664,1,대지,충청북도 증평군 증평읍 송산리 789,437454532228,충청북도 증평군 증평읍 송산로2길,4.37452503210789e+24,충청북도 증평군 증평읍 송산로2길 29,27917.0,1.0
MA0101202411A0147818,오땡큐청주,복대점,S2,수리·개인,S207,이용·미용,S20701,미용실,S96112,두발 미용업,43,충청북도,43113,청주시 흥덕구,43113741,복대1동,4311311400,복대동,4311311400125949952,1,대지,충청북도 청주시 흥덕구 복대동 2595,431134511821,충청북도 청주시 흥덕구 증안로22번길,4.31131140012595e+24,충청북도 청주시 흥덕구 증안로22번길 38,28416.0,1.0
MA0101202411A0108799,씨유청주문화,스타점,G2,소매,G204,종합 소매,G20405,편의점,G47122,체인화 편의점,43,충청북도,43111,청주시 상당구,43111545,성안동,4311110700,문화동,4311110700101009920,1,대지,충청북도 청주시 상당구 문화동 101-6,431113236027,충청북도 청주시 상당구 상당로,4.31111070010101e+24,충청북도 청주시 상당구 상당로 64,28516.0,1.0
MA0101202411A0094812,본PC,용산점,R1,예술·스포츠,R104,유원지·오락,R10406,PC방,R91222,컴퓨터 게임방 운영업,43,충청북도,43130,충주시,43130550,용산동,4313010600,용산동,4313010600119020032,1,대지,충청북도 충주시 용산동 1902-1,431304514150,충청북도 충주시 금봉1길,4.31301060011902e+24,충청북도 충주시 금봉1길 20-25,27403.0,2.0
MA0101202411A0183970,어반필드오창블루,스퀘어점,P1,교육,P106,기타 교육,P10603,요가/필라테스 학원,P85612,기타 스포츠 교육기관,43,충청북도,43114,청주시 청원구,43114253,오창읍,4311425344,오창읍,4311425344106389504,1,대지,충청북도 청주시 청원구 오창읍 각리 639-4,431143240007,충청북도 청주시 청원구 오창읍 과학산업3로,4.31142534410639e+24,충청북도 청주시 청원구 오창읍 과학산업3로 216,28125.0,2.0
MA0101202411A0079463,강릉엄지네꼬막집,제천점,I2,음식,I201,한식,I20112,해산물 구이/찜,I56111,한식 일반 음식점업,43,충청북도,43150,제천시,43150510,교동,4315011600,장락동,4315011600106040320,1,대지,충청북도 제천시 장락동 604-1,431504854556,충청북도 제천시 죽하로15길,4.31501160010604e+24,충청북도 제천시 죽하로15길 21,27144.0,1.0
MA0101202411A0005149,씰리침대청주,분평점,G2,소매,G211,가구 소매,G21101,가구 소매업,G47520,가구 소매업,43,충청북도,43112,청주시 서원구,43112560,분평동,4311210600,분평동,4311210600101610496,1,대지,충청북도 청주시 서원구 분평동 161-4,431123236001,충청북도 청주시 서원구 1순환로,4.31131080010161e+24,충청북도 청주시 서원구 1순환로 1094,28802.0,1.0
MA0101202505A0069866,석암생소금구이청주,율량점,I2,음식,I201,한식,I20107,돼지고기 구이/찜,I56111,한식 일반 음식점업,43,충청북도,43114,청주시 청원구,43114540,율량.사천동,4311410300,율량동,4311410300120380416,1,대지,충청북도 청주시 청원구 율량동 2038,431144844105,충청북도 청주시 청원구 율량로190번길,4.31141030012038e+24,충청북도 청주시 청원구 율량로190번길 41,28320.0,1.0
MA0101202505A0077089,비지에프리테일청주,공항점,G2,소매,G204,종합 소매,G20405,편의점,G47122,체인화 편의점,43,충청북도,43114,청주시 청원구,43114250,내수읍,4311425040,내수읍,4311425040100789760,1,대지,충청북도 청주시 청원구 내수읍 입상리 79-9,431142014001,충청북도 청주시 청원구 내수읍 오창대로,4.37102503910001e+24,충청북도 청주시 청원구 내수읍 오창대로 980,28142.0,1.0
MA0101202505A0072952,청주전자담배백화점,오창점,G2,소매,G207,담배 소매,G20701,담배/전자담배 소매업,G47222,담배 소매업,43,충청북도,43114,청주시 청원구,43114253,오창읍,4311425345,오창읍,4311425345107870208,1,대지,충청북도 청주시 청원구 오창읍 양청리 787-5,431143240075,충청북도 청주시 청원구 오창읍 중심상업1로,4.37102534500787e+24,충청북도 청주시 청원구 오창읍 중심상업1로 50,28120.0,1.0
MA0101202505A0046022,세븐일레븐충주,남산점,G2,소매,G204,종합 소매,G20405,편의점,G47122,체인화 편의점,43,충청북도,43130,충주시,43130535,교현.안림동,4313010500,교현동,4313010500110589952,1,대지,충청북도 충주시 교현동 1059,431304514189,충청북도 충주시 남산6길,4.31301050011059e+24,충청북도 충주시 남산6길 31,27396.0,1.0
MA0101202505A0059477,버거리청주,지웰시티점,I2,음식,I210,기타 간이,I21004,버거,I56192,피자; 햄버거; 샌드위치 및 유사 음식점업,43,충청북도,43113,청주시 흥덕구,43113741,복대1동,4311311400,복대동,4311311400102880256,1,대지,충청북도 청주시 흥덕구 복대동 288-6,431133237020,충청북도 청주시 흥덕구 대농로,4.31131140010288e+24,충청북도 청주시 흥덕구 대농로 33,28424.0,1.0
MA0101202505A0088359,정글비,지웰시티점,I2,음식,I212,비알코올,I21201,카페,I56221,커피 전문점,43,충청북도,43113,청주시 흥덕구,43113741,복대1동,4311311400,복대동,4311311400102880256,1,대지,충청북도 청주시 흥덕구 복대동 288-124,431133237020,충청북도 청주시 흥덕구 대농로,4.31131140010288e+24,충청북도 청주시 흥덕구 대농로 39,28424.0,2.0
MA0101202505A0033933,씨유청주가경,대림점,G2,소매,G204,종합 소매,G20405,편의점,G47122,체인화 편의점,43,충청북도,43113,청주시 흥덕구,43113747,가경동,4311311300,가경동,4311311300108149760,1,대지,충청북도 청주시 흥덕구 가경동 815,431134511076,충청북도 청주시 흥덕구 가경로189번길,4.31131130010815e+24,충청북도 청주시 흥덕구 가경로189번길 7-2,28390.0,1.0
MA0101202505A0084749,라라드래곤반점청주,율량점,I2,음식,I202,중식,I20201,중국집,I56121,중식 음식점업,43,충청북도,43114,청주시 청원구,43114540,율량.사천동,4311410300,율량동,4311410300123100160,1,대지,충청북도 청주시 청원구 율량동 2310,431143349125,충청북도 청주시 청원구 율중로,4.3114103001231e+24,충청북도 청주시 청원구 율중로 20,28315.0,1.0
MA0101202505A0035272,가마치통닭,용암점,I2,음식,I210,기타 간이,I21006,치킨,I56193,치킨 전문점,43,충청북도,43111,청주시 상당구,43111730,용암2동,4311112400,용암동,4311112400120860160,1,대지,충청북도 청주시 상당구 용암동 2086,431113236049,충청북도 청주시 상당구 월평로,4.31111240012086e+24,충청북도 청주시 상당구 월평로 225,28781.0,1.0
MA0101202505A0062868,메이안,제천점,G2,소매,G215,의약·화장품 소매,G21503,화장품 소매업,G47813,화장품; 비누 및 방향제 소매업,43,충청북도,43150,제천시,43150528,중앙동,4315010600,중앙로1가,4315010600100769792,1,대지,충청북도 제천시 중앙로1가 77,431503239074,충청북도 제천시 풍양로,4.31501060010077e+24,충청북도 제천시 풍양로 108,27173.0,1.0
MA0101202505A0068161,메가엠지씨커피청주,테크노폴리스점,I2,음식,I212,비알코올,I21201,카페,I56221,커피 전문점,43,충청북도,43113,청주시 흥덕구,43113770,강서2동,4311313400,송절동,4311313400106940416,1,대지,충청북도 청주시 흥덕구 송절동 694,431133351696,충청북도 청주시 흥덕구 송화로,4.31131340010694e+24,충청북도 청주시 흥덕구 송화로 156,28292.0,1.0
MA0101202504A0029285,꾸석지청주,오창점,I2,음식,I201,한식,I20101,백반/한정식,I56111,한식 일반 음식점업,43,충청북도,43114,청주시 청원구,43114253,오창읍,4311425345,오창읍,4311425345107850240,1,대지,충청북도 청주시 청원구 오창읍 양청리 785-2,431143240077,충청북도 청주시 청원구 오창읍 중심상업로,4.37102534500785e+24,충청북도 청주시 청원구 오창읍 중심상업로 65-12,28120.0,1.0
MA0101202504A0096392,비에이치씨충북,증평점,I2,음식,I210,기타 간이,I21006,치킨,I56193,치킨 전문점,43,충청북도,43745,증평군,43745250,증평읍,4374525032,증평읍,4374525032108109824,1,대지,충청북도 증평군 증평읍 송산리 811,437454532228,충청북도 증평군 증평읍 송산로2길,4.37452503210811e+24,충청북도 증평군 증평읍 송산로2길 42,27917.0,1.0
MA0101202504A0037717,비티에프,음성지점,G2,소매,G208,가전·통신 소매,G20802,핸드폰 소매업,G47312,통신기기 소매업,43,충청북도,43770,음성군,43770250,음성읍,4377025022,음성읍,4377025022109560320,1,대지,충청북도 음성군 음성읍 평곡리 956-18,437703247032,충청북도 음성군 음성읍 시장로,4.37702502210956e+24,충청북도 음성군 음성읍 시장로 41,27702.0,1.0
MA0101202505A0017974,옛날아우내순대,충북대점,I2,음식,I201,한식,I20102,국/탕/찌개류,I56111,한식 일반 음식점업,43,충청북도,43112,청주시 서원구,43112530,사창동,4311210200,사창동,4311210200104229888,1,대지,충청북도 청주시 서원구 사창동 423,431123237019,충청북도 청주시 서원구 내수동로,4.31131020010424e+24,충청북도 청주시 서원구 내수동로 116,28643.0,1.0
MA0101202504A0093196,조선보리밥,가경점,I2,음식,I201,한식,I20101,백반/한정식,I56111,한식 일반 음식점업,43,충청북도,43113,청주시 흥덕구,43113760,강서1동,4311311700,강서동,4311311700102090240,1,대지,충청북도 청주시 흥덕구 강서동 209,431133237096,충청북도 청주시 흥덕구 호암로,4.31131170010209e+24,충청북도 청주시 흥덕구 호암로 134,28381.0,2.0
MA0101202504A0084459,감성커피,청주금천점,I2,음식,I212,비알코올,I21201,카페,I56221,커피 전문점,43,충청북도,43111,청주시 상당구,43111680,금천동,4311112000,금천동,4311112000104120320,1,대지,충청북도 청주시 상당구 금천동 412,431114508458,충청북도 청주시 상당구 영운천로153번길,4.31111200010412e+24,충청북도 청주시 상당구 영운천로153번길 37,28751.0,1.0
MA0101202504A0017063,짱구네텔레콤서청주점,롯데마트,G2,소매,G208,가전·통신 소매,G20802,핸드폰 소매업,G47312,통신기기 소매업,43,충청북도,43113,청주시 흥덕구,43113760,강서1동,4311312400,지동동,4311312400108860416,1,대지,충청북도 청주시 흥덕구 지동동 886,431134511830,충청북도 청주시 흥덕구 직지대로240번길,4.31131240010447e+24,충청북도 청주시 흥덕구 직지대로240번길 27,28360.0,1.0
MA0101202504A0018812,꾸석지돌판한우청주,율량점,I2,음식,I201,한식,I20108,소고기 구이/찜,I56111,한식 일반 음식점업,43,충청북도,43114,청주시 청원구,43114540,율량.사천동,4311410300,율량동,4311410300120399872,1,대지,충청북도 청주시 청원구 율량동 2040,431144844105,충청북도 청주시 청원구 율량로190번길,4.3114103001204e+24,충청북도 청주시 청원구 율량로190번길 35,28320.0,1.0
MA0101202504A0028655,족발야시장청주,가경점,I2,음식,I201,한식,I20103,족발/보쌈,I56111,한식 일반 음식점업,43,충청북도,43113,청주시 흥덕구,43113747,가경동,4311311300,가경동,4311311300116800000,1,대지,충청북도 청주시 흥덕구 가경동 1680,431133237092,충청북도 청주시 흥덕구 풍년로,4.3113113001168e+24,충청북도 청주시 흥덕구 풍년로 16-25,28413.0,1.0
MA0101202504A0069702,화이트스노우,충북대점,I2,음식,I210,기타 간이,I21099,그 외 기타 간이 음식점,I56199,간이 음식 포장 판매 전문점,43,충청북도,43112,청주시 서원구,43112530,사창동,4311210200,사창동,4311210200105230336,1,대지,충청북도 청주시 서원구 사창동 523,431124511220,충청북도 청주시 서원구 내수동로114번길,4.31131020010523e+24,충청북도 청주시 서원구 내수동로114번길 51,28643.0,1.0
MA0101202504A0022537,리얼클린족욕,음성금왕점,G2,소매,G205,식료품 소매,G20508,건강보조식품 소매업,G47217,건강 보조식품 소매업,43,충청북도,43770,음성군,43770253,금왕읍,4377025321,금왕읍,4377025321102520320,1,대지,충청북도 음성군 금왕읍 무극리 252-9,437703247019,충청북도 음성군 금왕읍 무극로,4.37702532110252e+24,충청북도 음성군 금왕읍 무극로 265,27629.0,1.0
MA0101202504A0098083,디저트39옥천,중앙로점,I2,음식,I212,비알코올,I21201,카페,I56221,커피 전문점,43,충청북도,43730,옥천군,43730250,옥천읍,4373025036,옥천읍,4373025036100129792,1,대지,충청북도 옥천군 옥천읍 금구리 13-1,437303242048,충청북도 옥천군 옥천읍 중앙로,4.37302503610013e+24,충청북도 옥천군 옥천읍 중앙로 40,29047.0,1.0
MA0101202505A0059845,노랑통닭충북,혁신도시점,I2,음식,I210,기타 간이,I21006,치킨,I56193,치킨 전문점,43,충청북도,43770,음성군,43770330,맹동면,4377033031,맹동면,4377033031104620032,1,대지,충청북도 음성군 맹동면 동성리 462,437703000235,충청북도 음성군 맹동면 대하로,4.37703303110462e+24,충청북도 음성군 맹동면 대하로 271,27738.0,1.0
MA0101202505A0016861,유씨네본가누룽지삼계탕증평,본점,I2,음식,I201,한식,I20102,국/탕/찌개류,I56111,한식 일반 음식점업,43,충청북도,43745,증평군,43745250,증평읍,4374525030,증평읍,4374525030106099712,1,대지,충청북도 증평군 증평읍 초중리 610-4,437453244020,충청북도 증평군 증평읍 초중로,4.3745250301061e+24,충청북도 증평군 증평읍 초중로 10,27941.0,1.0
MA0101202504A0046847,기통찬족발,증평점,I2,음식,I201,한식,I20103,족발/보쌈,I56111,한식 일반 음식점업,43,충청북도,43745,증평군,43745250,증평읍,4374525027,증평읍,4374525027104410112,1,대지,충청북도 증평군 증평읍 장동리 441,437453244018,충청북도 증평군 증평읍 증평로,4.37452502710441e+24,충청북도 증평군 증평읍 증평로 31-10,27923.0,1.0
MA0101202504A0091795,왕천파닭,분평점,I2,음식,I210,기타 간이,I21006,치킨,I56111,한식 일반 음식점업,43,충청북도,43112,청주시 서원구,43112560,분평동,4311210600,분평동,4311210600112399872,1,대지,충청북도 청주시 서원구 분평동 1240,431124512137,충청북도 청주시 서원구 1순환로1063번길,4.3113108001124e+24,충청북도 청주시 서원구 1순환로1063번길 77,28797.0,1.0
MA0101202505A0040683,야키토리동작,오창점,I2,음식,I203,일식,I20399,기타 일식 음식점,I56122,일식 음식점업,43,충청북도,43114,청주시 청원구,43114253,오창읍,4311425345,오창읍,4311425345107900416,1,대지,충청북도 청주시 청원구 오창읍 양청리 790-3,431143240075,충청북도 청주시 청원구 오창읍 중심상업1로,4.3710253450079e+24,충청북도 청주시 청원구 오창읍 중심상업1로 8-49,28120.0,1.0
MA0101202504A0076431,휴대폰성지옆커폰,봉명점,G2,소매,G208,가전·통신 소매,G20802,핸드폰 소매업,G47312,통신기기 소매업,43,충청북도,43113,청주시 흥덕구,43113756,봉명2.송정동,4311311500,봉명동,4311311500127500288,1,대지,충청북도 청주시 흥덕구 봉명동 2750,431134511251,충청북도 청주시 흥덕구 덕암로108번길,4.3113115001275e+24,충청북도 청주시 흥덕구 덕암로108번길 51,28465.0,1.0
MA0101202504A0016038,아식스청주,에버세이브점,G2,소매,G209,섬유·의복·신발 소매,G20905,기타 의류 소매업,G47419,기타 의복 소매업,43,충청북도,43112,청주시 서원구,43112560,분평동,4311210500,미평동,4311210500100280320,1,대지,충청북도 청주시 서원구 미평동 28,431124511938,충청북도 청주시 서원구 청남로1936번길,4.31131070010031e+24,충청북도 청주시 서원구 청남로1936번길 2,28802.0,1.0
MA0101202505A0036558,컴포즈커피충주호암,한신더휴점,I2,음식,I212,비알코올,I21201,카페,I56111,한식 일반 음식점업,43,충청북도,43130,충주시,43130580,호암.직동,4313010700,호암동,4313010700112079872,1,대지,충청북도 충주시 호암동 1208,431303352070,충청북도 충주시 호암토성2로,4.31301070011208e+24,충청북도 충주시 호암토성2로 7,27480.0,1.0
MA0101202505A0015877,펫츠아일랜드,용암점,G2,소매,G220,애완동물·용품 소매,G22001,애완동물/애완용품 소매업,G47852,애완용 동물 및 관련용품 소매업,43,충청북도,43111,청주시 상당구,43111720,용암1동,4311112400,용암동,4311112400114060288,1,대지,충청북도 청주시 상당구 용암동 1406,431113236049,충청북도 청주시 상당구 월평로,4.31111240011406e+24,충청북도 청주시 상당구 월평로 149,28772.0,1.0
MA0101202505A0069487,춘천집무한닭갈비청주,성안점,I2,음식,I201,한식,I20110,닭/오리고기 구이/찜,I56111,한식 일반 음식점업,43,충청북도,43111,청주시 상당구,43111545,성안동,4311110200,북문로1가,4311110200101289984,1,대지,충청북도 청주시 상당구 북문로1가 129-8,431114508336,충청북도 청주시 상당구 상당로91번길,4.31111020010129e+24,충청북도 청주시 상당구 상당로91번길 29,28525.0,2.0
MA0101202505A0014901,도공식당,2호점,I2,음식,I201,한식,I20101,백반/한정식,I56111,한식 일반 음식점업,43,충청북도,43150,제천시,43150528,중앙동,4315010700,중앙로2가,4315010700100679680,1,대지,충청북도 제천시 중앙로2가 68-7,431504518053,충청북도 제천시 칠성로11길,4.31501070010068e+24,충청북도 제천시 칠성로11길 4,27165.0,1.0
MA0101202504A0061600,지에스25가경,자이점,G2,소매,G204,종합 소매,G20405,편의점,G47122,체인화 편의점,43,충청북도,43113,청주시 흥덕구,43113747,가경동,4311311300,가경동,4311311300122560000,1,대지,충청북도 청주시 흥덕구 가경동 2256,431133237046,충청북도 청주시 흥덕구 서현로,4.31131130010644e+24,충청북도 청주시 흥덕구 서현로 32,28382.0,1.0
MA0101202504A0027547,해피니언장락,행복점,S2,수리·개인,S207,이용·미용,S20701,미용실,S96112,두발 미용업,43,충청북도,43150,제천시,43150510,교동,4315011600,장락동,4315011600105430016,1,대지,충청북도 제천시 장락동 543,431504844152,충청북도 제천시 죽하로11길,4.31501160010543e+24,충청북도 제천시 죽하로11길 23,27144.0,2.0
MA0101202504A0081827,공주칼국수청주테크노,본점,I2,음식,I201,한식,I20105,국수/칼국수,I56111,한식 일반 음식점업,43,충청북도,43113,청주시 흥덕구,43113770,강서2동,4311313400,송절동,4311313400103559680,1,대지,충청북도 청주시 흥덕구 송절동 356-1,431133237069,충청북도 청주시 흥덕구 원터로,4.31131340010356e+24,충청북도 청주시 흥덕구 원터로 20,28293.0,1.0
MA0101202504A0095140,비엠디치킨본부지웰,직영점,I2,음식,I210,기타 간이,I21006,치킨,I56193,치킨 전문점,43,충청북도,43113,청주시 흥덕구,43113741,복대1동,4311311400,복대동,4311311400132669952,1,대지,충청북도 청주시 흥덕구 복대동 3267,431134511235,충청북도 청주시 흥덕구 대신로73번길,4.31131140013267e+24,충청북도 청주시 흥덕구 대신로73번길 35,28426.0,1.0
MA0101202504A0051282,한국집금천,광장점,I2,음식,I201,한식,I20101,백반/한정식,I56111,한식 일반 음식점업,43,충청북도,43111,청주시 상당구,43111690,용담.명암.산성동,4311112100,용담동,4311112100103719936,1,대지,충청북도 청주시 상당구 용담동 372,431114508297,충청북도 청주시 상당구 산성로98번길,4.31111210010372e+24,충청북도 청주시 상당구 산성로98번길 23,28744.0,1.0
MA0101202504A0077404,산장삼겹,오창점,I2,음식,I201,한식,I20101,백반/한정식,I56111,한식 일반 음식점업,43,충청북도,43114,청주시 청원구,43114253,오창읍,4311425345,오창읍,4311425345107909632,1,대지,충청북도 청주시 청원구 오창읍 양청리 791-4,431143240075,충청북도 청주시 청원구 오창읍 중심상업1로,4.37102534510791e+24,충청북도 청주시 청원구 오창읍 중심상업1로 8-46,28120.0,1.0
MA0101202504A0067439,오유미당,청주금천점,I2,음식,I203,일식,I20301,일식 회/초밥,I56122,일식 음식점업,43,충청북도,43111,청주시 상당구,43111690,용담.명암.산성동,4311112100,용담동,4311112100103770112,1,대지,충청북도 청주시 상당구 용담동 377,431114508278,충청북도 청주시 상당구 산성로104번길,4.31111210010377e+24,충청북도 청주시 상당구 산성로104번길 24,28744.0,1.0
MA0101202504A0109344,크린토피아음성성본푸르지오더,퍼스트점,S2,수리·개인,S209,세탁,S20901,세탁소,S96912,가정용 세탁업,43,충청북도,43770,음성군,43770340,대소면,4377034024,대소면,4377034024108179968,1,대지,충청북도 음성군 대소면 성본리 818,437703353147,충청북도 음성군 대소면 성본산단4로,4.37703402410818e+24,충청북도 음성군 대소면 성본산단4로 41,27741.0,1.0
MA0101202504A0090791,탕화쿵푸마라탕청주,지웰시티점,I2,음식,I202,중식,I20202,마라탕/훠궈,I56121,중식 음식점업,43,충청북도,43113,청주시 흥덕구,43113741,복대1동,4311311400,복대동,4311311400102880256,1,대지,충청북도 청주시 흥덕구 복대동 288-15,431133237020,충청북도 청주시 흥덕구 대농로,4.31131140010288e+24,충청북도 청주시 흥덕구 대농로 47,28425.0,1.0
MA0101202504A0012338,프렌즈스크린플러스,봉명점,R1,예술·스포츠,R103,스포츠 서비스,R10311,골프 연습장,R91136,골프 연습장 운영업,43,충청북도,43113,청주시 흥덕구,43113751,봉명1동,4311311500,봉명동,4311311500101709824,1,대지,충청북도 청주시 흥덕구 봉명동 171-3,431133236001,충청북도 청주시 흥덕구 1순환로,4.31131150010171e+24,충청북도 청주시 흥덕구 1순환로 570,28570.0,1.0
MA0101202504A0092679,본대추카페,2호점,I2,음식,I210,기타 간이,I21001,빵/도넛,I56191,제과점업,43,충청북도,43720,보은군,43720250,보은읍,4372025021,보은읍,4372025021101429760,1,대지,충청북도 보은군 보은읍 삼산리 143-60,437204523207,충청북도 보은군 보은읍 삼산로4길,4.37202502110143e+24,충청북도 보은군 보은읍 삼산로4길 3,28948.0,1.0
MA0101202504A0034829,수수하지만굉장해청주,롯데점,I2,음식,I203,일식,I20302,일식 카레/돈가스/덮밥,I56111,한식 일반 음식점업,43,충청북도,43113,청주시 흥덕구,43113760,강서1동,4311313800,비하동,4311313800108109824,1,대지,충청북도 청주시 흥덕구 비하동 811,431133014065,충청북도 청주시 흥덕구 2순환로,4.31131380010332e+24,충청북도 청주시 흥덕구 2순환로 1004,28360.0,2.0
MA0101202504A0043123,88한우도매장,청주봉명점,I2,음식,I201,한식,I20108,소고기 구이/찜,I56111,한식 일반 음식점업,43,충청북도,43113,청주시 흥덕구,43113756,봉명2.송정동,4311311500,봉명동,4311311500128620032,1,대지,충청북도 청주시 흥덕구 봉명동 2862,431133237029,충청북도 청주시 흥덕구 백봉로,4.31131150012862e+24,충청북도 청주시 흥덕구 백봉로 193,28463.0,1.0
MA0101202504A0046427,지에스25서충주파라뷰,2차점,G2,소매,G204,종합 소매,G20405,편의점,G47122,체인화 편의점,43,충청북도,43130,충주시,43130250,주덕읍,4313025026,주덕읍,4313025026112509952,1,대지,충청북도 충주시 주덕읍 화곡리 1251,431304515572,충청북도 충주시 주덕읍 화개4길,4.3130250261125e+24,충청북도 충주시 주덕읍 화개4길 29,27465.0,1.0
MA0101202504A0097480,디저트39충북대,병원점,I2,음식,I212,비알코올,I21201,카페,I56221,커피 전문점,43,충청북도,43112,청주시 서원구,43112590,성화.개신.죽림동,4311210900,개신동,4311210900100519936,1,대지,충청북도 청주시 서원구 개신동 52-8,431123236001,충청북도 청주시 서원구 1순환로,4.31131110010052e+24,충청북도 청주시 서원구 1순환로 771,28666.0,1.0
MA0101202504A0068549,인생고깃집,산남점,I2,음식,I201,한식,I20101,백반/한정식,I56111,한식 일반 음식점업,43,충청북도,43112,청주시 서원구,43112550,산남동,4311210400,산남동,4311210400105010176,1,대지,충청북도 청주시 서원구 산남동 501,431123237037,충청북도 청주시 서원구 산남로,4.31131060010501e+24,충청북도 청주시 서원구 산남로 36,28626.0,1.0
MA0101202504A0014106,달돈별떡용암,본점,I2,음식,I201,한식,I20101,백반/한정식,I56111,한식 일반 음식점업,43,충청북도,43111,청주시 상당구,43111720,용암1동,4311112500,용정동,4311112500110659584,1,대지,충청북도 청주시 상당구 용정동 1066,431114508466,충청북도 청주시 상당구 영운천로203번길,4.31111250011066e+24,충청북도 청주시 상당구 영운천로203번길 5,28749.0,1.0
MA0101202504A0025653,파스타제작소가경,본점,I2,음식,I204,서양식,I20402,파스타/스테이크,I56194,김밥 및 기타 간이 음식점업,43,충청북도,43113,청주시 흥덕구,43113747,가경동,4311311300,가경동,4311311300113139712,1,대지,충청북도 청주시 흥덕구 가경동 1314,431134512031,충청북도 청주시 흥덕구 풍년로160번길,4.31131130011314e+24,충청북도 청주시 흥덕구 풍년로160번길 35-7,28395.0,1.0
MA0101202504A0110307,영스킨앤바디청주,율량점,S2,수리·개인,S207,이용·미용,S20702,피부 관리실,S96113,피부 미용업,43,충청북도,43114,청주시 청원구,43114540,율량.사천동,4311410300,율량동,4311410300108749824,1,대지,충청북도 청주시 청원구 율량동 875-6,431143236050,충청북도 청주시 청원구 율봉로,4.31111150010875e+24,충청북도 청주시 청원구 율봉로 197,28327.0,5.0
MA0101202504A0114248,농민토종순대,율량점,I2,음식,I201,한식,I20102,국/탕/찌개류,I56111,한식 일반 음식점업,43,충청북도,43114,청주시 청원구,43114540,율량.사천동,4311410300,율량동,4311410300120730112,1,대지,충청북도 청주시 청원구 율량동 2073,431143236001,충청북도 청주시 청원구 1순환로,4.31141030012073e+24,충청북도 청주시 청원구 1순환로 134,28320.0,1.0
MA0101202504A0019245,컵넛오송역파라곤센트럴시티,3차점,I2,음식,I210,기타 간이,I21001,빵/도넛,I56191,제과점업,43,충청북도,43113,청주시 흥덕구,43113250,오송읍,4311325031,오송읍,4311325031115230208,1,대지,충청북도 청주시 흥덕구 오송읍 봉산리 1523,431133351770,충청북도 청주시 흥덕구 오송읍 오송생명7로,4.31132503111523e+24,충청북도 청주시 흥덕구 오송읍 오송생명7로 118,28221.0,1.0
MA0101202504A0051969,세븐일레븐청주수곡,수정점,G2,소매,G204,종합 소매,G20405,편의점,G47122,체인화 편의점,43,충청북도,43112,청주시 서원구,43112570,수곡1동,4311210700,수곡동,4311210700100380160,1,대지,충청북도 청주시 서원구 수곡동 38-3,431124511640,충청북도 청주시 서원구 수영로36번길,4.31131090010038e+24,충청북도 청주시 서원구 수영로36번길 5,28710.0,1.0
MA0101202504A0044875,라떼,데일리,I2,음식,I212,비알코올,I21201,카페,I56221,커피 전문점,43,충청북도,43113,청주시 흥덕구,43113760,강서1동,4311311700,강서동,4311311700104770048,1,대지,충청북도 청주시 흥덕구 강서동 477,431133014065,충청북도 청주시 흥덕구 2순환로,4.31131170010477e+24,충청북도 청주시 흥덕구 2순환로 1240,28377.0,1.0
MA0101202504A0021987,세븐일레븐청주비하,골드점,G2,소매,G204,종합 소매,G20405,편의점,G47122,체인화 편의점,43,충청북도,43113,청주시 흥덕구,43113760,강서1동,4311313800,비하동,4311313800101660160,1,대지,충청북도 청주시 흥덕구 비하동 166-11,431134511447,충청북도 청주시 흥덕구 비하로63번길,4.31131380010166e+24,충청북도 청주시 흥덕구 비하로63번길 23,28363.0,1.0
MA0101202504A0068652,송화한우성,본점,I2,음식,I201,한식,I20108,소고기 구이/찜,I56111,한식 일반 음식점업,43,충청북도,43770,음성군,43770340,대소면,4377034024,대소면,4377034024109290496,1,대지,충청북도 음성군 대소면 성본리 929,437703353150,충청북도 음성군 대소면 성본상가로,4.37703402410929e+24,충청북도 음성군 대소면 성본상가로 44,27741.0,1.0
MA0101202504A0040487,미니골드서청주점,롯데마트,G2,소매,G217,시계·귀금속 소매,G21701,시계/귀금속 소매업,G46103,섬유; 의복; 신발 및 가죽제품 중개업,43,충청북도,43113,청주시 흥덕구,43113760,강서1동,4311313800,비하동,4311313800108109824,1,대지,충청북도 청주시 흥덕구 비하동 811,431133014065,충청북도 청주시 흥덕구 2순환로,4.31131380010332e+24,충청북도 청주시 흥덕구 2순환로 1004,28360.0,1.0
MA0101202504A0115698,금천점,꽁꽁냠냠,G2,소매,G204,종합 소매,G20404,슈퍼마켓,G47216,빵류; 과자류 및 당류 소매업,43,충청북도,43111,청주시 상당구,43111680,금천동,4311112000,금천동,4311112000102330368,1,대지,충청북도 청주시 상당구 금천동 233-2,431114508424,충청북도 청주시 상당구 수영로259번길,4.31111200010233e+24,충청북도 청주시 상당구 수영로259번길 29,28733.0,1.0
MA0101202504A0014224,맘스터치신청주,산남점,I2,음식,I210,기타 간이,I21004,버거,I56192,피자; 햄버거; 샌드위치 및 유사 음식점업,43,충청북도,43112,청주시 서원구,43112550,산남동,4311210400,산남동,4311210400106540032,1,대지,충청북도 청주시 서원구 산남동 654,431123237037,충청북도 청주시 서원구 산남로,4.31131060010654e+24,충청북도 청주시 서원구 산남로 54,28625.0,1.0
MA0101202504A0070778,맥주밤거리충주,연수점,I2,음식,I211,주점,I21103,생맥주 전문,I56213,생맥주 전문점,43,충청북도,43130,충주시,43130630,연수동,4313011800,연수동,4313011800108679680,1,대지,충청북도 충주시 연수동 868,431304515021,충청북도 충주시 연수상가4길,4.31301180010868e+24,충청북도 충주시 연수상가4길 12,27347.0,1.0
MA0101202504A0090864,프랭크버거청주,복대점,I2,음식,I210,기타 간이,I21004,버거,I56192,피자; 햄버거; 샌드위치 및 유사 음식점업,43,충청북도,43113,청주시 흥덕구,43113741,복대1동,4311311400,복대동,4311311400125880320,1,대지,충청북도 청주시 흥덕구 복대동 2588,431134511821,충청북도 청주시 흥덕구 증안로22번길,4.31131140012588e+24,충청북도 청주시 흥덕구 증안로22번길 14,28416.0,1.0
MA0101202504A0031239,파리바게뜨용암,효성점,I2,음식,I210,기타 간이,I21001,빵/도넛,I56191,제과점업,43,충청북도,43111,청주시 상당구,43111730,용암2동,4311112400,용암동,4311112400120860160,1,대지,충청북도 청주시 상당구 용암동 2086,431113236049,충청북도 청주시 상당구 월평로,4.31111240012086e+24,충청북도 청주시 상당구 월평로 225,28781.0,1.0
MA0101202504A0077052,세븐청주사창미소점,코리아,G2,소매,G204,종합 소매,G20405,편의점,G47122,체인화 편의점,43,충청북도,43112,청주시 서원구,43112530,사창동,4311210200,사창동,4311210200101839872,1,대지,충청북도 청주시 서원구 사창동 184-6,431124511933,충청북도 청주시 서원구 천수로7번길,4.31131020010184e+24,충청북도 청주시 서원구 천수로7번길 6,28562.0,1.0
MA0101202504A0060877,베가스홀덤펍,산남점,I2,음식,I211,주점,I21101,일반 유흥 주점,I56211,일반 유흥 주점업,43,충청북도,43112,청주시 서원구,43112550,산남동,4311210400,산남동,4311210400106019840,1,대지,충청북도 청주시 서원구 산남동 602,431124511540,충청북도 청주시 서원구 산남로62번길,4.31131060010602e+24,충청북도 청주시 서원구 산남로62번길 30,28625.0,2.0
MA0101202504A0035299,휴대폰캠퍼스,용암점,G2,소매,G208,가전·통신 소매,G20802,핸드폰 소매업,G47312,통신기기 소매업,43,충청북도,43111,청주시 상당구,43111720,용암1동,4311112400,용암동,4311112400123350016,1,대지,충청북도 청주시 상당구 용암동 2335,431113236057,충청북도 청주시 상당구 중흥로,4.31111240012335e+24,충청북도 청주시 상당구 중흥로 135,28767.0,1.0
MA0101202504A0115352,캘리포니아스크린,골프연습장,R1,예술·스포츠,R103,스포츠 서비스,R10311,골프 연습장,G47631,운동 및 경기용품 소매업,43,충청북도,43114,청주시 청원구,43114250,내수읍,4311425041,내수읍,4311425041101570048,1,대지,충청북도 청주시 청원구 내수읍 학평리 157-36,431143240079,충청북도 청주시 청원구 내수읍 청암로,4.31142504110157e+24,충청북도 청주시 청원구 내수읍 청암로 120,28146.0,2.0
MA0101202504A0029330,메이크드림플러스,코리아,G2,소매,G213,오락용품 소매,G21304,운동용품 소매업,G47631,운동 및 경기용품 소매업,43,충청북도,43114,청주시 청원구,43114540,율량.사천동,4311410300,율량동,4311410300109829632,1,대지,충청북도 청주시 청원구 율량동 983,431143236050,충청북도 청주시 청원구 율봉로,4.31111150010983e+24,충청북도 청주시 청원구 율봉로 182-1,28332.0,2.0
MA0101202504A0071106,세무법인신세계,청주지점,M1,과학·기술,M104,회계·세무,M10402,세무사,M71202,세무사업,43,충청북도,43113,청주시 흥덕구,43113760,강서1동,4311311700,강서동,4311311700105090048,1,대지,충청북도 청주시 흥덕구 강서동 509,431133237049,충청북도 청주시 흥덕구 서현중로,4.31131170010509e+24,충청북도 청주시 흥덕구 서현중로 53,28378.0,4.0
MA0101202504A0006140,어반필드PT오창블루,스퀘어점,P1,교육,P107,교육 지원,P10799,기타 교육지원 서비스업,P85709,기타 교육지원 서비스업,43,충청북도,43114,청주시 청원구,43114253,오창읍,4311425344,오창읍,4311425344106389504,1,대지,충청북도 청주시 청원구 오창읍 각리 639-4,431143240007,충청북도 청주시 청원구 오창읍 과학산업3로,4.31142534410639e+24,충청북도 청주시 청원구 오창읍 과학산업3로 216,28125.0,2.0
MA0101202504A0114617,진원소우청주,산남점,I2,음식,I201,한식,I20108,소고기 구이/찜,I56113,한식 육류 요리 전문점,43,충청북도,43112,청주시 서원구,43112550,산남동,4311210400,산남동,4311210400100330496,1,대지,충청북도 청주시 서원구 산남동 33-4,431123237039,충청북도 청주시 서원구 산미로,4.31121040010033e+24,충청북도 청주시 서원구 산미로 136,28635.0,2.0
MA0101202504A0056764,보배반점,충북대점,I2,음식,I202,중식,I20201,중국집,I56121,중식 음식점업,43,충청북도,43112,청주시 서원구,43112530,사창동,4311210200,사창동,4311210200101560320,1,대지,충청북도 청주시 서원구 사창동 156-2,431123236025,충청북도 청주시 서원구 사직대로,4.31131020010156e+24,충청북도 청주시 서원구 사직대로 112,28642.0,2.0
MA0101202504A0049219,할매솥뚜껑삼겹살충북,혁신도시점,I2,음식,I201,한식,I20107,돼지고기 구이/찜,I56111,한식 일반 음식점업,43,충청북도,43750,진천군,43750253,덕산읍,4375025325,덕산읍,4375025325125810176,1,대지,충청북도 진천군 덕산읍 두촌리 2581,437503245036,충청북도 진천군 덕산읍 자안로,4.37503102512581e+24,충청북도 진천군 덕산읍 자안로 9,27871.0,1.0
MA0101202504A0039191,스포치킨,본점,I2,음식,I210,기타 간이,I21006,치킨,I56193,치킨 전문점,43,충청북도,43113,청주시 흥덕구,43113756,봉명2.송정동,4311311500,봉명동,4311311500128690176,1,대지,충청북도 청주시 흥덕구 봉명동 2869,431133237029,충청북도 청주시 흥덕구 백봉로,4.31131150012869e+24,충청북도 청주시 흥덕구 백봉로 171,28463.0,1.0
MA0101202504A0086729,정원미나리삼겹살,오창점,I2,음식,I201,한식,I20107,돼지고기 구이/찜,I56111,한식 일반 음식점업,43,충청북도,43114,청주시 청원구,43114253,오창읍,4311425332,오창읍,4311425332106090496,1,대지,충청북도 청주시 청원구 오창읍 주성리 609,431144571746,충청북도 청주시 청원구 오창읍 주성1길,4.31142533210609e+24,충청북도 청주시 청원구 오창읍 주성1길 16,28117.0,1.0
MA0101202504A0098908,르번미청주,롯데아울렛,I2,음식,I205,동남아시아,I20501,베트남식 전문,I56129,기타 외국식 음식점업,43,충청북도,43113,청주시 흥덕구,43113760,강서1동,4311313800,비하동,4311313800108109824,1,대지,충청북도 청주시 흥덕구 비하동 811,431133014065,충청북도 청주시 흥덕구 2순환로,4.31131380010332e+24,충청북도 청주시 흥덕구 2순환로 1004,28360.0,2.0
MA0101202504A0071592,미용실,청담동,S2,수리·개인,S207,이용·미용,S20701,미용실,S96112,두발 미용업,43,충청북도,43111,청주시 상당구,43111680,금천동,4311112000,금천동,4311112000104760320,1,대지,충청북도 청주시 상당구 금천동 476,431113236005,충청북도 청주시 상당구 꽃산동로,4.31111200010076e+24,충청북도 청주시 상당구 꽃산동로 25,28729.0,1.0
MA0101202504A0062894,웅짜장증평,직영점,I2,음식,I202,중식,I20201,중국집,I56121,중식 음식점업,43,충청북도,43745,증평군,43745250,증평읍,4374525032,증평읍,4374525032107589632,1,대지,충청북도 증평군 증평읍 송산리 759,437454532227,충청북도 증평군 증평읍 송산로1길,4.37452503210759e+24,충청북도 증평군 증평읍 송산로1길 7,27918.0,1.0
MA0101202504A0037780,지에스25청주내덕,시영점,G2,소매,G204,종합 소매,G20405,편의점,G47122,체인화 편의점,43,충청북도,43114,청주시 청원구,43114520,내덕1동,4311410200,내덕동,4311410200107249664,1,대지,충청북도 청주시 청원구 내덕동 725-55,431144508023,충청북도 청주시 청원구 1순환로330번길,4.31111140010725e+24,충청북도 청주시 청원구 1순환로330번길 34,28344.0,1.0
MA0101202504A0101649,청주혼술바제주아홉,율량동점,I2,음식,I211,주점,I21104,요리 주점,I56219,기타 주점업,43,충청북도,43114,청주시 청원구,43114540,율량.사천동,4311410300,율량동,4311410300120410112,1,대지,충청북도 청주시 청원구 율량동 2041,431144844105,충청북도 청주시 청원구 율량로190번길,4.31141030012041e+24,충청북도 청주시 청원구 율량로190번길 31,28320.0,1.0
MA0101202504A0096629,명랑핫도그청주,용암점,I2,음식,I210,기타 간이,I21001,빵/도넛,I56192,피자; 햄버거; 샌드위치 및 유사 음식점업,43,충청북도,43111,청주시 상당구,43111730,용암2동,4311112400,용암동,4311112400120860160,1,대지,충청북도 청주시 상당구 용암동 2086,431113236049,충청북도 청주시 상당구 월평로,4.31111240012086e+24,충청북도 청주시 상당구 월평로 225,28781.0,1.0
MA0101202504A0011056,모미지청주,복대점,I2,음식,I203,일식,I20301,일식 회/초밥,I56122,일식 음식점업,43,충청북도,43113,청주시 흥덕구,43113741,복대1동,4311311400,복대동,4311311400132019712,1,대지,충청북도 청주시 흥덕구 복대동 3202,431133237081,충청북도 청주시 흥덕구 진재로,4.31131140013202e+24,충청북도 청주시 흥덕구 진재로 109,28427.0,2.0
MA0101202503A0025664,오봉집충북,증평점,I2,음식,I201,한식,I20101,백반/한정식,I56111,한식 일반 음식점업,43,충청북도,43745,증평군,43745250,증평읍,4374525030,증평읍,4374525030105690112,1,대지,충청북도 증평군 증평읍 초중리 569-3,437454532182,충청북도 증평군 증평읍 초중10길,4.37452503010569e+24,충청북도 증평군 증평읍 초중10길 13,27941.0,1.0
MA0101202503A0041005,한신우동,청주대점,I2,음식,I201,한식,I20105,국수/칼국수,I56111,한식 일반 음식점업,43,충청북도,43114,청주시 청원구,43114510,우암동,4311410100,우암동,4311410100100200448,1,대지,충청북도 청주시 청원구 우암동 20-32,431144508402,충청북도 청주시 청원구 수암로88번길,4.3111113001002e+24,충청북도 청주시 청원구 수암로88번길 14,28506.0,1.0
MA0101202503A0047687,지리산흑돼지,전문점,I2,음식,I201,한식,I20107,돼지고기 구이/찜,I56111,한식 일반 음식점업,43,충청북도,43112,청주시 서원구,43112590,성화.개신.죽림동,4311210900,개신동,4311210900100019712,1,대지,충청북도 청주시 서원구 개신동 2-56,431124511319,충청북도 청주시 서원구 모충로25번길,4.31131110010002e+24,충청북도 청주시 서원구 모충로25번길 12,28667.0,1.0
MA0101202503A0068220,을지로연탄구이충주,연수점,I2,음식,I201,한식,I20107,돼지고기 구이/찜,I56111,한식 일반 음식점업,43,충청북도,43130,충주시,43130630,연수동,4313011800,연수동,4313011800116160000,1,대지,충청북도 충주시 연수동 1616,431303238002,충청북도 충주시 갱고개로,4.31301180011616e+24,충청북도 충주시 갱고개로 166,27352.0,1.0
MA0101202503A0058920,컴포즈커피충북,광혜원점,I2,음식,I212,비알코올,I21201,카페,I56221,커피 전문점,43,충청북도,43750,진천군,43750370,광혜원면,4375037027,광혜원면,4375037027104430080,1,대지,충청북도 진천군 광혜원면 광혜원리 443-5,437504535351,충청북도 진천군 광혜원면 중리3길,4.37503702710443e+24,충청북도 진천군 광혜원면 중리3길 21,27805.0,1.0
MA0101202503A0026408,복호두청주,율량점,I2,음식,I210,기타 간이,I21001,빵/도넛,I56194,김밥 및 기타 간이 음식점업,43,충청북도,43114,청주시 청원구,43114550,오근장동,4311410500,주성동,4311410500103390208,1,대지,충청북도 청주시 청원구 주성동 339,431143349124,충청북도 청주시 청원구 율량로,4.31141050010339e+24,충청북도 청주시 청원구 율량로 100,28318.0,1.0
MA0101202503A0046797,소운나김밥,오창점,I2,음식,I210,기타 간이,I21007,김밥/만두/분식,I56111,한식 일반 음식점업,43,충청북도,43114,청주시 청원구,43114253,오창읍,4311425345,오창읍,4311425345108179968,1,대지,충청북도 청주시 청원구 오창읍 양청리 818-5,431143240077,충청북도 청주시 청원구 오창읍 중심상업로,4.37102534500818e+24,충청북도 청주시 청원구 오창읍 중심상업로 14,28119.0,1.0
MA0101202503A0030735,노랑통닭,하복대점,I2,음식,I210,기타 간이,I21006,치킨,I56193,치킨 전문점,43,충청북도,43113,청주시 흥덕구,43113741,복대1동,4311311400,복대동,4311311400130209792,1,대지,충청북도 청주시 흥덕구 복대동 3021,431133237081,충청북도 청주시 흥덕구 진재로,4.31131140013021e+24,충청북도 청주시 흥덕구 진재로 22,28420.0,1.0
MA0101202503A0010511,쉐프의생안심탕수육본사,직영점,I2,음식,I202,중식,I20201,중국집,I56111,한식 일반 음식점업,43,충청북도,43114,청주시 청원구,43114530,내덕2동,4311410200,내덕동,4311410200105220096,1,대지,충청북도 청주시 청원구 내덕동 522-3,431144508063,충청북도 청주시 청원구 공항로64번길,4.31111140010522e+24,충청북도 청주시 청원구 공항로64번길 28,28492.0,1.0
MA0101202503A0044949,메가엠지씨커피충북대,정문점,I2,음식,I212,비알코올,I21201,카페,I56221,커피 전문점,43,충청북도,43113,청주시 흥덕구,43113742,복대2동,4311311400,복대동,4311311400116310016,1,대지,충청북도 청주시 흥덕구 복대동 1631,431133237019,충청북도 청주시 흥덕구 내수동로,4.31131140011631e+24,충청북도 청주시 흥덕구 내수동로 46,28595.0,1.0
MA0101202504A0113906,이마트24청주용암,센트럴점,G2,소매,G204,종합 소매,G20405,편의점,G47122,체인화 편의점,43,충청북도,43111,청주시 상당구,43111730,용암2동,4311112400,용암동,4311112400118640128,1,대지,충청북도 청주시 상당구 용암동 1864,431114508230,충청북도 청주시 상당구 무농정로51번길,4.31111240011864e+24,충청북도 청주시 상당구 무농정로51번길 21,28782.0,1.0
MA0101202503A0058162,컴포즈커피청주분평농협,사거리점,I2,음식,I212,비알코올,I21201,카페,I56221,커피 전문점,43,충청북도,43112,청주시 서원구,43112560,분평동,4311210600,분평동,4311210600112260096,1,대지,충청북도 청주시 서원구 분평동 1226,431123236049,충청북도 청주시 서원구 월평로,4.31131080011227e+24,충청북도 청주시 서원구 월평로 4,28797.0,1.0
MA0101202503A0033386,천사마트무인점,충대점,G2,소매,G204,종합 소매,G20404,슈퍼마켓,G47216,빵류; 과자류 및 당류 소매업,43,충청북도,43112,청주시 서원구,43112590,성화.개신.죽림동,4311210900,개신동,4311210900102779904,1,대지,충청북도 청주시 서원구 개신동 278-10,431123237050,충청북도 청주시 서원구 성봉로,4.31131110010278e+24,충청북도 청주시 서원구 성봉로 226-18,28645.0,1.0
MA0101202504A0042384,강아지고양이편의점,오창점,G2,소매,G220,애완동물·용품 소매,G22001,애완동물/애완용품 소매업,G47852,애완용 동물 및 관련용품 소매업,43,충청북도,43114,청주시 청원구,43114253,오창읍,4311425345,오창읍,4311425345107870208,1,대지,충청북도 청주시 청원구 오창읍 양청리 787-5,431143240075,충청북도 청주시 청원구 오창읍 중심상업1로,4.37102534500787e+24,충청북도 청주시 청원구 오창읍 중심상업1로 50,28120.0,1.0
MA0101202503A0075814,안동본가국밥,수곡점,I2,음식,I201,한식,I20102,국/탕/찌개류,I56111,한식 일반 음식점업,43,충청북도,43112,청주시 서원구,43112570,수곡1동,4311210700,수곡동,4311210700101779968,1,대지,충청북도 청주시 서원구 수곡동 178-2,431123237013,충청북도 청주시 서원구 구룡산로,4.31131090010178e+24,충청북도 청주시 서원구 구룡산로 334,28693.0,1.0
MA0101202502A0051044,퀴즈노스,충북대점,I2,음식,I210,기타 간이,I21006,치킨,I56193,치킨 전문점,43,충청북도,43112,청주시 서원구,43112590,성화.개신.죽림동,4311210900,개신동,4311210900100120576,1,대지,충청북도 청주시 서원구 개신동 12,431123350731,충청북도 청주시 서원구 충대로,4.31131110010012e+24,충청북도 청주시 서원구 충대로 1,28644.0,1.0
MA0101202503A0075145,성수완당,충청점,G2,소매,G204,종합 소매,G20404,슈퍼마켓,G47129,기타 음ㆍ식료품 위주 종합 소매업,43,충청북도,43113,청주시 흥덕구,43113741,복대1동,4311311400,복대동,4311311400126469632,1,대지,충청북도 청주시 흥덕구 복대동 2647,431133237081,충청북도 청주시 흥덕구 진재로,4.31131140012647e+24,충청북도 청주시 흥덕구 진재로 41,28416.0,3.0
MA0101202503A0054652,차랑출장세차청주,흥덕점,S2,수리·개인,S203,자동차 수리·세차,S20302,자동차 세차장,S95213,자동차 세차업,43,충청북도,43113,청주시 흥덕구,43113741,복대1동,4311311400,복대동,4311311400126469632,1,대지,충청북도 청주시 흥덕구 복대동 2647,431133237081,충청북도 청주시 흥덕구 진재로,4.31131140012647e+24,충청북도 청주시 흥덕구 진재로 41,28416.0,3.0
MA0101202503A0069165,터줏대감,첨단점,I2,음식,I201,한식,I20101,백반/한정식,I56111,한식 일반 음식점업,43,충청북도,43130,충주시,43130335,대소원면,4313033531,대소원면,4313033531109880320,1,대지,충청북도 충주시 대소원면 본리 988,431304515535,충청북도 충주시 대소원면 첨단쉼터4길,4.31303303110988e+24,충청북도 충주시 대소원면 첨단쉼터4길 36,27466.0,1.0
MA0101202503A0013481,프렌즈스크린각리,오창점,R1,예술·스포츠,R103,스포츠 서비스,R10311,골프 연습장,R91136,골프 연습장 운영업,43,충청북도,43114,청주시 청원구,43114253,오창읍,4311425344,오창읍,4311425344106399744,1,대지,충청북도 청주시 청원구 오창읍 각리 640-3,431143240007,충청북도 청주시 청원구 오창읍 과학산업3로,4.3710253440064e+24,충청북도 청주시 청원구 오창읍 과학산업3로 210-8,28125.0,2.0
MA0101202503A0064105,강릉장칼청주,가경점,I2,음식,I201,한식,I20105,국수/칼국수,I56111,한식 일반 음식점업,43,충청북도,43113,청주시 흥덕구,43113760,강서1동,4311311700,강서동,4311311700100930048,1,대지,충청북도 청주시 흥덕구 강서동 93-1,431134511088,충청북도 청주시 흥덕구 가로수로1164번길,4.31131170010093e+24,충청북도 청주시 흥덕구 가로수로1164번길 56,28376.0,1.0
MA0101202503A0074406,피자나라치킨공주청주,용암점,I2,음식,I210,기타 간이,I21003,피자,I56193,치킨 전문점,43,충청북도,43111,청주시 상당구,43111720,용암1동,4311112400,용암동,4311112400130419712,1,대지,충청북도 청주시 상당구 용암동 3042,431114857347,충청북도 청주시 상당구 중고개로141번길,4.31111240013042e+24,충청북도 청주시 상당구 중고개로141번길 22-2,28808.0,1.0
MA0101202503A0065864,현풍닭칼국수충북,오창점,I2,음식,I201,한식,I20105,국수/칼국수,I56112,한식 면 요리 전문점,43,충청북도,43114,청주시 청원구,43114253,오창읍,4311425344,오창읍,4311425344106490368,1,대지,충청북도 청주시 청원구 오창읍 각리 649-3,431143240063,충청북도 청주시 청원구 오창읍 오창중앙로,4.37102534400649e+24,충청북도 청주시 청원구 오창읍 오창중앙로 123-8,28123.0,1.0
MA0101202503A0062564,백세장수촌,오창점,I2,음식,I201,한식,I20101,백반/한정식,I56111,한식 일반 음식점업,43,충청북도,43114,청주시 청원구,43114253,오창읍,4311425345,오창읍,4311425345107850240,1,대지,충청북도 청주시 청원구 오창읍 양청리 785-2,431143240006,충청북도 청주시 청원구 오창읍 과학산업2로,4.37102534500785e+24,충청북도 청주시 청원구 오창읍 과학산업2로 426,28120.0,1.0
MA0101202503A0025933,코인홀릭코인노래연습장충주,연수점,R1,예술·스포츠,R104,유원지·오락,R10407,노래방,R91223,노래 연습장 운영업,43,충청북도,43130,충주시,43130630,연수동,4313011800,연수동,4313011800115989504,1,대지,충청북도 충주시 연수동 1599,431304515010,충청북도 충주시 연수동산로6길,4.31301180011599e+24,충청북도 충주시 연수동산로6길 15,27352.0,2.0
MA0101202503A0004703,비에이치씨청주,복대점,I2,음식,I210,기타 간이,I21006,치킨,I56193,치킨 전문점,43,충청북도,43113,청주시 흥덕구,43113741,복대1동,4311311400,복대동,4311311400126459904,1,대지,충청북도 청주시 흥덕구 복대동 2646,431133237081,충청북도 청주시 흥덕구 진재로,4.31131140012646e+24,충청북도 청주시 흥덕구 진재로 43,28416.0,1.0
MA0101202503A0046169,숯양두마리치킨,연수점,I2,음식,I210,기타 간이,I21006,치킨,I56193,치킨 전문점,43,충청북도,43130,충주시,43130630,연수동,4313011800,연수동,4313011800112620032,1,대지,충청북도 충주시 연수동 1262,431304515024,충청북도 충주시 연수서2길,4.31301180011262e+24,충청북도 충주시 연수서2길 10,27356.0,1.0
MA0101202503A0005358,삼영부속구이,오창점,I2,음식,I201,한식,I20101,백반/한정식,I56111,한식 일반 음식점업,43,충청북도,43114,청주시 청원구,43114253,오창읍,4311425345,오창읍,4311425345107500032,1,대지,충청북도 청주시 청원구 오창읍 양청리 750-1,431143240050,충청북도 청주시 청원구 오창읍 양청택지로,4.3710253450075e+24,충청북도 청주시 청원구 오창읍 양청택지로 103,28115.0,1.0
MA0101202503A0000232,화끈불끈쭈꾸미증평,직영점,I2,음식,I201,한식,I20112,해산물 구이/찜,I56111,한식 일반 음식점업,43,충청북도,43745,증평군,43745250,증평읍,4374525032,증평읍,4374525032107589632,1,대지,충청북도 증평군 증평읍 송산리 759,437454532227,충청북도 증평군 증평읍 송산로1길,4.37452503210759e+24,충청북도 증평군 증평읍 송산로1길 7,27918.0,2.0
MA0101202504A0011175,짬뽕지존충주,시청점,I2,음식,I202,중식,I20201,중국집,I56121,중식 음식점업,43,충청북도,43130,충주시,43130625,칠금.금릉동,4313012800,금릉동,4313012800107290112,1,대지,충청북도 충주시 금릉동 729,431303238052,충청북도 충주시 으뜸로,4.31301280010729e+24,충청북도 충주시 으뜸로 38,27340.0,1.0
MA0101202503A0015791,빽다방청주방서호반,우미린점,I2,음식,I212,비알코올,I21201,카페,I56221,커피 전문점,43,충청북도,43111,청주시 상당구,43111730,용암2동,4311112600,방서동,4311112600108259840,1,대지,충청북도 청주시 상당구 방서동 826,431113352531,충청북도 청주시 상당구 동남로,4.31111260010025e+24,충청북도 청주시 상당구 동남로 20,28785.0,1.0
MA0101202504A0023373,럭키마라탕,복대점,I2,음식,I202,중식,I20202,마라탕/훠궈,I56121,중식 음식점업,43,충청북도,43113,청주시 흥덕구,43113741,복대1동,4311311400,복대동,4311311400126459904,1,대지,충청북도 청주시 흥덕구 복대동 2646,431133237081,충청북도 청주시 흥덕구 진재로,4.31131140012646e+24,충청북도 청주시 흥덕구 진재로 43,28416.0,1.0
MA0101202503A0045146,메가엠지씨커피청주비하,효성점,I2,음식,I212,비알코올,I21201,카페,I56221,커피 전문점,43,충청북도,43113,청주시 흥덕구,43113760,강서1동,4311313800,비하동,4311313800103119872,1,대지,충청북도 청주시 흥덕구 비하동 312-1,431134511051,충청북도 청주시 흥덕구 2순환로1050번길,4.31131380010312e+24,충청북도 청주시 흥덕구 2순환로1050번길 8-2,28361.0,1.0
MA0101202503A0019816,새롬&숲칼프교육센터,제천점,S2,수리·개인,S207,이용·미용,S20702,피부 관리실,S96113,피부 미용업,43,충청북도,43150,제천시,43150528,중앙동,4315010700,중앙로2가,4315010700100689920,1,대지,충청북도 제천시 중앙로2가 69-20,431503239071,충청북도 제천시 칠성로,4.31501070010069e+24,충청북도 제천시 칠성로 79,27166.0,1.0
MA0101202503A0077541,막창품은뒷고기가경,개신점,I2,음식,I201,한식,I20107,돼지고기 구이/찜,I56111,한식 일반 음식점업,43,충청북도,43113,청주시 흥덕구,43113742,복대2동,4311311400,복대동,4311311400123780096,1,대지,충청북도 청주시 흥덕구 복대동 2378,431133237074,충청북도 청주시 흥덕구 장구봉로,4.31131140012378e+24,충청북도 청주시 흥덕구 장구봉로 145,28604.0,1.0
MA0101202503A0052045,맥시칸치킨,연수점,I2,음식,I210,기타 간이,I21006,치킨,I56111,한식 일반 음식점업,43,충청북도,43130,충주시,43130630,연수동,4313011800,연수동,4313011800112650240,1,대지,충청북도 충주시 연수동 1265,431304515024,충청북도 충주시 연수서2길,4.31301180011265e+24,충청북도 충주시 연수서2길 12-1,27356.0,1.0
MA0101202503A0010604,보문산식후경,복대점,I2,음식,I201,한식,I20101,백반/한정식,I56111,한식 일반 음식점업,43,충청북도,43113,청주시 흥덕구,43113742,복대2동,4311311400,복대동,4311311400121370112,1,대지,충청북도 청주시 흥덕구 복대동 2137,431134511660,충청북도 청주시 흥덕구 신율로103번길,4.31131140012137e+24,충청북도 청주시 흥덕구 신율로103번길 6,28606.0,1.0
MA0101202503A0002250,막창품은뒷고기오창,산단점,I2,음식,I201,한식,I20107,돼지고기 구이/찜,I56111,한식 일반 음식점업,43,충청북도,43114,청주시 청원구,43114253,오창읍,4311425332,오창읍,4311425332105440256,1,대지,충청북도 청주시 청원구 오창읍 주성리 544,431143257079,충청북도 청주시 청원구 오창읍 2산단3로,4.31142533210544e+24,충청북도 청주시 청원구 오창읍 2산단3로 18,28117.0,1.0
MA0101202502A0034368,한솥청주개신,중앙점,I2,음식,I201,한식,I20101,백반/한정식,I56111,한식 일반 음식점업,43,충청북도,43112,청주시 서원구,43112590,성화.개신.죽림동,4311210900,개신동,4311210900106970112,1,대지,충청북도 청주시 서원구 개신동 697,431123237030,충청북도 청주시 서원구 복대로,4.31131110010697e+24,충청북도 청주시 서원구 복대로 15,28612.0,1.0
MA0101202503A0075311,메가엠지씨커피청주효촌,사거리점,I2,음식,I212,비알코올,I21201,카페,I56221,커피 전문점,43,충청북도,43111,청주시 상당구,43111340,남일면,4311134022,남일면,4311134022101929984,1,대지,충청북도 청주시 상당구 남일면 효촌리 193-7,431113236065,충청북도 청주시 상당구 남일면 단재로,4.37103402200193e+24,충청북도 청주시 상당구 남일면 단재로 492,28187.0,1.0
MA010120220811691537,진바이크청주,청원점,G2,소매,G203,모터사이클 소매,G20301,모터사이클 및 부품 소매업,G45302,모터사이클 및 부품 소매업,43,충청북도,43114,청주시 청원구,43114540,율량.사천동,4311410300,율량동,4311410300109240320,1,대지,충청북도 청주시 청원구 율량동 924-1,431143236064,충청북도 청주시 청원구 공항로,4.31111150010924e+24,충청북도 청주시 청원구 공항로 104,28331.0,1.0
MA010120220806702665,세븐일레븐청주복대,2호점,G2,소매,G204,종합 소매,G20405,편의점,G47122,체인화 편의점,43,충청북도,43113,청주시 흥덕구,43113741,복대1동,4311311400,복대동,4311311400126439424,1,대지,충청북도 청주시 흥덕구 복대동 2644,431133237081,충청북도 청주시 흥덕구 진재로,4.31131140012644e+24,충청북도 청주시 흥덕구 진재로 45-1,28416.0,1.0
MA010120220813924371,소림마라,제천점,I2,음식,I202,중식,I20202,마라탕/훠궈,I56121,중식 음식점업,43,충청북도,43150,제천시,43150560,용두동,4315011100,하소동,4315011100100600320,1,대지,충청북도 제천시 하소동 60,431504517633,충청북도 제천시 용두대로21길,4.3150111001006e+24,충청북도 제천시 용두대로21길 7,27161.0,2.0
MA010120220812183925,신깡통뒷고기,충북대점,I2,음식,I210,기타 간이,I21006,치킨,I56193,치킨 전문점,43,충청북도,43113,청주시 흥덕구,43113742,복대2동,4311311400,복대동,4311311400108570112,1,대지,충청북도 청주시 흥덕구 복대동 857-9,431133237019,충청북도 청주시 흥덕구 내수동로,4.31131140010857e+24,충청북도 청주시 흥덕구 내수동로 41,28594.0,1.0
MA010120220808039679,이디야가경,중앙점,I2,음식,I212,비알코올,I21201,카페,I56221,커피 전문점,43,충청북도,43113,청주시 흥덕구,43113747,가경동,4311311300,가경동,4311311300101269504,1,대지,충청북도 청주시 흥덕구 가경동 127-11,431133237002,충청북도 청주시 흥덕구 가경로,4.31131130010127e+24,충청북도 청주시 흥덕구 가경로 127,28398.0,1.0
MA010120220805601901,교동짬뽕,죽림점,I2,음식,I202,중식,I20201,중국집,I56121,중식 음식점업,43,충청북도,43112,청주시 서원구,43112590,성화.개신.죽림동,4311211000,죽림동,4311211000103079936,1,대지,충청북도 청주시 서원구 죽림동 308,431124511727,충청북도 청주시 서원구 용호로5번길,4.31131120010308e+24,충청북도 청주시 서원구 용호로5번길 54,28615.0,1.0
MA010120220805715142,삼천리자전거청전,대리점,G2,소매,G213,오락용품 소매,G21305,자전거 소매업,G47632,자전거 및 기타 운송장비 소매업,43,충청북도,43150,제천시,43150590,청전동,4315011300,청전동,4315011300106389504,1,대지,충청북도 제천시 청전동 639,431502239003,충청북도 제천시 청전대로,4.31501130010639e+24,충청북도 제천시 청전대로 166,27152.0,1.0
MA010120220808535391,지에스25봉산,센터점,G2,소매,G204,종합 소매,G20405,편의점,G47122,체인화 편의점,43,충청북도,43113,청주시 흥덕구,43113250,오송읍,4311325031,오송읍,4311325031111889920,1,대지,충청북도 청주시 흥덕구 오송읍 봉산리 1189,431134520285,충청북도 청주시 흥덕구 오송읍 봉산2길,4.31132503111189e+24,충청북도 청주시 흥덕구 오송읍 봉산2길 49,28222.0,1.0
MA010120220806263749,대성쎌틱청주,동부지점,G2,소매,G210,철물·건설자재 소매,G21001,철물/공구 소매업,G47511,철물 및 난방용구 소매업,43,충청북도,43114,청주시 청원구,43114510,우암동,4311410100,우암동,4311410100102609920,1,대지,충청북도 청주시 청원구 우암동 261-211,431144508721,충청북도 청주시 청원구 향군로93번길,4.31111130010261e+24,충청북도 청주시 청원구 향군로93번길 10-24,28485.0,1.0
MA010120220803254494,미소야,산남점,I2,음식,I203,일식,I20302,일식 카레/돈가스/덮밥,I56122,일식 음식점업,43,충청북도,43112,청주시 서원구,43112550,산남동,4311210400,산남동,4311210400106599424,1,대지,충청북도 청주시 서원구 산남동 660,431124511541,충청북도 청주시 서원구 산남로70번길,4.3113106001066e+24,충청북도 청주시 서원구 산남로70번길 3,28625.0,1.0
MA010120220813202108,신전떡볶이,호암점,I2,음식,I210,기타 간이,I21007,김밥/만두/분식,I56194,김밥 및 기타 간이 음식점업,43,충청북도,43130,충주시,43130580,호암.직동,4313010700,호암동,4313010700112159744,1,대지,충청북도 충주시 호암동 1216,431303352070,충청북도 충주시 호암토성2로,4.31301070011216e+24,충청북도 충주시 호암토성2로 3,27480.0,1.0
MA010120220809875918,두찜청주,분평점,I2,음식,I201,한식,I20107,돼지고기 구이/찜,I56113,한식 육류 요리 전문점,43,충청북도,43112,청주시 서원구,43112550,산남동,4311210600,분평동,4311210600102739968,1,대지,충청북도 청주시 서원구 분평동 274-2,431124511688,충청북도 청주시 서원구 안뜸로12번길,4.31131080010274e+24,충청북도 청주시 서원구 안뜸로12번길 2,28699.0,1.0
MA010120220808779786,아부찌부대찌개,용산점,I2,음식,I201,한식,I20102,국/탕/찌개류,I56111,한식 일반 음식점업,43,충청북도,43130,충주시,43130550,용산동,4313010600,용산동,4313010600116740096,1,대지,충청북도 충주시 용산동 1674,431303238008,충청북도 충주시 남산로,4.31301060011674e+24,충청북도 충주시 남산로 107,27397.0,1.0
MA010120220811859106,에끌라두,가경점,S2,수리·개인,S207,이용·미용,S20702,피부 관리실,S96113,피부 미용업,43,충청북도,43113,청주시 흥덕구,43113747,가경동,4311311300,가경동,4311311300114830336,1,대지,충청북도 청주시 흥덕구 가경동 1483-14,431134512042,충청북도 청주시 흥덕구 풍년로96번길,4.31131130011483e+24,충청북도 청주시 흥덕구 풍년로96번길 7-7,28403.0,1.0
MA010120220811698806,육쌈냉면청주,터미널점,I2,음식,I201,한식,I20106,냉면/밀면,I56112,한식 면 요리 전문점,43,충청북도,43113,청주시 흥덕구,43113747,가경동,4311311300,가경동,4311311300114499584,1,대지,충청북도 청주시 흥덕구 가경동 1450-2,431133237093,충청북도 청주시 흥덕구 풍산로,4.3113113001145e+24,충청북도 청주시 흥덕구 풍산로 28,28399.0,1.0
MA010120220809982624,바이크아이티,본점,G2,소매,G203,모터사이클 소매,G20301,모터사이클 및 부품 소매업,G45302,모터사이클 및 부품 소매업,43,충청북도,43112,청주시 서원구,43112310,남이면,4311231035,남이면,4311231035100890112,1,대지,충청북도 청주시 서원구 남이면 대련리 89-1,431123240091,충청북도 청주시 서원구 남이면 대림로,4.31123103510089e+24,충청북도 청주시 서원구 남이면 대림로 159,28180.0,1.0
MA010120220801570119,놀부부대찌게&철판구이,가경점,I2,음식,I201,한식,I20102,국/탕/찌개류,I56111,한식 일반 음식점업,43,충청북도,43113,청주시 흥덕구,43113747,가경동,4311311300,가경동,4311311300114919424,1,대지,충청북도 청주시 흥덕구 가경동 1492-7,431133237074,충청북도 청주시 흥덕구 장구봉로,4.31131130011492e+24,충청북도 청주시 흥덕구 장구봉로 12,28405.0,1.0
MA010120220809242846,방역,코리아,N1,시설관리·임대,N102,청소·방제,N10203,소독; 구충 및 방제 서비스업,N74220,소독; 구충 및 방제 서비스업,43,충청북도,43114,청주시 청원구,43114250,내수읍,4311425022,내수읍,4311425022101699584,1,대지,충청북도 청주시 청원구 내수읍 마산리 170-8,431144520221,충청북도 청주시 청원구 내수읍 마산1길,4.3710250220017e+24,충청북도 청주시 청원구 내수읍 마산1길 115,28145.0,1.0
MA010120220803358997,해시태그,코리아,M1,과학·기술,M105,광고,M10501,광고 대행업,M71310,광고 대행업,43,충청북도,43113,청주시 흥덕구,43113741,복대1동,4311311400,복대동,4311311400102880256,1,대지,충청북도 청주시 흥덕구 복대동 288-6,431133237020,충청북도 청주시 흥덕구 대농로,4.31131140010288e+24,충청북도 청주시 흥덕구 대농로 33,28424.0,5.0
MA010120220812936841,워시엔조이청주,가경점,S2,수리·개인,S209,세탁,S20902,셀프 빨래방,S96912,가정용 세탁업,43,충청북도,43113,청주시 흥덕구,43113747,가경동,4311311300,가경동,4311311300120350208,1,대지,충청북도 청주시 흥덕구 가경동 2035,431134511589,충청북도 청주시 흥덕구 서현중로28번길,4.31131130012035e+24,충청북도 청주시 흥덕구 서현중로28번길 6,28384.0,1.0
MA010120220812767645,통불,용암점,I2,음식,I211,주점,I21104,요리 주점,I56219,기타 주점업,43,충청북도,43111,청주시 상당구,43111720,용암1동,4311112400,용암동,4311112400116839424,1,대지,충청북도 청주시 상당구 용암동 1684,431114508001,충청북도 청주시 상당구 1순환로1253번길,4.31111240011684e+24,충청북도 청주시 상당구 1순환로1253번길 8,28776.0,1.0
MA0101202411A0166496,비비안청주점직매장,롯데아울렛,G2,소매,G209,섬유·의복·신발 소매,G20905,기타 의류 소매업,G47413,속옷 및 잠옷 소매업,43,충청북도,43113,청주시 흥덕구,43113760,강서1동,4311313800,비하동,4311313800108109824,1,대지,충청북도 청주시 흥덕구 비하동 811,431133014065,충청북도 청주시 흥덕구 2순환로,4.31131380010332e+24,충청북도 청주시 흥덕구 2순환로 1004,28360.0,2.0
MA0101202411A0141540,바나타이거충주,연수점,I2,음식,I212,비알코올,I21201,카페,I56221,커피 전문점,43,충청북도,43130,충주시,43130630,연수동,4313011800,연수동,4313011800114919424,1,대지,충청북도 충주시 연수동 1492,431302238001,충청북도 충주시 계명대로,4.31301180011492e+24,충청북도 충주시 계명대로 229,27352.0,1.0
MA0101202411A0089472,맘스터치,용암점,I2,음식,I210,기타 간이,I21004,버거,I56192,피자; 햄버거; 샌드위치 및 유사 음식점업,43,충청북도,43111,청주시 상당구,43111720,용암1동,4311112400,용암동,4311112400123580416,1,대지,충청북도 청주시 상당구 용암동 2358,431114508107,충청북도 청주시 상당구 낙영로24번길,4.31111240012358e+24,충청북도 청주시 상당구 낙영로24번길 24,28767.0,1.0
MA0101202411A0088151,동백상회,4호점,G2,소매,G222,중고 상품 소매,G22201,중고 상품 소매업,G47869,기타 중고 상품 소매업,43,충청북도,43130,충주시,43130630,연수동,4313011800,연수동,4313011800105180160,1,대지,충청북도 충주시 연수동 518-1,431304514371,충청북도 충주시 동수5길,4.31301180010518e+24,충청북도 충주시 동수5길 8,27350.0,1.0
MA0101202411A0133962,스릴앤조이,오창점,G2,소매,G221,기타 상품 소매,G22199,그 외 기타 상품 전문 소매업,G47859,그 외 기타 분류 안된 상품 전문 소매업,43,충청북도,43114,청주시 청원구,43114253,오창읍,4311425345,오창읍,4311425345107970048,1,대지,충청북도 청주시 청원구 오창읍 양청리 797-1,431143240076,충청북도 청주시 청원구 오창읍 중심상업2로,4.37102534500797e+24,충청북도 청주시 청원구 오창읍 중심상업2로 9-38,28119.0,1.0
MA0101202411A0081418,올떡&우쿠야청주,본점,I2,음식,I210,기타 간이,I21002,떡/한과,I56111,한식 일반 음식점업,43,충청북도,43113,청주시 흥덕구,43113751,봉명1동,4311311500,봉명동,4311311500101680128,1,대지,충청북도 청주시 흥덕구 봉명동 168-6,431134511841,충청북도 청주시 흥덕구 직지대로568번길,4.31131150010168e+24,충청북도 청주시 흥덕구 직지대로568번길 7,28569.0,1.0
MA0101202411A0058282,88냉면오창,본점,I2,음식,I201,한식,I20106,냉면/밀면,I56111,한식 일반 음식점업,43,충청북도,43114,청주시 청원구,43114253,오창읍,4311425345,오창읍,4311425345107180032,1,대지,충청북도 청주시 청원구 오창읍 양청리 718-6,431143240062,충청북도 청주시 청원구 오창읍 오창공원로,4.37102534500718e+24,충청북도 청주시 청원구 오창읍 오창공원로 33,28115.0,1.0
MA0101202411A0178330,세무법인호연,충주지점,M1,과학·기술,M104,회계·세무,M10402,세무사,M71202,세무사업,43,충청북도,43130,충주시,43130535,교현.안림동,4313012200,안림동,4313012200104770048,1,대지,충청북도 충주시 안림동 477,431303238041,충청북도 충주시 안림로,4.31301220010477e+24,충청북도 충주시 안림로 28,27486.0,1.0
MA0101202411A0183756,메가엠지씨커피청주석곡,사거리점,I2,음식,I212,비알코올,I21201,카페,I56221,커피 전문점,43,충청북도,43113,청주시 흥덕구,43113760,강서1동,4311311700,강서동,4311311700102840320,1,대지,충청북도 청주시 흥덕구 강서동 284-7,431133014066,충청북도 청주시 흥덕구 서부로,4.31131170010284e+24,충청북도 청주시 흥덕구 서부로 1093,28381.0,1.0
MA0101202411A0071997,찌개공방,옥산점,I2,음식,I201,한식,I20102,국/탕/찌개류,I56111,한식 일반 음식점업,43,충청북도,43113,청주시 흥덕구,43113320,옥산면,4311332021,옥산면,4311332021101959680,1,대지,충청북도 청주시 흥덕구 옥산면 오산리 196-8,431133237111,충청북도 청주시 흥덕구 옥산면 청주역로,4.37104102100196e+24,충청북도 청주시 흥덕구 옥산면 청주역로 667,28113.0,1.0
MA0101202411A0002399,그린베어,오창점,I2,음식,I210,기타 간이,I21007,김밥/만두/분식,I56194,김밥 및 기타 간이 음식점업,43,충청북도,43114,청주시 청원구,43114253,오창읍,4311425345,오창읍,4311425345107520000,1,대지,충청북도 청주시 청원구 오창읍 양청리 752-6,431143240006,충청북도 청주시 청원구 오창읍 과학산업2로,4.37102534510752e+24,충청북도 청주시 청원구 오창읍 과학산업2로 373,28115.0,1.0
MA0101202411A0082788,평민닭발오송,1호점,I2,음식,I201,한식,I20110,닭/오리고기 구이/찜,I56111,한식 일반 음식점업,43,충청북도,43113,청주시 흥덕구,43113250,오송읍,4311325031,오송읍,4311325031113129984,1,대지,충청북도 청주시 흥덕구 오송읍 봉산리 1313,431133351771,충청북도 청주시 흥덕구 오송읍 오송생명8로,4.31132503110099e+24,충청북도 청주시 흥덕구 오송읍 오송생명8로 231,28222.0,1.0
MA0101202411A0032868,뽁당볶음밥,가경점,I2,음식,I201,한식,I20101,백반/한정식,I56111,한식 일반 음식점업,43,충청북도,43113,청주시 흥덕구,43113747,가경동,4311311300,가경동,4311311300111099904,1,대지,충청북도 청주시 흥덕구 가경동 1110,431134512065,충청북도 청주시 흥덕구 풍산로47번길,4.3113113001111e+24,충청북도 청주시 흥덕구 풍산로47번길 37-10,28395.0,1.0
MA0101202411A0084733,구도로통닭,청주봉명점,I2,음식,I210,기타 간이,I21006,치킨,I56193,치킨 전문점,43,충청북도,43113,청주시 흥덕구,43113756,봉명2.송정동,4311311500,봉명동,4311311500118330368,1,대지,충청북도 청주시 흥덕구 봉명동 1833,431133236058,충청북도 청주시 흥덕구 직지대로,4.31131150011833e+24,충청북도 청주시 흥덕구 직지대로 605,28452.0,1.0
MA0101202411A0000411,파닭참잘하는집,봉명점,I2,음식,I210,기타 간이,I21006,치킨,I56111,한식 일반 음식점업,43,충청북도,43113,청주시 흥덕구,43113756,봉명2.송정동,4311311500,봉명동,4311311500124739584,1,대지,충청북도 청주시 흥덕구 봉명동 2474,431134511259,충청북도 청주시 흥덕구 덕암로41번길,4.31131150012474e+24,충청북도 청주시 흥덕구 덕암로41번길 8,28461.0,1.0
MA0101202411A0140049,시골밥상,서부점,I2,음식,I201,한식,I20101,백반/한정식,I56111,한식 일반 음식점업,43,충청북도,43150,제천시,43150547,영서동,4315010200,서부동,4315010200108039680,1,대지,충청북도 제천시 서부동 804,431503239009,충청북도 제천시 내제로,4.31501020010804e+24,충청북도 제천시 내제로 66-2,27171.0,1.0
MA0101202411A0079346,꼬뎅청주,율량점,I2,음식,I201,한식,I20101,백반/한정식,I56111,한식 일반 음식점업,43,충청북도,43114,청주시 청원구,43114540,율량.사천동,4311410300,율량동,4311410300112679936,1,대지,충청북도 청주시 청원구 율량동 1268,431144508259,충청북도 청주시 청원구 사뜸로67번길,4.31111150011268e+24,충청북도 청주시 청원구 사뜸로67번길 21,28340.0,1.0
MA0101202411A0113273,유가네청주,성안점,I2,음식,I201,한식,I20101,백반/한정식,I56111,한식 일반 음식점업,43,충청북도,43111,청주시 상당구,43111545,성안동,4311110200,북문로1가,4311110200100800000,1,대지,충청북도 청주시 상당구 북문로1가 80,431114508335,충청북도 청주시 상당구 상당로81번길,4.3111102001008e+24,충청북도 청주시 상당구 상당로81번길 9-2,28526.0,2.0
MA0101202411A0125353,791버거트럭,진천점,I2,음식,I210,기타 간이,I21004,버거,I56111,한식 일반 음식점업,43,충청북도,43750,진천군,43750250,진천읍,4375025024,진천읍,4375025024103900160,1,대지,충청북도 진천군 진천읍 읍내리 390-2,437504535376,충청북도 진천군 진천읍 중앙북4길,4.3750250241039e+24,충청북도 진천군 진천읍 중앙북4길 5,27833.0,1.0
MA0101202411A0033246,드림,골프연습장,R1,예술·스포츠,R103,스포츠 서비스,R10311,골프 연습장,R91136,골프 연습장 운영업,43,충청북도,43113,청주시 흥덕구,43113760,강서1동,4311311700,강서동,4311311700104629760,1,대지,충청북도 청주시 흥덕구 강서동 463,431134511088,충청북도 청주시 흥덕구 가로수로1164번길,4.31131170010463e+24,충청북도 청주시 흥덕구 가로수로1164번길 41-29,28377.0,5.0
MA0101202411A0008360,요아정청주,용암점,I2,음식,I210,기타 간이,I21007,김밥/만두/분식,I56194,김밥 및 기타 간이 음식점업,43,충청북도,43111,청주시 상당구,43111730,용암2동,4311112400,용암동,4311112400120560128,1,대지,충청북도 청주시 상당구 용암동 2056,431113236049,충청북도 청주시 상당구 월평로,4.31111240012056e+24,충청북도 청주시 상당구 월평로 252,28783.0,1.0
MA0101202411A0079731,샤브연리지,증평점,I2,음식,I201,한식,I20101,백반/한정식,I56111,한식 일반 음식점업,43,충청북도,43745,증평군,43745250,증평읍,4374525022,증평읍,4374525022102090240,1,대지,충청북도 증평군 증평읍 교동리 209,437453014040,충청북도 증평군 증평읍 광장로,4.37452502210209e+24,충청북도 증평군 증평읍 광장로 83,27926.0,2.0
MA0101202411A0186209,엄마손밥상가족청주청남시니어클럽,센터점,I2,음식,I201,한식,I20101,백반/한정식,I56111,한식 일반 음식점업,43,충청북도,43112,청주시 서원구,43112540,모충동,4311210300,모충동,4311210300100940288,1,대지,충청북도 청주시 서원구 모충동 94-9,431123236020,충청북도 청주시 서원구 무심서로,4.31131030010094e+24,충청북도 청주시 서원구 무심서로 333,28702.0,4.0
MA0101202411A0046408,이디야커피,전문점,I2,음식,I212,비알코올,I21201,카페,I56221,커피 전문점,43,충청북도,43112,청주시 서원구,43112550,산남동,4311210400,산남동,4311210400106500096,1,대지,충청북도 청주시 서원구 산남동 650,431123237037,충청북도 청주시 서원구 산남로,4.3112104001065e+24,충청북도 청주시 서원구 산남로 48,28625.0,1.0
MA0101202411A0098119,워시팡팡개신,충대점,S2,수리·개인,S209,세탁,S20902,셀프 빨래방,S96912,가정용 세탁업,43,충청북도,43112,청주시 서원구,43112590,성화.개신.죽림동,4311210900,개신동,4311210900100429824,1,대지,충청북도 청주시 서원구 개신동 43-12,431124512172,충청북도 청주시 서원구 1순환로739번길,4.31131110010043e+24,충청북도 청주시 서원구 1순환로739번길 13,28665.0,1.0
MA0101202411A0086010,지코바오창2,산단점,I2,음식,I210,기타 간이,I21006,치킨,I56193,치킨 전문점,43,충청북도,43114,청주시 청원구,43114253,오창읍,4311425332,오창읍,4311425332103360000,1,대지,충청북도 청주시 청원구 오창읍 주성리 336,431143257076,충청북도 청주시 청원구 오창읍 2산단로,4.31142533210336e+24,충청북도 청주시 청원구 오창읍 2산단로 185,28117.0,1.0
MA0101202411A0138157,어쩌다감자탕,제천점,I2,음식,I201,한식,I20102,국/탕/찌개류,I56111,한식 일반 음식점업,43,충청북도,43150,제천시,43150590,청전동,4315011300,청전동,4315011300107570176,1,대지,충청북도 제천시 청전동 757,431504517118,충청북도 제천시 내제로29가길,4.31501130010757e+24,충청북도 제천시 내제로29가길 8,27153.0,1.0
MA0101202411A0124953,동네포차주민오송대광,2차점,I2,음식,I201,한식,I20101,백반/한정식,I56111,한식 일반 음식점업,43,충청북도,43113,청주시 흥덕구,43113250,오송읍,4311325031,오송읍,4311325031115310080,1,대지,충청북도 청주시 흥덕구 오송읍 봉산리 1531,431133351777,충청북도 청주시 흥덕구 오송읍 오송생명14로,4.31132503111531e+24,충청북도 청주시 흥덕구 오송읍 오송생명14로 283,28221.0,1.0
MA0101202411A0033974,동남집율량,직영점,I2,음식,I201,한식,I20101,백반/한정식,I56111,한식 일반 음식점업,43,충청북도,43114,청주시 청원구,43114550,오근장동,4311410600,주중동,4311410600101309952,1,대지,충청북도 청주시 청원구 주중동 131-6,431142014003,충청북도 청주시 청원구 충청대로,4.31111320010131e+24,충청북도 청주시 청원구 충청대로 233,28308.0,1.0
MA0101202411A0137052,카츠백금천,용암점,I2,음식,I203,일식,I20302,일식 카레/돈가스/덮밥,I56122,일식 음식점업,43,충청북도,43111,청주시 상당구,43111680,금천동,4311112000,금천동,4311112000104540160,1,대지,충청북도 청주시 상당구 금천동 454,431114508453,충청북도 청주시 상당구 영운천로129번길,4.31111200010454e+24,충청북도 청주시 상당구 영운천로129번길 46,28730.0,1.0
MA0101202411A0089516,미인계,오창점,I2,음식,I201,한식,I20101,백반/한정식,I56111,한식 일반 음식점업,43,충청북도,43114,청주시 청원구,43114253,오창읍,4311425345,오창읍,4311425345107859968,1,대지,충청북도 청주시 청원구 오창읍 양청리 786-3,431143240075,충청북도 청주시 청원구 오창읍 중심상업1로,4.37102534510786e+24,충청북도 청주시 청원구 오창읍 중심상업1로 46-25,28120.0,1.0
MA0101202411A0121632,프렌즈스크린퀀텀청주위너스크린골프,구성점,R1,예술·스포츠,R103,스포츠 서비스,R10311,골프 연습장,R91136,골프 연습장 운영업,43,충청북도,43114,청주시 청원구,43114250,내수읍,4311425033,내수읍,4311425033102510080,1,대지,충청북도 청주시 청원구 내수읍 구성리 251-53,431142014003,충청북도 청주시 청원구 내수읍 충청대로,4.31142503310251e+24,충청북도 청주시 청원구 내수읍 충청대로 410-19,28153.0,3.0
MA0101202411A0062514,여어간빠이,청주봉명점,I2,음식,I203,일식,I20301,일식 회/초밥,I56122,일식 음식점업,43,충청북도,43113,청주시 흥덕구,43113756,봉명2.송정동,4311311500,봉명동,4311311500127399936,1,대지,충청북도 청주시 흥덕구 봉명동 2740,431134511253,충청북도 청주시 흥덕구 덕암로114번길,4.3113115001274e+24,충청북도 청주시 흥덕구 덕암로114번길 82,28465.0,1.0
MA0101202411A0008864,오늘도탁구,진천점,R1,예술·스포츠,R103,스포츠 서비스,R10312,테니스장,R91139,그 외 기타 스포츠시설 운영업,43,충청북도,43750,진천군,43750250,진천읍,4375025021,진천읍,4375025021104540160,1,대지,충청북도 진천군 진천읍 교성리 454-3,437503245043,충청북도 진천군 진천읍 대학로,4.37502502120015e+24,충청북도 진천군 진천읍 대학로 18,27841.0,2.0
MA0101202411A0038848,달밤족발동남,직영점,I2,음식,I201,한식,I20103,족발/보쌈,I56111,한식 일반 음식점업,43,충청북도,43111,청주시 상당구,43111720,용암1동,4311112400,용암동,4311112400130560000,1,대지,충청북도 청주시 상당구 용암동 3056,431114857347,충청북도 청주시 상당구 중고개로141번길,4.31111240013056e+24,충청북도 청주시 상당구 중고개로141번길 10-1,28808.0,1.0
MA0101202411A0115667,우리할매떡볶이,가경점,I2,음식,I210,기타 간이,I21007,김밥/만두/분식,I56194,김밥 및 기타 간이 음식점업,43,충청북도,43113,청주시 흥덕구,43113747,가경동,4311311300,가경동,4311311300116830208,1,대지,충청북도 청주시 흥덕구 가경동 1683,431133237092,충청북도 청주시 흥덕구 풍년로,4.31131130011683e+24,충청북도 청주시 흥덕구 풍년로 16-17,28413.0,1.0
MA0101202411A0023505,씨유청주,옥산점,G2,소매,G204,종합 소매,G20405,편의점,G47122,체인화 편의점,43,충청북도,43113,청주시 흥덕구,43113320,옥산면,4311332021,옥산면,4311332021105509888,1,대지,충청북도 청주시 흥덕구 옥산면 오산리 551-30,431133240054,충청북도 청주시 흥덕구 옥산면 오송가락로,4.31133202110551e+24,충청북도 청주시 흥덕구 옥산면 오송가락로 847,28113.0,1.0
MA0101202411A0031674,60계충북청주,분평점,I2,음식,I210,기타 간이,I21006,치킨,I56193,치킨 전문점,43,충청북도,43112,청주시 서원구,43112560,분평동,4311210600,분평동,4311210600113679872,1,대지,충청북도 청주시 서원구 분평동 1368,431123236001,충청북도 청주시 서원구 1순환로,4.31131080011368e+24,충청북도 청주시 서원구 1순환로 1109,28800.0,1.0
MA0101202411A0120055,클라운지충북단양,1호점,G2,소매,G215,의약·화장품 소매,G21503,화장품 소매업,G47813,화장품; 비누 및 방향제 소매업,43,충청북도,43800,단양군,43800250,단양읍,4380025025,단양읍,4380025025103399936,1,대지,충청북도 단양군 단양읍 별곡리 340,438003248023,충청북도 단양군 단양읍 별곡1로,4.3800250251034e+24,충청북도 단양군 단양읍 별곡1로 4,27010.0,2.0
MA0101202411A0117198,지에스25청주,시청점,G2,소매,G204,종합 소매,G20405,편의점,G47122,체인화 편의점,43,충청북도,43111,청주시 상당구,43111525,중앙동,4311110300,북문로2가,4311110300100960256,1,대지,충청북도 청주시 상당구 북문로2가 96-17,431113236056,충청북도 청주시 상당구 중앙로,4.31111030010096e+24,충청북도 청주시 상당구 중앙로 28-1,28543.0,1.0
MA0101202411A0024441,락PC스테이션,봉명점,R1,예술·스포츠,R104,유원지·오락,R10406,PC방,R91222,컴퓨터 게임방 운영업,43,충청북도,43113,청주시 흥덕구,43113756,봉명2.송정동,4311311500,봉명동,4311311500126899712,1,대지,충청북도 청주시 흥덕구 봉명동 2690,431134511253,충청북도 청주시 흥덕구 덕암로114번길,4.3113115001269e+24,충청북도 청주시 흥덕구 덕암로114번길 37,28465.0,2.0
MA0101202411A0069361,평화로운집,성안점,I2,음식,I201,한식,I20101,백반/한정식,I56111,한식 일반 음식점업,43,충청북도,43111,청주시 상당구,43111525,중앙동,4311110300,북문로2가,4311110300100679680,1,대지,충청북도 청주시 상당구 북문로2가 68-2,431113236056,충청북도 청주시 상당구 중앙로,4.31111030010068e+24,충청북도 청주시 상당구 중앙로 5-8,28545.0,1.0
MA0101202411A0095601,두찜청주,운천점,I2,음식,I201,한식,I20101,백반/한정식,I56111,한식 일반 음식점업,43,충청북도,43113,청주시 흥덕구,43113700,운천.신봉동,4311310400,운천동,4311310400106769920,1,대지,충청북도 청주시 흥덕구 운천동 677-7,431133237036,충청북도 청주시 흥덕구 사운로,4.31131040010677e+24,충청북도 청주시 흥덕구 사운로 271,28473.0,1.0
MA0101202411A0048609,뿅카는생막창,산남점,I2,음식,I201,한식,I20109,곱창 전골/구이,I56111,한식 일반 음식점업,43,충청북도,43112,청주시 서원구,43112550,산남동,4311210400,산남동,4311210400106040320,1,대지,충청북도 청주시 서원구 산남동 604,431124511540,충청북도 청주시 서원구 산남로62번길,4.31131060010604e+24,충청북도 청주시 서원구 산남로62번길 24,28625.0,1.0
MA0101202411A0185171,한와담소반현대백화점,충청점,I2,음식,I201,한식,I20108,소고기 구이/찜,I56111,한식 일반 음식점업,43,충청북도,43113,청주시 흥덕구,43113741,복대1동,4311311400,복대동,4311311400133799936,1,대지,충청북도 청주시 흥덕구 복대동 3380,431133236058,충청북도 청주시 흥덕구 직지대로,4.31131140010584e+24,충청북도 청주시 흥덕구 직지대로 308,28424.0,6.0
MA0101202411A0146243,본죽&비빔밥충주시청,연수점,I2,음식,I201,한식,I20101,백반/한정식,I56111,한식 일반 음식점업,43,충청북도,43130,충주시,43130630,연수동,4313011800,연수동,4313011800109029888,1,대지,충청북도 충주시 연수동 903,431302238004,충청북도 충주시 번영대로,4.31301180010903e+24,충청북도 충주시 번영대로 113,27347.0,1.0
MA0101202410A0407996,한국체대태권도체육관2관,코리아,P1,교육,P106,기타 교육,P10601,태권도/무술학원,P85611,태권도 및 무술 교육기관,43,충청북도,43150,제천시,43150510,교동,4315011600,장락동,4315011600104370176,1,대지,충청북도 제천시 장락동 437-1,431503239067,충청북도 제천시 죽하로,4.31501160010541e+24,충청북도 제천시 죽하로 59,27144.0,2.0
MA0101202411A0181085,지오피,진천점,G2,소매,G212,기타 생활용품 소매,G21202,주방/가정용품 소매업,G47599,그 외 기타 분류 안된 가정용품 소매업,43,충청북도,43750,진천군,43750250,진천읍,4375025025,진천읍,4375025025105449984,1,대지,충청북도 진천군 진천읍 성석리 545-4,437503245024,충청북도 진천군 진천읍 문화로,4.37502502510545e+24,충청북도 진천군 진천읍 문화로 330,27849.0,1.0
MA0101202411A0006970,수곱도리탕청주,청원점,I2,음식,I201,한식,I20102,국/탕/찌개류,I56111,한식 일반 음식점업,43,충청북도,43114,청주시 청원구,43114530,내덕2동,4311410200,내덕동,4311410200104220160,1,대지,충청북도 청주시 청원구 내덕동 422-8,431144508013,충청북도 청주시 청원구 1순환로197번길,4.31141020010422e+24,충청북도 청주시 청원구 1순환로197번길 48,28492.0,1.0
MA0101202411A0020383,노모어피자청주,용암점,I2,음식,I210,기타 간이,I21003,피자,I56192,피자; 햄버거; 샌드위치 및 유사 음식점업,43,충청북도,43111,청주시 상당구,43111720,용암1동,4311112400,용암동,4311112400130289664,1,대지,충청북도 청주시 상당구 용암동 3029,431114857347,충청북도 청주시 상당구 중고개로141번길,4.31111240010197e+24,충청북도 청주시 상당구 중고개로141번길 8,28808.0,1.0
MA0101202410A0427370,플라워,글로리아,G2,소매,G219,식물 소매,G21901,꽃집,G47851,화초 및 식물 소매업,43,충청북도,43112,청주시 서원구,43112550,산남동,4311210600,분평동,4311210600102490112,1,대지,충청북도 청주시 서원구 분평동 249-15,431123236067,충청북도 청주시 서원구 청남로,4.31131080010249e+24,충청북도 청주시 서원구 청남로 2019,28692.0,1.0
MA0101202410A0562129,더퍼스트치과의원,음성점,Q1,보건의료,Q102,의원,Q10210,치과의원,Q86202,치과의원,43,충청북도,43770,음성군,43770330,맹동면,4377033031,맹동면,4377033031104910336,1,대지,충청북도 음성군 맹동면 동성리 491,437703247042,충청북도 음성군 맹동면 원중로,4.37703302810559e+24,충청북도 음성군 맹동면 원중로 1428,27738.0,3.0
MA0101202410A0472166,신창인력개발,청주지점,N1,시설관리·임대,N104,고용 알선,N10401,고용 알선업,N75110,고용 알선업,43,충청북도,43113,청주시 흥덕구,43113250,오송읍,4311325028,오송읍,4311325028101329920,1,대지,충청북도 청주시 흥덕구 오송읍 오송리 133,431134520470,충청북도 청주시 흥덕구 오송읍 오송2길,4.37104002800133e+24,충청북도 청주시 흥덕구 오송읍 오송2길 1,28168.0,3.0
MA0101202410A0892945,루시드어학원,명지,P1,교육,P105,일반 교육,P10501,입시·교과학원,P85501,일반 교과학원,43,충청북도,43150,제천시,43150605,화산동,4315012100,강제동,4315012100107699712,1,대지,충청북도 제천시 강제동 770,431504844159,충청북도 제천시 강저로11나길,4.3150121001077e+24,충청북도 제천시 강저로11나길 1,27201.0,2.0
MA0101202410A0199469,행복잡고,음성점,N1,시설관리·임대,N104,고용 알선,N10401,고용 알선업,N75110,고용 알선업,43,충청북도,43770,음성군,43770253,금왕읍,4377025321,금왕읍,4377025321105240064,1,대지,충청북도 음성군 금왕읍 무극리 524-29,437703247019,충청북도 음성군 금왕읍 무극로,4.37702532110524e+24,충청북도 음성군 금왕읍 무극로 213,27630.0,3.0
MA0101202410A0426202,커넥츠프랩수능관학원,분평점,P1,교육,P105,일반 교육,P10501,입시·교과학원,P85501,일반 교과학원,43,충청북도,43112,청주시 서원구,43112560,분평동,4311210600,분평동,4311210600112470016,1,대지,충청북도 청주시 서원구 분평동 1247-1,431124512137,충청북도 청주시 서원구 1순환로1063번길,4.31131080011247e+24,충청북도 청주시 서원구 1순환로1063번길 61-2,28797.0,4.0
MA0101202410A0572651,커넥츠프랩독서실,분평점,R1,예술·스포츠,R102,도서관·사적지,R10202,독서실/스터디 카페,R90212,독서실 운영업,43,충청북도,43112,청주시 서원구,43112560,분평동,4311210600,분평동,4311210600112470016,1,대지,충청북도 청주시 서원구 분평동 1247-1,431124512137,충청북도 청주시 서원구 1순환로1063번길,4.31131080011247e+24,충청북도 청주시 서원구 1순환로1063번길 61-2,28797.0,5.0
MA0101202410A0550152,청주작심독서실,개신점,R1,예술·스포츠,R102,도서관·사적지,R10202,독서실/스터디 카페,R90212,독서실 운영업,43,충청북도,43112,청주시 서원구,43112590,성화.개신.죽림동,4311210900,개신동,4311210900100499968,1,대지,충청북도 청주시 서원구 개신동 50-5,431123236001,충청북도 청주시 서원구 1순환로,4.3113111001005e+24,충청북도 청주시 서원구 1순환로 767,28666.0,6.0
MA0101202410A0427806,루트홈스쿨푸르넷,산남점,P1,교육,P105,일반 교육,P10501,입시·교과학원,P85501,일반 교과학원,43,충청북도,43112,청주시 서원구,43112550,산남동,4311210400,산남동,4311210400107029504,1,대지,충청북도 청주시 서원구 산남동 703,431124511283,충청북도 청주시 서원구 두꺼비로60번길,4.31131060010703e+24,충청북도 청주시 서원구 두꺼비로60번길 3-15,28630.0,2.0
MA0101202502A0062796,청주순대,2호점,I2,음식,I201,한식,I20102,국/탕/찌개류,I56111,한식 일반 음식점업,43,충청북도,43112,청주시 서원구,43112570,수곡1동,4311210700,수곡동,4311210700100530176,1,대지,충청북도 청주시 서원구 수곡동 53-1,431124511637,충청북도 청주시 서원구 수영로23번길,4.31131090010053e+24,충청북도 청주시 서원구 수영로23번길 61,28708.0,1.0
MA0101202501A0008159,교촌치킨,충북영동점,I2,음식,I210,기타 간이,I21006,치킨,I56193,치킨 전문점,43,충청북도,43740,영동군,43740250,영동읍,4374025021,영동읍,4374025021106639872,1,대지,충청북도 영동군 영동읍 계산리 664-7,437403243002,충청북도 영동군 영동읍 계산로,4.37402502110664e+24,충청북도 영동군 영동읍 계산로 41-1,29144.0,1.0
MA0101202501A0000250,우짱베기,오창점,I2,음식,I201,한식,I20101,백반/한정식,I56111,한식 일반 음식점업,43,충청북도,43114,청주시 청원구,43114253,오창읍,4311425345,오창읍,4311425345107909632,1,대지,충청북도 청주시 청원구 오창읍 양청리 791-4,431143240075,충청북도 청주시 청원구 오창읍 중심상업1로,4.37102534510791e+24,충청북도 청주시 청원구 오창읍 중심상업1로 8-46,28120.0,1.0
MA0101202502A0030623,아이스크림스토리오창2,산단점,G2,소매,G204,종합 소매,G20404,슈퍼마켓,G47216,빵류; 과자류 및 당류 소매업,43,충청북도,43114,청주시 청원구,43114253,오창읍,4311425332,오창읍,4311425332105450496,1,대지,충청북도 청주시 청원구 오창읍 주성리 545,431143257079,충청북도 청주시 청원구 오창읍 2산단3로,4.37102533210545e+24,충청북도 청주시 청원구 오창읍 2산단3로 16,28117.0,1.0
MA0101202501A0050640,볼트빈청주,가경점,I2,음식,I212,비알코올,I21201,카페,I56221,커피 전문점,43,충청북도,43113,청주시 흥덕구,43113747,가경동,4311311300,가경동,4311311300116750336,1,대지,충청북도 청주시 흥덕구 가경동 1675,431133237002,충청북도 청주시 흥덕구 가경로,4.31131130011676e+24,충청북도 청주시 흥덕구 가경로 9-12,28413.0,1.0
MA0101202502A0015874,족발로일등하는집청주,본점,I2,음식,I201,한식,I20103,족발/보쌈,I56111,한식 일반 음식점업,43,충청북도,43113,청주시 흥덕구,43113742,복대2동,4311311400,복대동,4311311400110110208,1,대지,충청북도 청주시 흥덕구 복대동 1011,431134511383,충청북도 청주시 흥덕구 복대로158번길,4.31131140011011e+24,충청북도 청주시 흥덕구 복대로158번길 23,28600.0,1.0
MA0101202501A0033599,최애마라탕,충북대점,I2,음식,I202,중식,I20202,마라탕/훠궈,I56121,중식 음식점업,43,충청북도,43112,청주시 서원구,43112530,사창동,4311210200,사창동,4311210200104300032,1,대지,충청북도 청주시 서원구 사창동 430,431124511220,충청북도 청주시 서원구 내수동로114번길,4.3113102001043e+24,충청북도 청주시 서원구 내수동로114번길 8,28643.0,2.0
MA0101202501A0041484,워시테리아충주,문화점,S2,수리·개인,S209,세탁,S20901,세탁소,S96912,가정용 세탁업,43,충청북도,43130,충주시,43130571,문화동,4313012700,문화동,4313012700111790080,1,대지,충청북도 충주시 문화동 1179,431302246001,충청북도 충주시 중원대로,4.31301270011179e+24,충청북도 충주시 중원대로 3457-1,27420.0,1.0
MA0101202502A0036095,본우리집밥씨앤브이,센터점,I2,음식,I201,한식,I20101,백반/한정식,I56111,한식 일반 음식점업,43,충청북도,43113,청주시 흥덕구,43113250,오송읍,4311325026,오송읍,4311325026106609664,1,대지,충청북도 청주시 흥덕구 오송읍 연제리 661,431133240055,충청북도 청주시 흥덕구 오송읍 오송생명1로,4.37102562610661e+24,충청북도 청주시 흥덕구 오송읍 오송생명1로 194-41,28160.0,1.0
MA0101202502A0041395,신아리랑,비하점,I2,음식,I202,중식,I20201,중국집,I56121,중식 음식점업,43,충청북도,43113,청주시 흥덕구,43113760,강서1동,4311313800,비하동,4311313800100369920,1,대지,충청북도 청주시 흥덕구 비하동 37-11,431133237035,충청북도 청주시 흥덕구 비하로,4.31131380010037e+24,충청북도 청주시 흥덕구 비하로 11,28366.0,1.0
MA0101202502A0054593,가립회계법인,청주지점,M1,과학·기술,M104,회계·세무,M10401,공인회계사,M71201,공인회계사업,43,충청북도,43113,청주시 흥덕구,43113756,봉명2.송정동,4311311600,송정동,4311311600100700160,1,대지,충청북도 청주시 흥덕구 송정동 70-73,431134511836,충청북도 청주시 흥덕구 직지대로436번길,4.3113116001007e+24,충청북도 청주시 흥덕구 직지대로436번길 76,28581.0,14.0
MA0101202502A0026597,월간맥주,봉명점,I2,음식,I211,주점,I21103,생맥주 전문,I56111,한식 일반 음식점업,43,충청북도,43113,청주시 흥덕구,43113756,봉명2.송정동,4311311500,봉명동,4311311500127290368,1,대지,충청북도 청주시 흥덕구 봉명동 2729,431134511253,충청북도 청주시 흥덕구 덕암로114번길,4.31131150012729e+24,충청북도 청주시 흥덕구 덕암로114번길 53,28465.0,1.0
MA0101202501A0054504,화덕돌곱창오창,직영점,I2,음식,I201,한식,I20109,곱창 전골/구이,I56111,한식 일반 음식점업,43,충청북도,43114,청주시 청원구,43114253,오창읍,4311425345,오창읍,4311425345107909632,1,대지,충청북도 청주시 청원구 오창읍 양청리 791-2,431143240077,충청북도 청주시 청원구 오창읍 중심상업로,4.31142534510791e+24,충청북도 청주시 청원구 오창읍 중심상업로 61,28120.0,1.0
MA0101202501A0013484,쿼드커피복대가경,시장점,I2,음식,I212,비알코올,I21201,카페,I56221,커피 전문점,43,충청북도,43113,청주시 흥덕구,43113742,복대2동,4311311400,복대동,4311311400111320064,1,대지,충청북도 청주시 흥덕구 복대동 1132,431133237093,충청북도 청주시 흥덕구 풍산로,4.31131140011132e+24,충청북도 청주시 흥덕구 풍산로 101,28600.0,1.0
MA0101202502A0040182,지에스25음성삼성,시장점,G2,소매,G204,종합 소매,G20405,편의점,G47129,기타 음ㆍ식료품 위주 종합 소매업,43,충청북도,43770,음성군,43770350,삼성면,4377035021,삼성면,4377035021105249792,1,대지,충청북도 음성군 삼성면 덕정리 525-16,437703247053,충청북도 음성군 삼성면 대성로,4.37703502110525e+24,충청북도 음성군 삼성면 대성로 617,27652.0,1.0
MA0101202501A0059714,피닉스파크골프,청주대리점,G2,소매,G213,오락용품 소매,G21304,운동용품 소매업,G47631,운동 및 경기용품 소매업,43,충청북도,43111,청주시 상당구,43111545,성안동,4311110200,북문로1가,4311110200101170176,1,대지,충청북도 청주시 상당구 북문로1가 117-1,431113236025,충청북도 청주시 상당구 사직대로,4.31111020010117e+24,충청북도 청주시 상당구 사직대로 368,28525.0,1.0
MA0101202502A0100971,마블스퀘어충북,혁신점,I2,음식,I210,기타 간이,I21001,빵/도넛,I56191,제과점업,43,충청북도,43770,음성군,43770330,맹동면,4377033028,맹동면,4377033028114929664,1,대지,충청북도 음성군 맹동면 두성리 1493,437703000235,충청북도 음성군 맹동면 대하로,4.37703302810827e+24,충청북도 음성군 맹동면 대하로 208,27738.0,1.0
MA0101202502A0010925,홍기와집동남지구,본점,I2,음식,I201,한식,I20101,백반/한정식,I56111,한식 일반 음식점업,43,충청북도,43111,청주시 상당구,43111720,용암1동,4311112400,용암동,4311112400130599936,1,대지,충청북도 청주시 상당구 용암동 3060,431114857347,충청북도 청주시 상당구 중고개로141번길,4.3111124001306e+24,충청북도 청주시 상당구 중고개로141번길 10-14,28808.0,1.0
MA0101202502A0048954,더벤티,충북대점,I2,음식,I212,비알코올,I21201,카페,I56221,커피 전문점,43,충청북도,43112,청주시 서원구,43112530,사창동,4311210200,사창동,4311210200102170112,1,대지,충청북도 청주시 서원구 사창동 217-38,431124511218,충청북도 청주시 서원구 내수동로102번길,4.31131020010217e+24,충청북도 청주시 서원구 내수동로102번길 42,28643.0,1.0
MA0101202502A0059381,틈새라면,테크노폴리스점,I2,음식,I210,기타 간이,I21007,김밥/만두/분식,I56194,김밥 및 기타 간이 음식점업,43,충청북도,43113,청주시 흥덕구,43113770,강서2동,4311313400,송절동,4311313400107290112,1,대지,충청북도 청주시 흥덕구 송절동 729,431134855164,충청북도 청주시 흥덕구 송화로150번길,4.31131340010729e+24,충청북도 청주시 흥덕구 송화로150번길 15-6,28292.0,1.0
MA0101202502A0045243,어반필드필라테스,오창점,P1,교육,P106,기타 교육,P10603,요가/필라테스 학원,P85612,기타 스포츠 교육기관,43,충청북도,43114,청주시 청원구,43114253,오창읍,4311425344,오창읍,4311425344106389504,1,대지,충청북도 청주시 청원구 오창읍 각리 639-4,431143240007,충청북도 청주시 청원구 오창읍 과학산업3로,4.31142534410639e+24,충청북도 청주시 청원구 오창읍 과학산업3로 222,28125.0,2.0
MA0101202502A0114038,달빙,오창점,G2,소매,G204,종합 소매,G20404,슈퍼마켓,G47216,빵류; 과자류 및 당류 소매업,43,충청북도,43114,청주시 청원구,43114253,오창읍,4311425331,오창읍,4311425331101609984,1,대지,충청북도 청주시 청원구 오창읍 창리 161,431143257080,충청북도 청주시 청원구 오창읍 2산단4로,4.31142533110161e+24,충청북도 청주시 청원구 오창읍 2산단4로 45,28109.0,1.0
MA0101202502A0080600,명랑핫도그오창2,산단점,I2,음식,I210,기타 간이,I21001,빵/도넛,I56199,간이 음식 포장 판매 전문점,43,충청북도,43114,청주시 청원구,43114253,오창읍,4311425332,오창읍,4311425332105450496,1,대지,충청북도 청주시 청원구 오창읍 주성리 545,431143257079,충청북도 청주시 청원구 오창읍 2산단3로,4.37102533210545e+24,충청북도 청주시 청원구 오창읍 2산단3로 16,28117.0,1.0
MA0101202501A0036416,두가지떡볶이청주,동남점,I2,음식,I210,기타 간이,I21007,김밥/만두/분식,I56194,김밥 및 기타 간이 음식점업,43,충청북도,43111,청주시 상당구,43111720,용암1동,4311112400,용암동,4311112400131500032,1,대지,충청북도 청주시 상당구 용암동 3150,431114857348,충청북도 청주시 상당구 중고개로142번길,4.31111240010219e+24,충청북도 청주시 상당구 중고개로142번길 20,28807.0,1.0
MA0101202502A0022226,밥풀릭스,용암점,I2,음식,I201,한식,I20101,백반/한정식,I56111,한식 일반 음식점업,43,충청북도,43111,청주시 상당구,43111730,용암2동,4311112400,용암동,4311112400118970368,1,대지,충청북도 청주시 상당구 용암동 1897,431114508230,충청북도 청주시 상당구 무농정로51번길,4.31111240011897e+24,충청북도 청주시 상당구 무농정로51번길 41,28782.0,1.0
MA0101202501A0060163,세븐일레븐오창,행복점,G2,소매,G204,종합 소매,G20405,편의점,G47122,체인화 편의점,43,충청북도,43114,청주시 청원구,43114253,오창읍,4311425345,오창읍,4311425345107900416,1,대지,충청북도 청주시 청원구 오창읍 양청리 790-2,431143240077,충청북도 청주시 청원구 오창읍 중심상업로,4.3114253451079e+24,충청북도 청주시 청원구 오창읍 중심상업로 65-9,28120.0,1.0
MA0101202501A0037736,갓김밥,분평점,I2,음식,I210,기타 간이,I21007,김밥/만두/분식,I56111,한식 일반 음식점업,43,충청북도,43112,청주시 서원구,43112560,분평동,4311210600,분평동,4311210600113829888,1,대지,충청북도 청주시 서원구 분평동 1383,431124512136,충청북도 청주시 서원구 1순환로1107번길,4.31131080011383e+24,충청북도 청주시 서원구 1순환로1107번길 21,28799.0,1.0
MA0101202501A0009020,술속의밤,연수점,I2,음식,I201,한식,I20101,백반/한정식,I56111,한식 일반 음식점업,43,충청북도,43130,충주시,43130630,연수동,4313011800,연수동,4313011800115299840,1,대지,충청북도 충주시 연수동 1530,431304515009,충청북도 충주시 연수동산로5길,4.3130118001153e+24,충청북도 충주시 연수동산로5길 6-1,27352.0,1.0
MA0101202501A0002456,피씨태그,오창점,R1,예술·스포츠,R104,유원지·오락,R10406,PC방,R91222,컴퓨터 게임방 운영업,43,충청북도,43114,청주시 청원구,43114253,오창읍,4311425344,오창읍,4311425344106490368,1,대지,충청북도 청주시 청원구 오창읍 각리 649-1,431143240063,충청북도 청주시 청원구 오창읍 오창중앙로,4.37102534400649e+24,충청북도 청주시 청원구 오창읍 오창중앙로 123-2,28123.0,6.0
MA0101202502A0094045,불닭발땡초동대문엽기떡볶이충북,옥천점,I2,음식,I210,기타 간이,I21007,김밥/만두/분식,I56111,한식 일반 음식점업,43,충청북도,43730,옥천군,43730250,옥천읍,4373025036,옥천읍,4373025036101740032,1,대지,충청북도 옥천군 옥천읍 금구리 174-2,437303242004,충청북도 옥천군 옥천읍 금장로,4.37302503610174e+24,충청북도 옥천군 옥천읍 금장로 39,29038.0,1.0
MA0101202501A0039904,비에이치씨청주,가경점,I2,음식,I210,기타 간이,I21006,치킨,I56113,한식 육류 요리 전문점,43,충청북도,43113,청주시 흥덕구,43113747,가경동,4311311300,가경동,4311311300117040128,1,대지,충청북도 청주시 흥덕구 가경동 1704,431133014066,충청북도 청주시 흥덕구 서부로,4.31131130011704e+24,충청북도 청주시 흥덕구 서부로 1303,28413.0,1.0
MA0101202501A0014974,씨유청주동남,우미린점,G2,소매,G204,종합 소매,G20405,편의점,G47122,체인화 편의점,43,충청북도,43111,청주시 상당구,43111730,용암2동,4311112600,방서동,4311112600108060160,1,대지,충청북도 청주시 상당구 방서동 806,431113352531,충청북도 청주시 상당구 동남로,4.31111260010001e+24,충청북도 청주시 상당구 동남로 15,28785.0,1.0
MA0101202502A0048477,호랑이족발청주,본점,I2,음식,I201,한식,I20103,족발/보쌈,I56111,한식 일반 음식점업,43,충청북도,43113,청주시 흥덕구,43113756,봉명2.송정동,4311311500,봉명동,4311311500126949888,1,대지,충청북도 청주시 흥덕구 봉명동 2695-1,431134511253,충청북도 청주시 흥덕구 덕암로114번길,4.31131150012695e+24,충청북도 청주시 흥덕구 덕암로114번길 9,28465.0,1.0
MA0101202502A0100102,쿼드커피청주,개신점,I2,음식,I212,비알코올,I21201,카페,I56221,커피 전문점,43,충청북도,43112,청주시 서원구,43112590,성화.개신.죽림동,4311210900,개신동,4311210900100019712,1,대지,충청북도 청주시 서원구 개신동 2-42,431123237104,충청북도 청주시 서원구 모충로,4.31131110010002e+24,충청북도 청주시 서원구 모충로 17,28666.0,1.0
MA0101202502A0062833,맘스핸즈셀프빨래방충주,직영점,S2,수리·개인,S209,세탁,S20902,셀프 빨래방,S96912,가정용 세탁업,43,충청북도,43130,충주시,43130630,연수동,4313011800,연수동,4313011800105950208,1,대지,충청북도 충주시 연수동 595-2,431303238002,충청북도 충주시 갱고개로,4.31301180010595e+24,충청북도 충주시 갱고개로 222,27343.0,1.0
MA0101202502A0042961,이디아용담,우미린점,I2,음식,I212,비알코올,I21201,카페,I56221,커피 전문점,43,충청북도,43111,청주시 상당구,43111690,용담.명암.산성동,4311112100,용담동,4311112100104760320,1,대지,충청북도 청주시 상당구 용담동 476,431114508425,충청북도 청주시 상당구 수영로353번길,4.31111210010476e+24,충청북도 청주시 상당구 수영로353번길 7,28746.0,1.0
MA0101202502A0008745,숯토리청주,율량점,I2,음식,I203,일식,I20301,일식 회/초밥,I56122,일식 음식점업,43,충청북도,43114,청주시 청원구,43114540,율량.사천동,4311410300,율량동,4311410300120540160,1,대지,충청북도 청주시 청원구 율량동 2054,431144844107,충청북도 청주시 청원구 율량로202번길,4.31141030012054e+24,충청북도 청주시 청원구 율량로202번길 30,28320.0,1.0
MA0101202501A0036964,커피에바나나,증평점,I2,음식,I212,비알코올,I21201,카페,I56221,커피 전문점,43,충청북도,43745,증평군,43745250,증평읍,4374525023,증평읍,4374525023100640256,1,대지,충청북도 증평군 증평읍 중동리 64-5,437454532130,충청북도 증평군 증평읍 윗장뜰길,4.37452502310064e+24,충청북도 증평군 증평읍 윗장뜰길 54,27930.0,1.0
MA0101202502A0087397,세븐일레븐충주건대,병원점,G2,소매,G204,종합 소매,G20405,편의점,G47122,체인화 편의점,43,충청북도,43130,충주시,43130540,교현2동,4313010500,교현동,4313010500106209792,1,대지,충청북도 충주시 교현동 621-3,431304514326,충청북도 충주시 대흥길,4.31301050010621e+24,충청북도 충주시 대흥길 25,27376.0,1.0
MA0101202502A0070434,씨유청주,비하점,G2,소매,G204,종합 소매,G20405,편의점,G47122,체인화 편의점,43,충청북도,43113,청주시 흥덕구,43113760,강서1동,4311313800,비하동,4311313800103520256,1,대지,충청북도 청주시 흥덕구 비하동 352-15,431133014065,충청북도 청주시 흥덕구 2순환로,4.31131380010352e+24,충청북도 청주시 흥덕구 2순환로 1067-25,28414.0,1.0
MA0101202501A0012612,떡마마,광혜원점,I2,음식,I210,기타 간이,I21001,빵/도넛,I56191,제과점업,43,충청북도,43750,진천군,43750370,광혜원면,4375037027,광혜원면,4375037027104229888,1,대지,충청북도 진천군 광혜원면 광혜원리 423,437504535024,충청북도 진천군 광혜원면 광혜원산단1길,4.37503702710423e+24,충청북도 진천군 광혜원면 광혜원산단1길 117-3,27804.0,1.0
MA0101202501A0047129,책나무독서논술학원,명지,P1,교육,P105,일반 교육,P10501,입시·교과학원,P85501,일반 교과학원,43,충청북도,43150,제천시,43150605,화산동,4315012100,강제동,4315012100107469824,1,대지,충청북도 제천시 강제동 747,431504844159,충청북도 제천시 강저로11나길,4.31501210010747e+24,충청북도 제천시 강저로11나길 8,27201.0,2.0
MA0101202502A0105357,데일리아이스크림,사천점,G2,소매,G204,종합 소매,G20404,슈퍼마켓,G47216,빵류; 과자류 및 당류 소매업,43,충청북도,43114,청주시 청원구,43114540,율량.사천동,4311410400,사천동,4311410400104460288,1,대지,충청북도 청주시 청원구 사천동 446-9,431143236050,충청북도 청주시 청원구 율봉로,4.31111160010446e+24,충청북도 청주시 청원구 율봉로 14,28342.0,1.0
MA0101202501A0045705,브루클린바이브,동남점,I2,음식,I204,서양식,I20401,경양식,I56123,서양식 음식점업,43,충청북도,43111,청주시 상당구,43111720,용암1동,4311112400,용암동,4311112400132009984,1,대지,충청북도 청주시 상당구 용암동 3201,431114857346,충청북도 청주시 상당구 중고개로125번길,4.3111124001e+24,충청북도 청주시 상당구 중고개로125번길 32-2,28808.0,1.0
MA0101202501A0040245,베어스타코,가경점,I2,음식,I204,서양식,I20499,기타 서양식 음식점,I56123,서양식 음식점업,43,충청북도,43113,청주시 흥덕구,43113747,가경동,4311311300,가경동,4311311300111309824,1,대지,충청북도 청주시 흥덕구 가경동 1131,431134512062,충청북도 청주시 흥덕구 풍산로25번길,4.31131130011131e+24,충청북도 청주시 흥덕구 풍산로25번길 38-7,28395.0,1.0
MA0101202502A0015857,피자나라치킨공주,수곡점,I2,음식,I210,기타 간이,I21003,피자,I56192,피자; 햄버거; 샌드위치 및 유사 음식점업,43,충청북도,43112,청주시 서원구,43112580,수곡2동,4311210700,수곡동,4311210700109290496,1,대지,충청북도 청주시 서원구 수곡동 929,431124511620,충청북도 청주시 서원구 수곡로37번길,4.31131090010929e+24,충청북도 청주시 서원구 수곡로37번길 16-6,28697.0,1.0
MA0101202502A0057019,메가요거트,용암점,I2,음식,I210,기타 간이,I21007,김밥/만두/분식,I56194,김밥 및 기타 간이 음식점업,43,충청북도,43111,청주시 상당구,43111720,용암1동,4311112400,용암동,4311112400112659968,1,대지,충청북도 청주시 상당구 용암동 1266,431114508523,충청북도 청주시 상당구 용암북로6번길,4.31111240011266e+24,충청북도 청주시 상당구 용암북로6번길 51,28771.0,1.0
MA0101202501A0014144,요거트더리치율량,사천점,I2,음식,I210,기타 간이,I21007,김밥/만두/분식,I56194,김밥 및 기타 간이 음식점업,43,충청북도,43114,청주시 청원구,43114540,율량.사천동,4311410300,율량동,4311410300110330368,1,대지,충청북도 청주시 청원구 율량동 1033-5,431144508586,충청북도 청주시 청원구 율봉로212번길,4.31111150011033e+24,충청북도 청주시 청원구 율봉로212번길 32,28333.0,1.0
MA0101202501A0002895,황금코다리,제천점,I2,음식,I201,한식,I20112,해산물 구이/찜,I56111,한식 일반 음식점업,43,충청북도,43150,제천시,43150518,의림지동,4315011400,모산동,4315011400100250112,1,대지,충청북도 제천시 모산동 25-3,431502239002,충청북도 제천시 의림대로,4.31501140010025e+24,충청북도 제천시 의림대로 606,27137.0,1.0
MA0101202501A0017247,메고지고더샵청주,센트럴점,I2,음식,I210,기타 간이,I21007,김밥/만두/분식,I56194,김밥 및 기타 간이 음식점업,43,충청북도,43113,청주시 흥덕구,43113741,복대1동,4311311400,복대동,4311311400134049792,1,대지,충청북도 청주시 흥덕구 복대동 3405,431133237030,충청북도 청주시 흥덕구 복대로,4.31131140010229e+24,충청북도 청주시 흥덕구 복대로 220,28587.0,1.0
MA0101202501A0023051,미소가숯불구이충주,본점,I2,음식,I201,한식,I20107,돼지고기 구이/찜,I56111,한식 일반 음식점업,43,충청북도,43130,충주시,43130580,호암.직동,4313010700,호암동,4313010700112079872,1,대지,충청북도 충주시 호암동 1208,431303352070,충청북도 충주시 호암토성2로,4.31301070011208e+24,충청북도 충주시 호암토성2로 7,27480.0,1.0
MA0101202501A0017733,진골짬뽕,혁신점,I2,음식,I202,중식,I20201,중국집,I56121,중식 음식점업,43,충청북도,43770,음성군,43770330,맹동면,4377033028,맹동면,4377033028113740288,1,대지,충청북도 음성군 맹동면 두성리 1374,437703247042,충청북도 음성군 맹동면 원중로,4.37703302810787e+24,충청북도 음성군 맹동면 원중로 1416,27738.0,2.0
MA0101202501A0056260,모도리실내포차,봉명점,I2,음식,I202,중식,I20201,중국집,I56121,중식 음식점업,43,충청북도,43113,청주시 흥덕구,43113756,봉명2.송정동,4311311500,봉명동,4311311500128369664,1,대지,충청북도 청주시 흥덕구 봉명동 2837,431134511255,충청북도 청주시 흥덕구 덕암로24번길,4.31131150012837e+24,충청북도 청주시 흥덕구 덕암로24번길 54,28463.0,1.0
MA0101202501A0057556,이디야청주,사직점,I2,음식,I212,비알코올,I21201,카페,I56221,커피 전문점,43,충청북도,43112,청주시 서원구,43112520,사직2동,4311210100,사직동,4311210100109290496,1,대지,충청북도 청주시 서원구 사직동 929,431123237064,충청북도 청주시 서원구 예체로,4.31131010010666e+24,충청북도 청주시 서원구 예체로 55,28650.0,1.0
MA0101202501A0031907,우리끼리키즈카페스포츠마을음성,혁신점,R1,예술·스포츠,R104,유원지·오락,R10499,기타 오락관련 서비스업,R91299,그 외 기타 분류 안된 오락관련 서비스업,43,충청북도,43770,음성군,43770330,맹동면,4377033031,맹동면,4377033031104839680,1,대지,충청북도 음성군 맹동면 동성리 484,437704541753,충청북도 음성군 맹동면 사예3길,4.37703303110484e+24,충청북도 음성군 맹동면 사예3길 18,27738.0,4.0
MA0101202501A0047922,포토이즘박스,청주봉명점,M1,과학·기술,M113,사진 촬영,M11301,사진촬영업,S96999,그 외 기타 달리 분류되지 않은 개인 서비스업,43,충청북도,43113,청주시 흥덕구,43113756,봉명2.송정동,4311311500,봉명동,4311311500127260160,1,대지,충청북도 청주시 흥덕구 봉명동 2726,431134511253,충청북도 청주시 흥덕구 덕암로114번길,4.31131150012726e+24,충청북도 청주시 흥덕구 덕암로114번길 67,28465.0,1.0
MA0101202501A0075633,아이스뱅크,분평점,G2,소매,G204,종합 소매,G20404,슈퍼마켓,G47216,빵류; 과자류 및 당류 소매업,43,충청북도,43112,청주시 서원구,43112550,산남동,4311210600,분평동,4311210600103050240,1,대지,충청북도 청주시 서원구 분평동 305-29,431124511941,충청북도 청주시 서원구 청남로2005번길,4.31131080010305e+24,충청북도 청주시 서원구 청남로2005번길 60,28699.0,1.0
MA0101202501A0037488,초벌간,분평점,I2,음식,I201,한식,I20101,백반/한정식,I56111,한식 일반 음식점업,43,충청북도,43112,청주시 서원구,43112560,분평동,4311210600,분평동,4311210600112819712,1,대지,충청북도 청주시 서원구 분평동 1282,431124511743,충청북도 청주시 서원구 원마루로22번길,4.31131080011282e+24,충청북도 청주시 서원구 원마루로22번길 10,28794.0,1.0
MA0101202501A0072749,지에스25충주연수,행운점,G2,소매,G204,종합 소매,G20405,편의점,G47122,체인화 편의점,43,충청북도,43130,충주시,43130630,연수동,4313011800,연수동,4313011800113859584,1,대지,충청북도 충주시 연수동 1386,431304514367,충청북도 충주시 동수1길,4.31301180011386e+24,충청북도 충주시 동수1길 21,27351.0,1.0
MA0101202502A0001316,핑퐁커피,제천점,I2,음식,I212,비알코올,I21201,카페,I56221,커피 전문점,43,충청북도,43150,제천시,43150510,교동,4315011600,장락동,4315011600105950208,1,대지,충청북도 제천시 장락동 595-5,431503239041,충청북도 제천시 신죽하로,4.31501160010595e+24,충청북도 제천시 신죽하로 67-11,27144.0,1.0
MA0101202502A0009484,비엠디치킨본부산,남지점,I2,음식,I210,기타 간이,I21006,치킨,I56193,치킨 전문점,43,충청북도,43112,청주시 서원구,43112550,산남동,4311210400,산남동,4311210400107069952,1,대지,충청북도 청주시 서원구 산남동 707,431123237026,충청북도 청주시 서원구 두꺼비로,4.31131060010707e+24,충청북도 청주시 서원구 두꺼비로 62,28630.0,1.0
MA0101202501A0045729,씨유충북대중,후문점,G2,소매,G204,종합 소매,G20405,편의점,G47122,체인화 편의점,43,충청북도,43112,청주시 서원구,43112530,사창동,4311210200,사창동,4311210200105139712,1,대지,충청북도 청주시 서원구 사창동 514,431124512177,충청북도 청주시 서원구 1순환로704번길,4.31121020010514e+24,충청북도 청주시 서원구 1순환로704번길 30,28643.0,1.0
MA0101202501A0064214,내가조선의치킨이고맥주다,음성점,I2,음식,I211,주점,I21103,생맥주 전문,I56111,한식 일반 음식점업,43,충청북도,43770,음성군,43770250,음성읍,4377025021,음성읍,4377025021106180096,1,대지,충청북도 음성군 음성읍 읍내리 618-16,437703247032,충청북도 음성군 음성읍 시장로,4.37702502110618e+24,충청북도 음성군 음성읍 시장로 127,27696.0,2.0
MA0101202501A0052854,아이드블랑충주,연수점,S2,수리·개인,S207,이용·미용,S20701,미용실,S96112,두발 미용업,43,충청북도,43130,충주시,43130630,연수동,4313011800,연수동,4313011800113249792,1,대지,충청북도 충주시 연수동 1325,431302238004,충청북도 충주시 번영대로,4.31301180011325e+24,충청북도 충주시 번영대로 211,27344.0,2.0
MA0101202502A0035360,이마트24청주율량,빌리지점,G2,소매,G204,종합 소매,G20405,편의점,G47122,체인화 편의점,43,충청북도,43114,청주시 청원구,43114540,율량.사천동,4311410300,율량동,4311410300123130368,1,대지,충청북도 청주시 청원구 율량동 2313,431143349125,충청북도 청주시 청원구 율중로,4.31141030012313e+24,충청북도 청주시 청원구 율중로 27,28315.0,1.0
MA010120220806973209,세븐일레븐제천,영천점,G2,소매,G204,종합 소매,G20405,편의점,G47122,체인화 편의점,43,충청북도,43150,제천시,43150547,영서동,4315011000,영천동,4315011000107020288,1,대지,충청북도 제천시 영천동 702,431503239010,충청북도 제천시 내토로,4.31501100010702e+24,충청북도 제천시 내토로 422,27194.0,2.0
MA010120220814082741,씨유청주용암,사랑점,G2,소매,G204,종합 소매,G20405,편의점,G47215,채소; 과실 및 뿌리작물 소매업,43,충청북도,43111,청주시 상당구,43111720,용암1동,4311112400,용암동,4311112400125969920,1,대지,충청북도 청주시 상당구 용암동 2597,431114508510,충청북도 청주시 상당구 용암북로138번길,4.31111240012597e+24,충청북도 청주시 상당구 용암북로138번길 35,28763.0,1.0
MA010120220806318313,더써드,마인드스튜디오,M1,과학·기술,M113,사진 촬영,M11301,사진촬영업,M73301,인물 사진 및 행사용 영상 촬영업,43,충청북도,43111,청주시 상당구,43111545,성안동,4311110900,서문동,4311110900102220288,1,대지,충청북도 청주시 상당구 서문동 222-5,431113236009,충청북도 청주시 상당구 남사로,4.31111090010222e+24,충청북도 청주시 상당구 남사로 81,28528.0,1.0
MA010120220807752682,동백카츠,성안점,I2,음식,I203,일식,I20302,일식 카레/돈가스/덮밥,I56122,일식 음식점업,43,충청북도,43111,청주시 상당구,43111545,성안동,4311110200,북문로1가,4311110200100800000,1,대지,충청북도 청주시 상당구 북문로1가 80,431114508335,충청북도 청주시 상당구 상당로81번길,4.3111102001008e+24,충청북도 청주시 상당구 상당로81번길 9-2,28526.0,1.0
MA010120220805960989,이화수전통육개장,금천점,I2,음식,I201,한식,I20102,국/탕/찌개류,I56111,한식 일반 음식점업,43,충청북도,43111,청주시 상당구,43111620,탑대성동,4311111700,탑동,4311111700103269888,1,대지,충청북도 청주시 상당구 탑동 327-62,431113014064,충청북도 청주시 상당구 산성로,4.31111170010327e+24,충청북도 청주시 상당구 산성로 95-1,28523.0,1.0
MA010120220809700634,표가네명품순두부용담,광장점,I2,음식,I201,한식,I20101,백반/한정식,I56111,한식 일반 음식점업,43,충청북도,43111,청주시 상당구,43111690,용담.명암.산성동,4311112100,용담동,4311112100103649792,1,대지,충청북도 청주시 상당구 용담동 365,431113014064,충청북도 청주시 상당구 산성로,4.31111210010365e+24,충청북도 청주시 상당구 산성로 106,28744.0,1.0
MA010120220808541743,에제르케이크,전문점,I2,음식,I210,기타 간이,I21001,빵/도넛,I56191,제과점업,43,충청북도,43112,청주시 서원구,43112580,수곡2동,4311210700,수곡동,4311210700106609664,1,대지,충청북도 청주시 서원구 수곡동 661,431123237053,충청북도 청주시 서원구 수곡로,4.31131090010661e+24,충청북도 청주시 서원구 수곡로 97,28685.0,1.0
MA010120220814126962,오신강서점,본점,I2,음식,I201,한식,I20111,횟집,I56114,한식 해산물 요리 전문점,43,충청북도,43113,청주시 흥덕구,43113760,강서1동,4311311700,강서동,4311311700104590336,1,대지,충청북도 청주시 흥덕구 강서동 459,431133014065,충청북도 청주시 흥덕구 2순환로,4.31131170010459e+24,충청북도 청주시 흥덕구 2순환로 1222,28377.0,1.0
MA010120220805561618,로보듀,코리아,G2,소매,G213,오락용품 소매,G21306,장난감 소매업,G47640,게임용구; 인형 및 장난감 소매업,43,충청북도,43114,청주시 청원구,43114550,오근장동,4311410500,주성동,4311410500103610368,1,대지,충청북도 청주시 청원구 주성동 361,431144844115,충청북도 청주시 청원구 주성로279번길,4.31111310010142e+24,충청북도 청주시 청원구 주성로279번길 22,28318.0,5.0
MA010120220813213066,씨유오창,장대점,G2,소매,G204,종합 소매,G20405,편의점,G47122,체인화 편의점,43,충청북도,43114,청주시 청원구,43114253,오창읍,4311425330,오창읍,4311425330102810112,1,대지,충청북도 청주시 청원구 오창읍 장대리 281-12,431143236068,충청북도 청주시 청원구 오창읍 팔결로,4.37102533000281e+24,충청북도 청주시 청원구 오창읍 팔결로 710,28129.0,1.0
MA010120220813044864,씨유오창,센트럴파크점,G2,소매,G204,종합 소매,G20405,편의점,G47122,체인화 편의점,43,충청북도,43114,청주시 청원구,43114253,오창읍,4311425344,오창읍,4311425344106360320,1,대지,충청북도 청주시 청원구 오창읍 각리 636-2,431143240062,충청북도 청주시 청원구 오창읍 오창공원로,4.31142534410636e+24,충청북도 청주시 청원구 오창읍 오창공원로 96,28120.0,1.0
MA010120220810497195,불닭발땡초동대문엽기떡볶이청주,충북대점,I2,음식,I210,기타 간이,I21007,김밥/만두/분식,I56194,김밥 및 기타 간이 음식점업,43,충청북도,43112,청주시 서원구,43112530,사창동,4311210200,사창동,4311210200104280064,1,대지,충청북도 청주시 서원구 사창동 428,431123236001,충청북도 청주시 서원구 1순환로,4.31131020010428e+24,충청북도 청주시 서원구 1순환로 674,28643.0,2.0
MA010120220802899867,훈스돈까스,가경점,I2,음식,I204,서양식,I20401,경양식,I56123,서양식 음식점업,43,충청북도,43113,청주시 흥덕구,43113747,가경동,4311311300,가경동,4311311300116849664,1,대지,충청북도 청주시 흥덕구 가경동 1685,431133237092,충청북도 청주시 흥덕구 풍년로,4.31131130011687e+24,충청북도 청주시 흥덕구 풍년로 26,28413.0,1.0
MA010120220806044880,베스킨라빈스점,롯데마트,I2,음식,I210,기타 간이,I21008,아이스크림/빙수,I56194,김밥 및 기타 간이 음식점업,43,충청북도,43130,충주시,43130625,칠금.금릉동,4313011600,칠금동,4313011600108490240,1,대지,충청북도 충주시 칠금동 849,431302238008,충청북도 충주시 충원대로,4.31301160010849e+24,충청북도 충주시 충원대로 626,27360.0,2.0
MA0101202406A0109525,지에스25충주,노은점,G2,소매,G204,종합 소매,G20405,편의점,G47122,체인화 편의점,43,충청북도,43130,충주시,43130360,노은면,4313036027,노은면,4313036027107010048,1,대지,충청북도 충주시 노은면 신효리 701-3,431303014057,충청북도 충주시 노은면 감노로,4.31303602710701e+24,충청북도 충주시 노은면 감노로 1604,27453.0,1.0
MA0101202406A0160489,도야짬뽕,율량점,I2,음식,I202,중식,I20201,중국집,I56121,중식 음식점업,43,충청북도,43114,청주시 청원구,43114540,율량.사천동,4311410300,율량동,4311410300113149952,1,대지,충청북도 청주시 청원구 율량동 1315,431143236050,충청북도 청주시 청원구 율봉로,4.31111150011315e+24,충청북도 청주시 청원구 율봉로 134,28350.0,1.0
MA0101202406A0498296,25시김밥&만두,수곡점,I2,음식,I210,기타 간이,I21007,김밥/만두/분식,I56194,김밥 및 기타 간이 음식점업,43,충청북도,43112,청주시 서원구,43112570,수곡1동,4311210700,수곡동,4311210700101770240,1,대지,충청북도 청주시 서원구 수곡동 177,431123237013,충청북도 청주시 서원구 구룡산로,4.31131090010177e+24,충청북도 청주시 서원구 구룡산로 332,28693.0,1.0
MA0101202406A0223122,심쿵떡볶이,율량점,I2,음식,I210,기타 간이,I21007,김밥/만두/분식,I56194,김밥 및 기타 간이 음식점업,43,충청북도,43114,청주시 청원구,43114550,오근장동,4311410600,주중동,4311410600109599744,1,대지,충청북도 청주시 청원구 주중동 960,431144571753,충청북도 청주시 청원구 율량로32번길,4.31111320010182e+24,충청북도 청주시 청원구 율량로32번길 15,28325.0,1.0
MA0101202406A0097920,하삼동커피충북,금왕점,I2,음식,I212,비알코올,I21201,카페,I56221,커피 전문점,43,충청북도,43770,음성군,43770253,금왕읍,4377025321,금왕읍,4377025321105100288,1,대지,충청북도 음성군 금왕읍 무극리 510-1,437703247019,충청북도 음성군 금왕읍 무극로,4.3770253211051e+24,충청북도 음성군 금왕읍 무극로 247,27630.0,1.0
MA0101202406A0360764,디테일즈청주송절,봉명점,S2,수리·개인,S207,이용·미용,S20701,미용실,S96112,두발 미용업,43,충청북도,43113,청주시 흥덕구,43113770,강서2동,4311313400,송절동,4311313400107299840,1,대지,충청북도 청주시 흥덕구 송절동 730,431134855162,충청북도 청주시 흥덕구 송화로108번길,4.3113134001073e+24,충청북도 청주시 흥덕구 송화로108번길 66,28292.0,2.0
MA0101202406A0287713,방방파닭청주,테크노폴리스점,I2,음식,I210,기타 간이,I21006,치킨,I56111,한식 일반 음식점업,43,충청북도,43113,청주시 흥덕구,43113770,강서2동,4311313400,송절동,4311313400107079680,1,대지,충청북도 청주시 흥덕구 송절동 708,431134855164,충청북도 청주시 흥덕구 송화로150번길,4.31131340010708e+24,충청북도 청주시 흥덕구 송화로150번길 7-12,28292.0,1.0
MA0101202406A0113984,메가엠지씨커피청주터미널,사거리점,I2,음식,I212,비알코올,I21201,카페,I56221,커피 전문점,43,충청북도,43113,청주시 흥덕구,43113747,가경동,4311311300,가경동,4311311300113560576,1,대지,충청북도 청주시 흥덕구 가경동 1356,431133237093,충청북도 청주시 흥덕구 풍산로,4.31131130011356e+24,충청북도 청주시 흥덕구 풍산로 25,28395.0,1.0
MA0101202406A0261497,조치원파닭,봉명점,I2,음식,I210,기타 간이,I21006,치킨,I56193,치킨 전문점,43,충청북도,43113,청주시 흥덕구,43113756,봉명2.송정동,4311311500,봉명동,4311311500126830080,1,대지,충청북도 청주시 흥덕구 봉명동 2683,431133237029,충청북도 청주시 흥덕구 백봉로,4.31131150012683e+24,충청북도 청주시 흥덕구 백봉로 237,28465.0,1.0
MA0101202406A0225996,세븐일레븐청주뉴,터미널점,G2,소매,G204,종합 소매,G20405,편의점,G46103,섬유; 의복; 신발 및 가죽제품 중개업,43,충청북도,43113,청주시 흥덕구,43113747,가경동,4311311300,가경동,4311311300113950208,1,대지,충청북도 청주시 흥덕구 가경동 1395,431134512062,충청북도 청주시 흥덕구 풍산로25번길,4.31131130011395e+24,충청북도 청주시 흥덕구 풍산로25번길 12,28395.0,1.0
MA0101202406A0056524,아이센스리그PC,충북영동점,R1,예술·스포츠,R104,유원지·오락,R10406,PC방,R91222,컴퓨터 게임방 운영업,43,충청북도,43740,영동군,43740250,영동읍,4374025021,영동읍,4374025021106709504,1,대지,충청북도 영동군 영동읍 계산리 671-6,437403243002,충청북도 영동군 영동읍 계산로,4.37402502110671e+24,충청북도 영동군 영동읍 계산로 27,29144.0,2.0
MA0101202406A0391259,어썸스터디카페,산남점,R1,예술·스포츠,R102,도서관·사적지,R10202,독서실/스터디 카페,R90212,독서실 운영업,43,충청북도,43112,청주시 서원구,43112550,산남동,4311210400,산남동,4311210400106520576,1,대지,충청북도 청주시 서원구 산남동 652,431123237037,충청북도 청주시 서원구 산남로,4.31131060010652e+24,충청북도 청주시 서원구 산남로 50,28625.0,5.0
MA0101202406A0246423,쿼드커피청주,성안점,I2,음식,I212,비알코올,I21201,카페,I56221,커피 전문점,43,충청북도,43111,청주시 상당구,43111545,성안동,4311110200,북문로1가,4311110200101519872,1,대지,충청북도 청주시 상당구 북문로1가 152-2,431114508271,충청북도 청주시 상당구 사직대로362번길,4.31111020010152e+24,충청북도 청주시 상당구 사직대로362번길 23,28525.0,1.0
MA0101202406A0316802,더벤티청주,모충트릴로채점,I2,음식,I212,비알코올,I21201,카페,I56221,커피 전문점,43,충청북도,43112,청주시 서원구,43112540,모충동,4311210300,모충동,4311210300105619968,1,대지,충청북도 청주시 서원구 모충동 562,431124511333,충청북도 청주시 서원구 무심서로413번길,4.31121030010562e+24,충청북도 청주시 서원구 무심서로413번길 5,28673.0,1.0
MA0101202406A0309154,지에스25오창엔솔,1호점,G2,소매,G204,종합 소매,G20405,편의점,G47122,체인화 편의점,43,충청북도,43113,청주시 흥덕구,43113320,옥산면,4311332033,옥산면,4311332033111139840,1,대지,충청북도 청주시 흥덕구 옥산면 남촌리 1114-1,431133240007,충청북도 청주시 흥덕구 옥산면 과학산업3로,4.37104103301114e+24,충청북도 청주시 흥덕구 옥산면 과학산업3로 29,28122.0,1.0
MA0101202406A0148176,비에이치씨청주상당,구청점,I2,음식,I210,기타 간이,I21006,치킨,I56193,치킨 전문점,43,충청북도,43111,청주시 상당구,43111340,남일면,4311134022,남일면,4311134022102510080,1,대지,충청북도 청주시 상당구 남일면 효촌리 251-23,431114520717,충청북도 청주시 상당구 남일면 효촌송암길,4.31113402210251e+24,충청북도 청주시 상당구 남일면 효촌송암길 3-2,28187.0,1.0
MA0101202406A0392084,워시엔조이,청주봉명점,S2,수리·개인,S209,세탁,S20902,셀프 빨래방,S96912,가정용 세탁업,43,충청북도,43113,청주시 흥덕구,43113756,봉명2.송정동,4311311500,봉명동,4311311500124780032,1,대지,충청북도 청주시 흥덕구 봉명동 2478,431134511260,충청북도 청주시 흥덕구 덕암로47번길,4.31131150012478e+24,충청북도 청주시 흥덕구 덕암로47번길 9,28461.0,1.0
MA0101202406A0195319,세븐일레븐보은,삼산점,G2,소매,G204,종합 소매,G20405,편의점,G47122,체인화 편의점,43,충청북도,43720,보은군,43720250,보은읍,4372025021,보은읍,4372025021100080128,1,대지,충청북도 보은군 보은읍 삼산리 8-5,437203240090,충청북도 보은군 보은읍 남부로,4.37202502110008e+24,충청북도 보은군 보은읍 남부로 4505,28949.0,1.0
MA0101202406A0215171,크린토피아코인워시청주비하,파크자이점,S2,수리·개인,S209,세탁,S20902,셀프 빨래방,S96912,가정용 세탁업,43,충청북도,43113,청주시 흥덕구,43113760,강서1동,4311313800,비하동,4311313800102190080,1,대지,충청북도 청주시 흥덕구 비하동 219,431134511990,충청북도 청주시 흥덕구 청향로5번길,4.31131380010219e+24,충청북도 청주시 흥덕구 청향로5번길 47,28363.0,1.0
MA0101202406A0354869,에그플청주,테크노폴리스점,G2,소매,G204,종합 소매,G20404,슈퍼마켓,G47129,기타 음ㆍ식료품 위주 종합 소매업,43,충청북도,43113,청주시 흥덕구,43113770,강서2동,4311313400,송절동,4311313400108420096,1,대지,충청북도 청주시 흥덕구 송절동 842,431134855167,충청북도 청주시 흥덕구 송화로184번길,4.31131340010842e+24,충청북도 청주시 흥덕구 송화로184번길 7,28292.0,1.0
MA0101202406A0001241,우짱베기,증평점,I2,음식,I201,한식,I20101,백반/한정식,I56111,한식 일반 음식점업,43,충청북도,43745,증평군,43745250,증평읍,4374525030,증평읍,4374525030105690112,1,대지,충청북도 증평군 증평읍 초중리 569-2,437453244020,충청북도 증평군 증평읍 초중로,4.37452503010569e+24,충청북도 증평군 증평읍 초중로 42,27941.0,1.0
MA0101202406A0212960,반지하숙성고기,오창점,I2,음식,I201,한식,I20107,돼지고기 구이/찜,I56111,한식 일반 음식점업,43,충청북도,43114,청주시 청원구,43114253,오창읍,4311425332,오창읍,4311425332106050048,1,대지,충청북도 청주시 청원구 오창읍 주성리 605,431144571746,충청북도 청주시 청원구 오창읍 주성1길,4.31142533210605e+24,충청북도 청주시 청원구 오창읍 주성1길 12-2,28117.0,1.0
MA0101202406A0484303,레드포스PC아레나청주,율량점,R1,예술·스포츠,R104,유원지·오락,R10405,기타 오락장,R91229,기타 오락장 운영업,43,충청북도,43114,청주시 청원구,43114540,율량.사천동,4311410300,율량동,4311410300120689664,1,대지,충청북도 청주시 청원구 율량동 2069,431143236001,충청북도 청주시 청원구 1순환로,4.31141030012069e+24,충청북도 청주시 청원구 1순환로 142,28320.0,2.0
MA0101202406A0477646,순타순대꾼,금왕점,I2,음식,I201,한식,I20102,국/탕/찌개류,I56111,한식 일반 음식점업,43,충청북도,43770,음성군,43770253,금왕읍,4377025335,금왕읍,4377025335100879872,1,대지,충청북도 음성군 금왕읍 쌍봉리 88,437703000129,충청북도 음성군 금왕읍 금일로,4.37702533510088e+24,충청북도 음성군 금왕읍 금일로 266,27642.0,1.0
MA0101202406A0432496,유림대패,비하점,I2,음식,I201,한식,I20101,백반/한정식,I56111,한식 일반 음식점업,43,충청북도,43113,청주시 흥덕구,43113760,강서1동,4311313800,비하동,4311313800107589632,1,대지,충청북도 청주시 흥덕구 비하동 759,431134511056,충청북도 청주시 흥덕구 2순환로1168번길,4.31131380010759e+24,충청북도 청주시 흥덕구 2순환로1168번길 23,28365.0,1.0
MA0101202406A0269990,마라부마라탕,가경점,I2,음식,I202,중식,I20202,마라탕/훠궈,I56111,한식 일반 음식점업,43,충청북도,43113,청주시 흥덕구,43113747,가경동,4311311300,가경동,4311311300115550208,1,대지,충청북도 청주시 흥덕구 가경동 1555,431133237002,충청북도 청주시 흥덕구 가경로,4.31131130011555e+24,충청북도 청주시 흥덕구 가경로 10,28409.0,1.0
MA0101202406A0463065,동읍리,탑동점,I2,음식,I201,한식,I20101,백반/한정식,I56111,한식 일반 음식점업,43,충청북도,43111,청주시 상당구,43111620,탑대성동,4311111700,탑동,4311111700100920320,1,대지,충청북도 청주시 상당구 탑동 92-78,431114508290,충청북도 청주시 상당구 산성로49번길,4.31111170010092e+24,충청북도 청주시 상당구 산성로49번길 47,28721.0,1.0
MA0101202406A0192321,대동집,청주봉명점,I2,음식,I211,주점,I21104,요리 주점,I56111,한식 일반 음식점업,43,충청북도,43113,청주시 흥덕구,43113756,봉명2.송정동,4311311500,봉명동,4311311500127390208,1,대지,충청북도 청주시 흥덕구 봉명동 2739,431134511253,충청북도 청주시 흥덕구 덕암로114번길,4.31131150012739e+24,충청북도 청주시 흥덕구 덕암로114번길 80,28465.0,1.0
MA0101202406A0452480,먹는족족,사천점,I2,음식,I201,한식,I20107,돼지고기 구이/찜,I56113,한식 육류 요리 전문점,43,충청북도,43114,청주시 청원구,43114540,율량.사천동,4311410400,사천동,4311410400104460288,1,대지,충청북도 청주시 청원구 사천동 446-6,431143236029,충청북도 청주시 청원구 새터로,4.31111160010446e+24,충청북도 청주시 청원구 새터로 177,28342.0,1.0
MA0101202406A0007973,한양화로충주신,연수점,I2,음식,I201,한식,I20101,백반/한정식,I56111,한식 일반 음식점업,43,충청북도,43130,충주시,43130630,연수동,4313011800,연수동,4313011800113720320,1,대지,충청북도 충주시 연수동 1372,431303238002,충청북도 충주시 갱고개로,4.31301180011372e+24,충청북도 충주시 갱고개로 175,27351.0,1.0
MA0101202406A0518565,씨유제천,중앙로점,G2,소매,G204,종합 소매,G20405,편의점,G47122,체인화 편의점,43,충청북도,43150,제천시,43150528,중앙동,4315010700,중앙로2가,4315010700100879872,1,대지,충청북도 제천시 중앙로2가 88-25,431503239015,충청북도 제천시 독순로,4.31501070010088e+24,충청북도 제천시 독순로 73,27173.0,1.0
MA0101202406A0199070,구피샵청주,오창점,G2,소매,G215,의약·화장품 소매,G21503,화장품 소매업,G47813,화장품; 비누 및 방향제 소매업,43,충청북도,43114,청주시 청원구,43114253,오창읍,4311425345,오창읍,4311425345108209664,1,대지,충청북도 청주시 청원구 오창읍 양청리 821-2,431142014001,충청북도 청주시 청원구 오창읍 오창대로,4.37102534500821e+24,충청북도 청주시 청원구 오창읍 오창대로 315,28120.0,1.0
MA0101202406A0223180,박달박가네숯불껍데기청주,가경점,I2,음식,I201,한식,I20101,백반/한정식,I56111,한식 일반 음식점업,43,충청북도,43113,청주시 흥덕구,43113747,가경동,4311311300,가경동,4311311300114670080,1,대지,충청북도 청주시 흥덕구 가경동 1467-2,431134512027,충청북도 청주시 흥덕구 풍년로119번길,4.31131130011467e+24,충청북도 청주시 흥덕구 풍년로119번길 3,28404.0,1.0
MA0101202406A0352902,어무이맛양평해장국,진천점,I2,음식,I201,한식,I20102,국/탕/찌개류,I56111,한식 일반 음식점업,43,충청북도,43750,진천군,43750350,이월면,4375035024,이월면,4375035024112309760,1,대지,충청북도 진천군 이월면 장양리 1231,437503245021,충청북도 진천군 이월면 진광로,4.37503502411231e+24,충청북도 진천군 이월면 진광로 854,27815.0,1.0
MA0101202406A0022966,파닭THE참잘하는집율량,본점,I2,음식,I210,기타 간이,I21006,치킨,I56193,치킨 전문점,43,충청북도,43114,청주시 청원구,43114540,율량.사천동,4311410300,율량동,4311410300113149952,1,대지,충청북도 청주시 청원구 율량동 1315,431143236050,충청북도 청주시 청원구 율봉로,4.31111150011315e+24,충청북도 청주시 청원구 율봉로 134,28350.0,1.0
MA0101202406A0517306,덕수파스타충주,호암점,I2,음식,I204,서양식,I20402,파스타/스테이크,I56123,서양식 음식점업,43,충청북도,43130,충주시,43130580,호암.직동,4313010700,호암동,4313010700111529984,1,대지,충청북도 충주시 호암동 1153,431304856109,충청북도 충주시 호암토성5길,4.31301070011153e+24,충청북도 충주시 호암토성5길 46,27480.0,1.0
MA0101202406A0476121,한입두잎,분평점,I2,음식,I201,한식,I20101,백반/한정식,I56111,한식 일반 음식점업,43,충청북도,43112,청주시 서원구,43112560,분평동,4311210600,분평동,4311210600105610240,1,대지,충청북도 청주시 서원구 분평동 561,431123236001,충청북도 청주시 서원구 1순환로,4.31121060010561e+24,충청북도 청주시 서원구 1순환로 1142,28804.0,2.0
MA0101202406A0220251,연희네닭강정,가경점,I2,음식,I210,기타 간이,I21006,치킨,I56113,한식 육류 요리 전문점,43,충청북도,43113,청주시 흥덕구,43113747,가경동,4311311300,가경동,4311311300106270208,1,대지,충청북도 청주시 흥덕구 가경동 627,431133353751,충청북도 청주시 흥덕구 서현남로,4.31131130010627e+24,충청북도 청주시 흥덕구 서현남로 28,28382.0,1.0
MA0101202406A0159304,달마설렁탕숯불갈비,복대점,I2,음식,I201,한식,I20101,백반/한정식,I56111,한식 일반 음식점업,43,충청북도,43113,청주시 흥덕구,43113742,복대2동,4311311400,복대동,4311311400121329664,1,대지,충청북도 청주시 흥덕구 복대동 2133-1,431134511660,충청북도 청주시 흥덕구 신율로103번길,4.31131140012133e+24,충청북도 청주시 흥덕구 신율로103번길 18,28606.0,1.0
MA0101202406A0540299,떡마마청주,율량점,I2,음식,I210,기타 간이,I21001,빵/도넛,I56191,제과점업,43,충청북도,43114,청주시 청원구,43114540,율량.사천동,4311410300,율량동,4311410300109519872,1,대지,충청북도 청주시 청원구 율량동 952,431143236064,충청북도 청주시 청원구 공항로,4.31111150010952e+24,충청북도 청주시 청원구 공항로 94,28331.0,1.0
MA0101202406A0160379,을찌로가맥청주,동남점,I2,음식,I201,한식,I20101,백반/한정식,I56111,한식 일반 음식점업,43,충청북도,43111,청주시 상당구,43111720,용암1동,4311112400,용암동,4311112400130789888,1,대지,충청북도 청주시 상당구 용암동 3079,431114857347,충청북도 청주시 상당구 중고개로141번길,4.31111240013079e+24,충청북도 청주시 상당구 중고개로141번길 11-19,28808.0,1.0
MA0101202406A0202709,제천격투기킹스짐3관,코리아,P1,교육,P106,기타 교육,P10601,태권도/무술학원,P85611,태권도 및 무술 교육기관,43,충청북도,43150,제천시,43150528,중앙동,4315010100,의림동,4315010100100469760,1,대지,충청북도 제천시 의림동 47-8,431504517494,충청북도 제천시 숭문로12길,4.31501010010047e+24,충청북도 제천시 숭문로12길 3,27169.0,2.0
MA0101202406A0589497,브레인플랫폼지점,충북혁신도시,N1,시설관리·임대,N104,고용 알선,N10401,고용 알선업,N75110,고용 알선업,43,충청북도,43770,음성군,43770330,맹동면,4377033028,맹동면,4377033028113400320,1,대지,충청북도 음성군 맹동면 두성리 1340,437704541741,충청북도 음성군 맹동면 용두3길,4.3770330281134e+24,충청북도 음성군 맹동면 용두3길 4,27738.0,10.0
MA0101202406A0300679,간식창고용담,금천점,G2,소매,G204,종합 소매,G20404,슈퍼마켓,G47129,기타 음ㆍ식료품 위주 종합 소매업,43,충청북도,43111,청주시 상당구,43111690,용담.명암.산성동,4311112100,용담동,4311112100104019968,1,대지,충청북도 청주시 상당구 용담동 402,431113236035,충청북도 청주시 상당구 수영로,4.31111210010402e+24,충청북도 청주시 상당구 수영로 303-1,28744.0,1.0
MA0101202406A0068719,애플꼬마김밥,연수점,I2,음식,I210,기타 간이,I21007,김밥/만두/분식,I56194,김밥 및 기타 간이 음식점업,43,충청북도,43130,충주시,43130630,연수동,4313011800,연수동,4313011800116259840,1,대지,충청북도 충주시 연수동 1626,431303238044,충청북도 충주시 연수동산로,4.31301180011626e+24,충청북도 충주시 연수동산로 40,27353.0,1.0
MA0101202406A0507333,런드리업24시셀프빨래방,복대점,S2,수리·개인,S209,세탁,S20902,셀프 빨래방,S96912,가정용 세탁업,43,충청북도,43113,청주시 흥덕구,43113742,복대2동,4311311400,복대동,4311311400114099712,1,대지,충청북도 청주시 흥덕구 복대동 1410,431134511664,충청북도 청주시 흥덕구 신율로139번길,4.3113114001141e+24,충청북도 청주시 흥덕구 신율로139번길 16,28602.0,1.0
MA0101202406A0184482,동백상회,2호점,G2,소매,G222,중고 상품 소매,G22201,중고 상품 소매업,G47869,기타 중고 상품 소매업,43,충청북도,43130,충주시,43130580,호암.직동,4313010700,호암동,4313010700105450496,1,대지,충청북도 충주시 호암동 545,431302238007,충청북도 충주시 호암대로,4.31301070010545e+24,충청북도 충주시 호암대로 1,27415.0,1.0
MA0101202406A0029158,갈골집,산남점,I2,음식,I201,한식,I20101,백반/한정식,I56111,한식 일반 음식점업,43,충청북도,43112,청주시 서원구,43112550,산남동,4311210400,산남동,4311210400105690112,1,대지,충청북도 청주시 서원구 산남동 569,431124511285,충청북도 청주시 서원구 두꺼비로78번길,4.31131060010569e+24,충청북도 청주시 서원구 두꺼비로78번길 25,28625.0,1.0
MA0101202406A0314301,비오비피씨방,율량점,R1,예술·스포츠,R104,유원지·오락,R10406,PC방,R91222,컴퓨터 게임방 운영업,43,충청북도,43114,청주시 청원구,43114540,율량.사천동,4311410300,율량동,4311410300112829952,1,대지,충청북도 청주시 청원구 율량동 1283,431143236050,충청북도 청주시 청원구 율봉로,4.31111150011283e+24,충청북도 청주시 청원구 율봉로 97,28340.0,4.0
MA0101202406A0264822,청주오창에바크리닝에어컨히터냄새전문카롱,코리아,S2,수리·개인,S203,자동차 수리·세차,S20302,자동차 세차장,S95213,자동차 세차업,43,충청북도,43114,청주시 청원구,43114540,율량.사천동,4311410300,율량동,4311410300110659584,1,대지,충청북도 청주시 청원구 율량동 1066,431142014003,충청북도 청주시 청원구 충청대로,4.31111150011066e+24,충청북도 청주시 청원구 충청대로 113,28333.0,2.0
MA0101202406A0449480,즙팡탕후루,복대점,I2,음식,I210,기타 간이,I21003,피자,I56192,피자; 햄버거; 샌드위치 및 유사 음식점업,43,충청북도,43113,청주시 흥덕구,43113741,복대1동,4311311400,복대동,4311311400124899840,1,대지,충청북도 청주시 흥덕구 복대동 2490,431133237079,충청북도 청주시 흥덕구 증안로,4.3113114001249e+24,충청북도 청주시 흥덕구 증안로 40-1,28416.0,1.0
MA0101202406A0479080,파스타라이크청주,본점,I2,음식,I204,서양식,I20402,파스타/스테이크,I56123,서양식 음식점업,43,충청북도,43113,청주시 흥덕구,43113741,복대1동,4311311400,복대동,4311311400126289920,1,대지,충청북도 청주시 흥덕구 복대동 2629,431134511823,충청북도 청주시 흥덕구 증안로54번길,4.31131140012629e+24,충청북도 청주시 흥덕구 증안로54번길 32-1,28416.0,1.0
MA0101202406A0044793,돈미품프리미엄숙성삼겹,봉명점,I2,음식,I201,한식,I20101,백반/한정식,I56111,한식 일반 음식점업,43,충청북도,43113,청주시 흥덕구,43113756,봉명2.송정동,4311311500,봉명동,4311311500118650368,1,대지,충청북도 청주시 흥덕구 봉명동 1865,431134512133,충청북도 청주시 흥덕구 봉정로55번길,4.31131150011865e+24,충청북도 청주시 흥덕구 봉정로55번길 26,28448.0,1.0
MA0101202406A0188628,코인노래연습장노래야노래야,금왕점,R1,예술·스포츠,R104,유원지·오락,R10407,노래방,R91223,노래 연습장 운영업,43,충청북도,43770,음성군,43770253,금왕읍,4377025321,금왕읍,4377025321105100288,1,대지,충청북도 음성군 금왕읍 무극리 510-1,437703247019,충청북도 음성군 금왕읍 무극로,4.3770253211051e+24,충청북도 음성군 금왕읍 무극로 247,27630.0,1.0
MA0101202406A0345669,카페요아정,오창점,I2,음식,I212,비알코올,I21201,카페,I56221,커피 전문점,43,충청북도,43114,청주시 청원구,43114253,오창읍,4311425345,오창읍,4311425345108209664,1,대지,충청북도 청주시 청원구 오창읍 양청리 821-4,431143240077,충청북도 청주시 청원구 오창읍 중심상업로,4.37102534500821e+24,충청북도 청주시 청원구 오창읍 중심상업로 7,28120.0,1.0
MA0101202406A0274030,투썸플레이스청주,용암점,I2,음식,I212,비알코올,I21201,카페,I56221,커피 전문점,43,충청북도,43111,청주시 상당구,43111720,용암1동,4311112400,용암동,4311112400115939840,1,대지,충청북도 청주시 상당구 용암동 1594,431113236049,충청북도 청주시 상당구 월평로,4.31111240011594e+24,충청북도 청주시 상당구 월평로 180,28776.0,1.0
MA0101202406A0275684,인생아구찜청주,용암점,I2,음식,I201,한식,I20112,해산물 구이/찜,I56111,한식 일반 음식점업,43,충청북도,43111,청주시 상당구,43111720,용암1동,4311112400,용암동,4311112400114570240,1,대지,충청북도 청주시 상당구 용암동 1457,431114508559,충청북도 청주시 상당구 월평로154번길,4.31111240011457e+24,충청북도 청주시 상당구 월평로154번길 10-11,28775.0,1.0
MA0101202406A0019131,하루엔소쿠제천,중앙점,I2,음식,I203,일식,I20302,일식 카레/돈가스/덮밥,I56122,일식 음식점업,43,충청북도,43150,제천시,43150528,중앙동,4315010700,중앙로2가,4315010700100869632,1,대지,충청북도 제천시 중앙로2가 87-9,431502239002,충청북도 제천시 의림대로,4.31501070010087e+24,충청북도 제천시 의림대로 138,27173.0,2.0
MA0101202406A0214564,마실파크골프아카데미제천,중앙점,R1,예술·스포츠,R103,스포츠 서비스,R10311,골프 연습장,R91136,골프 연습장 운영업,43,충청북도,43150,제천시,43150528,중앙동,4315010600,중앙로1가,4315010600100769792,1,대지,충청북도 제천시 중앙로1가 77,431503239074,충청북도 제천시 풍양로,4.31501060010077e+24,충청북도 제천시 풍양로 108,27173.0,2.0
MA0101202406A0412605,한식세끼청주,오창점,I2,음식,I201,한식,I20101,백반/한정식,I56111,한식 일반 음식점업,43,충청북도,43114,청주시 청원구,43114253,오창읍,4311425345,오창읍,4311425345107719680,1,대지,충청북도 청주시 청원구 오창읍 양청리 772-4,431144520429,충청북도 청주시 청원구 오창읍 양청1길,4.31142534510772e+24,충청북도 청주시 청원구 오창읍 양청1길 102,28115.0,1.0
MA0101202406A0033138,갈때아이스크림,운천점,G2,소매,G204,종합 소매,G20404,슈퍼마켓,G47216,빵류; 과자류 및 당류 소매업,43,충청북도,43113,청주시 흥덕구,43113700,운천.신봉동,4311310400,운천동,4311310400106629632,1,대지,충청북도 청주시 흥덕구 운천동 663-6,431133237036,충청북도 청주시 흥덕구 사운로,4.31131040010663e+24,충청북도 청주시 흥덕구 사운로 276,28467.0,1.0
MA0101202406A0526243,제줏간오창2,산단점,I2,음식,I201,한식,I20107,돼지고기 구이/찜,I56111,한식 일반 음식점업,43,충청북도,43114,청주시 청원구,43114253,오창읍,4311425332,오창읍,4311425332106229760,1,대지,충청북도 청주시 청원구 오창읍 주성리 623,431144571746,충청북도 청주시 청원구 오창읍 주성1길,4.31142533210623e+24,충청북도 청주시 청원구 오창읍 주성1길 9-1,28117.0,1.0
MA0101202406A0033634,떡군이네떡볶이,용암점,I2,음식,I210,기타 간이,I21007,김밥/만두/분식,I56194,김밥 및 기타 간이 음식점업,43,충청북도,43111,청주시 상당구,43111720,용암1동,4311112400,용암동,4311112400113619968,1,대지,충청북도 청주시 상당구 용암동 1362,431114508523,충청북도 청주시 상당구 용암북로6번길,4.31111240011362e+24,충청북도 청주시 상당구 용암북로6번길 4,28772.0,1.0
MA0101202406A0482135,간이역,산남점,I2,음식,I211,주점,I21104,요리 주점,I56219,기타 주점업,43,충청북도,43112,청주시 서원구,43112550,산남동,4311210400,산남동,4311210400111470080,1,대지,충청북도 청주시 서원구 산남동 1147,431124512006,충청북도 청주시 서원구 탑골로13번길,4.31131060011147e+24,충청북도 청주시 서원구 탑골로13번길 8-2,28627.0,1.0
MA0101202406A0221022,크림청주,테크노점,G2,소매,G204,종합 소매,G20404,슈퍼마켓,G47129,기타 음ㆍ식료품 위주 종합 소매업,43,충청북도,43113,청주시 흥덕구,43113770,강서2동,4311313300,문암동,4311313300102129664,1,대지,충청북도 청주시 흥덕구 문암동 213,431133351696,충청북도 청주시 흥덕구 송화로,4.31131330010213e+24,충청북도 청주시 흥덕구 송화로 229,28291.0,1.0
MA0101202406A0412504,갓튀긴후라이드,제천점,I2,음식,I210,기타 간이,I21006,치킨,I56193,치킨 전문점,43,충청북도,43150,제천시,43150590,청전동,4315011300,청전동,4315011300109850112,1,대지,충청북도 제천시 청전동 985,431503239009,충청북도 제천시 내제로,4.31501130010985e+24,충청북도 제천시 내제로 205,27153.0,1.0
MA0101202406A0351488,스마트짐,가경점,R1,예술·스포츠,R103,스포츠 서비스,R10307,헬스장,R91132,체력 단련시설 운영업,43,충청북도,43113,청주시 흥덕구,43113747,가경동,4311311300,가경동,4311311300115550208,1,대지,충청북도 청주시 흥덕구 가경동 1555,431133237002,충청북도 청주시 흥덕구 가경로,4.31131130011555e+24,충청북도 청주시 흥덕구 가경로 10,28409.0,4.0
MA0101202410A0438963,태권도스쿨,명지,P1,교육,P106,기타 교육,P10601,태권도/무술학원,P85611,태권도 및 무술 교육기관,43,충청북도,43150,제천시,43150590,청전동,4315011300,청전동,4315011300109870080,1,대지,충청북도 제천시 청전동 987,431504517778,충청북도 제천시 의림대로33길,4.31501130010987e+24,충청북도 제천시 의림대로33길 62,27153.0,2.0
MA0101202410A0439042,송학황기소매,전문점,G2,소매,G205,식료품 소매,G20506,채소/과일 소매업,G47215,채소; 과실 및 뿌리작물 소매업,43,충청북도,43150,제천시,43150547,영서동,4315010200,서부동,4315010200111249920,1,대지,충청북도 제천시 서부동 1125,431504517292,충청북도 제천시 동명로3길,4.31501020011125e+24,충청북도 제천시 동명로3길 11,27186.0,1.0
MA0101202409A0034433,플랜미디어,제천지점,M1,과학·기술,M113,사진 촬영,M11301,사진촬영업,M73303,사진 처리업,43,충청북도,43150,제천시,43150528,중앙동,4315010100,의림동,4315010100102149632,1,대지,충청북도 제천시 의림동 215-10,431503239018,충청북도 제천시 명륜로,4.31501010010215e+24,충청북도 제천시 명륜로 50,27170.0,2.0
MA0101202410A0438980,심리상담센터,명지,Q1,보건의료,Q104,기타 보건,Q10402,유사 의료업,Q86902,유사 의료업,43,충청북도,43150,제천시,43150528,중앙동,4315010800,명동,4315010800100029952,1,대지,충청북도 제천시 명동 3-21,431502014004,충청북도 제천시 의병대로,4.31501080010003e+24,충청북도 제천시 의병대로 73,27169.0,2.0
MA0101202409A0063017,큐사랑오송,휴먼시아점,G2,소매,G205,식료품 소매,G20508,건강보조식품 소매업,G47217,건강 보조식품 소매업,43,충청북도,43113,청주시 흥덕구,43113250,오송읍,4311325025,오송읍,4311325025105489920,1,대지,충청북도 청주시 흥덕구 오송읍 만수리 549-1,431133240054,충청북도 청주시 흥덕구 오송읍 오송가락로,4.37102562510549e+24,충청북도 청주시 흥덕구 오송읍 오송가락로 235,28166.0,2.0
MA0101202409A0111009,피자마루오송2,산단점,I2,음식,I210,기타 간이,I21003,피자,I56192,피자; 햄버거; 샌드위치 및 유사 음식점업,43,충청북도,43113,청주시 흥덕구,43113250,오송읍,4311325031,오송읍,4311325031114970112,1,대지,충청북도 청주시 흥덕구 오송읍 봉산리 1497,431134520284,충청북도 청주시 흥덕구 오송읍 봉산1길,4.31132503111497e+24,충청북도 청주시 흥덕구 오송읍 봉산1길 6-14,28222.0,1.0
MA0101202409A0026138,지에스25충주봉방,센터점,G2,소매,G204,종합 소매,G20405,편의점,G47122,체인화 편의점,43,충청북도,43130,충주시,43130610,봉방동,4313011500,봉방동,4313011500103429632,1,대지,충청북도 충주시 봉방동 343-8,431303238043,충청북도 충주시 애향로,4.31301150010343e+24,충청북도 충주시 애향로 40,27431.0,1.0
MA0101202409A0108955,메타웰,코리아,G2,소매,G215,의약·화장품 소매,G21503,화장품 소매업,G47813,화장품; 비누 및 방향제 소매업,43,충청북도,43113,청주시 흥덕구,43113250,오송읍,4311325032,오송읍,4311325032106970112,1,대지,충청북도 청주시 흥덕구 오송읍 정중리 697,431133351773,충청북도 청주시 흥덕구 오송읍 오송생명10로,4.31132503210697e+24,충청북도 청주시 흥덕구 오송읍 오송생명10로 125,28164.0,2.0
MA0101202409A0241905,퐁당샤브,율량점,I2,음식,I201,한식,I20101,백반/한정식,I56111,한식 일반 음식점업,43,충청북도,43114,청주시 청원구,43114550,오근장동,4311410500,주성동,4311410500103520256,1,대지,충청북도 청주시 청원구 주성동 352,431144844115,충청북도 청주시 청원구 주성로279번길,4.31141050010352e+24,충청북도 청주시 청원구 주성로279번길 17,28318.0,2.0
MA0101202409A0042386,쿠마쿠마,교통대점,I2,음식,I203,일식,I20301,일식 회/초밥,I56122,일식 음식점업,43,충청북도,43130,충주시,43130335,대소원면,4313033524,대소원면,4313033524101929984,1,대지,충청북도 충주시 대소원면 만정리 193-13,431303238012,충청북도 충주시 대소원면 대학로,4.31303302410193e+24,충청북도 충주시 대소원면 대학로 11,27470.0,2.0
MA0101202409A0221152,후라이드참잘하는집금천,용암점,I2,음식,I210,기타 간이,I21006,치킨,I56111,한식 일반 음식점업,43,충청북도,43111,청주시 상당구,43111680,금천동,4311112000,금천동,4311112000101150208,1,대지,충청북도 청주시 상당구 금천동 115-72,431114508369,충청북도 청주시 상당구 쇠내로125번길,4.31111200010115e+24,충청북도 청주시 상당구 쇠내로125번길 32,28732.0,1.0
MA0101202409A0060371,브라더스스토어계도,충청점,I2,음식,I201,한식,I20101,백반/한정식,I56111,한식 일반 음식점업,43,충청북도,43113,청주시 흥덕구,43113741,복대1동,4311311400,복대동,4311311400133799936,1,대지,충청북도 청주시 흥덕구 복대동 3380,431133236058,충청북도 청주시 흥덕구 직지대로,4.31131140010584e+24,충청북도 청주시 흥덕구 직지대로 308,28424.0,1.0
MA0101202409A0030407,룸메이트,충북대점,I2,음식,I201,한식,I20101,백반/한정식,I56111,한식 일반 음식점업,43,충청북도,43112,청주시 서원구,43112530,사창동,4311210200,사창동,4311210200104399872,1,대지,충청북도 청주시 서원구 사창동 440,431124512173,충청북도 청주시 서원구 1순환로674번길,4.3113102001044e+24,충청북도 청주시 서원구 1순환로674번길 24,28643.0,2.0
MA0101202409A0187379,탐라강저,신도시점,I2,음식,I211,주점,I21103,생맥주 전문,I56213,생맥주 전문점,43,충청북도,43150,제천시,43150605,화산동,4315012100,강제동,4315012100108480000,1,대지,충청북도 제천시 강제동 848,431504517996,충청북도 제천시 청풍호로10길,4.31501210010848e+24,충청북도 제천시 청풍호로10길 38,27192.0,1.0
MA0101202409A0023134,제주올래고기국수,증평점,I2,음식,I201,한식,I20107,돼지고기 구이/찜,I56111,한식 일반 음식점업,43,충청북도,43745,증평군,43745250,증평읍,4374525032,증평읍,4374525032107870208,1,대지,충청북도 증평군 증평읍 송산리 787,437454532228,충청북도 증평군 증평읍 송산로2길,4.37452503210787e+24,충청북도 증평군 증평읍 송산로2길 37-5,27917.0,1.0
MA0101202409A0223158,박가부대충주,시청점,I2,음식,I201,한식,I20102,국/탕/찌개류,I56111,한식 일반 음식점업,43,충청북도,43130,충주시,43130625,칠금.금릉동,4313012800,금릉동,4313012800108679680,1,대지,충청북도 충주시 금릉동 868,431304514172,충청북도 충주시 금제9길,4.31301280010868e+24,충청북도 충주시 금제9길 22,27340.0,1.0
MA0101202409A0208935,궁서채,율량점,S2,수리·개인,S207,이용·미용,S20701,미용실,S96112,두발 미용업,43,충청북도,43114,청주시 청원구,43114540,율량.사천동,4311410300,율량동,4311410300108669952,1,대지,충청북도 청주시 청원구 율량동 867-5,431142014003,충청북도 청주시 청원구 충청대로,4.31141030010867e+24,충청북도 청주시 청원구 충청대로 135,28326.0,1.0
MA0101202409A0172884,세븐일레븐뉴오창,프라자점,G2,소매,G204,종합 소매,G20405,편의점,G47122,체인화 편의점,43,충청북도,43114,청주시 청원구,43114253,오창읍,4311425345,오창읍,4311425345108209664,1,대지,충청북도 청주시 청원구 오창읍 양청리 821-4,431143240077,충청북도 청주시 청원구 오창읍 중심상업로,4.37102534500821e+24,충청북도 청주시 청원구 오창읍 중심상업로 7,28120.0,1.0
MA0101202409A0002282,왕오락실,제천점,R1,예술·스포츠,R104,유원지·오락,R10404,전자 게임장,R91221,전자 게임장 운영업,43,충청북도,43150,제천시,43150510,교동,4315011600,장락동,4315011600105430016,1,대지,충청북도 제천시 장락동 543-3,431504844153,충청북도 제천시 죽하로11안길,4.31501160010543e+24,충청북도 제천시 죽하로11안길 24,27144.0,1.0
MA0101202409A0122452,돼지두루치기울대찌개,복대점,I2,음식,I201,한식,I20101,백반/한정식,I56111,한식 일반 음식점업,43,충청북도,43113,청주시 흥덕구,43113741,복대1동,4311311400,복대동,4311311400103370240,1,대지,충청북도 청주시 흥덕구 복대동 337-16,431133237078,충청북도 청주시 흥덕구 죽천로,4.31131140010337e+24,충청북도 청주시 흥덕구 죽천로 85,28426.0,1.0
MA0101202409A0201776,풍년떡,전문점,I2,음식,I210,기타 간이,I21002,떡/한과,C10711,떡류 제조업,43,충청북도,43740,영동군,43740250,영동읍,4374025021,영동읍,4374025021106620416,1,대지,충청북도 영동군 영동읍 계산리 662-3,437403243002,충청북도 영동군 영동읍 계산로,4.37402502110662e+24,충청북도 영동군 영동읍 계산로 52,29144.0,1.0
MA0101202409A0181169,송정부산돼지국밥,금왕점,I2,음식,I201,한식,I20101,백반/한정식,I56111,한식 일반 음식점업,43,충청북도,43770,음성군,43770253,금왕읍,4377025322,금왕읍,4377025322102309888,1,대지,충청북도 음성군 금왕읍 금석리 231-5,437703247019,충청북도 음성군 금왕읍 무극로,4.37702532210231e+24,충청북도 음성군 금왕읍 무극로 353,27627.0,1.0
MA0101202409A0035501,한방명가왕족발,오창점,I2,음식,I201,한식,I20103,족발/보쌈,I56111,한식 일반 음식점업,43,충청북도,43114,청주시 청원구,43114253,오창읍,4311425345,오창읍,4311425345107980288,1,대지,충청북도 청주시 청원구 오창읍 양청리 798-5,431143240076,충청북도 청주시 청원구 오창읍 중심상업2로,4.37102534510798e+24,충청북도 청주시 청원구 오창읍 중심상업2로 45,28119.0,1.0
MA0101202409A0096434,판타스틱코인노래연습장청주,복대점,R1,예술·스포츠,R104,유원지·오락,R10407,노래방,R91223,노래 연습장 운영업,43,충청북도,43113,청주시 흥덕구,43113741,복대1동,4311311400,복대동,4311311400132659712,1,대지,충청북도 청주시 흥덕구 복대동 3266,431134511235,충청북도 청주시 흥덕구 대신로73번길,4.31131140013266e+24,충청북도 청주시 흥덕구 대신로73번길 39,28426.0,4.0
MA0101202409A0127959,기영이숯불두마리치킨,청주봉명점,I2,음식,I210,기타 간이,I21006,치킨,I56193,치킨 전문점,43,충청북도,43113,청주시 흥덕구,43113751,봉명1동,4311311500,봉명동,4311311500101949952,1,대지,충청북도 청주시 흥덕구 봉명동 195-16,431134512188,충청북도 청주시 흥덕구 1순환로594번길,4.31131150010195e+24,충청북도 청주시 흥덕구 1순환로594번길 18,28571.0,1.0
MA0101202409A0222709,곱이곱다금천,광장점,I2,음식,I201,한식,I20109,곱창 전골/구이,I56111,한식 일반 음식점업,43,충청북도,43111,청주시 상당구,43111680,금천동,4311112000,금천동,4311112000103009792,1,대지,충청북도 청주시 상당구 금천동 301,431114508297,충청북도 청주시 상당구 산성로98번길,4.31111200010301e+24,충청북도 청주시 상당구 산성로98번길 34,28744.0,1.0
MA0101202409A0235308,클라운지충북제천,4호점,G2,소매,G215,의약·화장품 소매,G21503,화장품 소매업,G47813,화장품; 비누 및 방향제 소매업,43,충청북도,43150,제천시,43150560,용두동,4315011100,하소동,4315011100100720128,1,대지,충청북도 제천시 하소동 72-17,431504517625,충청북도 제천시 용두대로15길,4.31501110010072e+24,충청북도 제천시 용두대로15길 18-2,27162.0,2.0
MA0101202409A0222182,프렌즈스크린,서부점,R1,예술·스포츠,R103,스포츠 서비스,R10311,골프 연습장,R91136,골프 연습장 운영업,43,충청북도,43112,청주시 서원구,43112550,산남동,4311210400,산남동,4311210400100469760,1,대지,충청북도 청주시 서원구 산남동 47-3,431123237039,충청북도 청주시 서원구 산미로,4.31131060010047e+24,충청북도 청주시 서원구 산미로 95,28629.0,3.0
MA0101202409A0218380,비에이치씨,사천점,I2,음식,I210,기타 간이,I21006,치킨,I56193,치킨 전문점,43,충청북도,43114,청주시 청원구,43114540,율량.사천동,4311410400,사천동,4311410400104370176,1,대지,충청북도 청주시 청원구 사천동 437,431143236050,충청북도 청주시 청원구 율봉로,4.31111160010437e+24,충청북도 청주시 청원구 율봉로 27,28341.0,1.0
MA0101202409A0170138,영칼로리포케,율량점,I2,음식,I204,서양식,I20401,경양식,I56123,서양식 음식점업,43,충청북도,43114,청주시 청원구,43114540,율량.사천동,4311410300,율량동,4311410300120259584,1,대지,충청북도 청주시 청원구 율량동 2026,431144844105,충청북도 청주시 청원구 율량로190번길,4.31141030012026e+24,충청북도 청주시 청원구 율량로190번길 53,28320.0,1.0
MA0101202409A0199611,코인홀릭코인노래연습장,제천점,R1,예술·스포츠,R104,유원지·오락,R10407,노래방,R91223,노래 연습장 운영업,43,충청북도,43150,제천시,43150560,용두동,4315011100,하소동,4315011100101649920,1,대지,충청북도 제천시 하소동 165-25,431504517661,충청북도 제천시 용두대로7길,4.31501110010165e+24,충청북도 제천시 용두대로7길 22,27160.0,2.0
MA0101202409A0272771,진뮤직앤액팅스튜디오학원,2호점,P1,교육,P106,기타 교육,P10613,기타 예술/스포츠 교육기관,P85629,기타 예술학원,43,충청북도,43150,제천시,43150518,의림지동,4315011500,고암동,4315011500112540160,1,대지,충청북도 제천시 고암동 1254,431504517694,충청북도 제천시 용두천로46길,4.31501150011103e+24,충청북도 제천시 용두천로46길 14,27145.0,2.0
MA0101202409A0249662,삼덕통닭충북,혁신도시점,I2,음식,I210,기타 간이,I21006,치킨,I56193,치킨 전문점,43,충청북도,43770,음성군,43770330,맹동면,4377033028,맹동면,4377033028113970176,1,대지,충청북도 음성군 맹동면 두성리 1397,437704541750,충청북도 음성군 맹동면 대하2가길,4.37703302811397e+24,충청북도 음성군 맹동면 대하2가길 11,27738.0,1.0
MA0101202409A0078696,샤브마니아,제천점,I2,음식,I201,한식,I20101,백반/한정식,I56111,한식 일반 음식점업,43,충청북도,43150,제천시,43150590,청전동,4315011300,청전동,4315011300100080128,1,대지,충청북도 제천시 청전동 8-2,431502239002,충청북도 제천시 의림대로,4.31501130010008e+24,충청북도 제천시 의림대로 318,27147.0,1.0
MA0101202409A0008069,슈퍼막회,오창점,I2,음식,I203,일식,I20301,일식 회/초밥,I56122,일식 음식점업,43,충청북도,43114,청주시 청원구,43114253,오창읍,4311425345,오창읍,4311425345107890176,1,대지,충청북도 청주시 청원구 오창읍 양청리 789-7,431143240075,충청북도 청주시 청원구 오창읍 중심상업1로,4.37102534500789e+24,충청북도 청주시 청원구 오창읍 중심상업1로 46-8,28120.0,1.0
MA0101202409A0030537,반올림피자샵,청주대점,I2,음식,I210,기타 간이,I21003,피자,I56192,피자; 햄버거; 샌드위치 및 유사 음식점업,43,충청북도,43114,청주시 청원구,43114510,우암동,4311410100,우암동,4311410100100429824,1,대지,충청북도 청주시 청원구 우암동 43-3,431144508194,충청북도 청주시 청원구 대성로254번길,4.31111130010043e+24,충청북도 청주시 청원구 대성로254번길 31,28506.0,1.0
MA0101202409A0087771,과일담은요거트맛집청주,복대점,I2,음식,I210,기타 간이,I21007,김밥/만두/분식,I56194,김밥 및 기타 간이 음식점업,43,충청북도,43113,청주시 흥덕구,43113741,복대1동,4311311400,복대동,4311311400101580288,1,대지,충청북도 청주시 흥덕구 복대동 158-13,431134511393,충청북도 청주시 흥덕구 복대로209번길,4.31131140010158e+24,충청북도 청주시 흥덕구 복대로209번길 10-2,28584.0,1.0
MA0101202409A0243645,방방파닭,금천점,I2,음식,I210,기타 간이,I21006,치킨,I56111,한식 일반 음식점업,43,충청북도,43111,청주시 상당구,43111680,금천동,4311112000,금천동,4311112000104770048,1,대지,충청북도 청주시 상당구 금천동 477,431113236032,충청북도 청주시 상당구 쇠내로,4.31111200010149e+24,충청북도 청주시 상당구 쇠내로 48,28734.0,2.0
MA0101202409A0213597,베네통,코리아,G2,소매,G209,섬유·의복·신발 소매,G20905,기타 의류 소매업,G47414,셔츠 및 블라우스 소매업,43,충청북도,43113,청주시 흥덕구,43113741,복대1동,4311311400,복대동,4311311400133799936,1,대지,충청북도 청주시 흥덕구 복대동 3380,431133236058,충청북도 청주시 흥덕구 직지대로,4.31131140010584e+24,충청북도 청주시 흥덕구 직지대로 308,28424.0,1.0
MA0101202409A0146795,총각네미나리삼겹살,금천점,I2,음식,I201,한식,I20107,돼지고기 구이/찜,I56111,한식 일반 음식점업,43,충청북도,43111,청주시 상당구,43111680,금천동,4311112000,금천동,4311112000102609920,1,대지,충청북도 청주시 상당구 금천동 261-14,431113014064,충청북도 청주시 상당구 산성로,4.31111200010261e+24,충청북도 청주시 상당구 산성로 54,28726.0,1.0
MA0101202409A0024144,세븐일레븐청주사창,행운점,G2,소매,G204,종합 소매,G20405,편의점,G47122,체인화 편의점,43,충청북도,43112,청주시 서원구,43112530,사창동,4311210200,사창동,4311210200102530048,1,대지,충청북도 청주시 서원구 사창동 253-1,431124511512,충청북도 청주시 서원구 사직대로175번길,4.31131020010253e+24,충청북도 청주시 서원구 사직대로175번길 12,28566.0,1.0
MA0101202409A0061821,프라빈커피,오창점,I2,음식,I212,비알코올,I21201,카페,I56221,커피 전문점,43,충청북도,43114,청주시 청원구,43114253,오창읍,4311425332,오창읍,4311425332106200064,1,대지,충청북도 청주시 청원구 오창읍 주성리 620,431144571746,충청북도 청주시 청원구 오창읍 주성1길,4.3114253321062e+24,충청북도 청주시 청원구 오창읍 주성1길 15,28117.0,1.0
MA0101202409A0220968,파머스포케청주,지웰시티점,I2,음식,I210,기타 간이,I21003,피자,I56192,피자; 햄버거; 샌드위치 및 유사 음식점업,43,충청북도,43113,청주시 흥덕구,43113741,복대1동,4311311400,복대동,4311311400102880256,1,대지,충청북도 청주시 흥덕구 복대동 288-6,431133237020,충청북도 청주시 흥덕구 대농로,4.31131140010288e+24,충청북도 청주시 흥덕구 대농로 33,28424.0,1.0
MA0101202409A0141296,소로리원더아리아,충청점,I2,음식,I201,한식,I20101,백반/한정식,I56111,한식 일반 음식점업,43,충청북도,43114,청주시 청원구,43114530,내덕2동,4311410200,내덕동,4311410200102010368,1,대지,충청북도 청주시 청원구 내덕동 201-1,431143236027,충청북도 청주시 청원구 상당로,4.31111140010201e+24,충청북도 청주시 청원구 상당로 314,28501.0,1.0
MA0101202409A0240549,이사프커피스탠드,2호점,I2,음식,I212,비알코올,I21201,카페,I56191,제과점업,43,충청북도,43111,청주시 상당구,43111525,중앙동,4311110300,북문로2가,4311110300101160448,1,대지,충청북도 청주시 상당구 북문로2가 116-20,431113236046,충청북도 청주시 상당구 우암산로,4.31111030010116e+24,충청북도 청주시 상당구 우암산로 2,28514.0,1.0
MA0101202409A0180516,세븐일레븐충주모다,아울렛점,G2,소매,G204,종합 소매,G20405,편의점,G47122,체인화 편의점,43,충청북도,43130,충주시,43130605,달천동,4313011400,달천동,4313011400107859968,1,대지,충청북도 충주시 달천동 786-3,431302246001,충청북도 충주시 중원대로,4.31301140010786e+24,충청북도 충주시 중원대로 3683,27476.0,3.0
MA0101202409A0071385,굽네치킨,진천점,I2,음식,I210,기타 간이,I21006,치킨,I56193,치킨 전문점,43,충청북도,43750,진천군,43750250,진천읍,4375025024,진천읍,4375025024103900160,1,대지,충청북도 진천군 진천읍 읍내리 390-5,437504535376,충청북도 진천군 진천읍 중앙북4길,4.3750250241039e+24,충청북도 진천군 진천읍 중앙북4길 3,27833.0,1.0
MA0101202409A0201099,아이드블랑,가경점,S2,수리·개인,S207,이용·미용,S20701,미용실,S96112,두발 미용업,43,충청북도,43113,청주시 흥덕구,43113747,가경동,4311311300,가경동,4311311300122560000,1,대지,충청북도 청주시 흥덕구 가경동 2256,431133237046,충청북도 청주시 흥덕구 서현로,4.31131130010644e+24,충청북도 청주시 흥덕구 서현로 32,28382.0,2.0
MA0101202409A0044759,살롱마인2,산단점,S2,수리·개인,S207,이용·미용,S20701,미용실,S96112,두발 미용업,43,충청북도,43113,청주시 흥덕구,43113250,오송읍,4311325031,오송읍,4311325031109989888,1,대지,충청북도 청주시 흥덕구 오송읍 봉산리 999,431133351774,충청북도 청주시 흥덕구 오송읍 오송생명11로,4.31132503110999e+24,충청북도 청주시 흥덕구 오송읍 오송생명11로 36,28222.0,2.0
MA0101202409A0103292,자담치킨오창1,산단점,I2,음식,I210,기타 간이,I21006,치킨,I56193,치킨 전문점,43,충청북도,43114,청주시 청원구,43114253,오창읍,4311425345,오창읍,4311425345107870208,1,대지,충청북도 청주시 청원구 오창읍 양청리 787-5,431143240075,충청북도 청주시 청원구 오창읍 중심상업1로,4.37102534500787e+24,충청북도 청주시 청원구 오창읍 중심상업1로 50,28120.0,1.0
MA0101202409A0215136,해피스크린,골프연습장,R1,예술·스포츠,R103,스포츠 서비스,R10311,골프 연습장,R91136,골프 연습장 운영업,43,충청북도,43114,청주시 청원구,43114550,오근장동,4311410500,주성동,4311410500101639680,1,대지,충청북도 청주시 청원구 주성동 164-4,431144508652,충청북도 청주시 청원구 충청대로238번길,4.31141050010164e+24,충청북도 청주시 청원구 충청대로238번길 11,28309.0,4.0
MA0101202409A0078794,탕화쿵푸마라탕,율량점,I2,음식,I202,중식,I20202,마라탕/훠궈,I56121,중식 음식점업,43,충청북도,43114,청주시 청원구,43114550,오근장동,4311410500,주성동,4311410500103510016,1,대지,충청북도 청주시 청원구 주성동 351,431143236054,충청북도 청주시 청원구 주성로,4.31111310010351e+24,충청북도 청주시 청원구 주성로 279,28318.0,1.0
MA0101202409A0249161,파닭참잘하는집,봉명점,I2,음식,I210,기타 간이,I21006,치킨,I56111,한식 일반 음식점업,43,충청북도,43113,청주시 흥덕구,43113756,봉명2.송정동,4311311500,봉명동,4311311500124739584,1,대지,충청북도 청주시 흥덕구 봉명동 2474,431134511259,충청북도 청주시 흥덕구 덕암로41번길,4.31131150012474e+24,충청북도 청주시 흥덕구 덕암로41번길 8,28461.0,1.0
MA0101202409A0072198,별난아재맥주,중앙점,I2,음식,I211,주점,I21103,생맥주 전문,I56213,생맥주 전문점,43,충청북도,43150,제천시,43150528,중앙동,4315010700,중앙로2가,4315010700100239872,1,대지,충청북도 제천시 중앙로2가 24-9,431504517495,충청북도 제천시 숭문로14길,4.31501070010024e+24,충청북도 제천시 숭문로14길 17,27169.0,1.0
MA0101202409A0102400,세탁풍경,봉명점,S2,수리·개인,S209,세탁,S20902,셀프 빨래방,S96912,가정용 세탁업,43,충청북도,43113,청주시 흥덕구,43113756,봉명2.송정동,4311311500,봉명동,4311311500125690368,1,대지,충청북도 청주시 흥덕구 봉명동 2569,431133237023,충청북도 청주시 흥덕구 덕암로,4.31131150012569e+24,충청북도 청주시 흥덕구 덕암로 105,28466.0,1.0
MA0101202409A0221337,컴포즈커피청주,율량점,I2,음식,I212,비알코올,I21201,카페,I56221,커피 전문점,43,충청북도,43114,청주시 청원구,43114550,오근장동,4311410500,주성동,4311410500103379968,1,대지,충청북도 청주시 청원구 주성동 338,431143349124,충청북도 청주시 청원구 율량로,4.31111310010142e+24,충청북도 청주시 청원구 율량로 104,28318.0,1.0
MA0101202409A0241751,복호두청주,터미널점,I2,음식,I210,기타 간이,I21001,빵/도넛,I56194,김밥 및 기타 간이 음식점업,43,충청북도,43113,청주시 흥덕구,43113760,강서1동,4311311700,강서동,4311311700104819712,1,대지,충청북도 청주시 흥덕구 강서동 482,431133237005,충청북도 청주시 흥덕구 강서로,4.31131170010482e+24,충청북도 청주시 흥덕구 강서로 111,28377.0,1.0
MA0101202409A0041800,메가엠지씨커피청주사창,시장점,I2,음식,I212,비알코올,I21201,카페,I56221,커피 전문점,43,충청북도,43112,청주시 서원구,43112530,사창동,4311210200,사창동,4311210200103020032,1,대지,충청북도 청주시 서원구 사창동 302-4,431123237083,충청북도 청주시 서원구 창신로,4.31131020010302e+24,충청북도 청주시 서원구 창신로 47,28647.0,1.0
MA0101202409A0081805,세븐충주신원LG점,코리아,G2,소매,G204,종합 소매,G20405,편의점,G47122,체인화 편의점,43,충청북도,43130,충주시,43130535,교현.안림동,4313012200,안림동,4313012200110830080,1,대지,충청북도 충주시 안림동 1083-3,431304514433,충청북도 충주시 만리산10길,4.31301220011083e+24,충청북도 충주시 만리산10길 15,27381.0,1.0
MA0101202409A0061090,디에떼에스프레소,산남점,I2,음식,I212,비알코올,I21201,카페,I56221,커피 전문점,43,충청북도,43112,청주시 서원구,43112550,산남동,4311210400,산남동,4311210400105850368,1,대지,충청북도 청주시 서원구 산남동 585,431124511541,충청북도 청주시 서원구 산남로70번길,4.31131060010585e+24,충청북도 청주시 서원구 산남로70번길 14,28625.0,1.0
MA0101202409A0074179,스시도쿠현대백화점,충청점,I2,음식,I203,일식,I20301,일식 회/초밥,I56122,일식 음식점업,43,충청북도,43113,청주시 흥덕구,43113741,복대1동,4311311400,복대동,4311311400133799936,1,대지,충청북도 청주시 흥덕구 복대동 3380,431133236058,충청북도 청주시 흥덕구 직지대로,4.31131140010584e+24,충청북도 청주시 흥덕구 직지대로 308,28424.0,6.0
MA0101202409A0143161,해피스크린,골프연습장,R1,예술·스포츠,R103,스포츠 서비스,R10311,골프 연습장,R91136,골프 연습장 운영업,43,충청북도,43114,청주시 청원구,43114550,오근장동,4311410500,주성동,4311410500101639680,1,대지,충청북도 청주시 청원구 주성동 164-4,431144508652,충청북도 청주시 청원구 충청대로238번길,4.31141050010164e+24,충청북도 청주시 청원구 충청대로238번길 11,28309.0,3.0
MA0101202409A0070906,인쌩맥주청주,율량점,I2,음식,I211,주점,I21103,생맥주 전문,I56213,생맥주 전문점,43,충청북도,43114,청주시 청원구,43114540,율량.사천동,4311410300,율량동,4311410300107330048,1,대지,충청북도 청주시 청원구 율량동 733,431144508582,충청북도 청주시 청원구 율봉로195번길,4.31111150010733e+24,충청북도 청주시 청원구 율봉로195번길 21,28327.0,1.0
MA0101202409A0124930,씨유청주,하이닉스점,G2,소매,G204,종합 소매,G20405,편의점,G47122,체인화 편의점,43,충청북도,43113,청주시 흥덕구,43113770,강서2동,4311313600,외북동,4311313600103160320,1,대지,충청북도 청주시 흥덕구 외북동 316,431133351022,충청북도 청주시 흥덕구 엘지로,4.31131360010316e+24,충청북도 청주시 흥덕구 엘지로 19,28356.0,1.0
MA0101202409A0164528,최고의한우현진,본점,I2,음식,I201,한식,I20108,소고기 구이/찜,I56111,한식 일반 음식점업,43,충청북도,43114,청주시 청원구,43114253,오창읍,4311425345,오창읍,4311425345107749888,1,대지,충청북도 청주시 청원구 오창읍 양청리 775-6,431144520429,충청북도 청주시 청원구 오창읍 양청1길,4.37102534500775e+24,충청북도 청주시 청원구 오창읍 양청1길 10,28115.0,1.0
MA0101202409A0013352,초계한우갈비탕제천,중앙로점,I2,음식,I201,한식,I20101,백반/한정식,I56111,한식 일반 음식점업,43,충청북도,43150,제천시,43150528,중앙동,4315010700,중앙로2가,4315010700100129792,1,대지,충청북도 제천시 중앙로2가 13-2,431504518066,충청북도 제천시 칠성로9길,4.31501070010013e+24,충청북도 제천시 칠성로9길 18,27165.0,1.0
MA0101202409A0070004,불닭발땡초동대문엽기떡볶이청주,산남점,I2,음식,I210,기타 간이,I21007,김밥/만두/분식,I56111,한식 일반 음식점업,43,충청북도,43112,청주시 서원구,43112550,산남동,4311210400,산남동,4311210400108339712,1,대지,충청북도 청주시 서원구 산남동 834,431123237037,충청북도 청주시 서원구 산남로,4.31131060010834e+24,충청북도 청주시 서원구 산남로 57,28630.0,1.0
MA0101202409A0080643,메가엠지씨커피오송역파라곤,2차점,I2,음식,I212,비알코올,I21201,카페,I56221,커피 전문점,43,충청북도,43113,청주시 흥덕구,43113250,오송읍,4311325031,오송읍,4311325031115140096,1,대지,충청북도 청주시 흥덕구 오송읍 봉산리 1514,431133351770,충청북도 청주시 흥덕구 오송읍 오송생명7로,4.31132503111514e+24,충청북도 청주시 흥덕구 오송읍 오송생명7로 105,28221.0,1.0
MA0101202409A0096443,근육식당,충북대점,I2,음식,I201,한식,I20101,백반/한정식,I56111,한식 일반 음식점업,43,충청북도,43112,청주시 서원구,43112530,사창동,4311210200,사창동,4311210200101709824,1,대지,충청북도 청주시 서원구 사창동 171-5,431123236001,충청북도 청주시 서원구 1순환로,4.31131020010171e+24,충청북도 청주시 서원구 1순환로 642,28575.0,1.0
MA0101202409A0122661,모두여행사,제천지점,N1,시설관리·임대,N105,여행사·보조,N10501,여행사,N75210,여행사업,43,충청북도,43150,제천시,43150547,영서동,4315010200,서부동,4315010200102320128,1,대지,충청북도 제천시 서부동 232,431504517858,충청북도 제천시 의병대로7길,4.31501020010232e+24,충청북도 제천시 의병대로7길 1,27170.0,1.0
MA0101202409A0198344,비트PC방청주,운천점,R1,예술·스포츠,R104,유원지·오락,R10406,PC방,R91222,컴퓨터 게임방 운영업,43,충청북도,43113,청주시 흥덕구,43113700,운천.신봉동,4311310400,운천동,4311310400112130048,1,대지,충청북도 청주시 흥덕구 운천동 1213,431133237036,충청북도 청주시 흥덕구 사운로,4.31131040011213e+24,충청북도 청주시 흥덕구 사운로 252,28468.0,2.0
MA0101202409A0195252,씨유청주금천,스타점,G2,소매,G204,종합 소매,G20405,편의점,G47122,체인화 편의점,43,충청북도,43111,청주시 상당구,43111680,금천동,4311112000,금천동,4311112000101729792,1,대지,충청북도 청주시 상당구 금천동 173-1,431113236032,충청북도 청주시 상당구 쇠내로,4.31111200010173e+24,충청북도 청주시 상당구 쇠내로 68,28734.0,1.0
MA0101202409A0113071,아라치충주,중앙점,I2,음식,I210,기타 간이,I21006,치킨,I56193,치킨 전문점,43,충청북도,43130,충주시,43130610,봉방동,4313011500,봉방동,4313011500100209664,1,대지,충청북도 충주시 봉방동 21-26,431304514599,충청북도 충주시 봉방3길,4.31301150010021e+24,충청북도 충주시 봉방3길 29,27428.0,1.0
MA0101202409A0122464,언스헤어,복대점,S2,수리·개인,S207,이용·미용,S20701,미용실,S96112,두발 미용업,43,충청북도,43113,청주시 흥덕구,43113742,복대2동,4311311400,복대동,4311311400108529664,1,대지,충청북도 청주시 흥덕구 복대동 853-3,431133236025,충청북도 청주시 흥덕구 사직대로,4.31131140010853e+24,충청북도 청주시 흥덕구 사직대로 32-1,28594.0,1.0
MA0101202409A0075887,휘트니스오름,청주대점,R1,예술·스포츠,R103,스포츠 서비스,R10307,헬스장,R91132,체력 단련시설 운영업,43,충청북도,43114,청주시 청원구,43114510,우암동,4311410100,우암동,4311410100100170240,1,대지,충청북도 청주시 청원구 우암동 17-4,431143236034,충청북도 청주시 청원구 수암로,4.31111130010017e+24,충청북도 청주시 청원구 수암로 98-3,28504.0,1.0
MA0101202409A0063619,카츠백청주,가경점,I2,음식,I203,일식,I20302,일식 카레/돈가스/덮밥,I56122,일식 음식점업,43,충청북도,43113,청주시 흥덕구,43113747,가경동,4311311300,가경동,4311311300113090048,1,대지,충청북도 청주시 흥덕구 가경동 1309,431134512031,충청북도 청주시 흥덕구 풍년로160번길,4.31131130011309e+24,충청북도 청주시 흥덕구 풍년로160번길 35-10,28395.0,1.0
MA0101202409A0071527,정직한형제들,진천점,G2,소매,G208,가전·통신 소매,G20802,핸드폰 소매업,G47312,통신기기 소매업,43,충청북도,43750,진천군,43750250,진천읍,4375025024,진천읍,4375025024102880256,1,대지,충청북도 진천군 진천읍 읍내리 288-1,437503245019,충청북도 진천군 진천읍 중앙북로,4.37502502410288e+24,충청북도 진천군 진천읍 중앙북로 50-2,27833.0,1.0
MA0101202409A0003963,고릴라골프,음성점,G2,소매,G213,오락용품 소매,G21304,운동용품 소매업,G47631,운동 및 경기용품 소매업,43,충청북도,43770,음성군,43770253,금왕읍,4377025321,금왕읍,4377025321105740288,1,대지,충청북도 음성군 금왕읍 무극리 574-1,437703014058,충청북도 음성군 금왕읍 대금로,4.37702532110574e+24,충청북도 음성군 금왕읍 대금로 1356,27638.0,1.0
MA0101202409A0128802,온화목닭구이온화목오창,본점,I2,음식,I201,한식,I20101,백반/한정식,I56111,한식 일반 음식점업,43,충청북도,43114,청주시 청원구,43114253,오창읍,4311425345,오창읍,4311425345107870208,1,대지,충청북도 청주시 청원구 오창읍 양청리 787-2,431143240075,충청북도 청주시 청원구 오창읍 중심상업1로,4.31142534510787e+24,충청북도 청주시 청원구 오창읍 중심상업1로 46-17,28120.0,1.0
MA0101202409A0150774,매너,골프연습장,R1,예술·스포츠,R103,스포츠 서비스,R10311,골프 연습장,R91136,골프 연습장 운영업,43,충청북도,43745,증평군,43745250,증평읍,4374525028,증평읍,4374525028103429632,1,대지,충청북도 증평군 증평읍 증천리 343,437454532174,충청북도 증평군 증평읍 진지내6길,4.37452502810344e+24,충청북도 증평군 증평읍 진지내6길 17,27933.0,2.0
MA0101202409A0234300,바오밥매트,충청점,G2,소매,G210,철물·건설자재 소매,G21002,벽지/장판/마루 소매업,G47513,벽지; 마루덮개 및 장판류 소매업,43,충청북도,43113,청주시 흥덕구,43113756,봉명2.송정동,4311311500,봉명동,4311311500124210176,1,대지,충청북도 청주시 흥덕구 봉명동 2421,431134511259,충청북도 청주시 흥덕구 덕암로41번길,4.31131150012421e+24,충청북도 청주시 흥덕구 덕암로41번길 50,28461.0,1.0
MA0101202409A0194420,노블골프피팅샵,오창점,G2,소매,G213,오락용품 소매,G21304,운동용품 소매업,G47631,운동 및 경기용품 소매업,43,충청북도,43114,청주시 청원구,43114253,오창읍,4311425345,오창읍,4311425345107230208,1,대지,충청북도 청주시 청원구 오창읍 양청리 723-12,431144520440,충청북도 청주시 청원구 오창읍 양청택지2길,4.37102534500723e+24,충청북도 청주시 청원구 오창읍 양청택지2길 29,28115.0,1.0
MA0101202409A0014837,탄탄면공방,충북대점,I2,음식,I201,한식,I20105,국수/칼국수,I56112,한식 면 요리 전문점,43,충청북도,43112,청주시 서원구,43112530,사창동,4311210200,사창동,4311210200105109504,1,대지,충청북도 청주시 서원구 사창동 511,431124512177,충청북도 청주시 서원구 1순환로704번길,4.31121020010511e+24,충청북도 청주시 서원구 1순환로704번길 46,28643.0,1.0
MA0101202409A0166401,가장맛있는치킨용암,금천점,I2,음식,I210,기타 간이,I21006,치킨,I56111,한식 일반 음식점업,43,충청북도,43111,청주시 상당구,43111730,용암2동,4311112600,방서동,4311112600108280320,1,대지,충청북도 청주시 상당구 방서동 828,431114857978,충청북도 청주시 상당구 동남로16번길,4.31111260010828e+24,충청북도 청주시 상당구 동남로16번길 7,28785.0,1.0
MA0101202409A0076767,이디야커피청주옥산,자이점,I2,음식,I212,비알코올,I21201,카페,I56221,커피 전문점,43,충청북도,43113,청주시 흥덕구,43113320,옥산면,4311332025,옥산면,4311332025109760000,1,대지,충청북도 청주시 흥덕구 옥산면 가락리 976,431133240054,충청북도 청주시 흥덕구 옥산면 오송가락로,4.31133202510265e+24,충청북도 청주시 흥덕구 옥산면 오송가락로 1061,28113.0,1.0
MA0101202409A0027908,슈퍼막회,증평점,I2,음식,I201,한식,I20111,횟집,I56114,한식 해산물 요리 전문점,43,충청북도,43745,증평군,43745250,증평읍,4374525032,증평읍,4374525032108080128,1,대지,충청북도 증평군 증평읍 송산리 808,437454532228,충청북도 증평군 증평읍 송산로2길,4.37452503210808e+24,충청북도 증평군 증평읍 송산로2길 37-8,27917.0,1.0
MA0101202409A0018938,흥피자청주,2호점,I2,음식,I210,기타 간이,I21003,피자,I56192,피자; 햄버거; 샌드위치 및 유사 음식점업,43,충청북도,43112,청주시 서원구,43112530,사창동,4311210200,사창동,4311210200102870016,1,대지,충청북도 청주시 서원구 사창동 287-25,431124511705,충청북도 청주시 서원구 예체로67번길,4.31131020010287e+24,충청북도 청주시 서원구 예체로67번길 88,28663.0,1.0
MA0101202409A0129233,간식창고오창,코아루점,G2,소매,G204,종합 소매,G20404,슈퍼마켓,G47129,기타 음ㆍ식료품 위주 종합 소매업,43,충청북도,43114,청주시 청원구,43114253,오창읍,4311425344,오창읍,4311425344106449920,1,대지,충청북도 청주시 청원구 오창읍 각리 645-1,431143240063,충청북도 청주시 청원구 오창읍 오창중앙로,4.37102534400645e+24,충청북도 청주시 청원구 오창읍 오창중앙로 29,28124.0,1.0
MA0101202409A0191473,완미족발,청주봉명점,I2,음식,I201,한식,I20103,족발/보쌈,I56111,한식 일반 음식점업,43,충청북도,43113,청주시 흥덕구,43113756,봉명2.송정동,4311311500,봉명동,4311311500127399936,1,대지,충청북도 청주시 흥덕구 봉명동 2740,431134511253,충청북도 청주시 흥덕구 덕암로114번길,4.3113115001274e+24,충청북도 청주시 흥덕구 덕암로114번길 82,28465.0,1.0
MA0101202409A0145414,노걸대감자탕,분평점,I2,음식,I201,한식,I20102,국/탕/찌개류,I56111,한식 일반 음식점업,43,충청북도,43112,청주시 서원구,43112550,산남동,4311210600,분평동,4311210600102890496,1,대지,충청북도 청주시 서원구 분평동 289-22,431124512205,충청북도 청주시 서원구 매봉로2번길,4.31121060010289e+24,충청북도 청주시 서원구 매봉로2번길 2,28699.0,1.0
MA0101202409A0007526,참조은,대리점,G2,소매,G212,기타 생활용품 소매,G21202,주방/가정용품 소매업,G47599,그 외 기타 분류 안된 가정용품 소매업,43,충청북도,43745,증평군,43745250,증평읍,4374525022,증평읍,4374525022100780032,1,대지,충청북도 증평군 증평읍 교동리 78,437454532153,충청북도 증평군 증평읍 중앙로10길,4.37452502210078e+24,충청북도 증평군 증평읍 중앙로10길 13,27931.0,1.0
MA0101202409A0163618,스테이크허브,오창점,I2,음식,I204,서양식,I20402,파스타/스테이크,I56123,서양식 음식점업,43,충청북도,43114,청주시 청원구,43114253,오창읍,4311425345,오창읍,4311425345107359744,1,대지,충청북도 청주시 청원구 오창읍 양청리 736-19,431144520440,충청북도 청주시 청원구 오창읍 양청택지2길,4.37102534500736e+24,충청북도 청주시 청원구 오창읍 양청택지2길 38,28115.0,1.0
MA0101202409A0074764,시옷기역삐읍청주,터미널점,I2,음식,I210,기타 간이,I21001,빵/도넛,I56191,제과점업,43,충청북도,43113,청주시 흥덕구,43113760,강서1동,4311311700,강서동,4311311700104920064,1,대지,충청북도 청주시 흥덕구 강서동 492,431133237005,충청북도 청주시 흥덕구 강서로,4.31131170010492e+24,충청북도 청주시 흥덕구 강서로 118,28378.0,1.0
MA0101202409A0221799,깡우동충주신,연수점,I2,음식,I203,일식,I20303,일식 면 요리,I56111,한식 일반 음식점업,43,충청북도,43130,충주시,43130630,연수동,4313011800,연수동,4313011800115239936,1,대지,충청북도 충주시 연수동 1524,431304515009,충청북도 충주시 연수동산로5길,4.31301180011524e+24,충청북도 충주시 연수동산로5길 9,27352.0,1.0
MA0101202409A0114667,메가엠지씨커피충주,호암점,I2,음식,I212,비알코올,I21201,카페,I56221,커피 전문점,43,충청북도,43130,충주시,43130580,호암.직동,4313010700,호암동,4313010700112159744,1,대지,충청북도 충주시 호암동 1216,431303352070,충청북도 충주시 호암토성2로,4.31301070011216e+24,충청북도 충주시 호암토성2로 3,27480.0,1.0
MA0101202409A0089968,교반,충북대점,I2,음식,I201,한식,I20101,백반/한정식,I56111,한식 일반 음식점업,43,충청북도,43112,청주시 서원구,43112530,사창동,4311210200,사창동,4311210200104650240,1,대지,충청북도 청주시 서원구 사창동 465-2,431124511219,충청북도 청주시 서원구 내수동로108번길,4.31131020010465e+24,충청북도 청주시 서원구 내수동로108번길 51,28643.0,1.0
MA0101202409A0094390,하하아이스365오송파라곤,2차점,G2,소매,G204,종합 소매,G20404,슈퍼마켓,G47216,빵류; 과자류 및 당류 소매업,43,충청북도,43113,청주시 흥덕구,43113250,오송읍,4311325031,오송읍,4311325031115140096,1,대지,충청북도 청주시 흥덕구 오송읍 봉산리 1514,431133351770,충청북도 청주시 흥덕구 오송읍 오송생명7로,4.31132503111514e+24,충청북도 청주시 흥덕구 오송읍 오송생명7로 105,28221.0,1.0
MA0101202409A0164983,하누캠프,산남점,I2,음식,I201,한식,I20101,백반/한정식,I56111,한식 일반 음식점업,43,충청북도,43112,청주시 서원구,43112550,산남동,4311210400,산남동,4311210400106500096,1,대지,충청북도 청주시 서원구 산남동 650,431123237037,충청북도 청주시 서원구 산남로,4.3112104001065e+24,충청북도 청주시 서원구 산남로 48,28625.0,1.0
MA0101202409A0119641,야키토리동작청주,성안점,I2,음식,I203,일식,I20399,기타 일식 음식점,I56122,일식 음식점업,43,충청북도,43111,청주시 상당구,43111525,중앙동,4311110300,북문로2가,4311110300100669952,1,대지,충청북도 청주시 상당구 북문로2가 67-8,431114508270,충청북도 청주시 상당구 사직대로361번길,4.31111030010067e+24,충청북도 청주시 상당구 사직대로361번길 14-1,28545.0,1.0
MA0101202409A0202057,양평칼국수콩국수청주,복대점,I2,음식,I201,한식,I20105,국수/칼국수,I56111,한식 일반 음식점업,43,충청북도,43113,청주시 흥덕구,43113741,복대1동,4311311400,복대동,4311311400103459840,1,대지,충청북도 청주시 흥덕구 복대동 346-4,431133237021,충청북도 청주시 흥덕구 대신로,4.31131140010346e+24,충청북도 청주시 흥덕구 대신로 52,28584.0,1.0
MA0101202409A0031350,씨유청주강서,서현점,G2,소매,G204,종합 소매,G20405,편의점,G47122,체인화 편의점,43,충청북도,43113,청주시 흥덕구,43113747,가경동,4311311300,가경동,4311311300119480320,1,대지,충청북도 청주시 흥덕구 가경동 1948,431134511588,충청북도 청주시 흥덕구 서현중로27번길,4.31131130011948e+24,충청북도 청주시 흥덕구 서현중로27번길 23,28383.0,1.0
MA0101202409A0046445,꺼꾸잽이초장집청주,오창점,I2,음식,I203,일식,I20301,일식 회/초밥,I56122,일식 음식점업,43,충청북도,43114,청주시 청원구,43114253,오창읍,4311425345,오창읍,4311425345107900416,1,대지,충청북도 청주시 청원구 오창읍 양청리 790-1,431143240077,충청북도 청주시 청원구 오창읍 중심상업로,4.3710253451079e+24,충청북도 청주시 청원구 오창읍 중심상업로 65-11,28120.0,1.0
MA0101202409A0201232,고깃리88번지청주,오창점,I2,음식,I201,한식,I20101,백반/한정식,I56111,한식 일반 음식점업,43,충청북도,43114,청주시 청원구,43114253,오창읍,4311425345,오창읍,4311425345107900416,1,대지,충청북도 청주시 청원구 오창읍 양청리 790-6,431143240077,충청북도 청주시 청원구 오창읍 중심상업로,4.3710253450079e+24,충청북도 청주시 청원구 오창읍 중심상업로 51-10,28120.0,1.0
MA0101202409A0238526,피자스톰청주,용암점,I2,음식,I210,기타 간이,I21003,피자,I56192,피자; 햄버거; 샌드위치 및 유사 음식점업,43,충청북도,43111,청주시 상당구,43111720,용암1동,4311112400,용암동,4311112400122990080,1,대지,충청북도 청주시 상당구 용암동 2299,431113236057,충청북도 청주시 상당구 중흥로,4.31111240012299e+24,충청북도 청주시 상당구 중흥로 129,28767.0,1.0
MA0101202409A0127503,필라테스레오청주,용암점,P1,교육,P106,기타 교육,P10603,요가/필라테스 학원,P85612,기타 스포츠 교육기관,43,충청북도,43111,청주시 상당구,43111720,용암1동,4311112400,용암동,4311112400123630080,1,대지,충청북도 청주시 상당구 용암동 2363,431114508107,충청북도 청주시 상당구 낙영로24번길,4.31111240012363e+24,충청북도 청주시 상당구 낙영로24번길 17,28767.0,3.0
MA0101202409A0136621,경아두마리치킨,율량점,I2,음식,I210,기타 간이,I21006,치킨,I56193,치킨 전문점,43,충청북도,43114,청주시 청원구,43114540,율량.사천동,4311410300,율량동,4311410300108460032,1,대지,충청북도 청주시 청원구 율량동 846,431144508046,충청북도 청주시 청원구 공항로150번길,4.31111150010846e+24,충청북도 청주시 청원구 공항로150번길 136,28327.0,1.0
MA0101202409A0112932,말랑팩토리청주,가경점,G2,소매,G209,섬유·의복·신발 소매,G20907,액세서리/잡화 소매업,G47422,의복 액세서리 및 모조 장신구 소매업,43,충청북도,43113,청주시 흥덕구,43113747,가경동,4311311300,가경동,4311311300116750336,1,대지,충청북도 청주시 흥덕구 가경동 1675,431133237002,충청북도 청주시 흥덕구 가경로,4.31131130011676e+24,충청북도 청주시 흥덕구 가경로 9-12,28413.0,1.0
MA0101202409A0196907,난바우동,가경점,I2,음식,I203,일식,I20303,일식 면 요리,I56122,일식 음식점업,43,충청북도,43113,청주시 흥덕구,43113747,가경동,4311311300,가경동,4311311300114729984,1,대지,충청북도 청주시 흥덕구 가경동 1473-1,431134512022,충청북도 청주시 흥덕구 풍년로103번길,4.31131130011473e+24,충청북도 청주시 흥덕구 풍년로103번길 15-1,28404.0,1.0
MA0101202409A0002756,뚜레쥬르율량,제일점,I2,음식,I210,기타 간이,I21001,빵/도넛,I56191,제과점업,43,충청북도,43114,청주시 청원구,43114540,율량.사천동,4311410300,율량동,4311410300123189760,1,대지,충청북도 청주시 청원구 율량동 2319,431143349125,충청북도 청주시 청원구 율중로,4.31141030012319e+24,충청북도 청주시 청원구 율중로 11,28315.0,1.0
MA0101202409A0206946,화이트리에,지웰시티점,I2,음식,I210,기타 간이,I21001,빵/도넛,I56191,제과점업,43,충청북도,43113,청주시 흥덕구,43113741,복대1동,4311311400,복대동,4311311400102880256,1,대지,충청북도 청주시 흥덕구 복대동 288-126,431133237020,충청북도 청주시 흥덕구 대농로,4.31131140010288e+24,충청북도 청주시 흥덕구 대농로 47-2,28425.0,1.0
MA0101202409A0044834,용용짬뽕청주본점,전문점,I2,음식,I202,중식,I20201,중국집,I56121,중식 음식점업,43,충청북도,43111,청주시 상당구,43111680,금천동,4311112000,금천동,4311112000102880256,1,대지,충청북도 청주시 상당구 금천동 288,431114508296,충청북도 청주시 상당구 산성로92번길,4.31111200010288e+24,충청북도 청주시 상당구 산성로92번길 41,28744.0,1.0
MA0101202409A0144255,자미당제천,고암점,I2,음식,I210,기타 간이,I21007,김밥/만두/분식,I56194,김밥 및 기타 간이 음식점업,43,충청북도,43150,제천시,43150518,의림지동,4315011500,고암동,4315011500101629952,1,대지,충청북도 제천시 고암동 163-23,431503239010,충청북도 제천시 내토로,4.31501150020046e+24,충청북도 제천시 내토로 1103,27139.0,1.0
MA0101202409A0065003,고메스퀘어,오창지점,G2,소매,G204,종합 소매,G20404,슈퍼마켓,G47129,기타 음ㆍ식료품 위주 종합 소매업,43,충청북도,43114,청주시 청원구,43114253,오창읍,4311425331,오창읍,4311425331100640256,1,대지,충청북도 청주시 청원구 오창읍 창리 64-4,431143236064,충청북도 청주시 청원구 오창읍 공항로,4.31142533110064e+24,충청북도 청주시 청원구 오창읍 공항로 1033-23,28109.0,1.0
MA0101202409A0186725,왓더버거청주,터미널점,I2,음식,I210,기타 간이,I21006,치킨,I56193,치킨 전문점,43,충청북도,43113,청주시 흥덕구,43113760,강서1동,4311311700,강서동,4311311700104600576,1,대지,충청북도 청주시 흥덕구 강서동 460,431133014065,충청북도 청주시 흥덕구 2순환로,4.3113117001046e+24,충청북도 청주시 흥덕구 2순환로 1228,28377.0,1.0
MA0101202409A0201875,씨유청주,흥덕점,G2,소매,G204,종합 소매,G20405,편의점,G47122,체인화 편의점,43,충청북도,43113,청주시 흥덕구,43113756,봉명2.송정동,4311311500,봉명동,4311311500124469760,1,대지,충청북도 청주시 흥덕구 봉명동 2447-1,431134511767,충청북도 청주시 흥덕구 월명로236번길,4.31131150012447e+24,충청북도 청주시 흥덕구 월명로236번길 32,28462.0,1.0
MA0101202409A0268793,플레이팩토수학교습소,명지,P1,교육,P105,일반 교육,P10501,입시·교과학원,P85501,일반 교과학원,43,충청북도,43150,제천시,43150605,화산동,4315012100,강제동,4315012100108049920,1,대지,충청북도 제천시 강제동 805,431504844159,충청북도 제천시 강저로11나길,4.31501210010805e+24,충청북도 제천시 강저로11나길 13,27201.0,1.0
MA0101202409A0061231,아시아마트극,동대점,G2,소매,G204,종합 소매,G20404,슈퍼마켓,G47129,기타 음ㆍ식료품 위주 종합 소매업,43,충청북도,43770,음성군,43770370,감곡면,4377037031,감곡면,4377037031102340096,1,대지,충청북도 음성군 감곡면 왕장리 234-4,437704541148,충청북도 음성군 감곡면 대학길,4.37703703110085e+24,충청북도 음성군 감곡면 대학길 76-32,27601.0,1.0
MA0101202409A0247709,으뜸플러스안경,청주금천점,G2,소매,G216,안경·정밀기기 소매,G21602,안경렌즈 소매업,G46493,안경; 사진장비 및 광학용품 도매업,43,충청북도,43111,청주시 상당구,43111680,금천동,4311112000,금천동,4311112000102779904,1,대지,충청북도 청주시 상당구 금천동 278,431113236055,충청북도 청주시 상당구 중고개로,4.31111200010278e+24,충청북도 청주시 상당구 중고개로 334,28744.0,3.0
MA0101202409A0056367,에이바헤어청주,오창점,S2,수리·개인,S207,이용·미용,S20701,미용실,S96112,두발 미용업,43,충청북도,43114,청주시 청원구,43114253,오창읍,4311425345,오창읍,4311425345108199424,1,대지,충청북도 청주시 청원구 오창읍 양청리 820-1,431143240075,충청북도 청주시 청원구 오창읍 중심상업1로,4.3114253451082e+24,충청북도 청주시 청원구 오창읍 중심상업1로 8-9,28120.0,2.0
MA0101202409A0204066,60계치킨용암,금천점,I2,음식,I210,기타 간이,I21006,치킨,I56193,치킨 전문점,43,충청북도,43111,청주시 상당구,43111720,용암1동,4311112400,용암동,4311112400123559936,1,대지,충청북도 청주시 상당구 용암동 2356,431114508107,충청북도 청주시 상당구 낙영로24번길,4.31111240012356e+24,충청북도 청주시 상당구 낙영로24번길 18,28767.0,1.0
MA0101202409A0056361,호박꽃청주,직영점,I2,음식,I203,일식,I20301,일식 회/초밥,I56122,일식 음식점업,43,충청북도,43113,청주시 흥덕구,43113741,복대1동,4311311400,복대동,4311311400104970240,1,대지,충청북도 청주시 흥덕구 복대동 497-16,431133237081,충청북도 청주시 흥덕구 진재로,4.31131140010497e+24,충청북도 청주시 흥덕구 진재로 85-33,28427.0,1.0
MA0101202409A0087604,애플꼬마김밥,오창점,I2,음식,I210,기타 간이,I21007,김밥/만두/분식,I56194,김밥 및 기타 간이 음식점업,43,충청북도,43114,청주시 청원구,43114253,오창읍,4311425345,오창읍,4311425345108209664,1,대지,충청북도 청주시 청원구 오창읍 양청리 821-4,431143240077,충청북도 청주시 청원구 오창읍 중심상업로,4.37102534500821e+24,충청북도 청주시 청원구 오창읍 중심상업로 7,28120.0,1.0
MA0101202409A0055596,소도몰충주,호암점,G2,소매,G205,식료품 소매,G20508,건강보조식품 소매업,G47217,건강 보조식품 소매업,43,충청북도,43130,충주시,43130580,호암.직동,4313010700,호암동,4313010700110499840,1,대지,충청북도 충주시 호암동 1050,431304856104,충청북도 충주시 호암수청1로,4.3130107001105e+24,충청북도 충주시 호암수청1로 29,27502.0,1.0
MA0101202409A0132287,지티자동차유리복원,코리아,S2,수리·개인,S203,자동차 수리·세차,S20301,자동차 정비소,S95212,자동차 전문 수리업,43,충청북도,43114,청주시 청원구,43114510,우암동,4311410100,우암동,4311410100111889920,1,대지,충청북도 청주시 청원구 우암동 1189-5,431143236019,충청북도 청주시 청원구 무심동로,4.31111130011189e+24,충청북도 청주시 청원구 무심동로 614,28484.0,2.0
MA0101202409A0187709,롯데리아충주,용산점,I2,음식,I210,기타 간이,I21004,버거,I56192,피자; 햄버거; 샌드위치 및 유사 음식점업,43,충청북도,43130,충주시,43130550,용산동,4313010600,용산동,4313010600116320256,1,대지,충청북도 충주시 용산동 1632,431303238008,충청북도 충주시 남산로,4.31301060011632e+24,충청북도 충주시 남산로 73,27398.0,1.0
MA0101202409A0144535,네오피자청주,1호점,I2,음식,I210,기타 간이,I21003,피자,I56192,피자; 햄버거; 샌드위치 및 유사 음식점업,43,충청북도,43112,청주시 서원구,43112530,사창동,4311210200,사창동,4311210200101319680,1,대지,충청북도 청주시 서원구 사창동 132-5,431124511408,충청북도 청주시 서원구 봉명로142번길,4.31121020010132e+24,충청북도 청주시 서원구 봉명로142번길 45,28574.0,1.0
MA0101202409A0189459,피에이티충주,연수점,G2,소매,G209,섬유·의복·신발 소매,G20905,기타 의류 소매업,G47419,기타 의복 소매업,43,충청북도,43130,충주시,43130625,칠금.금릉동,4313011600,칠금동,4313011600105749504,1,대지,충청북도 충주시 칠금동 575,431302238004,충청북도 충주시 번영대로,4.31301160010575e+24,충청북도 충주시 번영대로 34,27354.0,1.0
MA0101202409A0183073,배달비무료카페,충북대점,I2,음식,I212,비알코올,I21201,카페,I56221,커피 전문점,43,충청북도,43112,청주시 서원구,43112530,사창동,4311210200,사창동,4311210200104920064,1,대지,충청북도 청주시 서원구 사창동 492-3,431123236001,충청북도 청주시 서원구 1순환로,4.31131020010492e+24,충청북도 청주시 서원구 1순환로 686,28643.0,1.0
MA0101202409A0234333,씨유충주신,용산점,G2,소매,G204,종합 소매,G20405,편의점,G47122,체인화 편의점,43,충청북도,43130,충주시,43130550,용산동,4313010600,용산동,4313010600101139968,1,대지,충청북도 충주시 용산동 114,431304515131,충청북도 충주시 용정4길,4.31301060010114e+24,충청북도 충주시 용정4길 1,27394.0,1.0
MA0101202409A0124413,핵밥,충북대점,I2,음식,I201,한식,I20101,백반/한정식,I56111,한식 일반 음식점업,43,충청북도,43112,청주시 서원구,43112530,사창동,4311210200,사창동,4311210200104640000,1,대지,충청북도 청주시 서원구 사창동 464,431124512173,충청북도 청주시 서원구 1순환로674번길,4.31131020010464e+24,충청북도 청주시 서원구 1순환로674번길 72,28643.0,2.0
MA0101202409A0059380,세븐일레븐청주가경,센터점,G2,소매,G204,종합 소매,G20405,편의점,G46103,섬유; 의복; 신발 및 가죽제품 중개업,43,충청북도,43113,청주시 흥덕구,43113747,가경동,4311311300,가경동,4311311300110430208,1,대지,충청북도 청주시 흥덕구 가경동 1043,431133237092,충청북도 청주시 흥덕구 풍년로,4.31131130011043e+24,충청북도 청주시 흥덕구 풍년로 182,28394.0,1.0
MA0101202408A0015954,광천상회,용암점,G2,소매,G205,식료품 소매,G20504,건어물/젓갈 소매업,G47213,건어물 및 젓갈류 소매업,43,충청북도,43111,청주시 상당구,43111720,용암1동,4311112400,용암동,4311112400111009792,1,대지,충청북도 청주시 상당구 용암동 1101,431113236044,충청북도 청주시 상당구 용암북로,4.31111240011101e+24,충청북도 청주시 상당구 용암북로 42,28770.0,1.0
MA0101202411A0022460,박순자아우내순대청주,율량점,I2,음식,I201,한식,I20102,국/탕/찌개류,I56111,한식 일반 음식점업,43,충청북도,43114,청주시 청원구,43114540,율량.사천동,4311410300,율량동,4311410300120479744,1,대지,충청북도 청주시 청원구 율량동 2048,431143349124,충청북도 청주시 청원구 율량로,4.31141030012048e+24,충청북도 청주시 청원구 율량로 194,28320.0,1.0
MA0101202411A0084664,청춘가게맥주,가경점,I2,음식,I211,주점,I21103,생맥주 전문,I56111,한식 일반 음식점업,43,충청북도,43113,청주시 흥덕구,43113747,가경동,4311311300,가경동,4311311300103790080,1,대지,충청북도 청주시 흥덕구 가경동 379,431133014065,충청북도 청주시 흥덕구 2순환로,4.31131130010379e+24,충청북도 청주시 흥덕구 2순환로 1276,28384.0,1.0
MA0101202411A0147377,위찜,율량점,I2,음식,I201,한식,I20101,백반/한정식,I56111,한식 일반 음식점업,43,충청북도,43114,청주시 청원구,43114540,율량.사천동,4311410300,율량동,4311410300120419840,1,대지,충청북도 청주시 청원구 율량동 2042,431144844105,충청북도 청주시 청원구 율량로190번길,4.31141030012042e+24,충청북도 청주시 청원구 율량로190번길 25,28320.0,1.0
MA010120220810255452,앤티앤스,제천점,I2,음식,I210,기타 간이,I21001,빵/도넛,I56191,제과점업,43,충청북도,43150,제천시,43150518,의림지동,4315011400,모산동,4315011400101420032,1,대지,충청북도 제천시 모산동 142-3,431504857379,충청북도 제천시 안모산길,4.31501140010142e+24,충청북도 제천시 안모산길 3,27137.0,2.0
MA0101202409A0037931,동남집청주비하,직영점,I2,음식,I201,한식,I20101,백반/한정식,I56111,한식 일반 음식점업,43,충청북도,43113,청주시 흥덕구,43113760,강서1동,4311313800,비하동,4311313800102200320,1,대지,충청북도 청주시 흥덕구 비하동 220-5,431133014065,충청북도 청주시 흥덕구 2순환로,4.3113138001022e+24,충청북도 청주시 흥덕구 2순환로 1120,28363.0,1.0
MA010120220809989948,육수당,분평점,I2,음식,I201,한식,I20102,국/탕/찌개류,I56113,한식 육류 요리 전문점,43,충청북도,43112,청주시 서원구,43112560,분평동,4311210600,분평동,4311210600113829888,1,대지,충청북도 청주시 서원구 분평동 1383,431124512136,충청북도 청주시 서원구 1순환로1107번길,4.31131080011383e+24,충청북도 청주시 서원구 1순환로1107번길 21,28799.0,1.0
MA010120220810345330,1950할매손집밥충주,1호점,I2,음식,I201,한식,I20101,백반/한정식,I56111,한식 일반 음식점업,43,충청북도,43130,충주시,43130540,교현2동,4313010500,교현동,4313010500106070016,1,대지,충청북도 충주시 교현동 607-3,431303238057,충청북도 충주시 천변로,4.31301050010607e+24,충청북도 충주시 천변로 189,27377.0,1.0
MA010120220813267466,대동집,오창점,I2,음식,I211,주점,I21104,요리 주점,I56219,기타 주점업,43,충청북도,43114,청주시 청원구,43114253,오창읍,4311425345,오창읍,4311425345107900416,1,대지,충청북도 청주시 청원구 오창읍 양청리 790-5,431143240075,충청북도 청주시 청원구 오창읍 중심상업1로,4.3710253450079e+24,충청북도 청주시 청원구 오창읍 중심상업1로 8-45,28120.0,1.0
MA010120220812350198,후라이드참잘하는집율량,사천점,I2,음식,I210,기타 간이,I21006,치킨,I56219,기타 주점업,43,충청북도,43114,청주시 청원구,43114530,내덕2동,4311410200,내덕동,4311410200104220160,1,대지,충청북도 청주시 청원구 내덕동 422-7,431144508013,충청북도 청주시 청원구 1순환로197번길,4.31111140010422e+24,충청북도 청주시 청원구 1순환로197번길 44,28492.0,1.0
MA010120220805592337,서문해장국,복대점,I2,음식,I201,한식,I20102,국/탕/찌개류,I56111,한식 일반 음식점업,43,충청북도,43113,청주시 흥덕구,43113741,복대1동,4311311400,복대동,4311311400102210048,1,대지,충청북도 청주시 흥덕구 복대동 221-41,431133237078,충청북도 청주시 흥덕구 죽천로,4.31131140010221e+24,충청북도 청주시 흥덕구 죽천로 131,28583.0,1.0
MA010120220805720313,메리퀸,제천점,G2,소매,G209,섬유·의복·신발 소매,G20906,침구류/커튼 소매업,G47421,가정용 직물제품 소매업,43,충청북도,43150,제천시,43150528,중앙동,4315010600,중앙로1가,4315010600100769792,1,대지,충청북도 제천시 중앙로1가 77,431503239074,충청북도 제천시 풍양로,4.31501060010077e+24,충청북도 제천시 풍양로 108,27173.0,2.0
MA010120220813583242,이마트24청주우암,중앙점,G2,소매,G204,종합 소매,G20405,편의점,G47122,체인화 편의점,43,충청북도,43114,청주시 청원구,43114510,우암동,4311410100,우암동,4311410100101199872,1,대지,충청북도 청주시 청원구 우암동 120-26,431143236027,충청북도 청주시 청원구 상당로,4.3111113001012e+24,충청북도 청주시 청원구 상당로 229,28536.0,1.0
MA010120220800646989,이마트24증평,중앙점,G2,소매,G204,종합 소매,G20405,편의점,G47122,체인화 편의점,43,충청북도,43745,증평군,43745250,증평읍,4374525030,증평읍,4374525030105679872,1,대지,충청북도 증평군 증평읍 초중리 568-10,437454532182,충청북도 증평군 증평읍 초중10길,4.37452503010568e+24,충청북도 증평군 증평읍 초중10길 27,27941.0,1.0
MA010120220813775643,삼선미나주곰탕청주,테크노폴리스점,I2,음식,I201,한식,I20102,국/탕/찌개류,I56111,한식 일반 음식점업,43,충청북도,43113,청주시 흥덕구,43113770,강서2동,4311313400,송절동,4311313400106780160,1,대지,충청북도 청주시 흥덕구 송절동 678,431133351696,충청북도 청주시 흥덕구 송화로,4.31131340010678e+24,충청북도 청주시 흥덕구 송화로 142,28293.0,1.0
MA010120220806932113,용우동,금왕점,I2,음식,I210,기타 간이,I21007,김밥/만두/분식,I56194,김밥 및 기타 간이 음식점업,43,충청북도,43770,음성군,43770253,금왕읍,4377025321,금왕읍,4377025321105070080,1,대지,충청북도 음성군 금왕읍 무극리 507-1,437703247019,충청북도 음성군 금왕읍 무극로,4.37702532110507e+24,충청북도 음성군 금왕읍 무극로 237,27630.0,1.0
MA010120220800754393,리얼야구존,율량점,R1,예술·스포츠,R103,스포츠 서비스,R10314,기타 스포츠시설 운영업,R91139,그 외 기타 스포츠시설 운영업,43,충청북도,43114,청주시 청원구,43114540,율량.사천동,4311410300,율량동,4311410300120719872,1,대지,충청북도 청주시 청원구 율량동 2072,431143236001,충청북도 청주시 청원구 1순환로,4.31141030012072e+24,충청북도 청주시 청원구 1순환로 136,28320.0,2.0
MA010120220811959154,경아두마리치킨,율량점,I2,음식,I210,기타 간이,I21006,치킨,I56193,치킨 전문점,43,충청북도,43114,청주시 청원구,43114540,율량.사천동,4311410300,율량동,4311410300108460032,1,대지,충청북도 청주시 청원구 율량동 846,431144508046,충청북도 청주시 청원구 공항로150번길,4.31111150010846e+24,충청북도 청주시 청원구 공항로150번길 136,28327.0,1.0
MA010120220804322983,세븐일레븐충주,성내점,G2,소매,G204,종합 소매,G20405,편의점,G47122,체인화 편의점,43,충청북도,43130,충주시,43130515,성내.충인동,4313010100,성내동,4313010100105370112,1,대지,충청북도 충주시 성내동 537,431304514086,충청북도 충주시 관아6길,4.31301010010537e+24,충청북도 충주시 관아6길 8-8,27388.0,1.0
MA010120220803786821,아재부산낙곱새,전문점,I2,음식,I201,한식,I20112,해산물 구이/찜,I56111,한식 일반 음식점업,43,충청북도,43150,제천시,43150547,영서동,4315012500,천남동,4315012500100110336,1,대지,충청북도 제천시 천남동 11-25,431504517707,충청북도 제천시 원뜰로1길,4.31501250010011e+24,충청북도 제천시 원뜰로1길 17,27188.0,2.0
MA010120220803108225,피자마루청주,강서지구점,I2,음식,I210,기타 간이,I21003,피자,I56192,피자; 햄버거; 샌드위치 및 유사 음식점업,43,충청북도,43113,청주시 흥덕구,43113747,가경동,4311311300,가경동,4311311300119900160,1,대지,충청북도 청주시 흥덕구 가경동 1990,431133237047,충청북도 청주시 흥덕구 서현북로,4.3113113001199e+24,충청북도 청주시 흥덕구 서현북로 70,28384.0,1.0
MA010120220809842825,토리버치현대,충청점,G2,소매,G209,섬유·의복·신발 소매,G20911,가방 소매업,G47440,가방 및 기타 가죽제품 소매업,43,충청북도,43113,청주시 흥덕구,43113741,복대1동,4311311400,복대동,4311311400133799936,1,대지,충청북도 청주시 흥덕구 복대동 3380,431133236058,충청북도 청주시 흥덕구 직지대로,4.31131140010584e+24,충청북도 청주시 흥덕구 직지대로 308,28424.0,1.0
MA010120220806265786,드림디포,산남점,G2,소매,G213,오락용품 소매,G21302,문구/회화용품 소매업,G47612,문구용품 및 회화용품 소매업,43,충청북도,43112,청주시 서원구,43112550,산남동,4311210400,산남동,4311210400111109632,1,대지,충청북도 청주시 서원구 산남동 1111,431123237037,충청북도 청주시 서원구 산남로,4.31131060011111e+24,충청북도 청주시 서원구 산남로 5,28627.0,3.0
MA010120220806330689,뚜레쥬르율량,칸타빌점,I2,음식,I210,기타 간이,I21001,빵/도넛,I56191,제과점업,43,충청북도,43114,청주시 청원구,43114550,오근장동,4311410500,주성동,4311410500103370240,1,대지,충청북도 청주시 청원구 주성동 337,431143349124,충청북도 청주시 청원구 율량로,4.31141050010337e+24,충청북도 청주시 청원구 율량로 135,28317.0,1.0
MA010120220806337622,김이박부대찌개복대,직영점,I2,음식,I201,한식,I20101,백반/한정식,I56111,한식 일반 음식점업,43,충청북도,43113,청주시 흥덕구,43113741,복대1동,4311311400,복대동,4311311400132389888,1,대지,충청북도 청주시 흥덕구 복대동 3239,431133237081,충청북도 청주시 흥덕구 진재로,4.31131140013239e+24,충청북도 청주시 흥덕구 진재로 110,28426.0,1.0
MA010120220810299367,로이드밤충주,연수점,S2,수리·개인,S207,이용·미용,S20701,미용실,S96112,두발 미용업,43,충청북도,43130,충주시,43130630,연수동,4313011800,연수동,4313011800117120000,1,대지,충청북도 충주시 연수동 1712,431302238001,충청북도 충주시 계명대로,4.31301180011712e+24,충청북도 충주시 계명대로 228,27372.0,2.0
MA010120220812879573,송담추어탕,비하점,I2,음식,I201,한식,I20102,국/탕/찌개류,I56111,한식 일반 음식점업,43,충청북도,43113,청주시 흥덕구,43113760,강서1동,4311313800,비하동,4311313800106720256,1,대지,충청북도 청주시 흥덕구 비하동 672-9,431133014065,충청북도 청주시 흥덕구 2순환로,4.31131380010672e+24,충청북도 청주시 흥덕구 2순환로 1096,28362.0,1.0
MA010120220808334372,춘천호반닭갈비&막국수서충주,첨단점,I2,음식,I201,한식,I20110,닭/오리고기 구이/찜,I56111,한식 일반 음식점업,43,충청북도,43130,충주시,43130335,대소원면,4313033531,대소원면,4313033531109629952,1,대지,충청북도 충주시 대소원면 본리 963,431303238097,충청북도 충주시 대소원면 첨단산업4로,4.31303353110963e+24,충청북도 충주시 대소원면 첨단산업4로 27,27466.0,1.0
MA0101202406A0158577,명륜진사갈비,복대점,I2,음식,I201,한식,I20107,돼지고기 구이/찜,I56111,한식 일반 음식점업,43,충청북도,43113,청주시 흥덕구,43113760,강서1동,4311313800,비하동,4311313800103539712,1,대지,충청북도 청주시 흥덕구 비하동 354-1,431133014065,충청북도 청주시 흥덕구 2순환로,4.31131380010354e+24,충청북도 청주시 흥덕구 2순환로 1063,28414.0,2.0
MA0101202406A0545834,폴인라떼,청주지점,I2,음식,I212,비알코올,I21201,카페,I56221,커피 전문점,43,충청북도,43113,청주시 흥덕구,43113751,봉명1동,4311311500,봉명동,4.311311500109e+18,1,대지,충청북도 청주시 흥덕구 봉명동 900,431133236001,충청북도 청주시 흥덕구 1순환로,4.311311500109e+24,충청북도 청주시 흥덕구 1순환로 595,28561.0,1.0
MA0101202406A0063611,크린토피아청주봉명,2호점,S2,수리·개인,S209,세탁,S20901,세탁소,S96912,가정용 세탁업,43,충청북도,43113,청주시 흥덕구,43113756,봉명2.송정동,4311311500,봉명동,4311311500116100096,1,대지,충청북도 청주시 흥덕구 봉명동 1610-1,431133236058,충청북도 청주시 흥덕구 직지대로,4.3113115001161e+24,충청북도 청주시 흥덕구 직지대로 567,28453.0,1.0
MA0101202406A0363203,본죽&비빔밥청주,분평점,I2,음식,I201,한식,I20101,백반/한정식,I56111,한식 일반 음식점업,43,충청북도,43112,청주시 서원구,43112560,분평동,4311210600,분평동,4311210600112339968,1,대지,충청북도 청주시 서원구 분평동 1234,431123236067,충청북도 청주시 서원구 청남로,4.31131080011234e+24,충청북도 청주시 서원구 청남로 1992,28797.0,1.0
MA0101202406A0327152,치히로,충북대점,I2,음식,I203,일식,I20301,일식 회/초밥,I56122,일식 음식점업,43,충청북도,43112,청주시 서원구,43112530,사창동,4311210200,사창동,4311210200101560320,1,대지,충청북도 청주시 서원구 사창동 156-1,431123236025,충청북도 청주시 서원구 사직대로,4.31131020010156e+24,충청북도 청주시 서원구 사직대로 110,28642.0,1.0
MA010120220814171066,반올림피자샵,호암점,I2,음식,I210,기타 간이,I21003,피자,I56192,피자; 햄버거; 샌드위치 및 유사 음식점업,43,충청북도,43130,충주시,43130580,호암.직동,4313010700,호암동,4313010700105420288,1,대지,충청북도 충주시 호암동 542-1,431302238007,충청북도 충주시 호암대로,4.31301070010542e+24,충청북도 충주시 호암대로 17,27415.0,1.0
MA010120220803314538,피자마루,하복대점,I2,음식,I210,기타 간이,I21003,피자,I56192,피자; 햄버거; 샌드위치 및 유사 음식점업,43,충청북도,43113,청주시 흥덕구,43113741,복대1동,4311311400,복대동,4311311400129550336,1,대지,충청북도 청주시 흥덕구 복대동 2955,431133237081,충청북도 청주시 흥덕구 진재로,4.31131140012955e+24,충청북도 청주시 흥덕구 진재로 46,28420.0,1.0
MA0101202406A0278746,아모레옥천,사랑점,G2,소매,G215,의약·화장품 소매,G21503,화장품 소매업,G47813,화장품; 비누 및 방향제 소매업,43,충청북도,43730,옥천군,43730250,옥천읍,4373025038,옥천읍,4373025038101610496,1,대지,충청북도 옥천군 옥천읍 삼양리 161-87,437303242016,충청북도 옥천군 옥천읍 삼양로,4.37302503810161e+24,충청북도 옥천군 옥천읍 삼양로 91,29032.0,3.0
MA0101202406A0542812,세븐괴산주공점,코리아,G2,소매,G204,종합 소매,G20405,편의점,G47122,체인화 편의점,43,충청북도,43760,괴산군,43760250,괴산읍,4376025021,괴산읍,4376025021107950080,1,대지,충청북도 괴산군 괴산읍 동부리 795,437604538151,충청북도 괴산군 괴산읍 남산1길,4.37602502110795e+24,충청북도 괴산군 괴산읍 남산1길 25,28038.0,1.0
MA0101202406A0504347,청주덮담,봉명점,I2,음식,I201,한식,I20101,백반/한정식,I56111,한식 일반 음식점업,43,충청북도,43113,청주시 흥덕구,43113756,봉명2.송정동,4311311500,봉명동,4311311500118579712,1,대지,충청북도 청주시 흥덕구 봉명동 1858,431133237029,충청북도 청주시 흥덕구 백봉로,4.31131150011858e+24,충청북도 청주시 흥덕구 백봉로 168,28448.0,1.0
MA0101202406A0186444,유림,골프연습장,R1,예술·스포츠,R103,스포츠 서비스,R10311,골프 연습장,R91136,골프 연습장 운영업,43,충청북도,43111,청주시 상당구,43111680,금천동,4311112000,금천동,4311112000102880256,1,대지,충청북도 청주시 상당구 금천동 288,431114508296,충청북도 청주시 상당구 산성로92번길,4.31111200010288e+24,충청북도 청주시 상당구 산성로92번길 41,28744.0,6.0
MA0101202406A0310323,워시팡팡셀프빨래방,복대점,S2,수리·개인,S209,세탁,S20902,셀프 빨래방,S96912,가정용 세탁업,43,충청북도,43113,청주시 흥덕구,43113741,복대1동,4311311400,복대동,4311311400126789632,1,대지,충청북도 청주시 흥덕구 복대동 2679,431134511874,충청북도 청주시 흥덕구 진재로31번길,4.31131140012679e+24,충청북도 청주시 흥덕구 진재로31번길 18,28417.0,1.0
MA0101202406A0296404,리얼플렉스피자,용암점,I2,음식,I210,기타 간이,I21003,피자,I56192,피자; 햄버거; 샌드위치 및 유사 음식점업,43,충청북도,43111,청주시 상당구,43111720,용암1동,4311112400,용암동,4311112400112570368,1,대지,충청북도 청주시 상당구 용암동 1257,431113236043,충청북도 청주시 상당구 용암로,4.31111240011257e+24,충청북도 청주시 상당구 용암로 84-1,28770.0,1.0
MA0101202406A0133819,금커피별빙수,제천점,I2,음식,I210,기타 간이,I21008,아이스크림/빙수,I56221,커피 전문점,43,충청북도,43150,제천시,43150590,청전동,4315011300,청전동,4315011300106380288,1,대지,충청북도 제천시 청전동 638,431502239003,충청북도 제천시 청전대로,4.31501130010627e+24,충청북도 제천시 청전대로 171,27147.0,1.0
MA0101202406A0412703,보니따필라테스청주,분평점,P1,교육,P106,기타 교육,P10603,요가/필라테스 학원,R91139,그 외 기타 스포츠시설 운영업,43,충청북도,43112,청주시 서원구,43112560,분평동,4311210600,분평동,4311210600113799680,1,대지,충청북도 청주시 서원구 분평동 1380,431124512136,충청북도 청주시 서원구 1순환로1107번길,4.3113108001138e+24,충청북도 청주시 서원구 1순환로1107번길 33,28799.0,2.0
MA0101202311A0096725,파파존스오송,조치원점,I2,음식,I210,기타 간이,I21004,버거,I56192,피자; 햄버거; 샌드위치 및 유사 음식점업,43,충청북도,43113,청주시 흥덕구,43113250,오송읍,4311325031,오송읍,4311325031111320576,1,대지,충청북도 청주시 흥덕구 오송읍 봉산리 1132,431133351775,충청북도 청주시 흥덕구 오송읍 오송생명12로,4.31132503111132e+24,충청북도 청주시 흥덕구 오송읍 오송생명12로 31,28222.0,1.0
MA0101202406A0204121,마블스퀘어,율량점,I2,음식,I210,기타 간이,I21001,빵/도넛,I56191,제과점업,43,충청북도,43114,청주시 청원구,43114550,오근장동,4311410500,주성동,4311410500103480320,1,대지,충청북도 청주시 청원구 주성동 348,431143236054,충청북도 청주시 청원구 주성로,4.31111310010348e+24,충청북도 청주시 청원구 주성로 269,28318.0,1.0
MA0101202406A0098588,돼지가좋은날,본점,I2,음식,I201,한식,I20107,돼지고기 구이/찜,I56111,한식 일반 음식점업,43,충청북도,43111,청주시 상당구,43111680,금천동,4311112000,금천동,4311112000102190080,1,대지,충청북도 청주시 상당구 금천동 219,431113236055,충청북도 청주시 상당구 중고개로,4.31111200010219e+24,충청북도 청주시 상당구 중고개로 307,28728.0,2.0
MA0101202406A0555676,밀레니엄,진천지점,M1,과학·기술,M105,광고,M10501,광고 대행업,M71310,광고 대행업,43,충청북도,43750,진천군,43750253,덕산읍,4375025329,덕산읍,4375025329109690368,1,대지,충청북도 진천군 덕산읍 신척리 969,437503350518,충청북도 진천군 덕산읍 신척산단3로,4.37503102910969e+24,충청북도 진천군 덕산읍 신척산단3로 85,27850.0,1.0
MA0101202406A0450953,메가엠지씨커피청주,옥산점,I2,음식,I212,비알코올,I21201,카페,I56221,커피 전문점,43,충청북도,43113,청주시 흥덕구,43113320,옥산면,4311332021,옥산면,4311332021105379840,1,대지,충청북도 청주시 흥덕구 옥산면 오산리 538-5,431133237111,충청북도 청주시 흥덕구 옥산면 청주역로,4.37104102100538e+24,충청북도 청주시 흥덕구 옥산면 청주역로 639,28113.0,1.0
MA0101202406A0407349,전국대패,율량점,I2,음식,I201,한식,I20101,백반/한정식,I56111,한식 일반 음식점업,43,충청북도,43114,청주시 청원구,43114540,율량.사천동,4311410300,율량동,4311410300111229952,1,대지,충청북도 청주시 청원구 율량동 1123,431143236054,충청북도 청주시 청원구 주성로,4.31141030011123e+24,충청북도 청주시 청원구 주성로 89,28336.0,1.0
MA0101202406A0211467,해피니언제천문화의,거리점,S2,수리·개인,S207,이용·미용,S20701,미용실,S96112,두발 미용업,43,충청북도,43150,제천시,43150528,중앙동,4315010600,중앙로1가,4315010600101240320,1,대지,충청북도 제천시 중앙로1가 124,431504517754,충청북도 제천시 의림대로14길,4.31501060010221e+24,충청북도 제천시 의림대로14길 4,27173.0,2.0
MA0101202311A0015096,진짜대패집청주율량,사천점,I2,음식,I201,한식,I20107,돼지고기 구이/찜,I56113,한식 육류 요리 전문점,43,충청북도,43114,청주시 청원구,43114540,율량.사천동,4311410400,사천동,4311410400104389632,1,대지,충청북도 청주시 청원구 사천동 439-4,431144508350,충청북도 청주시 청원구 새터로176번길,4.31111160010439e+24,충청북도 청주시 청원구 새터로176번길 10,28341.0,1.0
MA0101202406A0228121,요거트퍼플,충북대점,I2,음식,I210,기타 간이,I21007,김밥/만두/분식,I56194,김밥 및 기타 간이 음식점업,43,충청북도,43113,청주시 흥덕구,43113742,복대2동,4311311400,복대동,4311311400108850176,1,대지,충청북도 청주시 흥덕구 복대동 885-5,431133237019,충청북도 청주시 흥덕구 내수동로,4.31131140010885e+24,충청북도 청주시 흥덕구 내수동로 57,28641.0,1.0
MA0101202406A0168343,지에스25상당,대성점,G2,소매,G204,종합 소매,G20405,편의점,G47122,체인화 편의점,43,충청북도,43111,청주시 상당구,43111620,탑대성동,4311111800,대성동,4311111800101390336,1,대지,충청북도 청주시 상당구 대성동 139-2,431113236013,충청북도 청주시 상당구 당산로,4.31111180010139e+24,충청북도 청주시 상당구 당산로 15-1,28518.0,1.0
MA0101202406A0338882,해오름꼬마김밥,동남점,I2,음식,I210,기타 간이,I21007,김밥/만두/분식,I56194,김밥 및 기타 간이 음식점업,43,충청북도,43111,청주시 상당구,43111720,용암1동,4311112400,용암동,4311112400131470336,1,대지,충청북도 청주시 상당구 용암동 3147,431114857348,충청북도 청주시 상당구 중고개로142번길,4.31111240012942e+24,충청북도 청주시 상당구 중고개로142번길 17,28807.0,1.0
MA0101202406A0052486,에이바헤어,금천점,S2,수리·개인,S207,이용·미용,S20701,미용실,S96112,두발 미용업,43,충청북도,43111,청주시 상당구,43111680,금천동,4311112000,금천동,4311112000102269952,1,대지,충청북도 청주시 상당구 금천동 227-4,431113236035,충청북도 청주시 상당구 수영로,4.31111200010227e+24,충청북도 청주시 상당구 수영로 276,28728.0,2.0
MA0101202311A0052049,펀비어킹호암,신도시점,I2,음식,I211,주점,I21103,생맥주 전문,I56111,한식 일반 음식점업,43,충청북도,43130,충주시,43130580,호암.직동,4313010700,호암동,4313010700110830080,1,대지,충청북도 충주시 호암동 1083,431304856109,충청북도 충주시 호암토성5길,4.31301070011083e+24,충청북도 충주시 호암토성5길 12,27480.0,1.0
MA0101202406A0123429,달시아이스크림세계과자,율량점,G2,소매,G204,종합 소매,G20404,슈퍼마켓,G47216,빵류; 과자류 및 당류 소매업,43,충청북도,43114,청주시 청원구,43114540,율량.사천동,4311410300,율량동,4311410300111719424,1,대지,충청북도 청주시 청원구 율량동 1172,431144508607,충청북도 청주시 청원구 주성로96번길,4.31111150011172e+24,충청북도 청주시 청원구 주성로96번길 32,28340.0,1.0
MA0101202406A0176551,짬뽕각,율량점,I2,음식,I202,중식,I20201,중국집,I56121,중식 음식점업,43,충청북도,43114,청주시 청원구,43114540,율량.사천동,4311410300,율량동,4311410300109989888,1,대지,충청북도 청주시 청원구 율량동 999,431143236052,충청북도 청주시 청원구 율천북로,4.31141030010999e+24,충청북도 청주시 청원구 율천북로 167,28332.0,1.0
MA0101202406A0504499,컴포즈커피충주,교통대점,I2,음식,I212,비알코올,I21201,카페,I56221,커피 전문점,43,충청북도,43130,충주시,43130335,대소원면,4313033529,대소원면,4313033529100789760,1,대지,충청북도 충주시 대소원면 검단리 79-4,431303238012,충청북도 충주시 대소원면 대학로,4.31303302910079e+24,충청북도 충주시 대소원면 대학로 27,27470.0,1.0
MA0101202406A0381096,하드마켓,오창점,G2,소매,G204,종합 소매,G20404,슈퍼마켓,G47216,빵류; 과자류 및 당류 소매업,43,충청북도,43114,청주시 청원구,43114253,오창읍,4311425331,오창읍,4311425331101599744,1,대지,충청북도 청주시 청원구 오창읍 창리 160,431143257080,충청북도 청주시 청원구 오창읍 2산단4로,4.3114253311016e+24,충청북도 청주시 청원구 오창읍 2산단4로 55,28109.0,1.0
MA0101202406A0423336,이마트24R충북대,중문점,G2,소매,G204,종합 소매,G20405,편의점,G47122,체인화 편의점,43,충청북도,43112,청주시 서원구,43112530,사창동,4311210200,사창동,4311210200104440320,1,대지,충청북도 청주시 서원구 사창동 444,431124512173,충청북도 청주시 서원구 1순환로674번길,4.31131020010444e+24,충청북도 청주시 서원구 1순환로674번길 38,28643.0,1.0
MA0101202406A0107850,게이트;1호암,본점,I2,음식,I201,한식,I20101,백반/한정식,I56111,한식 일반 음식점업,43,충청북도,43130,충주시,43130580,호암.직동,4313010700,호암동,4313010700109740032,1,대지,충청북도 충주시 호암동 974,431304856098,충청북도 충주시 호암수청9길,4.31301070010974e+24,충청북도 충주시 호암수청9길 11,27502.0,1.0
MA0101202406A0439405,김종구식맛치킨전기바베큐옛날통닭청주,분평점,I2,음식,I210,기타 간이,I21006,치킨,I56193,치킨 전문점,43,충청북도,43112,청주시 서원구,43112560,분평동,4311210600,분평동,4311210600113789952,1,대지,충청북도 청주시 서원구 분평동 1379,431124512136,충청북도 청주시 서원구 1순환로1107번길,4.31131080011379e+24,충청북도 청주시 서원구 1순환로1107번길 39,28799.0,1.0
MA0101202311A0031217,원더플레이스청주,성안점,G2,소매,G209,섬유·의복·신발 소매,G20902,여성 의류 소매업,G47412,여자용 겉옷 소매업,43,충청북도,43111,청주시 상당구,43111545,성안동,4311110900,서문동,4311110900100140032,1,대지,충청북도 청주시 상당구 서문동 14-1,431114508271,충청북도 청주시 상당구 사직대로362번길,4.31111090010014e+24,충청북도 청주시 상당구 사직대로362번길 20,28525.0,1.0
MA0101202406A0099983,생마차,율량점,I2,음식,I203,일식,I20301,일식 회/초밥,I56122,일식 음식점업,43,충청북도,43114,청주시 청원구,43114540,율량.사천동,4311410300,율량동,4311410300120300032,1,대지,충청북도 청주시 청원구 율량동 2030,431144844107,충청북도 청주시 청원구 율량로202번길,4.3114103001203e+24,충청북도 청주시 청원구 율량로202번길 50,28320.0,1.0
MA0101202406A0234039,던킨도너츠청주,터미널점,I2,음식,I210,기타 간이,I21001,빵/도넛,I56192,피자; 햄버거; 샌드위치 및 유사 음식점업,43,충청북도,43113,청주시 흥덕구,43113747,가경동,4311311300,가경동,4311311300114490368,1,대지,충청북도 청주시 흥덕구 가경동 1449-3,431133237093,충청북도 청주시 흥덕구 풍산로,4.31131130011449e+24,충청북도 청주시 흥덕구 풍산로 18,28397.0,1.0
MA0101202311A0062089,버블맨24음성,읍내점,S2,수리·개인,S209,세탁,S20901,세탁소,S96912,가정용 세탁업,43,충청북도,43770,음성군,43770250,음성읍,4377025021,음성읍,4377025021103500288,1,대지,충청북도 음성군 음성읍 읍내리 350-3,437704541470,충청북도 음성군 음성읍 음성천동길,4.3770250211035e+24,충청북도 음성군 음성읍 음성천동길 88-6,27702.0,1.0
MA0101202406A0493004,씨유진천신척,산단점,G2,소매,G204,종합 소매,G20405,편의점,G47122,체인화 편의점,43,충청북도,43750,진천군,43750253,덕산읍,4375025329,덕산읍,4375025329109580288,1,대지,충청북도 진천군 덕산읍 신척리 958,437503350518,충청북도 진천군 덕산읍 신척산단3로,4.37503102910958e+24,충청북도 진천군 덕산읍 신척산단3로 85-41,27850.0,1.0
MA0101202311A0052622,한우연탄생갈비청주복대점,해운대,I2,음식,I201,한식,I20107,돼지고기 구이/찜,I56113,한식 육류 요리 전문점,43,충청북도,43113,청주시 흥덕구,43113741,복대1동,4311311400,복대동,4311311400127429632,1,대지,충청북도 청주시 흥덕구 복대동 2743,431134511867,충청북도 청주시 흥덕구 진재로15번길,4.31131140012743e+24,충청북도 청주시 흥덕구 진재로15번길 4,28417.0,1.0
MA0101202311A0066108,케이원,가경점,G2,소매,G208,가전·통신 소매,G20802,핸드폰 소매업,G47312,통신기기 소매업,43,충청북도,43113,청주시 흥덕구,43113747,가경동,4311311300,가경동,4311311300116970496,1,대지,충청북도 청주시 흥덕구 가경동 1697,431133237002,충청북도 청주시 흥덕구 가경로,4.31131130011697e+24,충청북도 청주시 흥덕구 가경로 9-19,28413.0,1.0
MA0101202406A0420398,동백상회,3호점,G2,소매,G222,중고 상품 소매,G22201,중고 상품 소매업,G47869,기타 중고 상품 소매업,43,충청북도,43130,충주시,43130550,용산동,4313010600,용산동,4313010600116320256,1,대지,충청북도 충주시 용산동 1632,431303238008,충청북도 충주시 남산로,4.31301060011632e+24,충청북도 충주시 남산로 73,27398.0,1.0
MA0101202311A0084190,메가엠지씨커피용암중흥,마을점,I2,음식,I212,비알코올,I21201,카페,I56221,커피 전문점,43,충청북도,43111,청주시 상당구,43111720,용암1동,4311112400,용암동,4311112400125969920,1,대지,충청북도 청주시 상당구 용암동 2597,431114508510,충청북도 청주시 상당구 용암북로138번길,4.31111240012597e+24,충청북도 청주시 상당구 용암북로138번길 35,28763.0,1.0
MA0101202406A0114128,세븐일레븐음성금왕호산,사거리점,G2,소매,G204,종합 소매,G20405,편의점,G47122,체인화 편의점,43,충청북도,43770,음성군,43770253,금왕읍,4377025334,금왕읍,4377025334102640128,1,대지,충청북도 음성군 금왕읍 호산리 264-4,437703000127,충청북도 음성군 금왕읍 일생로,4.37702533410264e+24,충청북도 음성군 금왕읍 일생로 113,27640.0,1.0
MA0101202406A0446166,헬로파크,오창점,I2,음식,I210,기타 간이,I21099,그 외 기타 간이 음식점,I56199,간이 음식 포장 판매 전문점,43,충청북도,43114,청주시 청원구,43114253,오창읍,4311425345,오창읍,4311425345108199424,1,대지,충청북도 청주시 청원구 오창읍 양청리 820,431143240075,충청북도 청주시 청원구 오창읍 중심상업1로,4.3710253451082e+24,충청북도 청주시 청원구 오창읍 중심상업1로 8-11,28120.0,2.0
MA0101202311A0032763,감성커피청주,오창점,I2,음식,I212,비알코올,I21201,카페,I56221,커피 전문점,43,충청북도,43114,청주시 청원구,43114253,오창읍,4311425345,오창읍,4311425345108190208,1,대지,충청북도 청주시 청원구 오창읍 양청리 819-2,431143240077,충청북도 청주시 청원구 오창읍 중심상업로,4.37102534500819e+24,충청북도 청주시 청원구 오창읍 중심상업로 23,28120.0,1.0
MA0101202311A0053170,나이스미트,2호점,G2,소매,G205,식료품 소매,G20503,정육점,G47212,육류 소매업,43,충청북도,43113,청주시 흥덕구,43113751,봉명1동,4311311500,봉명동,4311311500102230016,1,대지,충청북도 청주시 흥덕구 봉명동 223-3,431134511404,충청북도 청주시 흥덕구 봉명로126번길,4.31131150010223e+24,충청북도 청주시 흥덕구 봉명로126번길 14,28573.0,1.0
MA0101202406A0226665,오적회관청주,오창점,I2,음식,I201,한식,I20101,백반/한정식,I56111,한식 일반 음식점업,43,충청북도,43114,청주시 청원구,43114253,오창읍,4311425345,오창읍,4311425345107909632,1,대지,충청북도 청주시 청원구 오창읍 양청리 791-2,431143240077,충청북도 청주시 청원구 오창읍 중심상업로,4.31142534510791e+24,충청북도 청주시 청원구 오창읍 중심상업로 61,28120.0,1.0
MA0101202310A0072643,수백당청주,복대점,I2,음식,I201,한식,I20101,백반/한정식,I56111,한식 일반 음식점업,43,충청북도,43113,청주시 흥덕구,43113741,복대1동,4311311400,복대동,4311311400130670080,1,대지,충청북도 청주시 흥덕구 복대동 3067,431133237021,충청북도 청주시 흥덕구 대신로,4.31131140013067e+24,충청북도 청주시 흥덕구 대신로 18,28423.0,1.0
MA0101202406A0322910,가야밀면,해운대,I2,음식,I201,한식,I20106,냉면/밀면,I56111,한식 일반 음식점업,43,충청북도,43112,청주시 서원구,43112580,수곡2동,4311210700,수곡동,4311210700106399744,1,대지,충청북도 청주시 서원구 수곡동 640,431124511632,충청북도 청주시 서원구 수곡로99번길,4.3113109001064e+24,충청북도 청주시 서원구 수곡로99번길 32-6,28685.0,1.0
MA0101202406A0451491,영칼로리포케오창,호수공원점,I2,음식,I201,한식,I20101,백반/한정식,I56111,한식 일반 음식점업,43,충청북도,43114,청주시 청원구,43114253,오창읍,4311425345,오창읍,4311425345108199424,1,대지,충청북도 청주시 청원구 오창읍 양청리 820-2,431143240075,충청북도 청주시 청원구 오창읍 중심상업1로,4.3114253451082e+24,충청북도 청주시 청원구 오창읍 중심상업1로 20,28120.0,2.0
MA0101202311A0060226,노랑통닭충북,진천점,I2,음식,I210,기타 간이,I21006,치킨,I56192,피자; 햄버거; 샌드위치 및 유사 음식점업,43,충청북도,43750,진천군,43750250,진천읍,4375025024,진천읍,4375025024105230336,1,대지,충청북도 진천군 진천읍 읍내리 523,437503245018,충청북도 진천군 진천읍 중앙동로,4.37502502410523e+24,충청북도 진천군 진천읍 중앙동로 52-1,27834.0,1.0
MA0101202406A0299334,주성루손짜장,2호점,I2,음식,I202,중식,I20201,중국집,I56121,중식 음식점업,43,충청북도,43112,청주시 서원구,43112510,사직1동,4311210100,사직동,4311210100105580032,1,대지,충청북도 청주시 서원구 사직동 558-12,431123237095,충청북도 청주시 서원구 호국로,4.31131010010558e+24,충청북도 청주시 서원구 호국로 103,28556.0,1.0
MA0101202406A0507093,흥덕제과,복대점,I2,음식,I212,비알코올,I21201,카페,I56221,커피 전문점,43,충청북도,43113,청주시 흥덕구,43113741,복대1동,4311311400,복대동,4311311400100149760,1,대지,충청북도 청주시 흥덕구 복대동 15-1,431133237030,충청북도 청주시 흥덕구 복대로,4.31131140010015e+24,충청북도 청주시 흥덕구 복대로 207,28585.0,1.0
MA0101202311A0005431,버디통닭,봉명점,I2,음식,I210,기타 간이,I21006,치킨,I56193,치킨 전문점,43,충청북도,43113,청주시 흥덕구,43113756,봉명2.송정동,4311311500,봉명동,4311311500128679936,1,대지,충청북도 청주시 흥덕구 봉명동 2868,431133237029,충청북도 청주시 흥덕구 백봉로,4.31131150012868e+24,충청북도 청주시 흥덕구 백봉로 175,28463.0,1.0
MA0101202406A0316989,인생집,산남점,I2,음식,I201,한식,I20101,백반/한정식,I56111,한식 일반 음식점업,43,충청북도,43112,청주시 서원구,43112550,산남동,4311210400,산남동,4311210400105840128,1,대지,충청북도 청주시 서원구 산남동 584,431124511541,충청북도 청주시 서원구 산남로70번길,4.31131060010584e+24,충청북도 청주시 서원구 산남로70번길 18,28625.0,1.0
MA0101202311A0046708,밥풀릭스,증평점,I2,음식,I201,한식,I20101,백반/한정식,I56111,한식 일반 음식점업,43,충청북도,43745,증평군,43745250,증평읍,4374525027,증평읍,4.374525027106e+18,1,대지,충청북도 증평군 증평읍 장동리 600,437454532143,충청북도 증평군 증평읍 장동길,4.374525027106e+24,충청북도 증평군 증평읍 장동길 24,27932.0,1.0
MA0101202311A0038854,티비랩트리비,충북지점,G2,소매,G210,철물·건설자재 소매,G21001,철물/공구 소매업,S96999,그 외 기타 달리 분류되지 않은 개인 서비스업,43,충청북도,43745,증평군,43745250,증평읍,4374525021,증평읍,4374525021103109632,1,대지,충청북도 증평군 증평읍 증평리 311,437454532027,충청북도 증평군 증평읍 대동1길,4.37452502110311e+24,충청북도 증평군 증평읍 대동1길 1,27936.0,1.0
MA0101202406A0373274,안주가충북,오창점,I2,음식,I211,주점,I21104,요리 주점,I56111,한식 일반 음식점업,43,충청북도,43114,청주시 청원구,43114253,오창읍,4311425345,오창읍,4311425345107520000,1,대지,충청북도 청주시 청원구 오창읍 양청리 752-3,431143240006,충청북도 청주시 청원구 오창읍 과학산업2로,4.37102534500752e+24,충청북도 청주시 청원구 오창읍 과학산업2로 379,28115.0,1.0
MA0101202406A0324554,어나더미청주,흥덕점,S2,수리·개인,S208,욕탕·신체관리,S20803,체형/비만 관리,S96129,체형 등 기타 신체 관리 서비스업,43,충청북도,43113,청주시 흥덕구,43113760,강서1동,4311311700,강서동,4311311700100530176,1,대지,충청북도 청주시 흥덕구 강서동 53-11,431134511086,충청북도 청주시 흥덕구 가로수로1144번길,4.31131170010053e+24,충청북도 청주시 흥덕구 가로수로1144번길 67-2,28376.0,1.0
MA0101202311A0072889,태산네트웍스,운천점,G2,소매,G208,가전·통신 소매,G20802,핸드폰 소매업,G47312,통신기기 소매업,43,충청북도,43113,청주시 흥덕구,43113700,운천.신봉동,4311310400,운천동,4311310400105549824,1,대지,충청북도 청주시 흥덕구 운천동 555-17,431133237036,충청북도 청주시 흥덕구 사운로,4.31131040010555e+24,충청북도 청주시 흥덕구 사운로 286,28467.0,1.0
MA0101202406A0093929,달달한밤부엌,오창점,I2,음식,I201,한식,I20101,백반/한정식,I56111,한식 일반 음식점업,43,충청북도,43114,청주시 청원구,43114253,오창읍,4311425346,오창읍,4311425346104269824,1,대지,충청북도 청주시 청원구 오창읍 구룡리 427-2,431143240012,충청북도 청주시 청원구 오창읍 구룡택지로,4.31142534610427e+24,충청북도 청주시 청원구 오창읍 구룡택지로 8-15,28121.0,1.0
MA0101202311A0100331,컴포즈커피,청주봉명점,I2,음식,I212,비알코올,I21201,카페,I56221,커피 전문점,43,충청북도,43113,청주시 흥덕구,43113756,봉명2.송정동,4311311500,봉명동,4311311500127589888,1,대지,충청북도 청주시 흥덕구 봉명동 2759,431133237023,충청북도 청주시 흥덕구 덕암로,4.31131150012759e+24,충청북도 청주시 흥덕구 덕암로 28,28463.0,1.0
MA0101202311A0036454,횟집봉명,본점,I2,음식,I201,한식,I20111,횟집,I56114,한식 해산물 요리 전문점,43,충청북도,43113,청주시 흥덕구,43113751,봉명1동,4311311500,봉명동,4311311500102069760,1,대지,충청북도 청주시 흥덕구 봉명동 207-4,431133237031,충청북도 청주시 흥덕구 봉명로,4.31131150010207e+24,충청북도 청주시 흥덕구 봉명로 143,28572.0,1.0
MA0101202406A0441408,60계충북청주,옥산점,I2,음식,I210,기타 간이,I21006,치킨,I56193,치킨 전문점,43,충청북도,43113,청주시 흥덕구,43113320,옥산면,4311332025,옥산면,4311332025109770240,1,대지,충청북도 청주시 흥덕구 옥산면 가락리 977,431133240054,충청북도 청주시 흥덕구 옥산면 오송가락로,4.31133202510879e+24,충청북도 청주시 흥덕구 옥산면 오송가락로 1055,28113.0,1.0
MA0101202311A0053648,이니스프리충주점,롯데마트,G2,소매,G215,의약·화장품 소매,G21503,화장품 소매업,G46103,섬유; 의복; 신발 및 가죽제품 중개업,43,충청북도,43130,충주시,43130625,칠금.금릉동,4313011600,칠금동,4313011600108490240,1,대지,충청북도 충주시 칠금동 849,431304514580,충청북도 충주시 봉계1길,4.31301160010849e+24,충청북도 충주시 봉계1길 49,27360.0,2.0
MA0101202311A0043750,영태닝,청주금천점,S2,수리·개인,S207,이용·미용,S20702,피부 관리실,S96113,피부 미용업,43,충청북도,43111,청주시 상당구,43111680,금천동,4311112000,금천동,4311112000102960128,1,대지,충청북도 청주시 상당구 금천동 296,431114508297,충청북도 청주시 상당구 산성로98번길,4.31111200010296e+24,충청북도 청주시 상당구 산성로98번길 12,28744.0,4.0
MA0101202311A0097724,킴브로스,보은점,I2,음식,I204,서양식,I20401,경양식,I56123,서양식 음식점업,43,충청북도,43720,보은군,43720250,보은읍,4372025021,보은읍,4372025021101109760,1,대지,충청북도 보은군 보은읍 삼산리 111-1,437203241015,충청북도 보은군 보은읍 삼산로,4.37202502110111e+24,충청북도 보은군 보은읍 삼산로 56-5,28947.0,1.0
MA0101202311A0062050,호식이두마리치킨,용암점,I2,음식,I210,기타 간이,I21006,치킨,I56193,치킨 전문점,43,충청북도,43111,청주시 상당구,43111720,용암1동,4311112400,용암동,4311112400127079424,1,대지,충청북도 청주시 상당구 용암동 2708,431114508724,충청북도 청주시 상당구 호미로165번길,4.31111240012708e+24,충청북도 청주시 상당구 호미로165번길 73,28762.0,1.0
MA0101202311A0084060,보드게임카페홈즈앤루팡청주율량,사천점,I2,음식,I212,비알코올,I21201,카페,I56194,김밥 및 기타 간이 음식점업,43,충청북도,43114,청주시 청원구,43114550,오근장동,4311410500,주성동,4311410500103569920,1,대지,충청북도 청주시 청원구 주성동 357,431144844115,충청북도 청주시 청원구 주성로279번길,4.31141050010357e+24,충청북도 청주시 청원구 주성로279번길 27,28318.0,5.0
MA0101202311A0005745,세븐청주오창한별점,코리아,G2,소매,G204,종합 소매,G20405,편의점,G47122,체인화 편의점,43,충청북도,43114,청주시 청원구,43114253,오창읍,4311425345,오창읍,4311425345107690496,1,대지,충청북도 청주시 청원구 오창읍 양청리 769-1,431144520429,충청북도 청주시 청원구 오창읍 양청1길,4.31142534510769e+24,충청북도 청주시 청원구 오창읍 양청1길 27,28115.0,1.0
MA0101202311A0094743,비비큐청주,운천점,I2,음식,I210,기타 간이,I21006,치킨,I56193,치킨 전문점,43,충청북도,43113,청주시 흥덕구,43113700,운천.신봉동,4311310400,운천동,4311310400111219712,1,대지,충청북도 청주시 흥덕구 운천동 1122,431133237036,충청북도 청주시 흥덕구 사운로,4.31131040011122e+24,충청북도 청주시 흥덕구 사운로 211,28470.0,1.0
MA0101202406A0398552,굴림타코야끼,제천점,I2,음식,I204,서양식,I20499,기타 서양식 음식점,I56122,일식 음식점업,43,충청북도,43150,제천시,43150528,중앙동,4315010100,의림동,4315010100100259840,1,대지,충청북도 제천시 의림동 26-6,431504518051,충청북도 제천시 칠성로10길,4.31501010010026e+24,충청북도 제천시 칠성로10길 14,27165.0,1.0
MA0101202406A0103049,위클리베이글,오창점,I2,음식,I210,기타 간이,I21001,빵/도넛,I56191,제과점업,43,충청북도,43114,청주시 청원구,43114253,오창읍,4311425345,오창읍,4311425345108209664,1,대지,충청북도 청주시 청원구 오창읍 양청리 821-4,431143240077,충청북도 청주시 청원구 오창읍 중심상업로,4.37102534500821e+24,충청북도 청주시 청원구 오창읍 중심상업로 7,28120.0,1.0
MA0101202311A0092570,서가닭발,증평점,I2,음식,I201,한식,I20110,닭/오리고기 구이/찜,I56113,한식 육류 요리 전문점,43,충청북도,43745,증평군,43745250,증평읍,4374525030,증평읍,4374525030105370112,1,대지,충청북도 증평군 증평읍 초중리 537-1,437453244020,충청북도 증평군 증평읍 초중로,4.37452503010537e+24,충청북도 증평군 증평읍 초중로 27,27939.0,1.0
MA0101202406A0446882,오유미당,본점,I2,음식,I201,한식,I20101,백반/한정식,I56111,한식 일반 음식점업,43,충청북도,43112,청주시 서원구,43112560,분평동,4311210600,분평동,4311210600113679872,1,대지,충청북도 청주시 서원구 분평동 1368,431123236001,충청북도 청주시 서원구 1순환로,4.31131080011368e+24,충청북도 청주시 서원구 1순환로 1109,28800.0,1.0
MA0101202406A0414613,골프존파크중앙탑,신도시점,R1,예술·스포츠,R103,스포츠 서비스,R10311,골프 연습장,R91136,골프 연습장 운영업,43,충청북도,43130,충주시,43130385,중앙탑면,4313038526,중앙탑면,4313038526106650112,1,대지,충청북도 충주시 중앙탑면 용전리 665,431304515555,충청북도 충주시 중앙탑면 원앙길,4.31303852610665e+24,충청북도 충주시 중앙탑면 원앙길 8-14,27465.0,7.0
MA0101202406A0058004,피씨테그신,연수점,R1,예술·스포츠,R104,유원지·오락,R10406,PC방,R91222,컴퓨터 게임방 운영업,43,충청북도,43130,충주시,43130630,연수동,4313011800,연수동,4313011800116090368,1,대지,충청북도 충주시 연수동 1609,431303238002,충청북도 충주시 갱고개로,4.31301180011609e+24,충청북도 충주시 갱고개로 154,27352.0,3.0
MA0101202406A0139995,안성깍두기오창,호수공원점,I2,음식,I201,한식,I20101,백반/한정식,I56111,한식 일반 음식점업,43,충청북도,43114,청주시 청원구,43114253,오창읍,4311425345,오창읍,4311425345107520000,1,대지,충청북도 청주시 청원구 오창읍 양청리 752-7,431143240006,충청북도 청주시 청원구 오창읍 과학산업2로,4.37102534500752e+24,충청북도 청주시 청원구 오창읍 과학산업2로 369,28115.0,1.0
MA0101202406A0063265,산남동한우포차지웰,직영점,I2,음식,I201,한식,I20108,소고기 구이/찜,I56111,한식 일반 음식점업,43,충청북도,43113,청주시 흥덕구,43113741,복대1동,4311311400,복대동,4311311400132400128,1,대지,충청북도 청주시 흥덕구 복대동 3240,431134511866,충청북도 청주시 흥덕구 진재로110번길,4.3113114001324e+24,충청북도 청주시 흥덕구 진재로110번길 7,28426.0,1.0
MA0101202406A0382913,판타스틱코인노래연습장청주,율량점,R1,예술·스포츠,R104,유원지·오락,R10407,노래방,R91223,노래 연습장 운영업,43,충청북도,43114,청주시 청원구,43114540,율량.사천동,4311410300,율량동,4311410300120410112,1,대지,충청북도 청주시 청원구 율량동 2041,431144844105,충청북도 청주시 청원구 율량로190번길,4.31141030012041e+24,충청북도 청주시 청원구 율량로190번길 31,28320.0,2.0
MA0101202406A0025103,비에이치씨청주,수곡점,I2,음식,I210,기타 간이,I21006,치킨,I56193,치킨 전문점,43,충청북도,43112,청주시 서원구,43112570,수곡1동,4311210700,수곡동,4311210700100760576,1,대지,충청북도 청주시 서원구 수곡동 76-10,431123236067,충청북도 청주시 서원구 청남로,4.31131090010076e+24,충청북도 청주시 서원구 청남로 2040,28709.0,1.0
MA0101202406A0116820,리얼프랜드,제천점,G2,소매,G205,식료품 소매,G20508,건강보조식품 소매업,G47217,건강 보조식품 소매업,43,충청북도,43150,제천시,43150560,용두동,4315011100,하소동,4315011100101660160,1,대지,충청북도 제천시 하소동 166-21,431504517661,충청북도 제천시 용두대로7길,4.31501110010166e+24,충청북도 제천시 용두대로7길 10,27160.0,1.0
MA0101202406A0243718,완미족발청주,산남점,I2,음식,I201,한식,I20103,족발/보쌈,I56111,한식 일반 음식점업,43,충청북도,43112,청주시 서원구,43112550,산남동,4311210400,산남동,4311210400105710080,1,대지,충청북도 청주시 서원구 산남동 571,431124511541,충청북도 청주시 서원구 산남로70번길,4.31131060010571e+24,충청북도 청주시 서원구 산남로70번길 17,28625.0,1.0
MA0101202406A0021227,아구듬뿍앤알곤마니,연수점,I2,음식,I201,한식,I20101,백반/한정식,I56111,한식 일반 음식점업,43,충청북도,43130,충주시,43130630,연수동,4313011800,연수동,4313011800108519424,1,대지,충청북도 충주시 연수동 852,431304515018,충청북도 충주시 연수상가1길,4.31301180010852e+24,충청북도 충주시 연수상가1길 17,27347.0,1.0
MA0101202406A0111549,더캠프PC방,청주봉명점,R1,예술·스포츠,R104,유원지·오락,R10406,PC방,R91222,컴퓨터 게임방 운영업,43,충청북도,43113,청주시 흥덕구,43113756,봉명2.송정동,4311311500,봉명동,4311311500127229952,1,대지,충청북도 청주시 흥덕구 봉명동 2723,431134511374,충청북도 청주시 흥덕구 백봉로197번길,4.31131150012723e+24,충청북도 청주시 흥덕구 백봉로197번길 8,28465.0,4.0
MA0101202406A0484719,꾸브라꼬숯불두마리치킨,수곡점,I2,음식,I210,기타 간이,I21006,치킨,I56193,치킨 전문점,43,충청북도,43112,청주시 서원구,43112580,수곡2동,4311210700,수곡동,4311210700109309952,1,대지,충청북도 청주시 서원구 수곡동 931,431124511620,충청북도 청주시 서원구 수곡로37번길,4.31131090010931e+24,충청북도 청주시 서원구 수곡로37번길 16-10,28697.0,1.0
MA0101202406A0260795,황보네수제튀김,2호점,I2,음식,I210,기타 간이,I21007,김밥/만두/분식,I56111,한식 일반 음식점업,43,충청북도,43113,청주시 흥덕구,43113741,복대1동,4311311400,복대동,4311311400127729664,1,대지,충청북도 청주시 흥덕구 복대동 2773,431134511883,충청북도 청주시 흥덕구 짐대로38번길,4.31131140012773e+24,충청북도 청주시 흥덕구 짐대로38번길 15,28417.0,1.0
MA0101202406A0315431,씨유청주내수,센터점,G2,소매,G204,종합 소매,G20405,편의점,G47122,체인화 편의점,43,충청북도,43114,청주시 청원구,43114250,내수읍,4311425022,내수읍,4311425022101560320,1,대지,충청북도 청주시 청원구 내수읍 마산리 156-7,431143240079,충청북도 청주시 청원구 내수읍 청암로,4.37102502200202e+24,충청북도 청주시 청원구 내수읍 청암로 56,28145.0,1.0
MA0101202406A0310413,전자담배,백화점,G2,소매,G204,종합 소매,G20405,편의점,G47122,체인화 편의점,43,충청북도,43111,청주시 상당구,43111670,영운동,4311111900,영운동,4311111900101729792,1,대지,충청북도 청주시 상당구 영운동 173-14,431113236065,충청북도 청주시 상당구 단재로,4.31111190010173e+24,충청북도 청주시 상당구 단재로 141-1,28738.0,1.0
MA0101202406A0323607,피자헛충북,제천점,I2,음식,I210,기타 간이,I21003,피자,I56192,피자; 햄버거; 샌드위치 및 유사 음식점업,43,충청북도,43150,제천시,43150590,청전동,4315011300,청전동,4315011300106350080,1,대지,충청북도 제천시 청전동 635-1,431502239003,충청북도 제천시 청전대로,4.31501130010641e+24,충청북도 제천시 청전대로 165,27147.0,1.0
MA0101202406A0224708,본죽&비빔밥청주오송,파라곤점,I2,음식,I201,한식,I20101,백반/한정식,I56111,한식 일반 음식점업,43,충청북도,43113,청주시 흥덕구,43113250,오송읍,4311325031,오송읍,4311325031109880320,1,대지,충청북도 청주시 흥덕구 오송읍 봉산리 988,431133351770,충청북도 청주시 흥덕구 오송읍 오송생명7로,4.31132503110988e+24,충청북도 청주시 흥덕구 오송읍 오송생명7로 146,28222.0,1.0
MA0101202406A0096519,쌈마이대패,복대점,I2,음식,I201,한식,I20101,백반/한정식,I56111,한식 일반 음식점업,43,충청북도,43113,청주시 흥덕구,43113741,복대1동,4311311400,복대동,4311311400130380288,1,대지,충청북도 청주시 흥덕구 복대동 3038,431133237078,충청북도 청주시 흥덕구 죽천로,4.31131140013038e+24,충청북도 청주시 흥덕구 죽천로 96-2,28426.0,1.0
MA0101202406A0081225,땅스부대찌개사창,시장점,I2,음식,I201,한식,I20102,국/탕/찌개류,G47219,기타 식료품 소매업,43,충청북도,43112,청주시 서원구,43112530,사창동,4311210200,사창동,4311210200103029760,1,대지,충청북도 청주시 서원구 사창동 303-2,431123237083,충청북도 청주시 서원구 창신로,4.31131020010303e+24,충청북도 청주시 서원구 창신로 39,28647.0,1.0
MA0101202406A0456955,더벤티연수,중앙점,I2,음식,I212,비알코올,I21201,카페,I56221,커피 전문점,43,충청북도,43130,충주시,43130630,연수동,4313011800,연수동,4313011800113249792,1,대지,충청북도 충주시 연수동 1325,431302238004,충청북도 충주시 번영대로,4.31301180011325e+24,충청북도 충주시 번영대로 211,27344.0,1.0
MA0101202406A0193384,소녀폰,지웰시티점,G2,소매,G208,가전·통신 소매,G20802,핸드폰 소매업,G47312,통신기기 소매업,43,충청북도,43113,청주시 흥덕구,43113741,복대1동,4311311400,복대동,4311311400133790208,1,대지,충청북도 청주시 흥덕구 복대동 3379,431133237020,충청북도 청주시 흥덕구 대농로,4.31131140010288e+24,충청북도 청주시 흥덕구 대농로 43,28424.0,1.0
MA0101202406A0002755,클라운지제천,2호점,G2,소매,G215,의약·화장품 소매,G21503,화장품 소매업,G47813,화장품; 비누 및 방향제 소매업,43,충청북도,43150,제천시,43150605,화산동,4315012100,강제동,4315012100108480000,1,대지,충청북도 제천시 강제동 848-1,431504517996,충청북도 제천시 청풍호로10길,4.31501210010848e+24,충청북도 제천시 청풍호로10길 36,27192.0,2.0
MA0101202406A0498516,파리바게뜨충북,제천점,I2,음식,I210,기타 간이,I21001,빵/도넛,I56191,제과점업,43,충청북도,43150,제천시,43150528,중앙동,4315010600,중앙로1가,4315010600100780032,1,대지,충청북도 제천시 중앙로1가 78-1,431504518097,충청북도 제천시 풍양로15길,4.31501060010078e+24,충청북도 제천시 풍양로15길 1,27173.0,1.0
MA0101202406A0087862,고요,동남점,I2,음식,I201,한식,I20101,백반/한정식,I56111,한식 일반 음식점업,43,충청북도,43111,청주시 상당구,43111720,용암1동,4311112400,용암동,4311112400131970048,1,대지,충청북도 청주시 상당구 용암동 3197,431114857346,충청북도 청주시 상당구 중고개로125번길,4.31111240013197e+24,충청북도 청주시 상당구 중고개로125번길 32-10,28808.0,1.0
MA0101202406A0408728,덕수파스타충주,연수점,I2,음식,I204,서양식,I20402,파스타/스테이크,I56123,서양식 음식점업,43,충청북도,43130,충주시,43130630,연수동,4313011800,연수동,4313011800114929664,1,대지,충청북도 충주시 연수동 1493,431302238001,충청북도 충주시 계명대로,4.31301180011493e+24,충청북도 충주시 계명대로 229-1,27352.0,1.0
MA0101202406A0387981,좋은계란할인점오송,파라곤점,G2,소매,G205,식료품 소매,G20509,반찬/식료품 소매업,G47219,기타 식료품 소매업,43,충청북도,43113,청주시 흥덕구,43113250,오송읍,4311325031,오송읍,4311325031107980288,1,대지,충청북도 청주시 흥덕구 오송읍 봉산리 798,431133351770,충청북도 청주시 흥덕구 오송읍 오송생명7로,4.31132503110798e+24,충청북도 청주시 흥덕구 오송읍 오송생명7로 151,28222.0,1.0
MA0101202406A0091148,불막열삼,청주사천점,I2,음식,I201,한식,I20109,곱창 전골/구이,I56111,한식 일반 음식점업,43,충청북도,43114,청주시 청원구,43114540,율량.사천동,4311410400,사천동,4311410400104460288,1,대지,충청북도 청주시 청원구 사천동 446-4,431143236050,충청북도 청주시 청원구 율봉로,4.31111160010446e+24,충청북도 청주시 청원구 율봉로 15,28342.0,1.0
MA0101202406A0098252,비비큐,사천점,I2,음식,I210,기타 간이,I21006,치킨,I56193,치킨 전문점,43,충청북도,43114,청주시 청원구,43114540,율량.사천동,4311410300,율량동,4311410300115809792,1,대지,충청북도 청주시 청원구 율량동 1581,431143236023,충청북도 청주시 청원구 사뜸로,4.31111150011581e+24,충청북도 청주시 청원구 사뜸로 17,28347.0,1.0
MA0101202406A0168255,누구나홀딱반한닭청주,가경점,I2,음식,I210,기타 간이,I21006,치킨,I56193,치킨 전문점,43,충청북도,43113,청주시 흥덕구,43113747,가경동,4311311300,가경동,4311311300114899968,1,대지,충청북도 청주시 흥덕구 가경동 1490-7,431133237002,충청북도 청주시 흥덕구 가경로,4.3113113001149e+24,충청북도 청주시 흥덕구 가경로 83,28402.0,1.0
MA0101202406A0505173,도미노피자충북,음성점,I2,음식,I210,기타 간이,I21003,피자,I56192,피자; 햄버거; 샌드위치 및 유사 음식점업,43,충청북도,43770,음성군,43770250,음성읍,4377025021,음성읍,4377025021108170240,1,대지,충청북도 음성군 음성읍 읍내리 817-39,437704541473,충청북도 음성군 음성읍 음성천서길,4.37702502110817e+24,충청북도 음성군 음성읍 음성천서길 157,27695.0,1.0
MA0101202406A0012264,핑&온열다이어트,스타점,G2,소매,G205,식료품 소매,G20508,건강보조식품 소매업,G47217,건강 보조식품 소매업,43,충청북도,43111,청주시 상당구,43111720,용암1동,4311112400,용암동,4311112400125910016,1,대지,충청북도 청주시 상당구 용암동 2591,431113236057,충청북도 청주시 상당구 중흥로,4.31111240012591e+24,충청북도 청주시 상당구 중흥로 189,28763.0,3.0
MA0101202406A0331349,럭키마라탕율량,사천점,I2,음식,I202,중식,I20202,마라탕/훠궈,I56121,중식 음식점업,43,충청북도,43114,청주시 청원구,43114540,율량.사천동,4311410300,율량동,4311410300112880128,1,대지,충청북도 청주시 청원구 율량동 1288,431143236023,충청북도 청주시 청원구 사뜸로,4.31111150011288e+24,충청북도 청주시 청원구 사뜸로 61,28340.0,1.0
MA0101202406A0273906,개밥파는고양이,봉명점,G2,소매,G220,애완동물·용품 소매,G22001,애완동물/애완용품 소매업,G47852,애완용 동물 및 관련용품 소매업,43,충청북도,43113,청주시 흥덕구,43113756,봉명2.송정동,4311311500,봉명동,4311311500124760064,1,대지,충청북도 청주시 흥덕구 봉명동 2476,431133237023,충청북도 청주시 흥덕구 덕암로,4.31131150012476e+24,충청북도 청주시 흥덕구 덕암로 45,28461.0,1.0
MA0101202406A0213595,영광축산물정육식당,복대점,I2,음식,I201,한식,I20108,소고기 구이/찜,I56111,한식 일반 음식점업,43,충청북도,43113,청주시 흥덕구,43113741,복대1동,4311311400,복대동,4311311400133820416,1,대지,충청북도 청주시 흥덕구 복대동 3382,431133237078,충청북도 청주시 흥덕구 죽천로,4.31131140010507e+24,충청북도 청주시 흥덕구 죽천로 27,28428.0,1.0
MA0101202406A0108398,뚱보아저씨오송점,수제돈가스,I2,음식,I204,서양식,I20401,경양식,I56111,한식 일반 음식점업,43,충청북도,43113,청주시 흥덕구,43113250,오송읍,4311325031,오송읍,4311325031110040576,1,대지,충청북도 청주시 흥덕구 오송읍 봉산리 1004,431134520285,충청북도 청주시 흥덕구 오송읍 봉산2길,4.31132503111004e+24,충청북도 청주시 흥덕구 오송읍 봉산2길 16,28222.0,2.0
MA0101202406A0330407,스텔라떡볶이충북청주,옥산점,I2,음식,I210,기타 간이,I21007,김밥/만두/분식,I56194,김밥 및 기타 간이 음식점업,43,충청북도,43113,청주시 흥덕구,43113320,옥산면,4311332025,옥산면,4311332025109770240,1,대지,충청북도 청주시 흥덕구 옥산면 가락리 977,431133240054,충청북도 청주시 흥덕구 옥산면 오송가락로,4.31133202510879e+24,충청북도 청주시 흥덕구 옥산면 오송가락로 1055,28113.0,1.0
MA0101202406A0367619,족슐랭충북진천,혁신점,I2,음식,I201,한식,I20103,족발/보쌈,I56111,한식 일반 음식점업,43,충청북도,43750,진천군,43750253,덕산읍,4375025325,덕산읍,4375025325125859840,1,대지,충청북도 진천군 덕산읍 두촌리 2586,437503000235,충청북도 진천군 덕산읍 대하로,4.37502532512586e+24,충청북도 진천군 덕산읍 대하로 147,27871.0,2.0
MA0101202406A0535723,밀레니엄,옥천지점,M1,과학·기술,M105,광고,M10501,광고 대행업,M71310,광고 대행업,43,충청북도,43730,옥천군,43730250,옥천읍,4373025036,옥천읍,4373025036101120000,1,대지,충청북도 옥천군 옥천읍 금구리 112-33,437303000091,충청북도 옥천군 옥천읍 옥천로,4.37302503610112e+24,충청북도 옥천군 옥천읍 옥천로 1634,29037.0,2.0
MA0101202406A0586990,어퍼스,제천지점,M1,과학·기술,M105,광고,M10502,옥외/전시 광고 대행업,M71391,옥외 및 전시 광고업,43,충청북도,43150,제천시,43150528,중앙동,4315010100,의림동,4315010100102149632,1,대지,충청북도 제천시 의림동 215-10,431503239018,충청북도 제천시 명륜로,4.31501010010215e+24,충청북도 제천시 명륜로 50,27170.0,2.0
MA0101202406A0008348,서민등뼈찜ㆍ감자탕,동남점,I2,음식,I201,한식,I20102,국/탕/찌개류,I56111,한식 일반 음식점업,43,충청북도,43111,청주시 상당구,43111720,용암1동,4311112400,용암동,4311112400130330112,1,대지,충청북도 청주시 상당구 용암동 3033,431114857347,충청북도 청주시 상당구 중고개로141번길,4.31111240010186e+24,충청북도 청주시 상당구 중고개로141번길 18,28808.0,2.0
MA0101202406A0598580,르하임스터디카페청주,율량점,R1,예술·스포츠,R102,도서관·사적지,R10202,독서실/스터디 카페,R90212,독서실 운영업,43,충청북도,43114,청주시 청원구,43114540,율량.사천동,4311410300,율량동,4311410300108669952,1,대지,충청북도 청주시 청원구 율량동 867-5,431142014003,충청북도 청주시 청원구 충청대로,4.31141030010867e+24,충청북도 청주시 청원구 충청대로 135,28326.0,2.0
MA0101202406A0405113,유가네청주금천,광장점,I2,음식,I201,한식,I20101,백반/한정식,I56111,한식 일반 음식점업,43,충청북도,43111,청주시 상당구,43111690,용담.명암.산성동,4311112100,용담동,4311112100103810048,1,대지,충청북도 청주시 상당구 용담동 381,431114508278,충청북도 청주시 상당구 산성로104번길,4.31111210010381e+24,충청북도 청주시 상당구 산성로104번길 2,28744.0,1.0
MA0101202406A0115567,바나프레소,청주금천점,I2,음식,I212,비알코올,I21201,카페,I56221,커피 전문점,43,충청북도,43111,청주시 상당구,43111680,금천동,4311112000,금천동,4311112000103029760,1,대지,충청북도 청주시 상당구 금천동 303,431113236035,충청북도 청주시 상당구 수영로,4.31111200010303e+24,충청북도 청주시 상당구 수영로 289,28744.0,1.0
MA0101202406A0521959,한마음정육식당,분평점,I2,음식,I201,한식,I20107,돼지고기 구이/찜,I56111,한식 일반 음식점업,43,충청북도,43112,청주시 서원구,43112560,분평동,4311210600,분평동,4311210600101649920,1,대지,충청북도 청주시 서원구 분평동 165-1,431123236001,충청북도 청주시 서원구 1순환로,4.31121060010165e+24,충청북도 청주시 서원구 1순환로 1078,28802.0,3.0
MA0101202406A0490718,프레드피자,제천점,I2,음식,I210,기타 간이,I21003,피자,I56192,피자; 햄버거; 샌드위치 및 유사 음식점업,43,충청북도,43150,제천시,43150590,청전동,4315011300,청전동,4315011300106949632,1,대지,충청북도 제천시 청전동 695,431504517778,충청북도 제천시 의림대로33길,4.31501130010695e+24,충청북도 제천시 의림대로33길 31,27153.0,1.0
MA0101202406A0353769,슬로우캘리청주,충북대점,I2,음식,I201,한식,I20101,백반/한정식,I56111,한식 일반 음식점업,43,충청북도,43112,청주시 서원구,43112530,사창동,4311210200,사창동,4311210200104829952,1,대지,충청북도 청주시 서원구 사창동 483,431123236001,충청북도 청주시 서원구 1순환로,4.31131020010485e+24,충청북도 청주시 서원구 1순환로 678,28643.0,1.0
MA0101202406A0231551,인생아구찜,율량점,I2,음식,I201,한식,I20112,해산물 구이/찜,I56111,한식 일반 음식점업,43,충청북도,43114,청주시 청원구,43114550,오근장동,4311410600,주중동,4311410600109660160,1,대지,충청북도 청주시 청원구 주중동 966,431144844097,충청북도 청주시 청원구 율량로48번길,4.31111320010182e+24,충청북도 청주시 청원구 율량로48번길 6-11,28325.0,1.0
MA0101202406A0323111,기영이숯불두마리치킨청주,복대점,I2,음식,I210,기타 간이,I21006,치킨,I56193,치킨 전문점,43,충청북도,43113,청주시 흥덕구,43113741,복대1동,4311311400,복대동,4311311400127699968,1,대지,충청북도 청주시 흥덕구 복대동 2770,431134511883,충청북도 청주시 흥덕구 짐대로38번길,4.3113114001277e+24,충청북도 청주시 흥덕구 짐대로38번길 22,28417.0,1.0
MA0101202406A0344832,이태리양조장,충북대점,I2,음식,I211,주점,I21103,생맥주 전문,I56111,한식 일반 음식점업,43,충청북도,43112,청주시 서원구,43112530,사창동,4311210200,사창동,4311210200104760320,1,대지,충청북도 청주시 서원구 사창동 476,431124512173,충청북도 청주시 서원구 1순환로674번길,4.31131020010476e+24,충청북도 청주시 서원구 1순환로674번길 21,28643.0,1.0
MA0101202406A0312605,소담낙찌,오창점,I2,음식,I201,한식,I20111,횟집,I56114,한식 해산물 요리 전문점,43,충청북도,43114,청주시 청원구,43114253,오창읍,4311425345,오창읍,4311425345107980288,1,대지,충청북도 청주시 청원구 오창읍 양청리 798-6,431143240077,충청북도 청주시 청원구 오창읍 중심상업로,4.37102534500798e+24,충청북도 청주시 청원구 오창읍 중심상업로 32-19,28119.0,1.0
MA0101202406A0310000,김밥세상,산남점,I2,음식,I210,기타 간이,I21007,김밥/만두/분식,I56111,한식 일반 음식점업,43,충청북도,43112,청주시 서원구,43112550,산남동,4311210400,산남동,4311210400106560000,1,대지,충청북도 청주시 서원구 산남동 656,431123237037,충청북도 청주시 서원구 산남로,4.31131060010656e+24,충청북도 청주시 서원구 산남로 60,28625.0,1.0
MA0101202406A0342522,씨유청주우미린,중앙점,G2,소매,G204,종합 소매,G20405,편의점,G47122,체인화 편의점,43,충청북도,43111,청주시 상당구,43111690,용담.명암.산성동,4311112100,용담동,4311112100104949760,1,대지,충청북도 청주시 상당구 용담동 495,431113236035,충청북도 청주시 상당구 수영로,4.31111210010495e+24,충청북도 청주시 상당구 수영로 361,28746.0,1.0
MA0101202406A0389727,올포유,충북대점,G2,소매,G209,섬유·의복·신발 소매,G20905,기타 의류 소매업,G47419,기타 의복 소매업,43,충청북도,43112,청주시 서원구,43112530,사창동,4311210200,사창동,4311210200102220288,1,대지,충청북도 청주시 서원구 사창동 222-9,431123236025,충청북도 청주시 서원구 사직대로,4.31131020010222e+24,충청북도 청주시 서원구 사직대로 117,28568.0,1.0
MA0101202406A0579014,어퍼스,괴산지점,M1,과학·기술,M105,광고,M10501,광고 대행업,M71310,광고 대행업,43,충청북도,43760,괴산군,43760250,괴산읍,4376025021,괴산읍,4376025021106449920,1,대지,충청북도 괴산군 괴산읍 동부리 645-3,437603246023,충청북도 괴산군 괴산읍 읍내로,4.37602502110645e+24,충청북도 괴산군 괴산읍 읍내로 286,28033.0,2.0
MA0101202406A0426312,자담치킨,청주대점,I2,음식,I210,기타 간이,I21006,치킨,I56111,한식 일반 음식점업,43,충청북도,43114,청주시 청원구,43114520,내덕1동,4311410200,내덕동,4311410200102720000,1,대지,충청북도 청주시 청원구 내덕동 272-22,431143236056,충청북도 청주시 청원구 중앙로,4.31111140010272e+24,충청북도 청주시 청원구 중앙로 178-1,28489.0,1.0
MA0101202406A0347920,역전할머니맥주,호암점,I2,음식,I211,주점,I21103,생맥주 전문,I56111,한식 일반 음식점업,43,충청북도,43130,충주시,43130580,호암.직동,4313010700,호암동,4313010700112079872,1,대지,충청북도 충주시 호암동 1208,431303352070,충청북도 충주시 호암토성2로,4.31301070011208e+24,충청북도 충주시 호암토성2로 7,27480.0,1.0
MA0101202406A0072394,메가엠지씨커피충북,진천점,I2,음식,I212,비알코올,I21201,카페,I56221,커피 전문점,43,충청북도,43750,진천군,43750250,진천읍,4375025024,진천읍,4375025024103900160,1,대지,충청북도 진천군 진천읍 읍내리 390-1,437503245007,충청북도 진천군 진천읍 상산로,4.3750250241039e+24,충청북도 진천군 진천읍 상산로 85,27833.0,1.0
MA0101202406A0275536,한입두잎,가경점,I2,음식,I201,한식,I20101,백반/한정식,I56111,한식 일반 음식점업,43,충청북도,43113,청주시 흥덕구,43113760,강서1동,4311311700,강서동,4311311700102040576,1,대지,충청북도 청주시 흥덕구 강서동 204-3,431133237003,충청북도 청주시 흥덕구 가포산로,4.31131170010204e+24,충청북도 청주시 흥덕구 가포산로 191,28381.0,1.0
MA0101202406A0238347,치킨어때,율량점,I2,음식,I210,기타 간이,I21006,치킨,I56193,치킨 전문점,43,충청북도,43114,청주시 청원구,43114540,율량.사천동,4311410300,율량동,4311410300120829952,1,대지,충청북도 청주시 청원구 율량동 2083,431143349124,충청북도 청주시 청원구 율량로,4.31141030012083e+24,충청북도 청주시 청원구 율량로 169,28321.0,1.0
MA0101202406A0311287,아이스앤쿡,산남점,G2,소매,G204,종합 소매,G20404,슈퍼마켓,G47216,빵류; 과자류 및 당류 소매업,43,충청북도,43112,청주시 서원구,43112550,산남동,4311210400,산남동,4311210400111190016,1,대지,충청북도 청주시 서원구 산남동 1119,431123237090,충청북도 청주시 서원구 탑골로,4.31131060011119e+24,충청북도 청주시 서원구 탑골로 15,28627.0,1.0
MA0101202406A0441903,면식당,지웰시티점,I2,음식,I201,한식,I20105,국수/칼국수,I56112,한식 면 요리 전문점,43,충청북도,43113,청주시 흥덕구,43113741,복대1동,4311311400,복대동,4311311400102880256,1,대지,충청북도 청주시 흥덕구 복대동 288-124,431133237020,충청북도 청주시 흥덕구 대농로,4.31131140010288e+24,충청북도 청주시 흥덕구 대농로 39,28424.0,1.0
MA0101202409A0264009,개미인력개발,진천점,N1,시설관리·임대,N104,고용 알선,N10402,임시/일용 인력 공급업,N75110,고용 알선업,43,충청북도,43750,진천군,43750370,광혜원면,4375037027,광혜원면,4375037027100570112,1,대지,충청북도 진천군 광혜원면 광혜원리 57-2,437504535432,충청북도 진천군 광혜원면 화랑길,4.37503702710057e+24,충청북도 진천군 광혜원면 화랑길 9,27802.0,1.0
MA0101202409A0129997,육회왕자연어공주,충북대점,I2,음식,I201,한식,I20108,소고기 구이/찜,I56111,한식 일반 음식점업,43,충청북도,43112,청주시 서원구,43112530,사창동,4311210200,사창동,4311210200101509632,1,대지,충청북도 청주시 서원구 사창동 151-11,431123236025,충청북도 청주시 서원구 사직대로,4.31131020010151e+24,충청북도 청주시 서원구 사직대로 100,28642.0,1.0
MA0101202409A0046970,그레이시티청주,직영점,G2,소매,G215,의약·화장품 소매,G21503,화장품 소매업,G47813,화장품; 비누 및 방향제 소매업,43,충청북도,43113,청주시 흥덕구,43113747,가경동,4311311300,가경동,4311311300118540288,1,대지,충청북도 청주시 흥덕구 가경동 1854,431133237047,충청북도 청주시 흥덕구 서현북로,4.31131130011854e+24,충청북도 청주시 흥덕구 서현북로 48,28383.0,4.0
MA0101202409A0032686,오봉집,테크노폴리스점,I2,음식,I201,한식,I20101,백반/한정식,I56111,한식 일반 음식점업,43,충청북도,43113,청주시 흥덕구,43113770,강서2동,4311313400,송절동,4311313400108280320,1,대지,충청북도 청주시 흥덕구 송절동 828,431134855165,충청북도 청주시 흥덕구 송화로166번길,4.31131340010828e+24,충청북도 청주시 흥덕구 송화로166번길 7-10,28292.0,1.0
MA0101202409A0103917,포차중문,봉명점,I2,음식,I201,한식,I20101,백반/한정식,I56111,한식 일반 음식점업,43,충청북도,43113,청주시 흥덕구,43113756,봉명2.송정동,4311311500,봉명동,4311311500127349760,1,대지,충청북도 청주시 흥덕구 봉명동 2735,431134511253,충청북도 청주시 흥덕구 덕암로114번길,4.31131150012735e+24,충청북도 청주시 흥덕구 덕암로114번길 62,28465.0,1.0
MA0101202409A0223345,오로지냉면청주,본점,I2,음식,I201,한식,I20106,냉면/밀면,I56111,한식 일반 음식점업,43,충청북도,43112,청주시 서원구,43112540,모충동,4311210300,모충동,4311210300102300160,1,대지,충청북도 청주시 서원구 모충동 230-33,431124511569,충청북도 청주시 서원구 서원남로44번길,4.3112103001023e+24,충청북도 청주시 서원구 서원남로44번길 7,28680.0,1.0
MA0101202409A0014654,쎈언니떡볶이,봉명점,I2,음식,I210,기타 간이,I21007,김밥/만두/분식,I56194,김밥 및 기타 간이 음식점업,43,충청북도,43113,청주시 흥덕구,43113756,봉명2.송정동,4311311500,봉명동,4311311500117740032,1,대지,충청북도 청주시 흥덕구 봉명동 1774,431134512258,충청북도 청주시 흥덕구 과상미로9번길,4.31131150011774e+24,충청북도 청주시 흥덕구 과상미로9번길 10,28452.0,1.0
MA0101202409A0238361,왓더버거청주,오창점,I2,음식,I210,기타 간이,I21004,버거,I56194,김밥 및 기타 간이 음식점업,43,충청북도,43114,청주시 청원구,43114253,오창읍,4311425345,오창읍,4311425345107870208,1,대지,충청북도 청주시 청원구 오창읍 양청리 787-5,431143240075,충청북도 청주시 청원구 오창읍 중심상업1로,4.37102534500787e+24,충청북도 청주시 청원구 오창읍 중심상업1로 50,28120.0,1.0
MA0101202409A0072243,일품얼큰칼국수&닭볶음탕,율량점,I2,음식,I201,한식,I20105,국수/칼국수,I56111,한식 일반 음식점업,43,충청북도,43114,청주시 청원구,43114540,율량.사천동,4311410300,율량동,4311410300108250112,1,대지,충청북도 청주시 청원구 율량동 825-4,431144508575,충청북도 청주시 청원구 율봉로175번길,4.31111150010825e+24,충청북도 청주시 청원구 율봉로175번길 28,28327.0,1.0
MA0101202409A0063506,이삭토스트,용암점,I2,음식,I210,기타 간이,I21005,토스트/샌드위치/샐러드,I56192,피자; 햄버거; 샌드위치 및 유사 음식점업,43,충청북도,43111,청주시 상당구,43111730,용암2동,4311112400,용암동,4311112400120130048,1,대지,충청북도 청주시 상당구 용암동 2013,431113236049,충청북도 청주시 상당구 월평로,4.31111240012013e+24,충청북도 청주시 상당구 월평로 226,28782.0,1.0
MA0101202409A0171971,컴포즈커피진천,터미널점,I2,음식,I212,비알코올,I21201,카페,I56221,커피 전문점,43,충청북도,43750,진천군,43750250,진천읍,4375025024,진천읍,4375025024102400000,1,대지,충청북도 진천군 진천읍 읍내리 240-4,437503245019,충청북도 진천군 진천읍 중앙북로,4.3750250241024e+24,충청북도 진천군 진천읍 중앙북로 20,27832.0,1.0
MA0101202409A0212293,공차청주,하복대점,I2,음식,I212,비알코올,I21201,카페,I56221,커피 전문점,43,충청북도,43113,청주시 흥덕구,43113741,복대1동,4311311400,복대동,4311311400124650496,1,대지,충청북도 청주시 흥덕구 복대동 2465,431133237081,충청북도 청주시 흥덕구 진재로,4.31131140012465e+24,충청북도 청주시 흥덕구 진재로 49,28416.0,1.0
MA0101202409A0136793,미들슬로우현대백화점,충청점,I2,음식,I212,비알코올,I21201,카페,I56221,커피 전문점,43,충청북도,43113,청주시 흥덕구,43113741,복대1동,4311311400,복대동,4311311400133799936,1,대지,충청북도 청주시 흥덕구 복대동 3380,431133236058,충청북도 청주시 흥덕구 직지대로,4.31131140010584e+24,충청북도 청주시 흥덕구 직지대로 308,28424.0,1.0
MA0101202409A0213787,춘천호반닭갈비&뿅가곱창,교통대점,I2,음식,I201,한식,I20101,백반/한정식,I56111,한식 일반 음식점업,43,충청북도,43130,충주시,43130335,대소원면,4313033529,대소원면,4313033529103500288,1,대지,충청북도 충주시 대소원면 검단리 350-58,431303238012,충청북도 충주시 대소원면 대학로,4.3130330291035e+24,충청북도 충주시 대소원면 대학로 20,27470.0,1.0
MA0101202409A0142435,티바두마리치킨,봉명점,I2,음식,I210,기타 간이,I21006,치킨,I56193,치킨 전문점,43,충청북도,43113,청주시 흥덕구,43113751,봉명1동,4311311500,봉명동,4311311500109809664,1,대지,충청북도 청주시 흥덕구 봉명동 981-1,431134511416,충청북도 청주시 흥덕구 봉명로205번길,4.31131150010981e+24,충청북도 청주시 흥덕구 봉명로205번길 6,28561.0,1.0
MA0101202409A0155575,을찌로가맥청주금천,광장점,I2,음식,I201,한식,I20101,백반/한정식,I56111,한식 일반 음식점업,43,충청북도,43111,청주시 상당구,43111690,용담.명암.산성동,4311112100,용담동,4311112100103829504,1,대지,충청북도 청주시 상당구 용담동 383,431114508278,충청북도 청주시 상당구 산성로104번길,4.31111210010383e+24,충청북도 청주시 상당구 산성로104번길 21,28744.0,1.0
MA0101202409A0039389,노군꼬치,지웰시티점,I2,음식,I211,주점,I21104,요리 주점,I56111,한식 일반 음식점업,43,충청북도,43113,청주시 흥덕구,43113741,복대1동,4311311400,복대동,4311311400132610048,1,대지,충청북도 청주시 흥덕구 복대동 3261,431134511235,충청북도 청주시 흥덕구 대신로73번길,4.31131140013261e+24,충청북도 청주시 흥덕구 대신로73번길 74,28426.0,1.0
MA0101202409A0102357,맘스터치,청주대점,I2,음식,I210,기타 간이,I21004,버거,I56192,피자; 햄버거; 샌드위치 및 유사 음식점업,43,충청북도,43114,청주시 청원구,43114510,우암동,4311410100,우암동,4311410100102099968,1,대지,충청북도 청주시 청원구 우암동 210-5,431144508202,충청북도 청주시 청원구 대성로288번길,4.3111113001021e+24,충청북도 청주시 청원구 대성로288번길 59,28504.0,1.0
MA0101202409A0138723,좋은계란,지현점,G2,소매,G205,식료품 소매,G20509,반찬/식료품 소매업,G47219,기타 식료품 소매업,43,충청북도,43130,충주시,43130560,지현동,4313012500,지현동,4313012500106540032,1,대지,충청북도 충주시 지현동 654,431304515321,충청북도 충주시 지현천변1길,4.31301250010654e+24,충청북도 충주시 지현천변1길 27,27412.0,1.0
MA0101202409A0154375,동읍리,진천점,I2,음식,I201,한식,I20107,돼지고기 구이/찜,I56113,한식 육류 요리 전문점,43,충청북도,43750,진천군,43750250,진천읍,4375025024,진천읍,4375025024105469952,1,대지,충청북도 진천군 진천읍 읍내리 547,437504535065,충청북도 진천군 진천읍 남산길,4.37502502410547e+24,충청북도 진천군 진천읍 남산길 89,27834.0,1.0
MA0101202409A0180459,리퍼창고,청주지점,G2,소매,G222,중고 상품 소매,G22201,중고 상품 소매업,G47862,중고 가전제품 및 통신장비 소매업,43,충청북도,43112,청주시 서원구,43112510,사직1동,4311210100,사직동,4311210100102640128,1,대지,충청북도 청주시 서원구 사직동 264-26,431124511239,충청북도 청주시 서원구 대원로20번길,4.31131010010264e+24,충청북도 청주시 서원구 대원로20번길 39,28552.0,1.0
MA0101202409A0197579,우리식자재유통,청주지점,G2,소매,G204,종합 소매,G20404,슈퍼마켓,G47121,슈퍼마켓,43,충청북도,43111,청주시 상당구,43111545,성안동,4311110200,북문로1가,4311110200101699584,1,대지,충청북도 청주시 상당구 북문로1가 170-1,431114508335,충청북도 청주시 상당구 상당로81번길,4.3111102001017e+24,충청북도 청주시 상당구 상당로81번길 33,28527.0,1.0
MA0101202409A0042351,메가엠지씨커피충주건국대,병원점,I2,음식,I212,비알코올,I21201,카페,I56221,커피 전문점,43,충청북도,43130,충주시,43130540,교현2동,4313010500,교현동,4313010500106179584,1,대지,충청북도 충주시 교현동 618-5,431302238002,충청북도 충주시 국원대로,4.31301050010618e+24,충청북도 충주시 국원대로 78,27376.0,1.0
MA0101202409A0240554,피자먹다,제천점,I2,음식,I210,기타 간이,I21003,피자,I56192,피자; 햄버거; 샌드위치 및 유사 음식점업,43,충청북도,43150,제천시,43150560,용두동,4315011100,하소동,4315011100100720128,1,대지,충청북도 제천시 하소동 72-18,431504517624,충청북도 제천시 용두대로15가길,4.31501110010072e+24,충청북도 제천시 용두대로15가길 7,27162.0,1.0
MA0101202409A0119644,아이더,율량점,G2,소매,G209,섬유·의복·신발 소매,G20905,기타 의류 소매업,G47414,셔츠 및 블라우스 소매업,43,충청북도,43114,청주시 청원구,43114550,오근장동,4311410600,주중동,4311410600105840128,1,대지,충청북도 청주시 청원구 주중동 584-1,431143236064,충청북도 청주시 청원구 공항로,4.31111320010584e+24,충청북도 청주시 청원구 공항로 212,28308.0,1.0
MA0101202409A0107994,한신우동,증평점,I2,음식,I201,한식,I20105,국수/칼국수,I56111,한식 일반 음식점업,43,충청북도,43745,증평군,43745250,증평읍,4374525022,증평읍,4374525022101020160,1,대지,충청북도 증평군 증평읍 교동리 102-3,437453244017,충청북도 증평군 증평읍 장뜰로,4.37452502210102e+24,충청북도 증평군 증평읍 장뜰로 73,27931.0,2.0
MA0101202409A0012487,내셔널지오그래픽청주,에버세이브점,G2,소매,G209,섬유·의복·신발 소매,G20905,기타 의류 소매업,G47414,셔츠 및 블라우스 소매업,43,충청북도,43112,청주시 서원구,43112560,분평동,4311210500,미평동,4311210500100349952,1,대지,충청북도 청주시 서원구 미평동 35-6,431124511938,충청북도 청주시 서원구 청남로1936번길,4.31131070010035e+24,충청북도 청주시 서원구 청남로1936번길 1,28802.0,1.0
MA0101202409A0216857,최애마라,본점,I2,음식,I202,중식,I20202,마라탕/훠궈,I56121,중식 음식점업,43,충청북도,43111,청주시 상당구,43111720,용암1동,4311112400,용암동,4311112400112719872,1,대지,충청북도 청주시 상당구 용암동 1272,431114508506,충청북도 청주시 상당구 용암로93번길,4.31111240011272e+24,충청북도 청주시 상당구 용암로93번길 5,28771.0,1.0
MA0101202409A0222353,렉토앤솔로지,충주지점,N1,시설관리·임대,N102,청소·방제,N10201,건축물 일반 청소업,N74211,건축물 일반 청소업,43,충청북도,43130,충주시,43130630,연수동,4313011800,연수동,4313011800116950016,1,대지,충청북도 충주시 연수동 1695,431304514132,충청북도 충주시 국원초5길,4.31301180011696e+24,충청북도 충주시 국원초5길 9,27372.0,2.0
MA0101202409A0143323,한마음정육식당오송2,산단점,I2,음식,I201,한식,I20107,돼지고기 구이/찜,I56111,한식 일반 음식점업,43,충청북도,43113,청주시 흥덕구,43113250,오송읍,4311325031,오송읍,4311325031109870080,1,대지,충청북도 청주시 흥덕구 오송읍 봉산리 987,431133351770,충청북도 청주시 흥덕구 오송읍 오송생명7로,4.31132503110987e+24,충청북도 청주시 흥덕구 오송읍 오송생명7로 148,28222.0,3.0
MA0101202409A0105293,파닭참잘하는집,2호점,I2,음식,I210,기타 간이,I21006,치킨,I56193,치킨 전문점,43,충청북도,43111,청주시 상당구,43111670,영운동,4311111900,영운동,4311111900100730368,1,대지,충청북도 청주시 상당구 영운동 73-5,431114508467,충청북도 청주시 상당구 영운천로51번길,4.31111190010073e+24,충청북도 청주시 상당구 영운천로51번길 26,28742.0,1.0
MA0101202406A0563740,손수헤어터미널,3호점,G2,소매,G212,기타 생활용품 소매,G21202,주방/가정용품 소매업,G47599,그 외 기타 분류 안된 가정용품 소매업,43,충청북도,43113,청주시 흥덕구,43113760,강서1동,4311311700,강서동,4311311700104790016,1,대지,충청북도 청주시 흥덕구 강서동 479,431133237005,충청북도 청주시 흥덕구 강서로,4.31131170010479e+24,충청북도 청주시 흥덕구 강서로 119,28377.0,2.0
MA0101202409A0092448,오봉집,충북영동점,I2,음식,I201,한식,I20101,백반/한정식,I56111,한식 일반 음식점업,43,충청북도,43740,영동군,43740250,영동읍,4374025022,영동읍,4374025022100940288,1,대지,충청북도 영동군 영동읍 동정리 94-2,437403243018,충청북도 영동군 영동읍 동정로,4.37402502210094e+24,충청북도 영동군 영동읍 동정로 18-49,29140.0,1.0
MA0101202409A0208258,컴포즈커피오송2,산단점,I2,음식,I212,비알코올,I21201,카페,I56221,커피 전문점,43,충청북도,43113,청주시 흥덕구,43113250,오송읍,4311325031,오송읍,4311325031109870080,1,대지,충청북도 청주시 흥덕구 오송읍 봉산리 987,431133351770,충청북도 청주시 흥덕구 오송읍 오송생명7로,4.31132503110987e+24,충청북도 청주시 흥덕구 오송읍 오송생명7로 148,28222.0,1.0
MA0101202409A0230522,임꺽정뭉티기,오창점,I2,음식,I201,한식,I20101,백반/한정식,I56111,한식 일반 음식점업,43,충청북도,43114,청주시 청원구,43114253,오창읍,4311425345,오창읍,4311425345107919872,1,대지,충청북도 청주시 청원구 오창읍 양청리 792-4,431143240077,충청북도 청주시 청원구 오창읍 중심상업로,4.37102534500792e+24,충청북도 청주시 청원구 오창읍 중심상업로 39,28120.0,1.0
MA0101202406A0191437,백본등뼈찜오창,직영점,I2,음식,I201,한식,I20101,백반/한정식,I56111,한식 일반 음식점업,43,충청북도,43114,청주시 청원구,43114253,오창읍,4311425346,오창읍,4311425346104280064,1,대지,충청북도 청주시 청원구 오창읍 구룡리 428-9,431143240006,충청북도 청주시 청원구 오창읍 과학산업2로,4.37102534600428e+24,충청북도 청주시 청원구 오창읍 과학산업2로 267,28121.0,1.0
MA0101202408A0039419,팀복싱스터번혁신,2호점,P1,교육,P106,기타 교육,P10601,태권도/무술학원,P85611,태권도 및 무술 교육기관,43,충청북도,43750,진천군,43750253,덕산읍,4375025325,덕산읍,4375025325125890048,1,대지,충청북도 진천군 덕산읍 두촌리 2589,437503000235,충청북도 진천군 덕산읍 대하로,4.37503102512589e+24,충청북도 진천군 덕산읍 대하로 133,27871.0,4.0
MA0101202409A0223364,복치킨하우스,2호점,I2,음식,I210,기타 간이,I21006,치킨,I56193,치킨 전문점,43,충청북도,43111,청주시 상당구,43111720,용암1동,4311112400,용암동,4311112400132709888,1,대지,충청북도 청주시 상당구 용암동 3271,431113236062,충청북도 청주시 상당구 호미로,4.31111240010169e+24,충청북도 청주시 상당구 호미로 14,28808.0,1.0
MA0101202406A0568072,손수헤어,테크노점,G2,소매,G212,기타 생활용품 소매,G21202,주방/가정용품 소매업,G47599,그 외 기타 분류 안된 가정용품 소매업,43,충청북도,43113,청주시 흥덕구,43113770,강서2동,4311313400,송절동,4311313400106690048,1,대지,충청북도 청주시 흥덕구 송절동 669,431134855163,충청북도 청주시 흥덕구 송화로130번길,4.31131340010669e+24,충청북도 청주시 흥덕구 송화로130번길 18,28293.0,1.0
MA0101202409A0123162,겸하당현대백화점,충청점,I2,음식,I210,기타 간이,I21001,빵/도넛,I56191,제과점업,43,충청북도,43113,청주시 흥덕구,43113741,복대1동,4311311400,복대동,4311311400133799936,1,대지,충청북도 청주시 흥덕구 복대동 3380,431133236058,충청북도 청주시 흥덕구 직지대로,4.31131140010584e+24,충청북도 청주시 흥덕구 직지대로 308,28424.0,1.0
MA0101202406A0106769,신전떡볶이,음성점,I2,음식,I210,기타 간이,I21007,김밥/만두/분식,I56194,김밥 및 기타 간이 음식점업,43,충청북도,43770,음성군,43770250,음성읍,4377025021,음성읍,4377025021105019904,1,대지,충청북도 음성군 음성읍 읍내리 502-2,437703247062,충청북도 음성군 음성읍 중앙로,4.37702502110502e+24,충청북도 음성군 음성읍 중앙로 113,27695.0,1.0
MA0101202406A0362222,골메이트,오창점,G2,소매,G213,오락용품 소매,G21304,운동용품 소매업,G47631,운동 및 경기용품 소매업,43,충청북도,43114,청주시 청원구,43114253,오창읍,4311425346,오창읍,4311425346101309952,1,대지,충청북도 청주시 청원구 오창읍 구룡리 131-16,431142014001,충청북도 청주시 청원구 오창읍 오창대로,4.37102534610131e+24,충청북도 청주시 청원구 오창읍 오창대로 151,28115.0,1.0
MA0101202409A0182318,레드포스아레나청주,터미널점,S2,수리·개인,S201,컴퓨터 수리,S20101,컴퓨터/노트북/프린터 수리업,S95110,컴퓨터 및 주변 기기 수리업,43,충청북도,43113,청주시 흥덕구,43113760,강서1동,4311311700,강서동,4311311700104719872,1,대지,충청북도 청주시 흥덕구 강서동 472,431134511088,충청북도 청주시 흥덕구 가로수로1164번길,4.31131170010472e+24,충청북도 청주시 흥덕구 가로수로1164번길 41-44,28377.0,2.0
MA0101202409A0068090,네네치킨,산남점,I2,음식,I210,기타 간이,I21006,치킨,I56193,치킨 전문점,43,충청북도,43112,청주시 서원구,43112580,수곡2동,4311210700,수곡동,4311210700108979712,1,대지,충청북도 청주시 서원구 수곡동 898-1,431124511624,충청북도 청주시 서원구 수곡로57번길,4.31131090010898e+24,충청북도 청주시 서원구 수곡로57번길 17,28688.0,1.0
MA0101202409A0063764,홍현컴퍼니,청주지점,N1,시설관리·임대,N102,청소·방제,N10201,건축물 일반 청소업,N74211,건축물 일반 청소업,43,충청북도,43111,청주시 상당구,43111690,용담.명암.산성동,4311112100,용담동,4311112100103719936,1,대지,충청북도 청주시 상당구 용담동 372,431114508297,충청북도 청주시 상당구 산성로98번길,4.31111210010372e+24,충청북도 청주시 상당구 산성로98번길 23,28744.0,7.0
MA0101202409A0098372,씨유청주우암,센터점,G2,소매,G204,종합 소매,G20405,편의점,G47122,체인화 편의점,43,충청북도,43114,청주시 청원구,43114510,우암동,4311410100,우암동,4311410100103699968,1,대지,충청북도 청주시 청원구 우암동 370-17,431144508353,충청북도 청주시 청원구 새터로43번길,4.3111113001037e+24,충청북도 청주시 청원구 새터로43번길 46,28480.0,1.0
MA0101202409A0119899,지에스25청원,오창점,G2,소매,G204,종합 소매,G20405,편의점,G47122,체인화 편의점,43,충청북도,43114,청주시 청원구,43114253,오창읍,4311425330,오창읍,4311425330103079936,1,대지,충청북도 청주시 청원구 오창읍 장대리 308-1,431143240028,충청북도 청주시 청원구 오창읍 두릉유리로,4.37102533000308e+24,충청북도 청주시 청원구 오창읍 두릉유리로 1140,28129.0,1.0
MA0101202409A0095021,지에스25우암,센터점,G2,소매,G204,종합 소매,G20405,편의점,G47122,체인화 편의점,43,충청북도,43114,청주시 청원구,43114510,우암동,4311410100,우암동,4311410100101180416,1,대지,충청북도 청주시 청원구 우암동 118-30,431144508317,충청북도 청주시 청원구 상당로232번길,4.31141010010118e+24,충청북도 청주시 청원구 상당로232번길 14,28505.0,1.0
MA0101202406A0209459,코인홀릭노래연습장충주,호암점,R1,예술·스포츠,R104,유원지·오락,R10407,노래방,R91223,노래 연습장 운영업,43,충청북도,43130,충주시,43130580,호암.직동,4313010700,호암동,4313010700112120320,1,대지,충청북도 충주시 호암동 1212,431303352069,충청북도 충주시 사천개로,4.31301070011212e+24,충청북도 충주시 사천개로 40,27480.0,2.0
MA0101202406A0209631,일리터맥스,용암점,I2,음식,I212,비알코올,I21201,카페,I56221,커피 전문점,43,충청북도,43111,청주시 상당구,43111720,용암1동,4311112400,용암동,4311112400125900288,1,대지,충청북도 청주시 상당구 용암동 2590,431114508629,충청북도 청주시 상당구 중흥로187번길,4.3111124001259e+24,충청북도 청주시 상당구 중흥로187번길 4,28763.0,1.0
MA0101202406A0270335,호랑이떡볶이청주,복대점,I2,음식,I210,기타 간이,I21007,김밥/만두/분식,I56111,한식 일반 음식점업,43,충청북도,43113,청주시 흥덕구,43113741,복대1동,4311311400,복대동,4311311400125290496,1,대지,충청북도 청주시 흥덕구 복대동 2529,431134511822,충청북도 청주시 흥덕구 증안로34번길,4.31131140012529e+24,충청북도 청주시 흥덕구 증안로34번길 28-7,28416.0,1.0
MA0101202406A0516417,긴자료코청주,복대점,I2,음식,I203,일식,I20302,일식 카레/돈가스/덮밥,I56111,한식 일반 음식점업,43,충청북도,43113,청주시 흥덕구,43113741,복대1동,4311311400,복대동,4311311400102880256,1,대지,충청북도 청주시 흥덕구 복대동 288-125,431133237020,충청북도 청주시 흥덕구 대농로,4.31131140010288e+24,충청북도 청주시 흥덕구 대농로 49,28425.0,1.0
MA0101202406A0404016,조기종의향미각,가경점,I2,음식,I202,중식,I20201,중국집,I56121,중식 음식점업,43,충청북도,43113,청주시 흥덕구,43113747,가경동,4311311300,가경동,4311311300114509824,1,대지,충청북도 청주시 흥덕구 가경동 1451-3,431133237092,충청북도 청주시 흥덕구 풍년로,4.31131130011451e+24,충청북도 청주시 흥덕구 풍년로 148,28399.0,1.0
MA0101202406A0068510,반지하,동남점,I2,음식,I201,한식,I20101,백반/한정식,I56111,한식 일반 음식점업,43,충청북도,43111,청주시 상당구,43111720,용암1동,4311112400,용암동,4311112400130709504,1,대지,충청북도 청주시 상당구 용암동 3071,431114857347,충청북도 청주시 상당구 중고개로141번길,4.31111240010186e+24,충청북도 청주시 상당구 중고개로141번길 13-12,28808.0,1.0
MA0101202406A0157239,옐로베베청주,흥덕점,G2,소매,G209,섬유·의복·신발 소매,G20903,유아용 의류 소매업,G47417,유아용 의류 소매업,43,충청북도,43113,청주시 흥덕구,43113741,복대1동,4311311400,복대동,4311311400133159936,1,대지,충청북도 청주시 흥덕구 복대동 3316,431134511235,충청북도 청주시 흥덕구 대신로73번길,4.31131140013316e+24,충청북도 청주시 흥덕구 대신로73번길 11,28426.0,1.0
MA0101202406A0354898,수가성서충주,첨단점,I2,음식,I201,한식,I20101,백반/한정식,I56111,한식 일반 음식점업,43,충청북도,43130,충주시,43130335,대소원면,4313033531,대소원면,4313033531111109632,1,대지,충청북도 충주시 대소원면 본리 1111,431304515534,충청북도 충주시 대소원면 첨단쉼터1길,4.31303353111111e+24,충청북도 충주시 대소원면 첨단쉼터1길 12,27466.0,1.0
MA0101202406A0255164,숑숑돈까스가경,홈플러스점,I2,음식,I204,서양식,I20401,경양식,I56123,서양식 음식점업,43,충청북도,43113,청주시 흥덕구,43113747,가경동,4311311300,가경동,4311311300116960256,1,대지,충청북도 청주시 흥덕구 가경동 1696,431133014066,충청북도 청주시 흥덕구 서부로,4.31131130011696e+24,충청북도 청주시 흥덕구 서부로 1291,28413.0,1.0
MA0101202406A0526447,꿀복이찹쌀꽈배기,동남점,I2,음식,I210,기타 간이,I21001,빵/도넛,I56194,김밥 및 기타 간이 음식점업,43,충청북도,43111,청주시 상당구,43111720,용암1동,4311112400,용암동,4311112400132300288,1,대지,충청북도 청주시 상당구 용암동 3230,431114857346,충청북도 청주시 상당구 중고개로125번길,4.31111240010177e+24,충청북도 청주시 상당구 중고개로125번길 31-1,28808.0,1.0
MA0101202408A0028487,팀복싱스터번혁신,1호점,P1,교육,P106,기타 교육,P10601,태권도/무술학원,P85611,태권도 및 무술 교육기관,43,충청북도,43770,음성군,43770330,맹동면,4377033028,맹동면,4377033028113740288,1,대지,충청북도 음성군 맹동면 두성리 1374,437703247042,충청북도 음성군 맹동면 원중로,4.37703302810787e+24,충청북도 음성군 맹동면 원중로 1416,27738.0,6.0
MA0101202406A0355257,동읍리,가경점,I2,음식,I201,한식,I20101,백반/한정식,I56111,한식 일반 음식점업,43,충청북도,43113,청주시 흥덕구,43113747,가경동,4311311300,가경동,4311311300114780160,1,대지,충청북도 청주시 흥덕구 가경동 1478-11,431134511127,충청북도 청주시 흥덕구 경산로36번길,4.31131130011478e+24,충청북도 청주시 흥덕구 경산로36번길 4,28403.0,1.0
MA0101202406A0044945,밥풀릭스사창,본점,I2,음식,I201,한식,I20101,백반/한정식,I56111,한식 일반 음식점업,43,충청북도,43113,청주시 흥덕구,43113751,봉명1동,4311311500,봉명동,4311311500102099968,1,대지,충청북도 청주시 흥덕구 봉명동 210-14,431134511411,충청북도 청주시 흥덕구 봉명로159번길,4.3113115001021e+24,충청북도 청주시 흥덕구 봉명로159번길 24,28571.0,1.0
MA0101202406A0140902,빽다방,청주사천점,I2,음식,I212,비알코올,I21201,카페,I56221,커피 전문점,43,충청북도,43114,청주시 청원구,43114540,율량.사천동,4311410400,사천동,4311410400104460288,1,대지,충청북도 청주시 청원구 사천동 446-19,431143236029,충청북도 청주시 청원구 새터로,4.31141040010446e+24,충청북도 청주시 청원구 새터로 173,28342.0,1.0
MA0101202406A0312923,버거운버거,청주대점,I2,음식,I210,기타 간이,I21004,버거,I56192,피자; 햄버거; 샌드위치 및 유사 음식점업,43,충청북도,43114,청주시 청원구,43114510,우암동,4311410100,우암동,4311410100100190208,1,대지,충청북도 청주시 청원구 우암동 19,431143236034,충청북도 청주시 청원구 수암로,4.31111130010019e+24,충청북도 청주시 청원구 수암로 98-10,28504.0,1.0
MA0101202406A0509550,뷰티구루강서,가경점,S2,수리·개인,S207,이용·미용,S20702,피부 관리실,S96113,피부 미용업,43,충청북도,43113,청주시 흥덕구,43113747,가경동,4311311300,가경동,4311311300118929920,1,대지,충청북도 청주시 흥덕구 가경동 1893,431134511586,충청북도 청주시 흥덕구 서현중로23번길,4.31131130011893e+24,충청북도 청주시 흥덕구 서현중로23번길 38,28383.0,1.0
MA0101202406A0405733,한신우동청주,동남점,I2,음식,I201,한식,I20105,국수/칼국수,I56111,한식 일반 음식점업,43,충청북도,43111,청주시 상당구,43111720,용암1동,4311112400,용암동,4311112400130810368,1,대지,충청북도 청주시 상당구 용암동 3081,431114857347,충청북도 청주시 상당구 중고개로141번길,4.31111240013081e+24,충청북도 청주시 상당구 중고개로141번길 13-18,28808.0,1.0
MA0101202406A0490709,야옹아멍멍해봐,제천점,G2,소매,G220,애완동물·용품 소매,G22001,애완동물/애완용품 소매업,G47852,애완용 동물 및 관련용품 소매업,43,충청북도,43150,제천시,43150528,중앙동,4315010700,중앙로2가,4315010700100659712,1,대지,충청북도 제천시 중앙로2가 66-12,431502239002,충청북도 제천시 의림대로,4.31501070010066e+24,충청북도 제천시 의림대로 196-1,27166.0,1.0
MA0101202406A0282254,양평해장국충주,터미널점,I2,음식,I201,한식,I20102,국/탕/찌개류,I56111,한식 일반 음식점업,43,충청북도,43130,충주시,43130625,칠금.금릉동,4313011600,칠금동,4313011600108490240,1,대지,충청북도 충주시 칠금동 849,431304514580,충청북도 충주시 봉계1길,4.31301160010849e+24,충청북도 충주시 봉계1길 49,27360.0,1.0
MA0101202406A0009075,설빙,연수점,I2,음식,I210,기타 간이,I21008,아이스크림/빙수,I56194,김밥 및 기타 간이 음식점업,43,충청북도,43130,충주시,43130630,연수동,4313011800,연수동,4313011800115149824,1,대지,충청북도 충주시 연수동 1515,431303238002,충청북도 충주시 갱고개로,4.31301180011515e+24,충청북도 충주시 갱고개로 140,27352.0,2.0
MA0101202406A0065047,평화로운집,율량점,I2,음식,I201,한식,I20101,백반/한정식,I56111,한식 일반 음식점업,43,충청북도,43114,청주시 청원구,43114540,율량.사천동,4311410300,율량동,4311410300120699904,1,대지,충청북도 청주시 청원구 율량동 2070,431143236001,충청북도 청주시 청원구 1순환로,4.3114103001207e+24,충청북도 청주시 청원구 1순환로 140,28320.0,1.0
MA0101202406A0254870,달콤현대백화점,충청점,I2,음식,I212,비알코올,I21201,카페,I56221,커피 전문점,43,충청북도,43113,청주시 흥덕구,43113741,복대1동,4311311400,복대동,4311311400133799936,1,대지,충청북도 청주시 흥덕구 복대동 3380,431133236058,충청북도 청주시 흥덕구 직지대로,4.31131140010584e+24,충청북도 청주시 흥덕구 직지대로 308,28424.0,1.0
MA0101202406A0307823,향설뼈구이,봉명점,I2,음식,I201,한식,I20101,백반/한정식,I56111,한식 일반 음식점업,43,충청북도,43113,청주시 흥덕구,43113756,봉명2.송정동,4311311500,봉명동,4311311500119690240,1,대지,충청북도 청주시 흥덕구 봉명동 1969,431133237029,충청북도 청주시 흥덕구 백봉로,4.31131150011969e+24,충청북도 청주시 흥덕구 백봉로 190,28448.0,1.0
MA0101202408A0060561,비끄아트미술학원,제천점,P1,교육,P106,기타 교육,P10611,미술학원,P85501,일반 교과학원,43,충청북도,43150,제천시,43150518,의림지동,4315011500,고암동,4315011500111539712,1,대지,충청북도 제천시 고암동 1154-4,431503239051,충청북도 제천시 용두천로,4.31501150011154e+24,충청북도 제천시 용두천로 380-10,27145.0,2.0
MA0101202406A0067760,지에스25청주,서운점,G2,소매,G204,종합 소매,G20405,편의점,G47122,체인화 편의점,43,충청북도,43111,청주시 상당구,43111545,성안동,4311110800,서운동,4311110800100330496,1,대지,충청북도 청주시 상당구 서운동 33-18,431113236014,충청북도 청주시 상당구 대성로,4.31111080010033e+24,충청북도 청주시 상당구 대성로 55,28715.0,1.0
MA0101202406A0250048,공차,분평점,I2,음식,I212,비알코올,I21201,카페,I56229,기타 비알코올 음료점업,43,충청북도,43112,청주시 서원구,43112560,분평동,4311210600,분평동,4311210600113829888,1,대지,충청북도 청주시 서원구 분평동 1383,431124512136,충청북도 청주시 서원구 1순환로1107번길,4.31131080011383e+24,충청북도 청주시 서원구 1순환로1107번길 21,28799.0,1.0
MA0101202406A0397254,삼백식당충주,연수점,I2,음식,I201,한식,I20101,백반/한정식,I56111,한식 일반 음식점업,43,충청북도,43130,충주시,43130630,연수동,4313011800,연수동,4313011800115180032,1,대지,충청북도 충주시 연수동 1518,431303238002,충청북도 충주시 갱고개로,4.31301180011518e+24,충청북도 충주시 갱고개로 144,27352.0,2.0
MA0101202406A0385962,마루청주동남지구,본점,I2,음식,I201,한식,I20101,백반/한정식,I56111,한식 일반 음식점업,43,충청북도,43111,청주시 상당구,43111720,용암1동,4311112400,용암동,4311112400130360320,1,대지,충청북도 청주시 상당구 용암동 3036,431114857347,충청북도 청주시 상당구 중고개로141번길,4.31111240013036e+24,충청북도 청주시 상당구 중고개로141번길 22-5,28808.0,1.0
MA0101202406A0391873,피자엠소마청주,1호점,I2,음식,I210,기타 간이,I21003,피자,I56192,피자; 햄버거; 샌드위치 및 유사 음식점업,43,충청북도,43113,청주시 흥덕구,43113741,복대1동,4311311400,복대동,4311311400130579968,1,대지,충청북도 청주시 흥덕구 복대동 3058,431133237078,충청북도 청주시 흥덕구 죽천로,4.31131140013058e+24,충청북도 청주시 흥덕구 죽천로 96-28,28426.0,1.0
MA0101202406A0457658,카페인중독,제천점,I2,음식,I212,비알코올,I21201,카페,I56221,커피 전문점,43,충청북도,43150,제천시,43150590,청전동,4315011300,청전동,4315011300104489984,1,대지,충청북도 제천시 청전동 449-1,431502239003,충청북도 제천시 청전대로,4.31501130010449e+24,충청북도 제천시 청전대로 43,27154.0,1.0
MA0101202406A0334328,비자행정사사무소,코리아,M1,과학·기술,M103,법무관련,M10306,행정사,M71109,기타 법무관련 서비스업,43,충청북도,43113,청주시 흥덕구,43113741,복대1동,4311311400,복대동,4311311400128460288,1,대지,충청북도 청주시 흥덕구 복대동 2846,431134511888,충청북도 청주시 흥덕구 짐대로72번길,4.31131140012846e+24,충청북도 청주시 흥덕구 짐대로72번길 5,28418.0,5.0
MA0101202406A0227045,전담24청주,충대점,G2,소매,G207,담배 소매,G20701,담배/전자담배 소매업,G47222,담배 소매업,43,충청북도,43112,청주시 서원구,43112530,사창동,4311210200,사창동,4311210200105310208,1,대지,충청북도 청주시 서원구 사창동 531,431124512177,충청북도 청주시 서원구 1순환로704번길,4.31131020010531e+24,충청북도 청주시 서원구 1순환로704번길 6,28643.0,1.0
MA0101202408A0015226,청솔고기,백화점,G2,소매,G205,식료품 소매,G20503,정육점,G47212,육류 소매업,43,충청북도,43130,충주시,43130250,주덕읍,4313025021,주덕읍,4313025021101850112,1,대지,충청북도 충주시 주덕읍 신양리 185-24,431304514880,충청북도 충주시 주덕읍 시장길,4.31302502110185e+24,충청북도 충주시 주덕읍 시장길 15,27462.0,1.0
MA0101202406A0356842,구도로통닭,율량점,I2,음식,I210,기타 간이,I21006,치킨,I56193,치킨 전문점,43,충청북도,43114,청주시 청원구,43114540,율량.사천동,4311410300,율량동,4311410300120739840,1,대지,충청북도 청주시 청원구 율량동 2074,431143236001,충청북도 청주시 청원구 1순환로,4.31141030012074e+24,충청북도 청주시 청원구 1순환로 130,28320.0,1.0
MA0101202406A0460073,지에스더프레시충주,용산점,G2,소매,G204,종합 소매,G20404,슈퍼마켓,G47121,슈퍼마켓,43,충청북도,43130,충주시,43130550,용산동,4313010600,용산동,4313010600116389888,1,대지,충청북도 충주시 용산동 1639,431303238008,충청북도 충주시 남산로,4.31301060011639e+24,충청북도 충주시 남산로 72,27403.0,1.0
MA0101202406A0166944,빽다방청주,옥산점,I2,음식,I212,비알코올,I21201,카페,I56221,커피 전문점,43,충청북도,43113,청주시 흥덕구,43113320,옥산면,4311332021,옥산면,4311332021105489920,1,대지,충청북도 청주시 흥덕구 옥산면 오산리 549-4,431133237111,충청북도 청주시 흥덕구 옥산면 청주역로,4.31133202110549e+24,충청북도 청주시 흥덕구 옥산면 청주역로 625,28113.0,1.0
MA0101202406A0187948,비에이치씨치킨방서,동남점,I2,음식,I210,기타 간이,I21006,치킨,I56193,치킨 전문점,43,충청북도,43111,청주시 상당구,43111730,용암2동,4311112400,용암동,4311112400120350208,1,대지,충청북도 청주시 상당구 용암동 2035,431114508564,충청북도 청주시 상당구 월평로238번길,4.31111240012035e+24,충청북도 청주시 상당구 월평로238번길 3-5,28783.0,1.0
MA0101202406A0148351,서대문김치찜&김치찌개,금천점,I2,음식,I201,한식,I20102,국/탕/찌개류,I56111,한식 일반 음식점업,43,충청북도,43111,청주시 상당구,43111680,금천동,4311112000,금천동,4311112000101390336,1,대지,충청북도 청주시 상당구 금천동 139-21,431114508416,충청북도 청주시 상당구 수영로196번길,4.31111200010139e+24,충청북도 청주시 상당구 수영로196번길 12-28,28739.0,1.0
MA0101202406A0490807,봉스꼬마김밥봉'S,본점,I2,음식,I210,기타 간이,I21007,김밥/만두/분식,I56192,피자; 햄버거; 샌드위치 및 유사 음식점업,43,충청북도,43112,청주시 서원구,43112560,분평동,4311210600,분평동,4311210600113569792,1,대지,충청북도 청주시 서원구 분평동 1357,431123237068,충청북도 청주시 서원구 원마루로,4.31131080011357e+24,충청북도 청주시 서원구 원마루로 6,28794.0,1.0
MA0101202406A0071858,클라운지제천,3호점,G2,소매,G215,의약·화장품 소매,G21503,화장품 소매업,G47813,화장품; 비누 및 방향제 소매업,43,충청북도,43150,제천시,43150590,청전동,4315011300,청전동,4315011300106979840,1,대지,충청북도 제천시 청전동 698,431504517120,충청북도 제천시 내제로29나길,4.31501130010698e+24,충청북도 제천시 내제로29나길 1,27153.0,2.0
MA0101202406A0255135,마녀김밥가경점,청담동,I2,음식,I210,기타 간이,I21007,김밥/만두/분식,I56111,한식 일반 음식점업,43,충청북도,43113,청주시 흥덕구,43113747,가경동,4311311300,가경동,4311311300114160128,1,대지,충청북도 청주시 흥덕구 가경동 1416-3,431133014065,충청북도 청주시 흥덕구 2순환로,4.31131130011416e+24,충청북도 청주시 흥덕구 2순환로 1233,28396.0,1.0
MA0101202406A0055598,블랙캡피자,제천점,I2,음식,I210,기타 간이,I21003,피자,I56192,피자; 햄버거; 샌드위치 및 유사 음식점업,43,충청북도,43150,제천시,43150528,중앙동,4315010700,중앙로2가,4315010700100669952,1,대지,충청북도 제천시 중앙로2가 67-17,431502239002,충청북도 제천시 의림대로,4.31501070010067e+24,충청북도 제천시 의림대로 193,27165.0,1.0
MA0101202406A0226953,미락육회막국수,가경점,I2,음식,I201,한식,I20105,국수/칼국수,I56111,한식 일반 음식점업,43,충청북도,43113,청주시 흥덕구,43113747,가경동,4311311300,가경동,4311311300106270208,1,대지,충청북도 청주시 흥덕구 가경동 627,431133353751,충청북도 청주시 흥덕구 서현남로,4.31131130010627e+24,충청북도 청주시 흥덕구 서현남로 28,28382.0,1.0
MA0101202406A0494561,더맛있는족발보쌈청주,율량점,I2,음식,I201,한식,I20103,족발/보쌈,I56111,한식 일반 음식점업,43,충청북도,43114,청주시 청원구,43114550,오근장동,4311410500,주성동,4311410500104120320,1,대지,충청북도 청주시 청원구 주성동 412,431144571735,충청북도 청주시 청원구 율량로138번길,4.31141050010412e+24,충청북도 청주시 청원구 율량로138번길 52-14,28318.0,1.0
MA0101202406A0078124,한신우동,봉명점,I2,음식,I201,한식,I20105,국수/칼국수,I56111,한식 일반 음식점업,43,충청북도,43113,청주시 흥덕구,43113756,봉명2.송정동,4311311500,봉명동,4311311500128480256,1,대지,충청북도 청주시 흥덕구 봉명동 2848,431134511374,충청북도 청주시 흥덕구 백봉로197번길,4.31131150012848e+24,충청북도 청주시 흥덕구 백봉로197번길 17,28463.0,1.0
MA0101202406A0419339,채쉐프스토리,2호점,I2,음식,I201,한식,I20101,백반/한정식,I56111,한식 일반 음식점업,43,충청북도,43150,제천시,43150528,중앙동,4315010100,의림동,4315010100103040000,1,대지,충청북도 제천시 의림동 304,431503239009,충청북도 제천시 내제로,4.31501010010305e+24,충청북도 제천시 내제로 182,27164.0,1.0
MA0101202406A0479405,우리끼리키즈카페캠핑마을청주,가경점,R1,예술·스포츠,R103,스포츠 서비스,R10314,기타 스포츠시설 운영업,R91139,그 외 기타 스포츠시설 운영업,43,충청북도,43113,청주시 흥덕구,43113747,가경동,4311311300,가경동,4311311300118159872,1,대지,충청북도 청주시 흥덕구 가경동 1816,431134511582,충청북도 청주시 흥덕구 서현서로25번길,4.31131130011816e+24,충청북도 청주시 흥덕구 서현서로25번길 5,28383.0,1.0
MA0101202406A0484791,화춘가든,복대점,I2,음식,I201,한식,I20101,백반/한정식,I56111,한식 일반 음식점업,43,충청북도,43113,청주시 흥덕구,43113741,복대1동,4311311400,복대동,4311311400132410368,1,대지,충청북도 청주시 흥덕구 복대동 3241,431134511866,충청북도 청주시 흥덕구 진재로110번길,4.31131140013241e+24,충청북도 청주시 흥덕구 진재로110번길 13,28426.0,1.0
MA0101202406A0147555,영칼로리포케&샐러드청주강서,가경점,I2,음식,I210,기타 간이,I21003,피자,I56192,피자; 햄버거; 샌드위치 및 유사 음식점업,43,충청북도,43113,청주시 흥덕구,43113760,강서1동,4311311700,강서동,4311311700104590336,1,대지,충청북도 청주시 흥덕구 강서동 459,431133014065,충청북도 청주시 흥덕구 2순환로,4.31131170010459e+24,충청북도 청주시 흥덕구 2순환로 1222,28377.0,1.0
MA0101202406A0176244,토드편의점,산남점,G2,소매,G204,종합 소매,G20405,편의점,G47122,체인화 편의점,43,충청북도,43112,청주시 서원구,43112550,산남동,4311210400,산남동,4311210400106500096,1,대지,충청북도 청주시 서원구 산남동 650,431123237037,충청북도 청주시 서원구 산남로,4.3112104001065e+24,충청북도 청주시 서원구 산남로 48,28625.0,5.0
MA0101202406A0351068,스텔라떡볶이충북청주,복대점,I2,음식,I210,기타 간이,I21007,김밥/만두/분식,I56194,김밥 및 기타 간이 음식점업,43,충청북도,43113,청주시 흥덕구,43113741,복대1동,4311311400,복대동,4311311400134030336,1,대지,충청북도 청주시 흥덕구 복대동 3403,431134511235,충청북도 청주시 흥덕구 대신로73번길,4.31131140010295e+24,충청북도 청주시 흥덕구 대신로73번길 50,28426.0,1.0
MA0101202406A0237277,보스바버샵,본점,S2,수리·개인,S207,이용·미용,S20701,미용실,S96112,두발 미용업,43,충청북도,43111,청주시 상당구,43111670,영운동,4311111900,영운동,4311111900101929984,1,대지,충청북도 청주시 상당구 영운동 193-10,431114508443,충청북도 청주시 상당구 영운로11번길,4.31111190010193e+24,충청북도 청주시 상당구 영운로11번길 20-10,28712.0,1.0
MA0101202406A0061372,두찜청주,옥산점,I2,음식,I201,한식,I20101,백반/한정식,I56111,한식 일반 음식점업,43,충청북도,43113,청주시 흥덕구,43113320,옥산면,4311332025,옥산면,4311332025107359744,1,대지,충청북도 청주시 흥덕구 옥산면 가락리 736,431134520490,충청북도 청주시 흥덕구 옥산면 옥산시내1길,4.37104102500736e+24,충청북도 청주시 흥덕구 옥산면 옥산시내1길 49,28113.0,1.0
MA0101202406A0023525,고봉민김밥인충북,증평점,I2,음식,I210,기타 간이,I21007,김밥/만두/분식,I56111,한식 일반 음식점업,43,충청북도,43745,증평군,43745250,증평읍,4374525032,증평읍,4374525032107389952,1,대지,충청북도 증평군 증평읍 송산리 739,437453244025,충청북도 증평군 증평읍 인삼로,4.37452503210739e+24,충청북도 증평군 증평읍 인삼로 77,27918.0,1.0
MA0101202406A0411252,이호식당,본점,I2,음식,I201,한식,I20101,백반/한정식,I56111,한식 일반 음식점업,43,충청북도,43130,충주시,43130515,성내.충인동,4313012400,충의동,4313012400103450112,1,대지,충청북도 충주시 충의동 345,431304515369,충청북도 충주시 충인3길,4.31301240010345e+24,충청북도 충주시 충인3길 5,27386.0,1.0
MA0101202406A0426933,왓더버거청주,동남점,I2,음식,I210,기타 간이,I21004,버거,I56192,피자; 햄버거; 샌드위치 및 유사 음식점업,43,충청북도,43111,청주시 상당구,43111720,용암1동,4311112400,용암동,4311112400130949632,1,대지,충청북도 청주시 상당구 용암동 3095,431113236055,충청북도 청주시 상당구 중고개로,4.31111240010211e+24,충청북도 청주시 상당구 중고개로 115,28808.0,1.0
MA0101202406A0324378,가풍,2호점,I2,음식,I201,한식,I20101,백반/한정식,I56111,한식 일반 음식점업,43,충청북도,43113,청주시 흥덕구,43113742,복대2동,4311311400,복대동,4311311400112920576,1,대지,충청북도 청주시 흥덕구 복대동 1292,431134512050,충청북도 청주시 흥덕구 풍산로133번길,4.31131140011292e+24,충청북도 청주시 흥덕구 풍산로133번길 27,28601.0,1.0
MA0101202406A0155576,참토스트청주,율량점,I2,음식,I210,기타 간이,I21005,토스트/샌드위치/샐러드,I56192,피자; 햄버거; 샌드위치 및 유사 음식점업,43,충청북도,43114,청주시 청원구,43114540,율량.사천동,4311410300,율량동,4311410300108499968,1,대지,충청북도 청주시 청원구 율량동 850,431144508583,충청북도 청주시 청원구 율봉로201번길,4.3111115001085e+24,충청북도 청주시 청원구 율봉로201번길 7-2,28327.0,1.0
MA0101202406A0109975,소운나김밥,테크노점,I2,음식,I210,기타 간이,I21007,김밥/만두/분식,I56194,김밥 및 기타 간이 음식점업,43,충청북도,43113,청주시 흥덕구,43113770,강서2동,4311313400,송절동,4311313400106090496,1,대지,충청북도 청주시 흥덕구 송절동 609,431134855163,충청북도 청주시 흥덕구 송화로130번길,4.31131340010609e+24,충청북도 청주시 흥덕구 송화로130번길 2,28293.0,1.0
MA0101202406A0456317,으뜸50안경,율량점,G2,소매,G216,안경·정밀기기 소매,G21602,안경렌즈 소매업,G47822,안경 및 렌즈 소매업,43,충청북도,43114,청주시 청원구,43114540,율량.사천동,4311410300,율량동,4311410300108940288,1,대지,충청북도 청주시 청원구 율량동 894,431143236064,충청북도 청주시 청원구 공항로,4.31111150010894e+24,충청북도 청주시 청원구 공항로 126,28330.0,1.0
MA0101202406A0097276,가장맛있는치킨,오창점,I2,음식,I210,기타 간이,I21006,치킨,I56193,치킨 전문점,43,충청북도,43114,청주시 청원구,43114253,오창읍,4311425345,오창읍,4311425345107349504,1,대지,충청북도 청주시 청원구 오창읍 양청리 735-8,431144520440,충청북도 청주시 청원구 오창읍 양청택지2길,4.37102534500735e+24,충청북도 청주시 청원구 오창읍 양청택지2길 16,28115.0,1.0
MA0101202406A0512936,휘트니스오름,분평점,R1,예술·스포츠,R103,스포츠 서비스,R10307,헬스장,R91132,체력 단련시설 운영업,43,충청북도,43112,청주시 서원구,43112560,분평동,4311210600,분평동,4311210600112320000,1,대지,충청북도 청주시 서원구 분평동 1232,431123236067,충청북도 청주시 서원구 청남로,4.31131080011232e+24,충청북도 청주시 서원구 청남로 1994,28797.0,3.0
MA0101202406A0512104,마일로커피,오창점,I2,음식,I212,비알코올,I21201,카페,I56221,커피 전문점,43,충청북도,43114,청주시 청원구,43114253,오창읍,4311425345,오창읍,4311425345107980288,1,대지,충청북도 청주시 청원구 오창읍 양청리 798-3,431143240077,충청북도 청주시 청원구 오창읍 중심상업로,4.37102534500798e+24,충청북도 청주시 청원구 오창읍 중심상업로 32-13,28119.0,1.0
MA0101202406A0462318,아부찌부대찌개,수곡점,I2,음식,I201,한식,I20102,국/탕/찌개류,G47219,기타 식료품 소매업,43,충청북도,43112,청주시 서원구,43112580,수곡2동,4311210700,수곡동,4311210700109089792,1,대지,충청북도 청주시 서원구 수곡동 909,431123237053,충청북도 청주시 서원구 수곡로,4.31131090010909e+24,충청북도 청주시 서원구 수곡로 49,28697.0,1.0
MA0101202406A0211257,바람소리민물장어,운천점,I2,음식,I201,한식,I20112,해산물 구이/찜,I56122,일식 음식점업,43,충청북도,43113,청주시 흥덕구,43113700,운천.신봉동,4311310400,운천동,4311310400111219712,1,대지,충청북도 청주시 흥덕구 운천동 1122,431133237036,충청북도 청주시 흥덕구 사운로,4.31131040011122e+24,충청북도 청주시 흥덕구 사운로 211,28470.0,1.0
MA0101202406A0217346,금천닭갈비.파전청주,본점,I2,음식,I201,한식,I20101,백반/한정식,I56111,한식 일반 음식점업,43,충청북도,43111,청주시 상당구,43111680,금천동,4311112000,금천동,4311112000102949888,1,대지,충청북도 청주시 상당구 금천동 295,431114508296,충청북도 청주시 상당구 산성로92번길,4.31111200010295e+24,충청북도 청주시 상당구 산성로92번길 13,28744.0,1.0
MA0101202406A0281866,청주홀덤펍킹덤금천,광장점,I2,음식,I211,주점,I21103,생맥주 전문,I56123,서양식 음식점업,43,충청북도,43111,청주시 상당구,43111690,용담.명암.산성동,4311112100,용담동,4311112100103740416,1,대지,충청북도 청주시 상당구 용담동 374,431114508297,충청북도 청주시 상당구 산성로98번길,4.31111210010374e+24,충청북도 청주시 상당구 산성로98번길 31,28744.0,3.0
MA0101202406A0289851,오창조개구이무한리필조개정석,본점,I2,음식,I201,한식,I20112,해산물 구이/찜,I56111,한식 일반 음식점업,43,충청북도,43114,청주시 청원구,43114253,오창읍,4311425345,오창읍,4311425345107500032,1,대지,충청북도 청주시 청원구 오창읍 양청리 750-4,431143240050,충청북도 청주시 청원구 오창읍 양청택지로,4.3710253451075e+24,충청북도 청주시 청원구 오창읍 양청택지로 113,28115.0,1.0
MA0101202406A0464056,롤링제이미래,병원점,I2,음식,I212,비알코올,I21201,카페,I56221,커피 전문점,43,충청북도,43130,충주시,43130540,교현2동,4313010500,교현동,4313010500106229760,1,대지,충청북도 충주시 교현동 623-12,431302238002,충청북도 충주시 국원대로,4.31301050010623e+24,충청북도 충주시 국원대로 99,27364.0,1.0
MA0101202406A0002867,하드마켓,율량점,G2,소매,G204,종합 소매,G20404,슈퍼마켓,G47216,빵류; 과자류 및 당류 소매업,43,충청북도,43114,청주시 청원구,43114550,오근장동,4311410600,주중동,4311410600110229504,1,대지,충청북도 청주시 청원구 주중동 1023,431143349124,충청북도 청주시 청원구 율량로,4.31111320010156e+24,충청북도 청주시 청원구 율량로 77,28324.0,1.0
MA0101202406A0439041,신전떡볶이,보은점,I2,음식,I210,기타 간이,I21007,김밥/만두/분식,I56194,김밥 및 기타 간이 음식점업,43,충청북도,43720,보은군,43720250,보은읍,4372025021,보은읍,4372025021100329984,1,대지,충청북도 보은군 보은읍 삼산리 33-11,437203241011,충청북도 보은군 보은읍 보은로,4.37202502110033e+24,충청북도 보은군 보은읍 보은로 100-9,28949.0,1.0
MA0101202406A0329885,샐러디,청주대점,I2,음식,I210,기타 간이,I21003,피자,I56192,피자; 햄버거; 샌드위치 및 유사 음식점업,43,충청북도,43114,청주시 청원구,43114510,우암동,4311410100,우암동,4311410100102289920,1,대지,충청북도 청주시 청원구 우암동 229-4,431143236027,충청북도 청주시 청원구 상당로,4.31111130010229e+24,충청북도 청주시 청원구 상당로 248,28505.0,1.0
MA010120220805548619,지에스25옥산,금정점,G2,소매,G204,종합 소매,G20405,편의점,G47129,기타 음ㆍ식료품 위주 종합 소매업,43,충청북도,43113,청주시 흥덕구,43113320,옥산면,4311332021,옥산면,4311332021105889792,1,대지,충청북도 청주시 흥덕구 옥산면 오산리 589-5,431133240054,충청북도 청주시 흥덕구 옥산면 오송가락로,4.37104102100589e+24,충청북도 청주시 흥덕구 옥산면 오송가락로 752,28114.0,1.0
MA010120220806559895,카페봄봄,수곡점,I2,음식,I212,비알코올,I21201,카페,I56221,커피 전문점,43,충청북도,43112,청주시 서원구,43112580,수곡2동,4311210700,수곡동,4311210700110019584,1,대지,충청북도 청주시 서원구 수곡동 1002,431123237053,충청북도 청주시 서원구 수곡로,4.31131090011002e+24,충청북도 청주시 서원구 수곡로 36,28696.0,1.0
MA010120220808795453,청년피자,제천점,I2,음식,I210,기타 간이,I21003,피자,I56192,피자; 햄버거; 샌드위치 및 유사 음식점업,43,충청북도,43150,제천시,43150528,중앙동,4315010100,의림동,4315010100101749760,1,대지,충청북도 제천시 의림동 175-2,431503239037,충청북도 제천시 숭문로,4.31501010010175e+24,충청북도 제천시 숭문로 75,27170.0,1.0
MA010120220805535767,메가엠지씨커피충북,금왕점,I2,음식,I212,비알코올,I21201,카페,I56221,커피 전문점,43,충청북도,43770,음성군,43770253,금왕읍,4377025321,금왕읍,4377025321105139712,1,대지,충청북도 음성군 금왕읍 무극리 514-10,437703247019,충청북도 음성군 금왕읍 무극로,4.37702532110514e+24,충청북도 음성군 금왕읍 무극로 250,27633.0,1.0
MA010120220805602993,증평인삼한우생고기,전문점,I2,음식,I201,한식,I20107,돼지고기 구이/찜,I56111,한식 일반 음식점업,43,충청북도,43745,증평군,43745250,증평읍,4374525032,증평읍,4374525032100940288,1,대지,충청북도 증평군 증평읍 송산리 94-1,437453240095,충청북도 증평군 증평읍 중부로,4.37452503210094e+24,충청북도 증평군 증평읍 중부로 2451,27914.0,1.0
MA010120220805131392,갓샐러드충주,시청점,I2,음식,I210,기타 간이,I21005,토스트/샌드위치/샐러드,I56192,피자; 햄버거; 샌드위치 및 유사 음식점업,43,충청북도,43130,충주시,43130625,칠금.금릉동,4313012800,금릉동,4313012800108529664,1,대지,충청북도 충주시 금릉동 853,431304514172,충청북도 충주시 금제9길,4.31301280010853e+24,충청북도 충주시 금제9길 24-1,27340.0,1.0
MA010120220805667282,퇘랑숯돌구이,연수점,I2,음식,I201,한식,I20107,돼지고기 구이/찜,I56113,한식 육류 요리 전문점,43,충청북도,43130,충주시,43130630,연수동,4313011800,연수동,4313011800116049920,1,대지,충청북도 충주시 연수동 1605,431304515009,충청북도 충주시 연수동산로5길,4.31301180011605e+24,충청북도 충주시 연수동산로5길 23,27352.0,1.0
MA010120220804862134,유어바디,율량점,R1,예술·스포츠,R103,스포츠 서비스,R10307,헬스장,R91132,체력 단련시설 운영업,43,충청북도,43114,청주시 청원구,43114540,율량.사천동,4311410300,율량동,4311410300111820288,1,대지,충청북도 청주시 청원구 율량동 1182,431144508607,충청북도 청주시 청원구 주성로96번길,4.31111150011182e+24,충청북도 청주시 청원구 주성로96번길 9,28340.0,1.0
MA010120220802487655,아펙스,코리아,G2,소매,G213,오락용품 소매,G21304,운동용품 소매업,G47631,운동 및 경기용품 소매업,43,충청북도,43800,단양군,43800250,단양읍,4380025026,단양읍,4380025026105989632,1,대지,충청북도 단양군 단양읍 도전리 599,438003248030,충청북도 단양군 단양읍 삼봉로,4.38002502610599e+24,충청북도 단양군 단양읍 삼봉로 294,27011.0,2.0
MA010120220806325928,이철헤어커커동청주,홈플러스점,S2,수리·개인,S207,이용·미용,S20701,미용실,S96112,두발 미용업,43,충청북도,43114,청주시 청원구,43114540,율량.사천동,4311410300,율량동,4.311410300105e+18,1,대지,충청북도 청주시 청원구 율량동 500-3,431142014003,충청북도 청주시 청원구 충청대로,4.311111500105e+24,충청북도 청주시 청원구 충청대로 114,28320.0,1.0
MA010120220808315913,지에스25주덕,읍내점,G2,소매,G204,종합 소매,G20405,편의점,G47122,체인화 편의점,43,충청북도,43130,충주시,43130250,주덕읍,4313025021,주덕읍,4313025021102449664,1,대지,충청북도 충주시 주덕읍 신양리 245-6,431304514892,충청북도 충주시 주덕읍 신양2길,4.31302502110245e+24,충청북도 충주시 주덕읍 신양2길 27,27462.0,1.0
MA010120220807989717,세븐청주용암남부점,코리아,G2,소매,G204,종합 소매,G20405,편의점,G47122,체인화 편의점,43,충청북도,43111,청주시 상당구,43111720,용암1동,4311112400,용암동,4311112400116400128,1,대지,충청북도 청주시 상당구 용암동 1640,431114508560,충청북도 청주시 상당구 월평로184번길,4.3111124001164e+24,충청북도 청주시 상당구 월평로184번길 75,28776.0,1.0
MA010120220810095916,청운수산활어직판장,율량점,I2,음식,I201,한식,I20111,횟집,I56114,한식 해산물 요리 전문점,43,충청북도,43114,청주시 청원구,43114540,율량.사천동,4311410300,율량동,4311410300107679744,1,대지,충청북도 청주시 청원구 율량동 768,431143236064,충청북도 청주시 청원구 공항로,4.31111150010768e+24,충청북도 청주시 청원구 공항로 162-2,28329.0,1.0
MA0101202406A0086216,씨스페이스진천,봉산점,G2,소매,G204,종합 소매,G20405,편의점,G47122,체인화 편의점,43,충청북도,43750,진천군,43750250,진천읍,4375025021,진천읍,4375025021103660032,1,대지,충청북도 진천군 진천읍 교성리 366-9,437503245024,충청북도 진천군 진천읍 문화로,4.37502502110366e+24,충청북도 진천군 진천읍 문화로 118,27840.0,1.0
MA0101202406A0428115,티엠짐충북해머스트렝스오피셜센터,혁신도시점,R1,예술·스포츠,R103,스포츠 서비스,R10307,헬스장,R91132,체력 단련시설 운영업,43,충청북도,43750,진천군,43750253,덕산읍,4375025325,덕산읍,4375025325125859840,1,대지,충청북도 진천군 덕산읍 두촌리 2586,437503000235,충청북도 진천군 덕산읍 대하로,4.37502532512586e+24,충청북도 진천군 덕산읍 대하로 147,27871.0,5.0
MA0101202406A0428197,메가엠지씨커피청주,가경점,I2,음식,I212,비알코올,I21201,카페,I56221,커피 전문점,43,충청북도,43113,청주시 흥덕구,43113747,가경동,4311311300,가경동,4311311300116740096,1,대지,충청북도 청주시 흥덕구 가경동 1674,431133237002,충청북도 청주시 흥덕구 가경로,4.31131130011674e+24,충청북도 청주시 흥덕구 가경로 9-8,28413.0,1.0
MA0101202406A0195421,꾸브라꼬숯불두마리치킨,금천점,I2,음식,I210,기타 간이,I21006,치킨,I56111,한식 일반 음식점업,43,충청북도,43111,청주시 상당구,43111680,금천동,4311112000,금천동,4311112000101100032,1,대지,충청북도 청주시 상당구 금천동 110-4,431113236032,충청북도 청주시 상당구 쇠내로,4.3111120001011e+24,충청북도 청주시 상당구 쇠내로 110,28739.0,1.0
MA010120220813933995,현대백화점포멜카멜레,충청점,G2,소매,G209,섬유·의복·신발 소매,G20910,신발 소매업,G47430,신발 소매업,43,충청북도,43113,청주시 흥덕구,43113741,복대1동,4311311400,복대동,4311311400133799936,1,대지,충청북도 청주시 흥덕구 복대동 3380,431133236058,충청북도 청주시 흥덕구 직지대로,4.31131140010584e+24,충청북도 청주시 흥덕구 직지대로 308,28424.0,1.0
MA010120220806319276,마코청주,분평점,G2,소매,G213,오락용품 소매,G21304,운동용품 소매업,G47631,운동 및 경기용품 소매업,43,충청북도,43112,청주시 서원구,43112560,분평동,4311210600,분평동,4311210600114250240,1,대지,충청북도 청주시 서원구 분평동 1425,431123236001,충청북도 청주시 서원구 1순환로,4.31131080011425e+24,충청북도 청주시 서원구 1순환로 1059,28798.0,1.0
MA010120220810144116,갈골집,봉명점,I2,음식,I201,한식,I20107,돼지고기 구이/찜,I56113,한식 육류 요리 전문점,43,충청북도,43113,청주시 흥덕구,43113756,봉명2.송정동,4311311500,봉명동,4311311500119710208,1,대지,충청북도 청주시 흥덕구 봉명동 1971,431133237029,충청북도 청주시 흥덕구 백봉로,4.31131150011971e+24,충청북도 청주시 흥덕구 백봉로 192-1,28448.0,1.0
MA010120220803162149,키디텍청주지사,코리아,G2,소매,G213,오락용품 소매,G21302,문구/회화용품 소매업,G47612,문구용품 및 회화용품 소매업,43,충청북도,43113,청주시 흥덕구,43113751,봉명1동,4311311500,봉명동,4311311500102159872,1,대지,충청북도 청주시 흥덕구 봉명동 216,431133237072,충청북도 청주시 흥덕구 월명로,4.31131150010216e+24,충청북도 청주시 흥덕구 월명로 38,28573.0,2.0
MA010120220813678226,위넌스터디카페,봉명점,R1,예술·스포츠,R102,도서관·사적지,R10202,독서실/스터디 카페,R90212,독서실 운영업,43,충청북도,43113,청주시 흥덕구,43113756,봉명2.송정동,4311311500,봉명동,4311311500126879744,1,대지,충청북도 청주시 흥덕구 봉명동 2688,431133237029,충청북도 청주시 흥덕구 백봉로,4.31131150012688e+24,충청북도 청주시 흥덕구 백봉로 227,28465.0,4.0
MA010120220806759690,맘스터치,호암점,I2,음식,I210,기타 간이,I21004,버거,I56193,치킨 전문점,43,충청북도,43130,충주시,43130580,호암.직동,4313010700,호암동,4313010700110810112,1,대지,충청북도 충주시 호암동 1081,431304856109,충청북도 충주시 호암토성5길,4.31301070011081e+24,충청북도 충주시 호암토성5길 10-1,27480.0,1.0
MA010120220812996657,올리비아로렌NC청주점,백화점,G2,소매,G209,섬유·의복·신발 소매,G20902,여성 의류 소매업,G47412,여자용 겉옷 소매업,43,충청북도,43113,청주시 흥덕구,43113747,가경동,4311311300,가경동,4311311300114160128,1,대지,충청북도 청주시 흥덕구 가경동 1416-3,431133014065,충청북도 청주시 흥덕구 2순환로,4.31131130011416e+24,충청북도 청주시 흥덕구 2순환로 1233,28396.0,3.0
MA010120220810416931,썬데이브리지,제천점,I2,음식,I204,서양식,I20401,경양식,I56123,서양식 음식점업,43,충청북도,43150,제천시,43150360,백운면,4315036021,백운면,4315036021107069952,1,대지,충청북도 제천시 백운면 평동리 707,431503239008,충청북도 제천시 백운면 금봉로,4.31503602110707e+24,충청북도 제천시 백운면 금봉로 365,27105.0,2.0
MA010120220812200848,안경;진정성이마트,제천점,G2,소매,G216,안경·정밀기기 소매,G21602,안경렌즈 소매업,G47822,안경 및 렌즈 소매업,43,충청북도,43150,제천시,43150605,화산동,4315012100,강제동,4315012100106840064,1,대지,충청북도 제천시 강제동 684,431503239064,충청북도 제천시 장평천로,4.31501210010278e+24,충청북도 제천시 장평천로 11,27198.0,2.0
MA010120220812003267,우리홈마트,율량점,G2,소매,G204,종합 소매,G20404,슈퍼마켓,G47121,슈퍼마켓,43,충청북도,43114,청주시 청원구,43114550,오근장동,4311410500,주성동,4311410500103370240,1,대지,충청북도 청주시 청원구 주성동 337,431143349124,충청북도 청주시 청원구 율량로,4.31141050010337e+24,충청북도 청주시 청원구 율량로 135,28317.0,1.0
MA010120220813663027,한솥도시락충주,용산점,I2,음식,I201,한식,I20101,백반/한정식,I56111,한식 일반 음식점업,43,충청북도,43130,충주시,43130550,용산동,4313010600,용산동,4313010600120629760,1,대지,충청북도 충주시 용산동 2063,431303238008,충청북도 충주시 남산로,4.31301060012063e+24,충청북도 충주시 남산로 66-1,27402.0,1.0
MA010120220807712045,충주점수선실,모다아울렛,S2,수리·개인,S206,기타 가정용품 수리,S20601,의류/이불 수선업,S95391,의복 및 기타 가정용 직물제품 수리업,43,충청북도,43130,충주시,43130605,달천동,4313011400,달천동,4313011400107859968,1,대지,충청북도 충주시 달천동 786-3,431302246001,충청북도 충주시 중원대로,4.31301140010786e+24,충청북도 충주시 중원대로 3683,27476.0,3.0
MA0101202307A0069076,홍콩반점0410제천,중앙점,I2,음식,I202,중식,I20201,중국집,I56121,중식 음식점업,43,충청북도,43150,제천시,43150528,중앙동,4315010600,중앙로1가,4315010600101199872,1,대지,충청북도 제천시 중앙로1가 120,431504518096,충청북도 제천시 풍양로13길,4.31501060010221e+24,충청북도 제천시 풍양로13길 7,27173.0,2.0
MA0101202310A0044092,충주해장국,영덕점,I2,음식,I201,한식,I20102,국/탕/찌개류,I56111,한식 일반 음식점업,43,충청북도,43130,충주시,43130410,산척면,4313041022,산척면,4313041022115230208,1,대지,충청북도 충주시 산척면 영덕리 1523-8,431303238087,충청북도 충주시 산척면 북부로,4.31304102211523e+24,충청북도 충주시 산척면 북부로 2842,27316.0,1.0
MA0101202309A0034250,완미족발청주,율량점,I2,음식,I201,한식,I20103,족발/보쌈,I56111,한식 일반 음식점업,43,충청북도,43114,청주시 청원구,43114540,율량.사천동,4311410300,율량동,4311410300120300032,1,대지,충청북도 청주시 청원구 율량동 2030,431144844107,충청북도 청주시 청원구 율량로202번길,4.3114103001203e+24,충청북도 청주시 청원구 율량로202번길 50,28320.0,1.0
MA0101202309A0068465,아치강서,본점,I2,음식,I211,주점,I21104,요리 주점,I56219,기타 주점업,43,충청북도,43113,청주시 흥덕구,43113760,강서1동,4311311700,강서동,4311311700105149952,1,대지,충청북도 청주시 흥덕구 강서동 515,431133237045,충청북도 청주시 흥덕구 서현동로,4.31131170010515e+24,충청북도 청주시 흥덕구 서현동로 17-1,28378.0,2.0
MA0101202307A0057328,신포우리만두충북,혁신도시점,I2,음식,I210,기타 간이,I21007,김밥/만두/분식,I56111,한식 일반 음식점업,43,충청북도,43750,진천군,43750253,덕산읍,4375025325,덕산읍,4375025325125859840,1,대지,충청북도 진천군 덕산읍 두촌리 2586,437503000235,충청북도 진천군 덕산읍 대하로,4.37502532512586e+24,충청북도 진천군 덕산읍 대하로 147,27871.0,1.0
MA0101202309A0071208,일공공샤브앤편백찜,제천점,I2,음식,I201,한식,I20101,백반/한정식,I56111,한식 일반 음식점업,43,충청북도,43150,제천시,43150510,교동,4315011600,장락동,4315011600105249792,1,대지,충청북도 제천시 장락동 525,431504854555,충청북도 제천시 장락로1길,4.31501160010525e+24,충청북도 제천시 장락로1길 19,27142.0,2.0
MA0101202309A0060616,5.5닭갈비,복대점,I2,음식,I201,한식,I20110,닭/오리고기 구이/찜,I56113,한식 육류 요리 전문점,43,충청북도,43113,청주시 흥덕구,43113741,복대1동,4311311400,복대동,4311311400133370368,1,대지,충청북도 청주시 흥덕구 복대동 3337,431133237078,충청북도 청주시 흥덕구 죽천로,4.31131140013337e+24,충청북도 청주시 흥덕구 죽천로 127,28583.0,1.0
MA0101202307A0019464,땅스부대찌개청주,개신점,I2,음식,I201,한식,I20102,국/탕/찌개류,C10759,기타 식사용 가공처리 조리식품 제조업,43,충청북도,43112,청주시 서원구,43112590,성화.개신.죽림동,4311210900,개신동,4311210900106209792,1,대지,충청북도 청주시 서원구 개신동 621,431123237008,충청북도 청주시 서원구 경신로,4.31131110010621e+24,충청북도 청주시 서원구 경신로 33,28608.0,1.0
MA0101202307A0039830,청년휴대폰,금왕점,G2,소매,G208,가전·통신 소매,G20802,핸드폰 소매업,G47312,통신기기 소매업,43,충청북도,43770,음성군,43770253,금왕읍,4377025321,금왕읍,4377025321100570112,1,대지,충청북도 음성군 금왕읍 무극리 57-15,437703014045,충청북도 음성군 금왕읍 덕금로,4.37702532110057e+24,충청북도 음성군 금왕읍 덕금로 1212-1,27634.0,1.0
MA0101202307A0078364,삼동소바,제천점,I2,음식,I203,일식,I20303,일식 면 요리,I56122,일식 음식점업,43,충청북도,43150,제천시,43150518,의림지동,4315011400,모산동,4315011400102750208,1,대지,충청북도 제천시 모산동 275-3,431502239002,충청북도 제천시 의림대로,4.31501140010275e+24,충청북도 제천시 의림대로 487,27137.0,1.0
MA0101202307A0062536,스터디카페용담점,데일리,R1,예술·스포츠,R102,도서관·사적지,R10202,독서실/스터디 카페,R90212,독서실 운영업,43,충청북도,43111,청주시 상당구,43111690,용담.명암.산성동,4311112100,용담동,4311112100104039424,1,대지,충청북도 청주시 상당구 용담동 404,431113236035,충청북도 청주시 상당구 수영로,4.31111210010404e+24,충청북도 청주시 상당구 수영로 307,28744.0,7.0
MA0101202307A0011341,역전할머니맥주,율량점,I2,음식,I211,주점,I21103,생맥주 전문,I56111,한식 일반 음식점업,43,충청북도,43114,청주시 청원구,43114540,율량.사천동,4311410300,율량동,4311410300120570368,1,대지,충청북도 청주시 청원구 율량동 2057,431144844107,충청북도 청주시 청원구 율량로202번길,4.31141030012057e+24,충청북도 청주시 청원구 율량로202번길 28,28320.0,1.0
MA0101202307A0037785,굿타임뷰,금천점,G2,소매,G208,가전·통신 소매,G20802,핸드폰 소매업,G47312,통신기기 소매업,43,충청북도,43111,청주시 상당구,43111680,금천동,4311112000,금천동,4311112000102850048,1,대지,충청북도 청주시 상당구 금천동 285,431113236055,충청북도 청주시 상당구 중고개로,4.31111200010285e+24,충청북도 청주시 상당구 중고개로 322,28744.0,1.0
MA0101202307A0022766,면식당,분평점,I2,음식,I203,일식,I20301,일식 회/초밥,I56122,일식 음식점업,43,충청북도,43112,청주시 서원구,43112560,분평동,4311210600,분평동,4311210600113829888,1,대지,충청북도 청주시 서원구 분평동 1383,431124512136,충청북도 청주시 서원구 1순환로1107번길,4.31131080011383e+24,충청북도 청주시 서원구 1순환로1107번길 21,28799.0,1.0
MA0101202307A0056367,세븐일레븐청주용암,수정점,G2,소매,G204,종합 소매,G20405,편의점,G47122,체인화 편의점,43,충청북도,43111,청주시 상당구,43111720,용암1동,4311112400,용암동,4311112400116280320,1,대지,충청북도 청주시 상당구 용암동 1628,431114508560,충청북도 청주시 상당구 월평로184번길,4.31111240011628e+24,충청북도 청주시 상당구 월평로184번길 45,28776.0,1.0
MA0101202309A0053134,썬셋,청주지점,G2,소매,G213,오락용품 소매,G21304,운동용품 소매업,G47631,운동 및 경기용품 소매업,43,충청북도,43111,청주시 상당구,43111720,용암1동,4311112400,용암동,4311112400111160320,1,대지,충청북도 청주시 상당구 용암동 1116,431114508504,충청북도 청주시 상당구 용암로103번길,4.31111240011116e+24,충청북도 청주시 상당구 용암로103번길 12,28771.0,1.0
MA0101202307A0011562,본죽&비빔밥CAFE충주,호암점,I2,음식,I201,한식,I20101,백반/한정식,I56111,한식 일반 음식점업,43,충청북도,43130,충주시,43130580,호암.직동,4313010700,호암동,4.31301070010996e+18,1,대지,충청북도 충주시 호암동 996,431303352068,충청북도 충주시 호암수청2로,4.31301070010996e+24,충청북도 충주시 호암수청2로 29,27502.0,1.0
MA0101202307A0023037,역전할머니맥주,사천점,I2,음식,I211,주점,I21103,생맥주 전문,I56213,생맥주 전문점,43,충청북도,43114,청주시 청원구,43114540,율량.사천동,4311410300,율량동,4.3114103001128e+18,1,대지,충청북도 청주시 청원구 율량동 1280,431144508607,충청북도 청주시 청원구 주성로96번길,4.3111115001128e+24,충청북도 청주시 청원구 주성로96번길 46,28340.0,1.0
MA0101202307A0058426,구피샵,용암점,S2,수리·개인,S207,이용·미용,S20701,미용실,S96112,두발 미용업,43,충청북도,43111,청주시 상당구,43111730,용암2동,4311112600,방서동,4.311112600108e+18,1,대지,충청북도 청주시 상당구 방서동 800,431113236049,충청북도 청주시 상당구 월평로,4.31111260010646e+24,충청북도 청주시 상당구 월평로 258,28785.0,1.0
MA0101202307A0031771,줄서는반점강내,본점,I2,음식,I202,중식,I20201,중국집,I56121,중식 음식점업,43,충청북도,43113,청주시 흥덕구,43113310,강내면,4311331034,강내면,4.3113310341027297e+18,1,대지,충청북도 청주시 흥덕구 강내면 월곡리 273-18,431134520537,충청북도 청주시 흥덕구 강내면 월곡길,4.37103903400273e+24,충청북도 청주시 흥덕구 강내면 월곡길 17-1,28171.0,1.0
MA0101202307A0093652,세븐스타코인노래연습장청주,비하점,R1,예술·스포츠,R104,유원지·오락,R10407,노래방,R91223,노래 연습장 운영업,43,충청북도,43113,청주시 흥덕구,43113760,강서1동,4311313800,비하동,4.3113138001007606e+18,1,대지,충청북도 청주시 흥덕구 비하동 76-10,431134511087,충청북도 청주시 흥덕구 가로수로1154번길,4.31131380010076e+24,충청북도 청주시 흥덕구 가로수로1154번길 13,28376.0,4.0
MA0101202307A0003958,막내딸집,테크노점,G2,소매,G205,식료품 소매,G20509,반찬/식료품 소매업,G47218,조리 반찬류 소매업,43,충청북도,43113,청주시 흥덕구,43113770,강서2동,4311313400,송절동,4.31131340010815e+18,1,대지,충청북도 청주시 흥덕구 송절동 815,431134855165,충청북도 청주시 흥덕구 송화로166번길,4.31131340010815e+24,충청북도 청주시 흥덕구 송화로166번길 7-21,28292.0,1.0
MA0101202307A0071504,말자봉명점,청담동,I2,음식,I211,주점,I21103,생맥주 전문,I56213,생맥주 전문점,43,충청북도,43113,청주시 흥덕구,43113756,봉명2.송정동,4311311500,봉명동,4.31131150012718e+18,1,대지,충청북도 청주시 흥덕구 봉명동 2718,431133237029,충청북도 청주시 흥덕구 백봉로,4.31131150012718e+24,충청북도 청주시 흥덕구 백봉로 209,28465.0,1.0
MA0101202307A0085286,로드커피24충대,중문점,I2,음식,I212,비알코올,I21201,카페,I56221,커피 전문점,43,충청북도,43112,청주시 서원구,43112530,사창동,4311210200,사창동,4.31121020010454e+18,1,대지,충청북도 청주시 서원구 사창동 454,431124512175,충청북도 청주시 서원구 1순환로672번길,4.31131020010454e+24,충청북도 청주시 서원구 1순환로672번길 42,28643.0,1.0
MA0101202307A0081857,보양미역국청주,복대점,I2,음식,I201,한식,I20101,백반/한정식,I56111,한식 일반 음식점업,43,충청북도,43113,청주시 흥덕구,43113741,복대1동,4311311400,복대동,4.31131140010044e+18,1,대지,충청북도 청주시 흥덕구 복대동 44-1,431134511099,충청북도 청주시 흥덕구 가로수로1351번길,4.31131140010044e+24,충청북도 청주시 흥덕구 가로수로1351번길 8,28586.0,1.0
MA0101202307A0019895,세븐일레븐증평,터미널점,G2,소매,G204,종합 소매,G20405,편의점,G47122,체인화 편의점,43,충청북도,43745,증평군,43745250,증평읍,4374525022,증평읍,4.37452502210028e+18,1,대지,충청북도 증평군 증평읍 교동리 28,437453014040,충청북도 증평군 증평읍 광장로,4.37452502610023e+24,충청북도 증평군 증평읍 광장로 89,27926.0,1.0
MA0101202307A0039921,간식창고청주센트럴,자이점,G2,소매,G204,종합 소매,G20404,슈퍼마켓,G47216,빵류; 과자류 및 당류 소매업,43,충청북도,43111,청주시 상당구,43111730,용암2동,4311112600,방서동,4.31111260010654e+18,1,대지,충청북도 청주시 상당구 방서동 654,431113236065,충청북도 청주시 상당구 단재로,4.31111260010247e+24,충청북도 청주시 상당구 단재로 316,28787.0,1.0
MA0101202307A0057131,슬기로운대학생활,교통대점,I2,음식,I201,한식,I20101,백반/한정식,I56111,한식 일반 음식점업,43,충청북도,43130,충주시,43130335,대소원면,4313033529,대소원면,4.3130335291035e+18,1,대지,충청북도 충주시 대소원면 검단리 350-115,431303238012,충청북도 충주시 대소원면 대학로,4.3130330291035e+24,충청북도 충주시 대소원면 대학로 25,27470.0,1.0
MA0101202308A0093785,아이센스블랙라벨PC존청주,지웰시티점,R1,예술·스포츠,R104,유원지·오락,R10406,PC방,R91222,컴퓨터 게임방 운영업,43,충청북도,43113,청주시 흥덕구,43113741,복대1동,4311311400,복대동,4.31131140013268e+18,1,대지,충청북도 청주시 흥덕구 복대동 3268,431134511235,충청북도 청주시 흥덕구 대신로73번길,4.31131140013268e+24,충청북도 청주시 흥덕구 대신로73번길 29,28426.0,3.0
MA0101202308A0028356,원주추어탕미추,전문점,I2,음식,I201,한식,I20102,국/탕/찌개류,I56111,한식 일반 음식점업,43,충청북도,43113,청주시 흥덕구,43113760,강서1동,4311313800,비하동,4.3113138001071503e+18,1,대지,충청북도 청주시 흥덕구 비하동 715,431133237035,충청북도 청주시 흥덕구 비하로,4.31131380010715e+24,충청북도 청주시 흥덕구 비하로 60,28364.0,1.0
MA0101202308A0063494,으뜸50안경청주,가경점,G2,소매,G216,안경·정밀기기 소매,G21602,안경렌즈 소매업,G47822,안경 및 렌즈 소매업,43,충청북도,43113,청주시 흥덕구,43113747,가경동,4311311300,가경동,4.31131130011453e+18,1,대지,충청북도 청주시 흥덕구 가경동 1453-1,431133237093,충청북도 청주시 흥덕구 풍산로,4.31131130011453e+24,충청북도 청주시 흥덕구 풍산로 36,28399.0,1.0
MA0101202307A0025006,세탁풍경,충북대점,S2,수리·개인,S209,세탁,S20902,셀프 빨래방,S96912,가정용 세탁업,43,충청북도,43113,청주시 흥덕구,43113742,복대2동,4311311400,복대동,4.3113114001088497e+18,1,대지,충청북도 청주시 흥덕구 복대동 885-30,431134511224,충청북도 청주시 흥덕구 내수동로55번길,4.31131140010885e+24,충청북도 청주시 흥덕구 내수동로55번길 10-2,28641.0,1.0
MA0101202308A0056342,동대문꼬마김밥,봉명점,I2,음식,I210,기타 간이,I21007,김밥/만두/분식,I56194,김밥 및 기타 간이 음식점업,43,충청북도,43113,청주시 흥덕구,43113751,봉명1동,4311311500,봉명동,4.31131150011048e+18,1,대지,충청북도 청주시 흥덕구 봉명동 1048,431134511700,충청북도 청주시 흥덕구 예체로167번길,4.31131150011048e+24,충청북도 청주시 흥덕구 예체로167번길 3,28560.0,1.0
MA0101202308A0002362,담솥청주,지웰시티점,I2,음식,I201,한식,I20101,백반/한정식,I56111,한식 일반 음식점업,43,충청북도,43113,청주시 흥덕구,43113741,복대1동,4311311400,복대동,4.31131140013379e+18,1,대지,충청북도 청주시 흥덕구 복대동 3379,431133237020,충청북도 청주시 흥덕구 대농로,4.31131140010288e+24,충청북도 청주시 흥덕구 대농로 43,28424.0,2.0
MA0101202308A0073384,씨유청주대,중앙점,G2,소매,G204,종합 소매,G20405,편의점,G47122,체인화 편의점,43,충청북도,43114,청주시 청원구,43114530,내덕2동,4311410200,내덕동,4.31141020010115e+18,1,대지,충청북도 청주시 청원구 내덕동 115-129,431144508434,충청북도 청주시 청원구 안덕벌로52번길,4.31111140010115e+24,충청북도 청주시 청원구 안덕벌로52번길 3,28497.0,1.0
MA0101202308A0026788,기통찬족발,분평점,I2,음식,I201,한식,I20103,족발/보쌈,I56111,한식 일반 음식점업,43,충청북도,43112,청주시 서원구,43112560,분평동,4311210600,분평동,4.31121060011357e+18,1,대지,충청북도 청주시 서원구 분평동 1357,431123237068,충청북도 청주시 서원구 원마루로,4.31131080011357e+24,충청북도 청주시 서원구 원마루로 6,28794.0,1.0
MA0101202308A0066645,요거트월드,충북대점,I2,음식,I210,기타 간이,I21008,아이스크림/빙수,I56194,김밥 및 기타 간이 음식점업,43,충청북도,43113,청주시 흥덕구,43113742,복대2동,4311311400,복대동,4.3113114001085297e+18,1,대지,충청북도 청주시 흥덕구 복대동 853-5,431133236025,충청북도 청주시 흥덕구 사직대로,4.31131140010853e+24,충청북도 청주시 흥덕구 사직대로 38,28594.0,1.0
MA0101202308A0049565,왕차돌용암,광장점,I2,음식,I201,한식,I20107,돼지고기 구이/찜,I56113,한식 육류 요리 전문점,43,충청북도,43111,청주시 상당구,43111720,용암1동,4311112400,용암동,4.311112400116541e+18,1,대지,충청북도 청주시 상당구 용암동 1654,431114508001,충청북도 청주시 상당구 1순환로1253번길,4.31111240011654e+24,충청북도 청주시 상당구 1순환로1253번길 20,28776.0,1.0
MA0101202308A0067209,으뜸50안경,지웰시티점,G2,소매,G216,안경·정밀기기 소매,G21602,안경렌즈 소매업,G47822,안경 및 렌즈 소매업,43,충청북도,43113,청주시 흥덕구,43113741,복대1동,4311311400,복대동,4.31131140010288e+18,1,대지,충청북도 청주시 흥덕구 복대동 288-6,431133237020,충청북도 청주시 흥덕구 대농로,4.31131140010288e+24,충청북도 청주시 흥덕구 대농로 33,28424.0,2.0
MA0101202308A0003833,스텔라떡볶이충북충주,연수점,I2,음식,I210,기타 간이,I21007,김밥/만두/분식,I56194,김밥 및 기타 간이 음식점업,43,충청북도,43130,충주시,43130630,연수동,4313011800,연수동,4.3130118001156495e+18,1,대지,충청북도 충주시 연수동 1565,431304515006,충청북도 충주시 연수동산로2길,4.31301180011565e+24,충청북도 충주시 연수동산로2길 20,27352.0,1.0
MA0101202308A0035052,우림한우정육백화점,수곡점,G2,소매,G205,식료품 소매,G20503,정육점,G47212,육류 소매업,43,충청북도,43112,청주시 서원구,43112570,수곡1동,4311210700,수곡동,4.31121070010333e+18,1,대지,충청북도 청주시 서원구 수곡동 333,431123237013,충청북도 청주시 서원구 구룡산로,4.31131090010333e+24,충청북도 청주시 서원구 구룡산로 317,28682.0,1.0
MA0101202308A0091391,안동국밥곰탕,오창점,I2,음식,I201,한식,I20101,백반/한정식,I56111,한식 일반 음식점업,43,충청북도,43114,청주시 청원구,43114253,오창읍,4311425345,오창읍,4.3114253451082e+18,1,대지,충청북도 청주시 청원구 오창읍 양청리 820-1,431143240075,충청북도 청주시 청원구 오창읍 중심상업1로,4.3114253451082e+24,충청북도 청주시 청원구 오창읍 중심상업1로 8-9,28120.0,1.0
MA0101202308A0061821,손수헤어터미널,2호점,S2,수리·개인,S207,이용·미용,S20701,미용실,S96112,두발 미용업,43,충청북도,43113,청주시 흥덕구,43113760,강서1동,4311311700,강서동,4.31131170010482e+18,1,대지,충청북도 청주시 흥덕구 강서동 482,431133237005,충청북도 청주시 흥덕구 강서로,4.31131170010482e+24,충청북도 청주시 흥덕구 강서로 111,28377.0,2.0
MA0101202308A0092392,백세장수촌,산남점,I2,음식,I201,한식,I20101,백반/한정식,I56111,한식 일반 음식점업,43,충청북도,43112,청주시 서원구,43112550,산남동,4311210400,산남동,4.3112104001078497e+18,1,대지,충청북도 청주시 서원구 산남동 785,431124511279,충청북도 청주시 서원구 두꺼비로34번길,4.31131060010785e+24,충청북도 청주시 서원구 두꺼비로34번길 25,28630.0,1.0
MA0101202308A0041212,홍콩반점0410청주,율량점,I2,음식,I202,중식,I20201,중국집,I56121,중식 음식점업,43,충청북도,43114,청주시 청원구,43114550,오근장동,4311410500,주성동,4.3114105001035494e+18,1,대지,충청북도 청주시 청원구 주성동 355,431144844115,충청북도 청주시 청원구 주성로279번길,4.31111310010142e+24,충청북도 청주시 청원구 주성로279번길 27-7,28318.0,1.0
MA0101202308A0039696,꿀잼실내놀이터,가경점,R1,예술·스포츠,R103,스포츠 서비스,R10314,기타 스포츠시설 운영업,R91139,그 외 기타 스포츠시설 운영업,43,충청북도,43113,청주시 흥덕구,43113747,가경동,4311311300,가경동,4.3113113001227e+18,1,대지,충청북도 청주시 흥덕구 가경동 2270,431133237046,충청북도 청주시 흥덕구 서현로,4.3113113001227e+24,충청북도 청주시 흥덕구 서현로 60,28382.0,2.0
MA0101202307A0045952,트라이,전문점,G2,소매,G209,섬유·의복·신발 소매,G20905,기타 의류 소매업,G47413,속옷 및 잠옷 소매업,43,충청북도,43745,증평군,43745250,증평읍,4374525023,증평읍,4.37452502310062e+18,1,대지,충청북도 증평군 증평읍 중동리 62,437454532130,충청북도 증평군 증평읍 윗장뜰길,4.37452502310062e+24,충청북도 증평군 증평읍 윗장뜰길 56,27930.0,1.0
MA0101202308A0081180,세븐짐,2호점,R1,예술·스포츠,R103,스포츠 서비스,R10307,헬스장,R91132,체력 단련시설 운영업,43,충청북도,43130,충주시,43130580,호암.직동,4313010700,호암동,4.3130107001120497e+18,1,대지,충청북도 충주시 호암동 1205,431304856097,충청북도 충주시 사천개1길,4.31301070011205e+24,충청북도 충주시 사천개1길 2,27480.0,3.0
MA0101202308A0049422,치킨플러스,진천점,I2,음식,I210,기타 간이,I21006,치킨,I56193,치킨 전문점,43,충청북도,43750,진천군,43750250,진천읍,4375025024,진천읍,4.37502502410471e+18,1,대지,충청북도 진천군 진천읍 읍내리 471-81,437503245018,충청북도 진천군 진천읍 중앙동로,4.37502502410471e+24,충청북도 진천군 진천읍 중앙동로 128,27849.0,1.0
MA0101202308A0000755,임지훈의시골생고기,개신점,I2,음식,I201,한식,I20107,돼지고기 구이/찜,I56113,한식 육류 요리 전문점,43,충청북도,43112,청주시 서원구,43112590,성화.개신.죽림동,4311210900,개신동,4.31121090010578e+18,1,대지,충청북도 청주시 서원구 개신동 578,431123237074,충청북도 청주시 서원구 장구봉로,4.31131110010578e+24,충청북도 청주시 서원구 장구봉로 148,28609.0,1.0
MA0101202307A0007426,88모토,제천점,G2,소매,G209,섬유·의복·신발 소매,G20905,기타 의류 소매업,G47419,기타 의복 소매업,43,충청북도,43150,제천시,43150547,영서동,4315012500,천남동,4.31501250010015e+18,1,대지,충청북도 제천시 천남동 15-7,431503239010,충청북도 제천시 내토로,4.31501250010015e+24,충청북도 제천시 내토로 291-3,27188.0,1.0
MA0101202308A0038750,본김치찌개,전문점,I2,음식,I201,한식,I20101,백반/한정식,I56111,한식 일반 음식점업,43,충청북도,43150,제천시,43150537,남현동,4315010300,동현동,4.3150103001006e+18,1,대지,충청북도 제천시 동현동 60-9,431502014004,충청북도 제천시 의병대로,4.3150103001006e+24,충청북도 제천시 의병대로 156-1,27181.0,1.0
MA0101202307A0049251,바바스커피모충동,1호점,I2,음식,I212,비알코올,I21201,카페,I56221,커피 전문점,43,충청북도,43112,청주시 서원구,43112540,모충동,4311210300,모충동,4.31121030010122e+18,1,대지,충청북도 청주시 서원구 모충동 122-18,431123236067,충청북도 청주시 서원구 청남로,4.31131030010122e+24,충청북도 청주시 서원구 청남로 2115-2,28677.0,1.0
MA0101202308A0001674,세븐스타코인노래연습장충주,교통대점,R1,예술·스포츠,R104,유원지·오락,R10407,노래방,R91223,노래 연습장 운영업,43,충청북도,43130,충주시,43130335,대소원면,4313033529,대소원면,4.3130335291035e+18,1,대지,충청북도 충주시 대소원면 검단리 350-57,431303238012,충청북도 충주시 대소원면 대학로,4.3130330291035e+24,충청북도 충주시 대소원면 대학로 24,27470.0,1.0
MA0101202308A0049514,프린트카페,청주대점,N1,시설관리·임대,N107,사무 지원,N10703,복사업,N75912,복사업,43,충청북도,43114,청주시 청원구,43114510,우암동,4311410100,우암동,4.3114101001002e+18,1,대지,충청북도 청주시 청원구 우암동 20-2,431143236034,충청북도 청주시 청원구 수암로,4.3111113001002e+24,충청북도 청주시 청원구 수암로 98-15,28504.0,1.0
MA0101202308A0010369,명호공주얼큰이칼국수&쭈꾸미(,금천점,I2,음식,I201,한식,I20101,백반/한정식,I56111,한식 일반 음식점업,43,충청북도,43111,청주시 상당구,43111680,금천동,4311112000,금천동,4.31111200010171e+18,1,대지,충청북도 청주시 상당구 금천동 171-35,431113236032,충청북도 청주시 상당구 쇠내로,4.31111200010171e+24,충청북도 청주시 상당구 쇠내로 57-10,28726.0,1.0
MA0101202308A0007999,요미우돈교자청주,지웰시티점,I2,음식,I203,일식,I20301,일식 회/초밥,I56122,일식 음식점업,43,충청북도,43113,청주시 흥덕구,43113741,복대1동,4311311400,복대동,4.31131140013209e+18,1,대지,충청북도 청주시 흥덕구 복대동 3209,431134511865,충청북도 청주시 흥덕구 진재로109번길,4.31131140013209e+24,충청북도 청주시 흥덕구 진재로109번길 31,28427.0,1.0
MA0101202308A0019255,청춘무한리필조개구이충북,혁신점,I2,음식,I201,한식,I20112,해산물 구이/찜,I56114,한식 해산물 요리 전문점,43,충청북도,43750,진천군,43750253,덕산읍,4375025325,덕산읍,4.3750253251246295e+18,1,대지,충청북도 진천군 덕산읍 두촌리 2463,437503245035,충청북도 진천군 덕산읍 시가로,4.37503102512463e+24,충청북도 진천군 덕산읍 시가로 46,27871.0,3.0
MA0101202308A0001008,프랭크버거청주,오창점,I2,음식,I210,기타 간이,I21004,버거,I56192,피자; 햄버거; 샌드위치 및 유사 음식점업,43,충청북도,43114,청주시 청원구,43114253,오창읍,4311425345,오창읍,4.3114253451082097e+18,1,대지,충청북도 청주시 청원구 오창읍 양청리 821-2,431142014001,충청북도 청주시 청원구 오창읍 오창대로,4.37102534500821e+24,충청북도 청주시 청원구 오창읍 오창대로 315,28120.0,1.0
MA0101202308A0040087,워시프렌즈셀프빨래방청주,율량동점,S2,수리·개인,S209,세탁,S20902,셀프 빨래방,S96912,가정용 세탁업,43,충청북도,43114,청주시 청원구,43114540,율량.사천동,4311410300,율량동,4.3114103001218294e+18,1,대지,충청북도 청주시 청원구 율량동 2183,431144844106,충청북도 청주시 청원구 율량로189번길,4.31141030012183e+24,충청북도 청주시 청원구 율량로189번길 38,28321.0,1.0
MA0101202308A0009067,짱탁구장,충북대점,R1,예술·스포츠,R103,스포츠 서비스,R10313,탁구장,R91139,그 외 기타 스포츠시설 운영업,43,충청북도,43112,청주시 서원구,43112530,사창동,4311210200,사창동,4.31121020010464e+18,1,대지,충청북도 청주시 서원구 사창동 464,431124512173,충청북도 청주시 서원구 1순환로674번길,4.31131020010464e+24,충청북도 청주시 서원구 1순환로674번길 72,28643.0,3.0
MA0101202308A0086376,브리드커피한국교원대,2호점,I2,음식,I212,비알코올,I21201,카페,I56221,커피 전문점,43,충청북도,43113,청주시 흥덕구,43113310,강내면,4311331026,강내면,4.3113310262000696e+18,2,산,충청북도 청주시 흥덕구 강내면 다락리 산 7,431133240080,충청북도 청주시 흥덕구 강내면 태성탑연로,4.37103902610227e+24,충청북도 청주시 흥덕구 강내면 태성탑연로 250,28173.0,1.0
MA0101202308A0023112,또봉이치킨,시청점,I2,음식,I210,기타 간이,I21006,치킨,I56193,치킨 전문점,43,충청북도,43130,충주시,43130625,칠금.금릉동,4313012800,금릉동,4.3130128001086694e+18,1,대지,충청북도 충주시 금릉동 867,431304514172,충청북도 충주시 금제9길,4.31301280010867e+24,충청북도 충주시 금제9길 24,27340.0,1.0
MA0101202306A0040033,에그카페24,문화점,I2,음식,I212,비알코올,I21201,카페,I56221,커피 전문점,43,충청북도,43130,충주시,43130571,문화동,4313012700,문화동,4.3130127001144893e+18,1,대지,충청북도 충주시 문화동 1449,431302246001,충청북도 충주시 중원대로,4.31301270011449e+24,충청북도 충주시 중원대로 3410-4,27407.0,1.0
MA0101202308A0041806,좋은계란충주,첨단점,G2,소매,G205,식료품 소매,G20509,반찬/식료품 소매업,G47219,기타 식료품 소매업,43,충청북도,43130,충주시,43130335,대소원면,4313033531,대소원면,4.3130335311064494e+18,1,대지,충청북도 충주시 대소원면 본리 645,431303238097,충청북도 충주시 대소원면 첨단산업4로,4.31303353110645e+24,충청북도 충주시 대소원면 첨단산업4로 24,27466.0,1.0
MA0101202308A0024935,두끼,가경점,I2,음식,I210,기타 간이,I21007,김밥/만두/분식,I56194,김밥 및 기타 간이 음식점업,43,충청북도,43113,청주시 흥덕구,43113747,가경동,4311311300,가경동,4.31131130011412e+18,1,대지,충청북도 청주시 흥덕구 가경동 1412,431133237092,충청북도 청주시 흥덕구 풍년로,4.31131130011412e+24,충청북도 청주시 흥덕구 풍년로 160,28395.0,2.0
MA0101202308A0020940,벅스존,코리아,N1,시설관리·임대,N102,청소·방제,N10203,소독; 구충 및 방제 서비스업,N74220,소독; 구충 및 방제 서비스업,43,충청북도,43111,청주시 상당구,43111670,영운동,4311111900,영운동,4.311111900101e+18,1,대지,충청북도 청주시 상당구 영운동 100-22,431113236035,충청북도 청주시 상당구 수영로,4.311111900101e+24,충청북도 청주시 상당구 수영로 164,28742.0,3.0
MA0101202306A0101039,국제표준금거래소,동남점,G2,소매,G217,시계·귀금속 소매,G21701,시계/귀금속 소매업,G47830,시계 및 귀금속 소매업,43,충청북도,43111,청주시 상당구,43111720,용암1동,4311112400,용암동,4.3111124001302897e+18,1,대지,충청북도 청주시 상당구 용암동 3029,431114857347,충청북도 청주시 상당구 중고개로141번길,4.31111240010197e+24,충청북도 청주시 상당구 중고개로141번길 8,28808.0,1.0
MA0101202308A0104541,한양고깃집,청주사천점,I2,음식,I201,한식,I20107,돼지고기 구이/찜,I56113,한식 육류 요리 전문점,43,충청북도,43114,청주시 청원구,43114540,율량.사천동,4311410400,사천동,4.3114104001070894e+18,1,대지,충청북도 청주시 청원구 사천동 709,431143236054,충청북도 청주시 청원구 주성로,4.31141040010709e+24,충청북도 청주시 청원구 주성로 107,28337.0,1.0
MA0101202306A0071093,맛똥삼,율량점,I2,음식,I211,주점,I21104,요리 주점,I56219,기타 주점업,43,충청북도,43114,청주시 청원구,43114540,율량.사천동,4311410300,율량동,4.3114103001203e+18,1,대지,충청북도 청주시 청원구 율량동 2030,431144844107,충청북도 청주시 청원구 율량로202번길,4.3114103001203e+24,충청북도 청주시 청원구 율량로202번길 50,28320.0,1.0
MA0101202308A0101527,교촌치킨복대,1호점,I2,음식,I210,기타 간이,I21006,치킨,I56193,치킨 전문점,43,충청북도,43113,청주시 흥덕구,43113742,복대2동,4311311400,복대동,4.31131140011652e+18,1,대지,충청북도 청주시 흥덕구 복대동 1652,431133237050,충청북도 청주시 흥덕구 성봉로,4.31131140011652e+24,충청북도 청주시 흥덕구 성봉로 293,28595.0,1.0
MA0101202308A0053247,어그UGG현대백화점,충청점,G2,소매,G209,섬유·의복·신발 소매,G20910,신발 소매업,G47430,신발 소매업,43,충청북도,43113,청주시 흥덕구,43113741,복대1동,4311311400,복대동,4.3113114001338e+18,1,대지,충청북도 청주시 흥덕구 복대동 3380,431133236058,충청북도 청주시 흥덕구 직지대로,4.31131140010584e+24,충청북도 청주시 흥덕구 직지대로 308,28424.0,2.0
MA0101202308A0055625,리베라,진천지점,G2,소매,G213,오락용품 소매,G21304,운동용품 소매업,G47631,운동 및 경기용품 소매업,43,충청북도,43750,진천군,43750250,진천읍,4375025021,진천읍,4.3750250211024497e+18,1,대지,충청북도 진천군 진천읍 교성리 245-3,437504535059,충청북도 진천군 진천읍 남산4길,4.37502502110245e+24,충청북도 진천군 진천읍 남산4길 27,27840.0,1.0
MA0101202308A0022278,뚜레쥬르용암,부영점,I2,음식,I210,기타 간이,I21001,빵/도넛,I56191,제과점업,43,충청북도,43111,청주시 상당구,43111720,용암1동,4311112400,용암동,4.311112400126e+18,1,대지,충청북도 청주시 상당구 용암동 2600,431113236057,충청북도 청주시 상당구 중흥로,4.311112400126e+24,충청북도 청주시 상당구 중흥로 199,28763.0,1.0
MA0101202308A0035809,제주은희네해장국청주,분평점,I2,음식,I201,한식,I20102,국/탕/찌개류,I56111,한식 일반 음식점업,43,충청북도,43112,청주시 서원구,43112560,분평동,4311210600,분평동,4.31121060010164e+18,1,대지,충청북도 청주시 서원구 분평동 164-7,431123236001,충청북도 청주시 서원구 1순환로,4.31131080010164e+24,충청북도 청주시 서원구 1순환로 1080-2,28802.0,1.0
MA0101202308A0055105,꽁벨렝충주,이마트점,I2,음식,I210,기타 간이,I21001,빵/도넛,I56191,제과점업,43,충청북도,43130,충주시,43130571,문화동,4313012700,문화동,4.31301270011024e+18,1,대지,충청북도 충주시 문화동 1024,431302246001,충청북도 충주시 중원대로,4.31301270011024e+24,충청북도 충주시 중원대로 3420,27407.0,1.0
MA0101202308A0030175,제나,코리아,L1,부동산,L102,부동산 서비스,L10203,부동산 중개/대리업,L68221,부동산 중개 및 대리업,43,충청북도,43113,청주시 흥덕구,43113770,강서2동,4311313400,송절동,4.3113134001056e+18,1,대지,충청북도 청주시 흥덕구 송절동 560-32,431133237036,충청북도 청주시 흥덕구 사운로,4.3113134001056e+24,충청북도 청주시 흥덕구 사운로 404,28455.0,2.0
MA0101202308A0012080,프린트카페,충북대점,N1,시설관리·임대,N107,사무 지원,N10703,복사업,N75912,복사업,43,충청북도,43112,청주시 서원구,43112530,사창동,4311210200,사창동,4.3112102001046497e+18,1,대지,충청북도 청주시 서원구 사창동 465-1,431124512173,충청북도 청주시 서원구 1순환로674번길,4.31131020010465e+24,충청북도 청주시 서원구 1순환로674번길 66,28643.0,1.0
MA0101202308A0079880,씨유청주방서,중흥점,G2,소매,G204,종합 소매,G20405,편의점,G47122,체인화 편의점,43,충청북도,43111,청주시 상당구,43111730,용암2동,4311112600,방서동,4.31111260010653e+18,1,대지,충청북도 청주시 상당구 방서동 653,431113236065,충청북도 청주시 상당구 단재로,4.31111260010255e+24,충청북도 청주시 상당구 단재로 312,28787.0,1.0
MA0101202308A0047284,최대감찜닭,복대점,I2,음식,I201,한식,I20110,닭/오리고기 구이/찜,I56111,한식 일반 음식점업,43,충청북도,43113,청주시 흥덕구,43113741,복대1동,4311311400,복대동,4.31131140012676e+18,1,대지,충청북도 청주시 흥덕구 복대동 2676,431134511874,충청북도 청주시 흥덕구 진재로31번길,4.31131140012676e+24,충청북도 청주시 흥덕구 진재로31번길 26,28417.0,1.0
MA0101202308A0058459,디짐,2호점,R1,예술·스포츠,R103,스포츠 서비스,R10307,헬스장,R91132,체력 단련시설 운영업,43,충청북도,43130,충주시,43130630,연수동,4313011800,연수동,4.31301180011551e+18,1,대지,충청북도 충주시 연수동 1551,431304515007,충청북도 충주시 연수동산로3길,4.31301180011551e+24,충청북도 충주시 연수동산로3길 20,27352.0,2.0
MA0101202307A0044786,소림마라청주,율량점,I2,음식,I202,중식,I20202,마라탕/훠궈,I56121,중식 음식점업,43,충청북도,43114,청주시 청원구,43114550,오근장동,4311410500,주성동,4.31141050010352e+18,1,대지,충청북도 청주시 청원구 주성동 352,431144844115,충청북도 청주시 청원구 주성로279번길,4.31141050010352e+24,충청북도 청주시 청원구 주성로279번길 17,28318.0,1.0
MA0101202308A0005116,통큰감자탕,옥산점,I2,음식,I201,한식,I20102,국/탕/찌개류,I56111,한식 일반 음식점업,43,충청북도,43113,청주시 흥덕구,43113320,옥산면,4311332021,옥산면,4.31133202110548e+18,1,대지,충청북도 청주시 흥덕구 옥산면 오산리 548-7,431133240054,충청북도 청주시 흥덕구 옥산면 오송가락로,4.31133202110548e+24,충청북도 청주시 흥덕구 옥산면 오송가락로 833,28113.0,1.0
MA0101202308A0088636,임지훈의시골생고기충주,연수점,I2,음식,I201,한식,I20107,돼지고기 구이/찜,I56111,한식 일반 음식점업,43,충청북도,43130,충주시,43130630,연수동,4313011800,연수동,4.3130118001066097e+18,1,대지,충청북도 충주시 연수동 661,431303238045,충청북도 충주시 연수로,4.31301180010661e+24,충청북도 충주시 연수로 56,27342.0,1.0
MA0101202305A0191599,선물같은오늘,비하점,I2,음식,I210,기타 간이,I21001,빵/도넛,I56191,제과점업,43,충청북도,43113,청주시 흥덕구,43113760,강서1동,4311313800,비하동,4.3113138001030897e+18,1,대지,충청북도 청주시 흥덕구 비하동 309-1,431134511051,충청북도 청주시 흥덕구 2순환로1050번길,4.31131380010309e+24,충청북도 청주시 흥덕구 2순환로1050번길 12,28361.0,1.0
MA0101202305A0106012,표가네명품순두부청주,옥산점,I2,음식,I201,한식,I20101,백반/한정식,I56111,한식 일반 음식점업,43,충청북도,43113,청주시 흥덕구,43113320,옥산면,4311332021,옥산면,4.31133202110582e+18,1,대지,충청북도 청주시 흥덕구 옥산면 오산리 582-1,431133237111,충청북도 청주시 흥덕구 옥산면 청주역로,4.31133202110582e+24,충청북도 청주시 흥덕구 옥산면 청주역로 603,28113.0,1.0
MA0101202307A0000301,라온스터디카페,청주금천점,R1,예술·스포츠,R102,도서관·사적지,R10202,독서실/스터디 카페,R90212,독서실 운영업,43,충청북도,43111,청주시 상당구,43111680,금천동,4311112000,금천동,4.31111200010303e+18,1,대지,충청북도 청주시 상당구 금천동 303,431113236035,충청북도 청주시 상당구 수영로,4.31111200010303e+24,충청북도 청주시 상당구 수영로 289,28744.0,2.0
MA0101202307A0080659,마코,청원점,G2,소매,G209,섬유·의복·신발 소매,G20905,기타 의류 소매업,G47419,기타 의복 소매업,43,충청북도,43112,청주시 서원구,43112310,남이면,4311231040,남이면,4.31123104010269e+18,1,대지,충청북도 청주시 서원구 남이면 부용외천리 269-1,431123236067,충청북도 청주시 서원구 남이면 청남로,4.37103802500269e+24,충청북도 청주시 서원구 남이면 청남로 974,28185.0,1.0
MA0101202305A0081266,독일보청기김주경청각재활센터,제천점,G2,소매,G215,의약·화장품 소매,G21502,의료기기 소매업,G47812,의료용 기구 소매업,43,충청북도,43150,제천시,43150528,중앙동,4315010700,중앙로2가,4.3150107001006894e+18,1,대지,충청북도 제천시 중앙로2가 69-20,431503239071,충청북도 제천시 칠성로,4.31501070010069e+24,충청북도 제천시 칠성로 79,27166.0,1.0
MA0101202308A0068766,도로시파스타,가경점,I2,음식,I204,서양식,I20402,파스타/스테이크,I56123,서양식 음식점업,43,충청북도,43113,청주시 흥덕구,43113747,가경동,4311311300,가경동,4.3113113001147894e+18,1,대지,충청북도 청주시 흥덕구 가경동 1479-5,431133237092,충청북도 청주시 흥덕구 풍년로,4.31131130011479e+24,충청북도 청주시 흥덕구 풍년로 116,28403.0,1.0
MA0101202308A0035712,어촌별미,율량점,I2,음식,I201,한식,I20111,횟집,I56114,한식 해산물 요리 전문점,43,충청북도,43114,청주시 청원구,43114540,율량.사천동,4311410300,율량동,4.3114103001198894e+18,1,대지,충청북도 청주시 청원구 율량동 1989,431144844109,충청북도 청주시 청원구 율봉로262번길,4.3114103001199e+24,충청북도 청주시 청원구 율봉로262번길 13-10,28320.0,1.0
MA0101202308A0069565,미스사이공,용산점,I2,음식,I205,동남아시아,I20501,베트남식 전문,I56129,기타 외국식 음식점업,43,충청북도,43130,충주시,43130550,용산동,4313010600,용산동,4.31301060011963e+18,1,대지,충청북도 충주시 용산동 1963-7,431303238083,충청북도 충주시 형설로,4.31301060011963e+24,충청북도 충주시 형설로 54-1,27403.0,1.0
MA0101202306A0021738,기영이숯불두마리치킨청주,용암점,I2,음식,I210,기타 간이,I21006,치킨,I56193,치킨 전문점,43,충청북도,43111,청주시 상당구,43111720,용암1동,4311112400,용암동,4.3111124001144294e+18,1,대지,충청북도 청주시 상당구 용암동 1443,431114508559,충청북도 청주시 상당구 월평로154번길,4.31111240011443e+24,충청북도 청주시 상당구 월평로154번길 20,28775.0,1.0
MA0101202307A0067594,그집과일,진천점,G2,소매,G205,식료품 소매,G20506,채소/과일 소매업,G47215,채소; 과실 및 뿌리작물 소매업,43,충청북도,43750,진천군,43750250,진천읍,4375025024,진천읍,4.37502502410096e+18,1,대지,충청북도 진천군 진천읍 읍내리 96-4,437503245018,충청북도 진천군 진천읍 중앙동로,4.37502502410096e+24,충청북도 진천군 진천읍 중앙동로 73,27833.0,1.0
MA0101202307A0095882,세븐일레븐청주뉴,봉명타운점,G2,소매,G204,종합 소매,G20405,편의점,G47122,체인화 편의점,43,충청북도,43113,청주시 흥덕구,43113756,봉명2.송정동,4311311500,봉명동,4.3113115001258e+18,1,대지,충청북도 청주시 흥덕구 봉명동 2580,431134511263,충청북도 청주시 흥덕구 덕암로71번길,4.3113115001258e+24,충청북도 청주시 흥덕구 덕암로71번길 136,28466.0,1.0
MA0101202305A0153131,경도양꼬치,복대점,I2,음식,I202,중식,I20201,중국집,I56121,중식 음식점업,43,충청북도,43113,청주시 흥덕구,43113741,복대1동,4311311400,복대동,4.31131140012874e+18,1,대지,충청북도 청주시 흥덕구 복대동 2874,431134511867,충청북도 청주시 흥덕구 진재로15번길,4.31131140012874e+24,충청북도 청주시 흥덕구 진재로15번길 9,28419.0,1.0
MA0101202305A0141364,만석집,테크노폴리스점,I2,음식,I201,한식,I20107,돼지고기 구이/찜,I56113,한식 육류 요리 전문점,43,충청북도,43113,청주시 흥덕구,43113770,강서2동,4311313400,송절동,4.31131340010804e+18,1,대지,충청북도 청주시 흥덕구 송절동 804,431134855165,충청북도 청주시 흥덕구 송화로166번길,4.31131340010804e+24,충청북도 청주시 흥덕구 송화로166번길 7-3,28292.0,1.0
MA0101202306A0040611,셀독24스터디카페,충북대점,R1,예술·스포츠,R102,도서관·사적지,R10202,독서실/스터디 카페,R90212,독서실 운영업,43,충청북도,43112,청주시 서원구,43112530,사창동,4311210200,사창동,4.31121020010476e+18,1,대지,충청북도 청주시 서원구 사창동 476,431124512173,충청북도 청주시 서원구 1순환로674번길,4.31131020010476e+24,충청북도 청주시 서원구 1순환로674번길 21,28643.0,4.0
MA0101202307A0043503,씨유충주봉방,사랑점,G2,소매,G204,종합 소매,G20405,편의점,G47122,체인화 편의점,43,충청북도,43130,충주시,43130610,봉방동,4313011500,봉방동,4.31301150010137e+18,1,대지,충청북도 충주시 봉방동 137-23,431304514600,충청북도 충주시 봉방4길,4.31301150010137e+24,충청북도 충주시 봉방4길 47,27426.0,1.0
MA0101202307A0066188,세븐일레븐청주롯데,아울렛점,G2,소매,G204,종합 소매,G20405,편의점,G47122,체인화 편의점,43,충청북도,43113,청주시 흥덕구,43113760,강서1동,4311313800,비하동,4.31131380010811e+18,1,대지,충청북도 청주시 흥덕구 비하동 811,431133014065,충청북도 청주시 흥덕구 2순환로,4.31131380010332e+24,충청북도 청주시 흥덕구 2순환로 1004,28360.0,1.0
MA0101202307A0100412,듀엘현대,충청점,G2,소매,G209,섬유·의복·신발 소매,G20902,여성 의류 소매업,G47412,여자용 겉옷 소매업,43,충청북도,43113,청주시 흥덕구,43113741,복대1동,4311311400,복대동,4.3113114001338e+18,1,대지,충청북도 청주시 흥덕구 복대동 3380,431133236058,충청북도 청주시 흥덕구 직지대로,4.31131140010584e+24,충청북도 청주시 흥덕구 직지대로 308,28424.0,1.0
MA0101202307A0057557,팔공티청주,율량점,I2,음식,I212,비알코올,I21201,카페,I56221,커피 전문점,43,충청북도,43114,청주시 청원구,43114540,율량.사천동,4311410300,율량동,4.3114103001085e+18,1,대지,충청북도 청주시 청원구 율량동 850,431144508583,충청북도 청주시 청원구 율봉로201번길,4.3111115001085e+24,충청북도 청주시 청원구 율봉로201번길 7-2,28327.0,1.0
MA0101202307A0054349,지에스25세명,사거리점,G2,소매,G204,종합 소매,G20405,편의점,G46800,상품 종합 도매업,43,충청북도,43150,제천시,43150518,의림지동,4315011400,모산동,4.31501140010056e+18,1,대지,충청북도 제천시 모산동 56-2,431502239002,충청북도 제천시 의림대로,4.31501140010056e+24,충청북도 제천시 의림대로 615,27128.0,1.0
MA0101202307A0075285,푸라닭,청주봉명점,I2,음식,I210,기타 간이,I21006,치킨,I56193,치킨 전문점,43,충청북도,43113,청주시 흥덕구,43113756,봉명2.송정동,4311311500,봉명동,4.3113115001274097e+18,1,대지,충청북도 청주시 흥덕구 봉명동 2741-1,431134511253,충청북도 청주시 흥덕구 덕암로114번길,4.31131150012741e+24,충청북도 청주시 흥덕구 덕암로114번길 86,28465.0,1.0
MA0101202307A0001075,뱃살도둑샐러드,율량점,I2,음식,I210,기타 간이,I21007,김밥/만두/분식,I56194,김밥 및 기타 간이 음식점업,43,충청북도,43114,청주시 청원구,43114550,오근장동,4311410500,주성동,4.31141050010384e+18,1,대지,충청북도 청주시 청원구 주성동 384,431143349124,충청북도 청주시 청원구 율량로,4.31111310010127e+24,충청북도 청주시 청원구 율량로 124,28318.0,1.0
MA0101202307A0090690,와드커피,청주봉명점,I2,음식,I212,비알코올,I21201,카페,I56221,커피 전문점,43,충청북도,43113,청주시 흥덕구,43113756,봉명2.송정동,4311311500,봉명동,4.31131150012702e+18,1,대지,충청북도 청주시 흥덕구 봉명동 2702,431134511253,충청북도 청주시 흥덕구 덕암로114번길,4.31131150012702e+24,충청북도 청주시 흥덕구 덕암로114번길 40,28465.0,1.0
MA0101202305A0120116,마녀마라,제천점,I2,음식,I202,중식,I20202,마라탕/훠궈,I56121,중식 음식점업,43,충청북도,43150,제천시,43150528,중앙동,4315010700,중앙로2가,4.31501070010147e+18,1,대지,충청북도 제천시 중앙로2가 147,431504518096,충청북도 제천시 풍양로13길,4.31501070010147e+24,충청북도 제천시 풍양로13길 14,27173.0,2.0
MA0101202406A0225504,대림한우,전문점,I2,음식,I201,한식,I20108,소고기 구이/찜,I56111,한식 일반 음식점업,43,충청북도,43150,제천시,43150560,용두동,4315011100,하소동,4.3150111001015506e+18,1,대지,충청북도 제천시 하소동 155-6,431504517662,충청북도 제천시 용두대로7안길,4.31501110010155e+24,충청북도 제천시 용두대로7안길 16-9,27160.0,2.0
MA0101202406A0160474,가장맛있는치킨,봉명점,I2,음식,I210,기타 간이,I21006,치킨,I56193,치킨 전문점,43,충청북도,43113,청주시 흥덕구,43113756,봉명2.송정동,4311311500,봉명동,4.31131150012702e+18,1,대지,충청북도 청주시 흥덕구 봉명동 2702,431134511253,충청북도 청주시 흥덕구 덕암로114번길,4.31131150012702e+24,충청북도 청주시 흥덕구 덕암로114번길 40,28465.0,1.0
MA0101202406A0309549,에스컨설팅,코리아,P1,교육,P107,교육 지원,P10799,기타 교육지원 서비스업,P85709,기타 교육지원 서비스업,43,충청북도,43113,청주시 흥덕구,43113250,오송읍,4311325026,오송읍,4.3113250261066e+18,1,대지,충청북도 청주시 흥덕구 오송읍 연제리 660-2,431133240055,충청북도 청주시 흥덕구 오송읍 오송생명1로,4.3113250261066e+24,충청북도 청주시 흥덕구 오송읍 오송생명1로 194-25,28160.0,3.0
MA0101202406A0080986,샤브마니아,동남점,I2,음식,I201,한식,I20101,백반/한정식,I56111,한식 일반 음식점업,43,충청북도,43111,청주시 상당구,43111720,용암1동,4311112400,용암동,4.31111240013087e+18,1,대지,충청북도 청주시 상당구 용암동 3087,431114857346,충청북도 청주시 상당구 중고개로125번길,4.31111240010186e+24,충청북도 청주시 상당구 중고개로125번길 21,28808.0,1.0
MA0101202406A0180389,청운수산활어직판장복대,본점,I2,음식,I201,한식,I20111,횟집,I56111,한식 일반 음식점업,43,충청북도,43113,청주시 흥덕구,43113741,복대1동,4311311400,복대동,4.3113114001283697e+18,1,대지,충청북도 청주시 흥덕구 복대동 2837,431134511888,충청북도 청주시 흥덕구 짐대로72번길,4.31131140012837e+24,충청북도 청주시 흥덕구 짐대로72번길 49,28418.0,1.0
MA0101202406A0250368,배떡율량,사천점,I2,음식,I210,기타 간이,I21007,김밥/만두/분식,I56194,김밥 및 기타 간이 음식점업,43,충청북도,43114,청주시 청원구,43114540,율량.사천동,4311410300,율량동,4.31141030010874e+18,1,대지,충청북도 청주시 청원구 율량동 874,431144508583,충청북도 청주시 청원구 율봉로201번길,4.31111150010874e+24,충청북도 청주시 청원구 율봉로201번길 7-1,28327.0,1.0
MA0101202406A0178127,투다리,산남점,I2,음식,I211,주점,I21104,요리 주점,I56219,기타 주점업,43,충청북도,43112,청주시 서원구,43112580,수곡2동,4311210700,수곡동,4.31121070010996e+18,1,대지,충청북도 청주시 서원구 수곡동 996,431123237053,충청북도 청주시 서원구 수곡로,4.31131090010996e+24,충청북도 청주시 서원구 수곡로 31,28697.0,1.0
MA0101202406A0294913,견생냥품24시무인펫샵청주,동남점,G2,소매,G220,애완동물·용품 소매,G22001,애완동물/애완용품 소매업,G47852,애완용 동물 및 관련용품 소매업,43,충청북도,43111,청주시 상당구,43111720,용암1동,4311112400,용암동,4.31111240013151e+18,1,대지,충청북도 청주시 상당구 용암동 3151,431113236055,충청북도 청주시 상당구 중고개로,4.31111240010206e+24,충청북도 청주시 상당구 중고개로 140,28807.0,1.0
MA0101202406A0437235,씨유청주봉명,자이점,G2,소매,G204,종합 소매,G20405,편의점,G47122,체인화 편의점,43,충청북도,43113,청주시 흥덕구,43113751,봉명1동,4311311500,봉명동,4.31131150010194e+18,1,대지,충청북도 청주시 흥덕구 봉명동 194,431134512162,충청북도 청주시 흥덕구 1순환로584번길,4.31131150010194e+24,충청북도 청주시 흥덕구 1순환로584번길 59,28571.0,1.0
MA0101202406A0527239,만타스시31감곡장,호원점,I2,음식,I203,일식,I20301,일식 회/초밥,I56122,일식 음식점업,43,충청북도,43770,음성군,43770370,감곡면,4377037031,감곡면,4.37703703110522e+18,1,대지,충청북도 음성군 감곡면 왕장리 522-6,437703000128,충청북도 음성군 감곡면 장감로,4.37703703110522e+24,충청북도 음성군 감곡면 장감로 156,27604.0,1.0
MA0101202406A0203974,맛있게먹는반칼로리식당금천,용암점,I2,음식,I201,한식,I20101,백반/한정식,I56111,한식 일반 음식점업,43,충청북도,43111,청주시 상당구,43111680,금천동,4311112000,금천동,4.3111120001011697e+18,1,대지,충청북도 청주시 상당구 금천동 117-5,431113236032,충청북도 청주시 상당구 쇠내로,4.31111200010117e+24,충청북도 청주시 상당구 쇠내로 138,28740.0,1.0
MA0101202406A0222887,소유필름청주,성안점,M1,과학·기술,M113,사진 촬영,M11301,사진촬영업,M73301,인물 사진 및 행사용 영상 촬영업,43,충청북도,43111,청주시 상당구,43111545,성안동,4311110200,북문로1가,4.31111020010111e+18,1,대지,충청북도 청주시 상당구 북문로1가 111,431113236031,충청북도 청주시 상당구 성안로,4.31111020010111e+24,충청북도 청주시 상당구 성안로 4-2,28525.0,1.0
MA0101202406A0562171,아이갓에브리씽충주국민체육,센터점,I2,음식,I212,비알코올,I21201,카페,I56221,커피 전문점,43,충청북도,43130,충주시,43130580,호암.직동,4313010700,호암동,4.3130107001056896e+18,1,대지,충청북도 충주시 호암동 569,431302246001,충청북도 충주시 중원대로,4.31301070010569e+24,충청북도 충주시 중원대로 3306,27411.0,1.0
MA0101202406A0373468,동읍리,복대점,I2,음식,I201,한식,I20101,백반/한정식,I56111,한식 일반 음식점업,43,충청북도,43113,청주시 흥덕구,43113741,복대1동,4311311400,복대동,4.3113114001271695e+18,1,대지,충청북도 청주시 흥덕구 복대동 2717,431134511871,충청북도 청주시 흥덕구 진재로23번길,4.31131140012717e+24,충청북도 청주시 흥덕구 진재로23번길 26-3,28417.0,1.0
MA0101202406A0128891,치마이생충주신,연수점,I2,음식,I201,한식,I20101,백반/한정식,I56111,한식 일반 음식점업,43,충청북도,43130,충주시,43130630,연수동,4313011800,연수동,4.3130118001153295e+18,1,대지,충청북도 충주시 연수동 1533,431304515009,충청북도 충주시 연수동산로5길,4.31301180011533e+24,충청북도 충주시 연수동산로5길 10,27352.0,1.0
MA0101202406A0102490,청주본가,금천점,I2,음식,I201,한식,I20101,백반/한정식,I56111,한식 일반 음식점업,43,충청북도,43111,청주시 상당구,43111680,금천동,4311112000,금천동,4.31111200010242e+18,1,대지,충청북도 청주시 상당구 금천동 242,431113236035,충청북도 청주시 상당구 수영로,4.31111200010242e+24,충청북도 청주시 상당구 수영로 273,28727.0,1.0
MA0101202406A0308046,지디알플러스골프아카데미,사천점,R1,예술·스포츠,R103,스포츠 서비스,R10311,골프 연습장,R91136,골프 연습장 운영업,43,충청북도,43114,청주시 청원구,43114540,율량.사천동,4311410400,사천동,4.3114104001039094e+18,1,대지,충청북도 청주시 청원구 사천동 391-8,431143236052,충청북도 청주시 청원구 율천북로,4.31111160010391e+24,충청북도 청주시 청원구 율천북로 23,28342.0,2.0
MA0101202406A0371937,틈새라면,가경점,I2,음식,I210,기타 간이,I21007,김밥/만두/분식,I56194,김밥 및 기타 간이 음식점업,43,충청북도,43113,청주시 흥덕구,43113747,가경동,4311311300,가경동,4.3113113001140895e+18,1,대지,충청북도 청주시 흥덕구 가경동 1409,431133237092,충청북도 청주시 흥덕구 풍년로,4.31131130011409e+24,충청북도 청주시 흥덕구 풍년로 164-5,28395.0,1.0
MA0101202406A0473819,메가엠지씨커피제천왕암,코아루점,I2,음식,I212,비알코올,I21201,카페,I56221,커피 전문점,43,충청북도,43150,제천시,43150560,용두동,4315012400,왕암동,4.315012400108e+18,1,대지,충청북도 제천시 왕암동 800,431504517448,충청북도 제천시 소새로1길,4.315012400108e+24,충청북도 제천시 소새로1길 15,27159.0,1.0
MA0101202406A0092808,롯데리아서충주,신도시점,I2,음식,I210,기타 간이,I21004,버거,I56193,치킨 전문점,43,충청북도,43130,충주시,43130385,중앙탑면,4313038526,중앙탑면,4.3130385261067e+18,1,대지,충청북도 충주시 중앙탑면 용전리 670,431303238103,충청북도 충주시 중앙탑면 기업도시로,4.3130385261067e+24,충청북도 충주시 중앙탑면 기업도시로 222,27465.0,2.0
MA0101202406A0388767,굴천지,용암점,I2,음식,I201,한식,I20101,백반/한정식,I56111,한식 일반 음식점업,43,충청북도,43111,청주시 상당구,43111730,용암2동,4311112400,용암동,4.31111240013648e+18,1,대지,충청북도 청주시 상당구 용암동 3648,431113352536,충청북도 청주시 상당구 월운로,4.31111240013648e+24,충청북도 청주시 상당구 월운로 70,28786.0,1.0
MA0101202406A0467217,정성디자인,충주지점,M1,과학·기술,M112,전문 디자인,M11203,시각 디자인업,M73203,시각 디자인업,43,충청북도,43130,충주시,43130571,문화동,4313012700,문화동,4.3130127001230295e+18,1,대지,충청북도 충주시 문화동 2303,431302246001,충청북도 충주시 중원대로,4.31301270012303e+24,충청북도 충주시 중원대로 3364,27410.0,3.0
MA0101202406A0571533,청주운천동청년,상인협동조합,N1,시설관리·임대,N108,기타 사업 서비스,N10802,전시/컨벤션/행사 대행 서비스업,N75992,전시; 컨벤션 및 행사 대행업,43,충청북도,43113,청주시 흥덕구,43113700,운천.신봉동,4311310400,운천동,4.3113104001108895e+18,1,대지,충청북도 청주시 흥덕구 운천동 1089,431134511861,충청북도 청주시 흥덕구 직지대로761번길,4.31131040011089e+24,충청북도 청주시 흥덕구 직지대로761번길 3,28470.0,2.0
MA0101202406A0461841,메고지고떡창고,지웰시티점,I2,음식,I210,기타 간이,I21002,떡/한과,G47216,빵류; 과자류 및 당류 소매업,43,충청북도,43113,청주시 흥덕구,43113741,복대1동,4311311400,복대동,4.31131140010288e+18,1,대지,충청북도 청주시 흥덕구 복대동 288-6,431133237020,충청북도 청주시 흥덕구 대농로,4.31131140010288e+24,충청북도 청주시 흥덕구 대농로 33,28424.0,1.0
MA0101202406A0326851,크린토피아청주산남,칸타빌점,S2,수리·개인,S209,세탁,S20901,세탁소,S96912,가정용 세탁업,43,충청북도,43112,청주시 서원구,43112550,산남동,4311210400,산남동,4.31121040011128e+18,1,대지,충청북도 청주시 서원구 산남동 1128,431123237090,충청북도 청주시 서원구 탑골로,4.31131060011128e+24,충청북도 청주시 서원구 탑골로 27,28627.0,1.0
MA0101202406A0088748,간식창고청주,지웰시티점,G2,소매,G204,종합 소매,G20404,슈퍼마켓,G47216,빵류; 과자류 및 당류 소매업,43,충청북도,43113,청주시 흥덕구,43113741,복대1동,4311311400,복대동,4.3113114001338097e+18,1,대지,충청북도 청주시 흥덕구 복대동 3381,431133237020,충청북도 청주시 흥덕구 대농로,4.31131140010288e+24,충청북도 청주시 흥덕구 대농로 55,28425.0,1.0
MA0101202406A0393829,샤브연리지,진천점,I2,음식,I201,한식,I20101,백반/한정식,I56111,한식 일반 음식점업,43,충청북도,43750,진천군,43750250,진천읍,4375025021,진천읍,4.3750250211024e+18,1,대지,충청북도 진천군 진천읍 교성리 240-4,437504535065,충청북도 진천군 진천읍 남산길,4.3750250211024e+24,충청북도 진천군 진천읍 남산길 34,27840.0,1.0
MA0101202406A0211649,더스팟,오창점,I2,음식,I212,비알코올,I21201,카페,I56221,커피 전문점,43,충청북도,43114,청주시 청원구,43114253,오창읍,4311425345,오창읍,4.3114253451082097e+18,1,대지,충청북도 청주시 청원구 오창읍 양청리 821-4,431143240077,충청북도 청주시 청원구 오창읍 중심상업로,4.37102534500821e+24,충청북도 청주시 청원구 오창읍 중심상업로 7,28120.0,6.0
MA0101202406A0428945,어랑해물찜,전문점,I2,음식,I201,한식,I20112,해산물 구이/찜,I56111,한식 일반 음식점업,43,충청북도,43150,제천시,43150537,남현동,4315010400,남천동,4.31501040010864e+18,1,대지,충청북도 제천시 남천동 864,431502014004,충청북도 제천시 의병대로,4.31501040010866e+24,충청북도 제천시 의병대로 144,27172.0,1.0
MA0101202406A0376974,장호덕손만두충주,1호점,I2,음식,I210,기타 간이,I21007,김밥/만두/분식,I56111,한식 일반 음식점업,43,충청북도,43130,충주시,43130630,연수동,4313011800,연수동,4.31301180010926e+18,1,대지,충청북도 충주시 연수동 926,431302238004,충청북도 충주시 번영대로,4.31301180010926e+24,충청북도 충주시 번영대로 134,27348.0,1.0
MA0101202406A0332813,지에스25오창엔솔,2호점,G2,소매,G204,종합 소매,G20405,편의점,G47122,체인화 편의점,43,충청북도,43113,청주시 흥덕구,43113320,옥산면,4311332033,옥산면,4.31133203311114e+18,1,대지,충청북도 청주시 흥덕구 옥산면 남촌리 1114-1,431133240007,충청북도 청주시 흥덕구 옥산면 과학산업3로,4.37104103301114e+24,충청북도 청주시 흥덕구 옥산면 과학산업3로 29,28122.0,2.0
MA0101202406A0059541,부어치킨&신촌생활,가경점,I2,음식,I210,기타 간이,I21006,치킨,I56123,서양식 음식점업,43,충청북도,43113,청주시 흥덕구,43113747,가경동,4311311300,가경동,4.3113113001163894e+18,1,대지,충청북도 청주시 흥덕구 가경동 1639,431134511549,충청북도 청주시 흥덕구 서경로16번길,4.31131130011639e+24,충청북도 청주시 흥덕구 서경로16번길 21,28413.0,1.0
MA0101202406A0481061,동남집청주오창,직영점,I2,음식,I201,한식,I20101,백반/한정식,I56111,한식 일반 음식점업,43,충청북도,43114,청주시 청원구,43114253,오창읍,4311425345,오창읍,4.31142534510798e+18,1,대지,충청북도 청주시 청원구 오창읍 양청리 798-7,431143240076,충청북도 청주시 청원구 오창읍 중심상업2로,4.37102534510798e+24,충청북도 청주시 청원구 오창읍 중심상업2로 9-24,28119.0,1.0
MA0101202406A0005749,또봉이통닭,용암점,I2,음식,I210,기타 간이,I21006,치킨,I56193,치킨 전문점,43,충청북도,43111,청주시 상당구,43111730,용암2동,4311112400,용암동,4.3111124001208294e+18,1,대지,충청북도 청주시 상당구 용암동 2083,431113236018,충청북도 청주시 상당구 무농정로,4.31111240012083e+24,충청북도 청주시 상당구 무농정로 103,28778.0,1.0
MA0101202406A0114300,하남돼지집충북,혁신점,I2,음식,I201,한식,I20107,돼지고기 구이/찜,I56111,한식 일반 음식점업,43,충청북도,43750,진천군,43750253,덕산읍,4375025325,덕산읍,4.37502532512571e+18,1,대지,충청북도 진천군 덕산읍 두촌리 2571,437504541650,충청북도 진천군 덕산읍 예지1길,4.37503102512571e+24,충청북도 진천군 덕산읍 예지1길 4,27875.0,1.0
MA0101202406A0299473,편백가든오창,호수공원점,I2,음식,I201,한식,I20101,백반/한정식,I56111,한식 일반 음식점업,43,충청북도,43114,청주시 청원구,43114253,오창읍,4311425345,오창읍,4.31142534510752e+18,1,대지,충청북도 청주시 청원구 오창읍 양청리 752-2,431143240006,충청북도 청주시 청원구 오창읍 과학산업2로,4.37102534510752e+24,충청북도 청주시 청원구 오창읍 과학산업2로 383,28115.0,2.0
MA0101202406A0153935,배떡청주,2호점,I2,음식,I210,기타 간이,I21007,김밥/만두/분식,I56194,김밥 및 기타 간이 음식점업,43,충청북도,43111,청주시 상당구,43111620,탑대성동,4311111700,탑동,4.3111117001000494e+18,1,대지,충청북도 청주시 상당구 탑동 5-40,431114508500,충청북도 청주시 상당구 용담로63번길,4.31111170010005e+24,충청북도 청주시 상당구 용담로63번길 35,28521.0,1.0
MA0101202406A0338412,테라커피청주,개신점,I2,음식,I212,비알코올,I21201,카페,I56221,커피 전문점,43,충청북도,43112,청주시 서원구,43112590,성화.개신.죽림동,4311210900,개신동,4.31121090010691e+18,1,대지,충청북도 청주시 서원구 개신동 691,431123237030,충청북도 청주시 서원구 복대로,4.31131110010691e+24,충청북도 청주시 서원구 복대로 31,28612.0,1.0
MA0101202406A0090066,커슐랭,봉명점,I2,음식,I201,한식,I20101,백반/한정식,I56111,한식 일반 음식점업,43,충청북도,43113,청주시 흥덕구,43113751,봉명1동,4311311500,봉명동,4.3113115001080694e+18,1,대지,충청북도 청주시 흥덕구 봉명동 807-6,431134511412,충청북도 청주시 흥덕구 봉명로177번길,4.31131150010807e+24,충청북도 청주시 흥덕구 봉명로177번길 65,28557.0,1.0
MA0101202406A0228950,통불충주,연수점,I2,음식,I201,한식,I20101,백반/한정식,I56111,한식 일반 음식점업,43,충청북도,43130,충주시,43130630,연수동,4313011800,연수동,4.31301180011325e+18,1,대지,충청북도 충주시 연수동 1325,431302238004,충청북도 충주시 번영대로,4.31301180011325e+24,충청북도 충주시 번영대로 211,27344.0,1.0
MA0101202406A0373042,청년치킨가경,복대점,I2,음식,I210,기타 간이,I21006,치킨,I56193,치킨 전문점,43,충청북도,43113,청주시 흥덕구,43113747,가경동,4311311300,가경동,4.31131130011188e+18,1,대지,충청북도 청주시 흥덕구 가경동 1188,431134511075,충청북도 청주시 흥덕구 가경로173번길,4.31131130011188e+24,충청북도 청주시 흥덕구 가경로173번길 1,28393.0,1.0
MA0101202406A0351717,슬라이스,오창점,G2,소매,G213,오락용품 소매,G21304,운동용품 소매업,G47631,운동 및 경기용품 소매업,43,충청북도,43114,청주시 청원구,43114253,오창읍,4311425344,오창읍,4.3114253441065206e+18,1,대지,충청북도 청주시 청원구 오창읍 각리 652-1,431143240009,충청북도 청주시 청원구 오창읍 과학산업5로,4.37102534400652e+24,충청북도 청주시 청원구 오창읍 과학산업5로 118-2,28123.0,1.0
MA0101202406A0177430,채널헤어율량,사천점,S2,수리·개인,S207,이용·미용,S20701,미용실,S96112,두발 미용업,43,충청북도,43114,청주시 청원구,43114540,율량.사천동,4311410300,율량동,4.31141030012184e+18,1,대지,충청북도 청주시 청원구 율량동 2184,431144844113,충청북도 청주시 청원구 율량로201번길,4.31141030012184e+24,충청북도 청주시 청원구 율량로201번길 19-3,28321.0,1.0
MA0101202406A0315291,더블유트리오송,봉산점,G2,소매,G209,섬유·의복·신발 소매,G20902,여성 의류 소매업,G47412,여자용 겉옷 소매업,43,충청북도,43113,청주시 흥덕구,43113250,오송읍,4311325031,오송읍,4.3113250311100406e+18,1,대지,충청북도 청주시 흥덕구 오송읍 봉산리 1004,431134520285,충청북도 청주시 흥덕구 오송읍 봉산2길,4.31132503111004e+24,충청북도 청주시 흥덕구 오송읍 봉산2길 16,28222.0,1.0
MA0101202406A0452313,청담이상,제천점,I2,음식,I211,주점,I21104,요리 주점,I56122,일식 음식점업,43,충청북도,43150,제천시,43150560,용두동,4315011100,하소동,4.31501110010079e+18,1,대지,충청북도 제천시 하소동 79-15,431504517625,충청북도 제천시 용두대로15길,4.31501110010079e+24,충청북도 제천시 용두대로15길 8,27162.0,3.0
MA0101202406A0036702,씨유청주미원,센터점,G2,소매,G204,종합 소매,G20405,편의점,G47122,체인화 편의점,43,충청북도,43111,청주시 상당구,43111320,미원면,4311132021,미원면,4.31113202110559e+18,1,대지,충청북도 청주시 상당구 미원면 미원리 559-11,431113240031,충청북도 청주시 상당구 미원면 미원초정로,4.37103202100559e+24,충청북도 청주시 상당구 미원면 미원초정로 2,28199.0,1.0
MA0101202406A0229604,송담추어탕,수곡점,I2,음식,I201,한식,I20102,국/탕/찌개류,I56111,한식 일반 음식점업,43,충청북도,43112,청주시 서원구,43112570,수곡1동,4311210700,수곡동,4.3112107001009505e+18,1,대지,충청북도 청주시 서원구 수곡동 95-15,431123236067,충청북도 청주시 서원구 청남로,4.31121070010095e+24,충청북도 청주시 서원구 청남로 2077,28689.0,1.0
MA0101202406A0394341,역전할머니맥주충주,교통대점,I2,음식,I211,주점,I21103,생맥주 전문,I56111,한식 일반 음식점업,43,충청북도,43130,충주시,43130335,대소원면,4313033529,대소원면,4.31303352910079e+18,1,대지,충청북도 충주시 대소원면 검단리 79-11,431303238012,충청북도 충주시 대소원면 대학로,4.31303302910079e+24,충청북도 충주시 대소원면 대학로 26,27470.0,2.0
MA0101202406A0186054,포토이즘박스,제천점,M1,과학·기술,M113,사진 촬영,M11301,사진촬영업,S96999,그 외 기타 달리 분류되지 않은 개인 서비스업,43,충청북도,43150,제천시,43150528,중앙동,4315010700,중앙로2가,4.3150107001008696e+18,1,대지,충청북도 제천시 중앙로2가 87-10,431502239002,충청북도 제천시 의림대로,4.31501070010087e+24,충청북도 제천시 의림대로 136,27173.0,1.0
MA0101202406A0203499,포토인더박스충주,연수점,M1,과학·기술,M113,사진 촬영,M11301,사진촬영업,M73301,인물 사진 및 행사용 영상 촬영업,43,충청북도,43130,충주시,43130630,연수동,4313011800,연수동,4.31301180011556e+18,1,대지,충청북도 충주시 연수동 1556,431304515010,충청북도 충주시 연수동산로6길,4.31301180011556e+24,충청북도 충주시 연수동산로6길 20,27352.0,1.0
MA0101202406A0222933,강다짐청주,복대점,I2,음식,I210,기타 간이,I21007,김밥/만두/분식,I56194,김밥 및 기타 간이 음식점업,43,충청북도,43113,청주시 흥덕구,43113741,복대1동,4311311400,복대동,4.31131140012959e+18,1,대지,충청북도 청주시 흥덕구 복대동 2959,431133237081,충청북도 청주시 흥덕구 진재로,4.31131140012959e+24,충청북도 청주시 흥덕구 진재로 38,28420.0,1.0
MA0101202406A0387712,육수당충주,연수점,I2,음식,I201,한식,I20102,국/탕/찌개류,I56111,한식 일반 음식점업,43,충청북도,43130,충주시,43130630,연수동,4313011800,연수동,4.3130118001171e+18,1,대지,충청북도 충주시 연수동 1710,431303238002,충청북도 충주시 갱고개로,4.3130118001171e+24,충청북도 충주시 갱고개로 124,27372.0,1.0
MA0101202406A0200979,풍바오,충북대점,I2,음식,I211,주점,I21103,생맥주 전문,I56213,생맥주 전문점,43,충청북도,43112,청주시 서원구,43112530,사창동,4311210200,사창동,4.3112102001044096e+18,1,대지,충청북도 청주시 서원구 사창동 441,431124511219,충청북도 청주시 서원구 내수동로108번길,4.31131020010441e+24,충청북도 청주시 서원구 내수동로108번길 15,28643.0,1.0
MA0101202406A0193246,언노운피자,용암점,I2,음식,I210,기타 간이,I21003,피자,I56192,피자; 햄버거; 샌드위치 및 유사 음식점업,43,충청북도,43111,청주시 상당구,43111720,용암1동,4311112400,용암동,4.3111124001216097e+18,1,대지,충청북도 청주시 상당구 용암동 2161,431113236048,충청북도 청주시 상당구 원봉로,4.31111240012161e+24,충청북도 청주시 상당구 원봉로 71,28770.0,1.0
MA0101202406A0132082,샤브올데이청주,복대점,I2,음식,I201,한식,I20101,백반/한정식,I56111,한식 일반 음식점업,43,충청북도,43113,청주시 흥덕구,43113760,강서1동,4311313800,비하동,4.31131380010354e+18,1,대지,충청북도 청주시 흥덕구 비하동 354-1,431133014065,충청북도 청주시 흥덕구 2순환로,4.31131380010354e+24,충청북도 청주시 흥덕구 2순환로 1063,28414.0,3.0
MA0101202406A0001130,도야짬뽕,분평점,I2,음식,I202,중식,I20201,중국집,I56121,중식 음식점업,43,충청북도,43112,청주시 서원구,43112560,분평동,4311210600,분평동,4.3112106001016494e+18,1,대지,충청북도 청주시 서원구 분평동 165-1,431123236001,충청북도 청주시 서원구 1순환로,4.31121060010165e+24,충청북도 청주시 서원구 1순환로 1078,28802.0,1.0
MA0101202406A0400359,사직골,오창점,I2,음식,I201,한식,I20101,백반/한정식,I56111,한식 일반 음식점업,43,충청북도,43114,청주시 청원구,43114253,오창읍,4311425332,오창읍,4.31142533210546e+18,1,대지,충청북도 청주시 청원구 오창읍 주성리 546,431143257079,충청북도 청주시 청원구 오창읍 2산단3로,4.31142533210546e+24,충청북도 청주시 청원구 오창읍 2산단3로 14,28117.0,1.0
MA0101202406A0099118,헤어에이치,용산점,S2,수리·개인,S207,이용·미용,S20701,미용실,S96112,두발 미용업,43,충청북도,43130,충주시,43130550,용산동,4313010600,용산동,4.3130106001204895e+18,1,대지,충청북도 충주시 용산동 2049,431303238083,충청북도 충주시 형설로,4.31301060012049e+24,충청북도 충주시 형설로 75,27402.0,1.0
MA0101202406A0506841,하오라이성,본점,I2,음식,I202,중식,I20201,중국집,I56121,중식 음식점업,43,충청북도,43770,음성군,43770340,대소면,4377034024,대소면,4.3770340241092495e+18,1,대지,충청북도 음성군 대소면 성본리 925,437703353150,충청북도 음성군 대소면 성본상가로,4.37703402410925e+24,충청북도 음성군 대소면 성본상가로 49,27741.0,2.0
MA0101202406A0452988,워시팡팡무인셀프빨래방충북,보은점,S2,수리·개인,S209,세탁,S20902,셀프 빨래방,S96912,가정용 세탁업,43,충청북도,43720,보은군,43720250,보은읍,4372025031,보은읍,4.3720250311013094e+18,1,대지,충청북도 보은군 보은읍 이평리 131-9,437203241009,충청북도 보은군 보은읍 뱃들로,4.37202503110131e+24,충청북도 보은군 보은읍 뱃들로 36-6,28936.0,1.0
MA0101202406A0396411,예그리나,청주봉명점,S2,수리·개인,S207,이용·미용,S20701,미용실,S96112,두발 미용업,43,충청북도,43113,청주시 흥덕구,43113756,봉명2.송정동,4311311500,봉명동,4.31131150012838e+18,1,대지,충청북도 청주시 흥덕구 봉명동 2838,431134511255,충청북도 청주시 흥덕구 덕암로24번길,4.31131150012838e+24,충청북도 청주시 흥덕구 덕암로24번길 53,28463.0,1.0
MA0101202406A0156151,가장맛있는치킨율량,사천점,I2,음식,I210,기타 간이,I21006,치킨,I56193,치킨 전문점,43,충청북도,43114,청주시 청원구,43114550,오근장동,4311410500,주성동,4.3114105001033697e+18,1,대지,충청북도 청주시 청원구 주성동 337,431143349124,충청북도 청주시 청원구 율량로,4.31141050010337e+24,충청북도 청주시 청원구 율량로 135,28317.0,1.0
MA0101202406A0424605,먹는족족,율량점,I2,음식,I201,한식,I20101,백반/한정식,I56111,한식 일반 음식점업,43,충청북도,43114,청주시 청원구,43114540,율량.사천동,4311410400,사천동,4.31141040010446e+18,1,대지,충청북도 청주시 청원구 사천동 446-6,431143236029,충청북도 청주시 청원구 새터로,4.31111160010446e+24,충청북도 청주시 청원구 새터로 177,28342.0,1.0
MA0101202406A0450642,소우한우육회청주,본점,I2,음식,I201,한식,I20101,백반/한정식,I56111,한식 일반 음식점업,43,충청북도,43113,청주시 흥덕구,43113741,복대1동,4311311400,복대동,4.3113114001274e+18,1,대지,충청북도 청주시 흥덕구 복대동 2740,431134511869,충청북도 청주시 흥덕구 진재로19번길,4.3113114001274e+24,충청북도 청주시 흥덕구 진재로19번길 7,28417.0,1.0
MA0101202406A0179644,장날순대,율량점,I2,음식,I201,한식,I20102,국/탕/찌개류,I56111,한식 일반 음식점업,43,충청북도,43114,청주시 청원구,43114540,율량.사천동,4311410300,율량동,4.31141030012024e+18,1,대지,충청북도 청주시 청원구 율량동 2024,431144844107,충청북도 청주시 청원구 율량로202번길,4.31141030012024e+24,충청북도 청주시 청원구 율량로202번길 80,28320.0,1.0
MA0101202406A0457778,바람난오리궁뎅이청주,2호점,I2,음식,I201,한식,I20110,닭/오리고기 구이/찜,I56111,한식 일반 음식점업,43,충청북도,43113,청주시 흥덕구,43113742,복대2동,4311311400,복대동,4.3113114001099694e+18,1,대지,충청북도 청주시 흥덕구 복대동 997,431133237030,충청북도 청주시 흥덕구 복대로,4.31131140010997e+24,충청북도 청주시 흥덕구 복대로 154,28600.0,1.0
MA0101202406A0364875,청주미식,성안점,I2,음식,I201,한식,I20101,백반/한정식,I56111,한식 일반 음식점업,43,충청북도,43111,청주시 상당구,43111525,중앙동,4311110300,북문로2가,4.3111103001008e+18,1,대지,충청북도 청주시 상당구 북문로2가 80-8,431114508299,충청북도 청주시 상당구 상당로115번길,4.3111103001008e+24,충청북도 청주시 상당구 상당로115번길 39,28545.0,1.0
MA0101202406A0481914,휘트니스휴,금천점,R1,예술·스포츠,R103,스포츠 서비스,R10307,헬스장,R91132,체력 단련시설 운영업,43,충청북도,43111,청주시 상당구,43111680,금천동,4311112000,금천동,4.3111120001027697e+18,1,대지,충청북도 청주시 상당구 금천동 277,431113236055,충청북도 청주시 상당구 중고개로,4.31111200010277e+24,충청북도 청주시 상당구 중고개로 336,28744.0,7.0
MA0101202406A0585677,론드,충청점,G2,소매,G217,시계·귀금속 소매,G21701,시계/귀금속 소매업,G47830,시계 및 귀금속 소매업,43,충청북도,43113,청주시 흥덕구,43113741,복대1동,4311311400,복대동,4.3113114001338e+18,1,대지,충청북도 청주시 흥덕구 복대동 3380,431133236058,충청북도 청주시 흥덕구 직지대로,4.31131140010584e+24,충청북도 청주시 흥덕구 직지대로 308,28424.0,1.0
MA0101202406A0361671,정성디자인,청주지점,M1,과학·기술,M112,전문 디자인,M11203,시각 디자인업,M73203,시각 디자인업,43,충청북도,43111,청주시 상당구,43111690,용담.명암.산성동,4311112100,용담동,4.3111121001039094e+18,1,대지,충청북도 청주시 상당구 용담동 391,431114508279,충청북도 청주시 상당구 산성로112번길,4.31111210010391e+24,충청북도 청주시 상당구 산성로112번길 10,28744.0,3.0
MA0101202406A0248263,반궁,음성점,I2,음식,I201,한식,I20101,백반/한정식,I56111,한식 일반 음식점업,43,충청북도,43770,음성군,43770340,대소면,4377034024,대소면,4.37703402410904e+18,1,대지,충청북도 음성군 대소면 성본리 904,437704858870,충청북도 음성군 대소면 성본상가6길,4.37703402410904e+24,충청북도 음성군 대소면 성본상가6길 6,27741.0,1.0
MA0101202406A0428744,메가엠지씨커피청주,시청점,I2,음식,I212,비알코올,I21201,카페,I56221,커피 전문점,43,충청북도,43111,청주시 상당구,43111525,중앙동,4311110400,북문로3가,4.3111104001012306e+18,1,대지,충청북도 청주시 상당구 북문로3가 123,431113236056,충청북도 청주시 상당구 중앙로,4.31111040010021e+24,충청북도 청주시 상당구 중앙로 80,28542.0,1.0
MA0101202406A0413903,압구정편의점,율량점,I2,음식,I203,일식,I20301,일식 회/초밥,I56122,일식 음식점업,43,충청북도,43114,청주시 청원구,43114540,율량.사천동,4311410300,율량동,4.31141030012026e+18,1,대지,충청북도 청주시 청원구 율량동 2026,431144844105,충청북도 청주시 청원구 율량로190번길,4.31141030012026e+24,충청북도 청주시 청원구 율량로190번길 53,28320.0,1.0
MA0101202406A0142412,가장맛있는치킨가경,복대점,I2,음식,I210,기타 간이,I21006,치킨,I56193,치킨 전문점,43,충청북도,43113,청주시 흥덕구,43113747,가경동,4311311300,가경동,4.31131130011218e+18,1,대지,충청북도 청주시 흥덕구 가경동 1218,431133237002,충청북도 청주시 흥덕구 가경로,4.31131130011218e+24,충청북도 청주시 흥덕구 가경로 155-1,28393.0,1.0
MA0101202406A0192092,가브리엘당구클럽,봉명점,R1,예술·스포츠,R103,스포츠 서비스,R10310,당구장,R91135,당구장 운영업,43,충청북도,43113,청주시 흥덕구,43113756,봉명2.송정동,4311311500,봉명동,4.3113115001273697e+18,1,대지,충청북도 청주시 흥덕구 봉명동 2737,431134511253,충청북도 청주시 흥덕구 덕암로114번길,4.31131150012737e+24,충청북도 청주시 흥덕구 덕암로114번길 70,28465.0,2.0
MA0101202406A0268796,푸드딜라이트,오창점,I2,음식,I201,한식,I20101,백반/한정식,I56111,한식 일반 음식점업,43,충청북도,43114,청주시 청원구,43114253,오창읍,4311425346,오창읍,4.3114253461040896e+18,1,대지,충청북도 청주시 청원구 오창읍 구룡리 409-8,431143240011,충청북도 청주시 청원구 오창읍 구룡택지1로,4.37102534600409e+24,충청북도 청주시 청원구 오창읍 구룡택지1로 32,28121.0,1.0
MA0101202406A0512516,소보양본가,복대점,I2,음식,I201,한식,I20102,국/탕/찌개류,I56111,한식 일반 음식점업,43,충청북도,43113,청주시 흥덕구,43113741,복대1동,4311311400,복대동,4.31131140010336e+18,1,대지,충청북도 청주시 흥덕구 복대동 336,431133237078,충청북도 청주시 흥덕구 죽천로,4.31131140010336e+24,충청북도 청주시 흥덕구 죽천로 81,28426.0,1.0
MA0101202406A0329668,병천순대,하복대점,I2,음식,I201,한식,I20102,국/탕/찌개류,I56111,한식 일반 음식점업,43,충청북도,43113,청주시 흥덕구,43113741,복대1동,4311311400,복대동,4.311311400126141e+18,1,대지,충청북도 청주시 흥덕구 복대동 2614,431134511877,충청북도 청주시 흥덕구 진재로47번길,4.31131140012614e+24,충청북도 청주시 흥덕구 진재로47번길 17,28416.0,1.0
MA0101202406A0356612,한마음정육식당충주,호암점,I2,음식,I201,한식,I20107,돼지고기 구이/찜,I56111,한식 일반 음식점업,43,충청북도,43130,충주시,43130580,호암.직동,4313010700,호암동,4.3130107001118694e+18,1,대지,충청북도 충주시 호암동 1187,431304856110,충청북도 충주시 호암토성4길,4.31301070011187e+24,충청북도 충주시 호암토성4길 3,27480.0,2.0
MA0101202406A0253672,명륜진사갈비용산,호암점,I2,음식,I201,한식,I20107,돼지고기 구이/찜,I56111,한식 일반 음식점업,43,충청북도,43130,충주시,43130580,호암.직동,4313010700,호암동,4.3130107001018e+18,1,대지,충청북도 충주시 호암동 180-4,431303238083,충청북도 충주시 형설로,4.3130107001018e+24,충청북도 충주시 형설로 50,27403.0,1.0
MA0101202406A0383503,메가엠지씨커피,충북영동점,I2,음식,I212,비알코올,I21201,카페,I56221,커피 전문점,43,충청북도,43740,영동군,43740250,영동읍,4374025021,영동읍,4.3740250211069696e+18,1,대지,충청북도 영동군 영동읍 계산리 697-7,437403243042,충청북도 영동군 영동읍 영산로,4.37402502110697e+24,충청북도 영동군 영동읍 영산로 6,29145.0,1.0
MA0101202406A0071472,디디치킨,오창점,I2,음식,I210,기타 간이,I21006,치킨,I56193,치킨 전문점,43,충청북도,43114,청주시 청원구,43114253,오창읍,4311425332,오창읍,4.3114253321052406e+18,1,대지,충청북도 청주시 청원구 오창읍 주성리 524,431144571747,충청북도 청주시 청원구 오창읍 주성2길,4.37102533210524e+24,충청북도 청주시 청원구 오창읍 주성2길 9-4,28117.0,1.0
MA0101202406A0150393,메가후르츠청주,산남점,I2,음식,I212,비알코올,I21201,카페,I56221,커피 전문점,43,충청북도,43112,청주시 서원구,43112550,산남동,4311210400,산남동,4.3112104001070295e+18,1,대지,충청북도 청주시 서원구 산남동 703,431124511283,충청북도 청주시 서원구 두꺼비로60번길,4.31131060010703e+24,충청북도 청주시 서원구 두꺼비로60번길 3-15,28630.0,1.0
MA0101202406A0138865,철길부산집충주,연수점,I2,음식,I201,한식,I20101,백반/한정식,I56111,한식 일반 음식점업,43,충청북도,43130,충주시,43130630,연수동,4313011800,연수동,4.3130118001090806e+18,1,대지,충청북도 충주시 연수동 908,431303238046,충청북도 충주시 연원로,4.31301180010908e+24,충청북도 충주시 연원로 34,27347.0,1.0
MA0101202406A0488148,엠브로돈까스충주,시청점,I2,음식,I204,서양식,I20401,경양식,I56123,서양식 음식점업,43,충청북도,43130,충주시,43130625,칠금.금릉동,4313012800,금릉동,4.3130128001073106e+18,1,대지,충청북도 충주시 금릉동 731,431304514171,충청북도 충주시 금제8길,4.31301280010731e+24,충청북도 충주시 금제8길 19,27340.0,1.0
MA0101202406A0320091,노리들노리쌤,증평점,P1,교육,P106,기타 교육,P10605,레크리에이션 교육기관,R91139,그 외 기타 스포츠시설 운영업,43,충청북도,43745,증평군,43745250,증평읍,4374525032,증평읍,4.3745250321075896e+18,1,대지,충청북도 증평군 증평읍 송산리 759,437454532227,충청북도 증평군 증평읍 송산로1길,4.37452503210759e+24,충청북도 증평군 증평읍 송산로1길 7,27918.0,2.0
MA0101202406A0412170,프렌즈스크린퀀텀청주,용암점,R1,예술·스포츠,R103,스포츠 서비스,R10311,골프 연습장,R91136,골프 연습장 운영업,43,충청북도,43111,청주시 상당구,43111730,용암2동,4311112400,용암동,4.31111240013644e+18,1,대지,충청북도 청주시 상당구 용암동 3644,431113236049,충청북도 청주시 상당구 월평로,4.31111240013644e+24,충청북도 청주시 상당구 월평로 309,28786.0,2.0
MA0101202406A0206519,실내포차또만나,성안점,I2,음식,I201,한식,I20101,백반/한정식,I56111,한식 일반 음식점업,43,충청북도,43111,청주시 상당구,43111525,중앙동,4311110300,북문로2가,4.3111103001006694e+18,1,대지,충청북도 청주시 상당구 북문로2가 67-1,431114508270,충청북도 청주시 상당구 사직대로361번길,4.31111030010067e+24,충청북도 청주시 상당구 사직대로361번길 14-11,28545.0,1.0
MA0101202406A0497964,24시무인애견용품&편의점아무도없개충주,연수점,G2,소매,G220,애완동물·용품 소매,G22001,애완동물/애완용품 소매업,G47852,애완용 동물 및 관련용품 소매업,43,충청북도,43130,충주시,43130630,연수동,4313011800,연수동,4.3130118001066296e+18,1,대지,충청북도 충주시 연수동 663,431303238045,충청북도 충주시 연수로,4.31301180010663e+24,충청북도 충주시 연수로 55,27342.0,1.0
MA0101202406A0067030,스위티그린&샐럽스프,산남점,I2,음식,I210,기타 간이,I21003,피자,I56192,피자; 햄버거; 샌드위치 및 유사 음식점업,43,충청북도,43112,청주시 서원구,43112550,산남동,4311210400,산남동,4.3112104001117297e+18,1,대지,충청북도 청주시 서원구 산남동 1173,431124512008,충청북도 청주시 서원구 탑골로37번길,4.31131060011173e+24,충청북도 청주시 서원구 탑골로37번길 7-2,28627.0,1.0
MA0101202406A0488284,저스트텐동충북,혁신점,I2,음식,I203,일식,I20302,일식 카레/돈가스/덮밥,I56122,일식 음식점업,43,충청북도,43770,음성군,43770330,맹동면,4377033028,맹동면,4.37703302811476e+18,1,대지,충청북도 음성군 맹동면 두성리 1476,437704541745,충청북도 음성군 맹동면 대하2길,4.37703302811476e+24,충청북도 음성군 맹동면 대하2길 41,27738.0,1.0
MA0101202406A0131057,더리터청주,율량점,I2,음식,I212,비알코올,I21201,카페,I56221,커피 전문점,43,충청북도,43114,청주시 청원구,43114540,율량.사천동,4311410300,율량동,4.31141030011043e+18,1,대지,충청북도 청주시 청원구 율량동 1043,431142014003,충청북도 청주시 청원구 충청대로,4.31141030011043e+24,충청북도 청주시 청원구 충청대로 121-1,28333.0,2.0
MA0101202406A0093461,영커피,청주금천점,I2,음식,I212,비알코올,I21201,카페,I56221,커피 전문점,43,충청북도,43111,청주시 상당구,43111690,용담.명암.산성동,4311112100,용담동,4.3111121001042094e+18,1,대지,충청북도 청주시 상당구 용담동 421,431113236035,충청북도 청주시 상당구 수영로,4.31111210010421e+24,충청북도 청주시 상당구 수영로 315,28745.0,1.0
MA0101202406A0099781,백두산삼계탕,2호점,I2,음식,I201,한식,I20102,국/탕/찌개류,I56111,한식 일반 음식점업,43,충청북도,43130,충주시,43130630,연수동,4313011800,연수동,4.31301180011284e+18,1,대지,충청북도 충주시 연수동 1284,431304515024,충청북도 충주시 연수서2길,4.31301180011284e+24,충청북도 충주시 연수서2길 18,27356.0,1.0
MA0101202406A0065525,씨유청주,동남점,G2,소매,G204,종합 소매,G20405,편의점,G47122,체인화 편의점,43,충청북도,43111,청주시 상당구,43111720,용암1동,4311112400,용암동,4.3111124001315e+18,1,대지,충청북도 청주시 상당구 용암동 3150,431114857348,충청북도 청주시 상당구 중고개로142번길,4.31111240010219e+24,충청북도 청주시 상당구 중고개로142번길 20,28807.0,1.0
MA0101202406A0105262,평화김해뒷고기청주,율량점,I2,음식,I201,한식,I20107,돼지고기 구이/찜,I56113,한식 육류 요리 전문점,43,충청북도,43114,청주시 청원구,43114540,율량.사천동,4311410300,율량동,4.31141030012061e+18,1,대지,충청북도 청주시 청원구 율량동 2061,431144844107,충청북도 청주시 청원구 율량로202번길,4.31141030012061e+24,충청북도 청주시 청원구 율량로202번길 16,28320.0,1.0
MA0101202406A0091670,프랭크버거청주,충북대점,I2,음식,I210,기타 간이,I21004,버거,I56192,피자; 햄버거; 샌드위치 및 유사 음식점업,43,충청북도,43112,청주시 서원구,43112530,사창동,4311210200,사창동,4.3112102001048294e+18,1,대지,충청북도 청주시 서원구 사창동 483,431123236001,충청북도 청주시 서원구 1순환로,4.31131020010485e+24,충청북도 청주시 서원구 1순환로 678,28643.0,1.0
MA0101202406A0133036,천사분평,무인점,G2,소매,G204,종합 소매,G20404,슈퍼마켓,G47216,빵류; 과자류 및 당류 소매업,43,충청북도,43112,청주시 서원구,43112560,분평동,4311210600,분평동,4.311210600112e+18,1,대지,충청북도 청주시 서원구 분평동 1200-1,431124512135,충청북도 청주시 서원구 1순환로1137번길,4.311310800112e+24,충청북도 청주시 서원구 1순환로1137번길 128,28793.0,1.0
MA0101202406A0286859,메가엠지씨커피청주복대,사거리점,I2,음식,I212,비알코올,I21201,카페,I56221,커피 전문점,43,충청북도,43113,청주시 흥덕구,43113742,복대2동,4311311400,복대동,4.3113114001004897e+18,1,대지,충청북도 청주시 흥덕구 복대동 49-4,431133237030,충청북도 청주시 흥덕구 복대로,4.31131140010049e+24,충청북도 청주시 흥덕구 복대로 179,28598.0,1.0
MA0101202406A0152653,하드마켓,비하점,G2,소매,G204,종합 소매,G20404,슈퍼마켓,G47216,빵류; 과자류 및 당류 소매업,43,충청북도,43113,청주시 흥덕구,43113760,강서1동,4311313800,비하동,4.31131380010824e+18,1,대지,충청북도 청주시 흥덕구 비하동 824,431133014065,충청북도 청주시 흥덕구 2순환로,4.31131380010422e+24,충청북도 청주시 흥덕구 2순환로 1106,28362.0,3.0
MA0101202406A0221766,마라야,교통대점,I2,음식,I202,중식,I20202,마라탕/훠궈,I56121,중식 음식점업,43,충청북도,43130,충주시,43130335,대소원면,4313033529,대소원면,4.31303352910078e+18,1,대지,충청북도 충주시 대소원면 검단리 78-7,431304515115,충청북도 충주시 대소원면 용두제방길,4.31303302910078e+24,충청북도 충주시 대소원면 용두제방길 4,27470.0,2.0
MA0101202406A0326636,세븐일레븐청주뉴오송,센터점,G2,소매,G204,종합 소매,G20405,편의점,G47190,그 외 기타 종합 소매업,43,충청북도,43113,청주시 흥덕구,43113250,오송읍,4311325025,오송읍,4.31132502510626e+18,1,대지,충청북도 청주시 흥덕구 오송읍 만수리 626,431134520227,충청북도 청주시 흥덕구 오송읍 만수1길,4.37104002510626e+24,충청북도 청주시 흥덕구 오송읍 만수1길 27,28166.0,1.0
MA0101202406A0394429,양심소청주,복대점,I2,음식,I201,한식,I20101,백반/한정식,I56111,한식 일반 음식점업,43,충청북도,43113,청주시 흥덕구,43113741,복대1동,4311311400,복대동,4.31131140013208e+18,1,대지,충청북도 청주시 흥덕구 복대동 3208,431134511865,충청북도 청주시 흥덕구 진재로109번길,4.31131140013208e+24,충청북도 청주시 흥덕구 진재로109번길 33,28427.0,1.0
MA0101202406A0567442,소소한숯불갈비충주연,수지점,I2,음식,I201,한식,I20107,돼지고기 구이/찜,I56111,한식 일반 음식점업,43,충청북도,43130,충주시,43130630,연수동,4313011800,연수동,4.3130118001134495e+18,1,대지,충청북도 충주시 연수동 1345,431304515005,충청북도 충주시 연수동산로1길,4.31301180011345e+24,충청북도 충주시 연수동산로1길 51,27353.0,1.0
MA0101202406A0550333,압꾸정닭강정,율량점,I2,음식,I210,기타 간이,I21006,치킨,I56193,치킨 전문점,43,충청북도,43114,청주시 청원구,43114540,율량.사천동,4311410300,율량동,4.3114103001148897e+18,1,대지,충청북도 청주시 청원구 율량동 1489,431144508591,충청북도 청주시 청원구 율봉로94번길,4.31141030011487e+24,충청북도 청주시 청원구 율봉로94번길 32,28348.0,1.0
MA0101202406A0433915,컴포즈커피청주,지웰시티점,I2,음식,I212,비알코올,I21201,카페,I56221,커피 전문점,43,충청북도,43113,청주시 흥덕구,43113741,복대1동,4311311400,복대동,4.31131140010288e+18,1,대지,충청북도 청주시 흥덕구 복대동 288-15,431133237020,충청북도 청주시 흥덕구 대농로,4.31131140010288e+24,충청북도 청주시 흥덕구 대농로 47,28425.0,1.0
MA0101202406A0051986,라바게트,청주대점,I2,음식,I212,비알코올,I21201,카페,I56221,커피 전문점,43,충청북도,43114,청주시 청원구,43114510,우암동,4311410100,우암동,4.31141010010162e+18,1,대지,충청북도 청주시 청원구 우암동 162-7,431144508317,충청북도 청주시 청원구 상당로232번길,4.31141010010162e+24,충청북도 청주시 청원구 상당로232번길 29,28505.0,1.0
MA0101202406A0365173,오창빽다방,호수공원점,I2,음식,I212,비알코올,I21201,카페,I56221,커피 전문점,43,충청북도,43114,청주시 청원구,43114253,오창읍,4311425345,오창읍,4.31142534510787e+18,1,대지,충청북도 청주시 청원구 오창읍 양청리 787-5,431143240075,충청북도 청주시 청원구 오창읍 중심상업1로,4.37102534500787e+24,충청북도 청주시 청원구 오창읍 중심상업1로 50,28120.0,1.0
MA0101202406A0587364,밀레니엄,제천지점,M1,과학·기술,M105,광고,M10501,광고 대행업,M71310,광고 대행업,43,충청북도,43150,제천시,43150605,화산동,4315010900,화산동,4.31501090010942e+18,1,대지,충청북도 제천시 화산동 942,431504517184,충청북도 제천시 내토로46길,4.31501090010942e+24,충청북도 제천시 내토로46길 8,27197.0,1.0
MA0101202406A0182335,BHC,율량점,I2,음식,I210,기타 간이,I21006,치킨,I56193,치킨 전문점,43,충청북도,43114,청주시 청원구,43114540,율량.사천동,4311410300,율량동,4.3114103001205094e+18,1,대지,충청북도 청주시 청원구 율량동 2051,431143349124,충청북도 청주시 청원구 율량로,4.31111150010346e+24,충청북도 청주시 청원구 율량로 198,28320.0,1.0
MA0101202406A0029685,휴대폰캠퍼스,율량점,G2,소매,G208,가전·통신 소매,G20802,핸드폰 소매업,G47312,통신기기 소매업,43,충청북도,43114,청주시 청원구,43114550,오근장동,4311410600,주중동,4.3114106001095096e+18,1,대지,충청북도 청주시 청원구 주중동 951,431143349124,충청북도 청주시 청원구 율량로,4.31111320010951e+24,충청북도 청주시 청원구 율량로 34,28325.0,1.0
MA0101202406A0381148,지에스25증평,중앙로점,G2,소매,G204,종합 소매,G20405,편의점,G47122,체인화 편의점,43,충청북도,43745,증평군,43745250,증평읍,4374525023,증평읍,4.37452502310051e+18,1,대지,충청북도 증평군 증평읍 중동리 51,437454532160,충청북도 증평군 증평읍 중앙로8길,4.37452502310051e+24,충청북도 증평군 증평읍 중앙로8길 3,27930.0,1.0
MA0101202406A0160945,초이스태닝,율량점,G2,소매,G215,의약·화장품 소매,G21503,화장품 소매업,G47813,화장품; 비누 및 방향제 소매업,43,충청북도,43114,청주시 청원구,43114550,오근장동,4311410600,주중동,4.3114106001090703e+18,1,대지,충청북도 청주시 청원구 주중동 907,431143349124,충청북도 청주시 청원구 율량로,4.31141060010907e+24,충청북도 청주시 청원구 율량로 22,28325.0,2.0
MA0101202406A0022648,갓츠킹,음성금왕점,I2,음식,I201,한식,I20101,백반/한정식,I56111,한식 일반 음식점업,43,충청북도,43770,음성군,43770253,금왕읍,4377025321,금왕읍,4.37702532110552e+18,1,대지,충청북도 음성군 금왕읍 무극리 552-4,437703353756,충청북도 음성군 금왕읍 금빛공원로,4.37702532110552e+24,충청북도 음성군 금왕읍 금빛공원로 17,27633.0,2.0
MA0101202406A0013149,미미이월이십육일,건대점,I2,음식,I201,한식,I20101,백반/한정식,I56111,한식 일반 음식점업,43,충청북도,43130,충주시,43130605,달천동,4313010900,단월동,4.3130109001038095e+18,1,대지,충청북도 충주시 단월동 381-8,431304515365,충청북도 충주시 충열5길,4.31301090010381e+24,충청북도 충주시 충열5길 30,27478.0,1.0
MA0101202406A0408198,설빙충북,혁신도시점,I2,음식,I210,기타 간이,I21008,아이스크림/빙수,I56194,김밥 및 기타 간이 음식점업,43,충청북도,43770,음성군,43770330,맹동면,4377033031,맹동면,4.377033031105e+18,1,대지,충청북도 음성군 맹동면 동성리 500,437704541746,충청북도 음성군 맹동면 대하1길,4.377033031105e+24,충청북도 음성군 맹동면 대하1길 10,27738.0,2.0
MA0101202406A0205147,요거트아이스크림의정석충북,혁신점,I2,음식,I210,기타 간이,I21008,아이스크림/빙수,I56199,간이 음식 포장 판매 전문점,43,충청북도,43750,진천군,43750253,덕산읍,4375025325,덕산읍,4.37502532512698e+18,1,대지,충청북도 진천군 덕산읍 두촌리 2698,437504541657,충청북도 진천군 덕산읍 대월2길,4.37503102512698e+24,충청북도 진천군 덕산읍 대월2길 61,27872.0,1.0
MA0101202406A0495239,씨유충주,랜드마크점,G2,소매,G204,종합 소매,G20405,편의점,G47122,체인화 편의점,43,충청북도,43130,충주시,43130630,연수동,4313011800,연수동,4.31301180011536e+18,1,대지,충청북도 충주시 연수동 1536,431304515009,충청북도 충주시 연수동산로5길,4.31301180011536e+24,충청북도 충주시 연수동산로5길 14,27352.0,1.0
MA0101202406A0260982,메가엠지씨커피청주봉정,사거리점,I2,음식,I212,비알코올,I21201,카페,I56221,커피 전문점,43,충청북도,43113,청주시 흥덕구,43113751,봉명1동,4311311500,봉명동,4.31131150010168e+18,1,대지,충청북도 청주시 흥덕구 봉명동 168,431133236058,충청북도 청주시 흥덕구 직지대로,4.31131150010168e+24,충청북도 청주시 흥덕구 직지대로 570,28569.0,1.0
MA0101202406A0277965,두끼,오창점,I2,음식,I201,한식,I20101,백반/한정식,I56111,한식 일반 음식점업,43,충청북도,43114,청주시 청원구,43114253,오창읍,4311425345,오창읍,4.3114253451082e+18,1,대지,충청북도 청주시 청원구 오창읍 양청리 820-2,431143240075,충청북도 청주시 청원구 오창읍 중심상업1로,4.3114253451082e+24,충청북도 청주시 청원구 오창읍 중심상업1로 20,28120.0,2.0
MA0101202311A0025212,피씨&PC봉명,2호점,R1,예술·스포츠,R104,유원지·오락,R10406,PC방,R91222,컴퓨터 게임방 운영업,43,충청북도,43113,청주시 흥덕구,43113756,봉명2.송정동,4311311500,봉명동,4.3113115001048893e+18,1,대지,충청북도 청주시 흥덕구 봉명동 489,431134512278,충청북도 청주시 흥덕구 1순환로513번길,4.31131150010489e+24,충청북도 청주시 흥덕구 1순환로513번길 4,28475.0,2.0
MA0101202311A0085291,푸라닭충주,연수점,I2,음식,I210,기타 간이,I21006,치킨,I56193,치킨 전문점,43,충청북도,43130,충주시,43130630,연수동,4313011800,연수동,4.31301180011325e+18,1,대지,충청북도 충주시 연수동 1325,431302238004,충청북도 충주시 번영대로,4.31301180011325e+24,충청북도 충주시 번영대로 211,27344.0,1.0
MA0101202311A0001343,케이레슬링MMA체육관청주,개신점,P1,교육,P106,기타 교육,P10601,태권도/무술학원,P85611,태권도 및 무술 교육기관,43,충청북도,43112,청주시 서원구,43112590,성화.개신.죽림동,4311210900,개신동,4.3112109001069906e+18,1,대지,충청북도 청주시 서원구 개신동 699,431123237030,충청북도 청주시 서원구 복대로,4.31131110010699e+24,충청북도 청주시 서원구 복대로 11,28612.0,4.0
MA0101202311A0028914,샤브뜰청주,분평점,I2,음식,I201,한식,I20101,백반/한정식,I56111,한식 일반 음식점업,43,충청북도,43112,청주시 서원구,43112560,분평동,4311210600,분평동,4.3112106001016095e+18,1,대지,충청북도 청주시 서원구 분평동 161-4,431123236001,충청북도 청주시 서원구 1순환로,4.31131080010161e+24,충청북도 청주시 서원구 1순환로 1094,28802.0,2.0
MA0101202311A0019576,벌툰몽유도원청주,지웰시티점,N1,시설관리·임대,N110,가정용품 대여,N11003,만화방,N76291,서적 임대업,43,충청북도,43113,청주시 흥덕구,43113741,복대1동,4311311400,복대동,4.31131140010288e+18,1,대지,충청북도 청주시 흥덕구 복대동 288-122,431133237020,충청북도 청주시 흥덕구 대농로,4.31131140010288e+24,충청북도 청주시 흥덕구 대농로 68,28427.0,6.0
MA0101202311A0084316,텐퍼센트커피오송역파라곤,센트럴점,I2,음식,I212,비알코올,I21201,카페,I56221,커피 전문점,43,충청북도,43113,청주시 흥덕구,43113250,오송읍,4311325031,오송읍,4.31132503110994e+18,1,대지,충청북도 청주시 흥덕구 오송읍 봉산리 994,431133351774,충청북도 청주시 흥덕구 오송읍 오송생명11로,4.31132503110994e+24,충청북도 청주시 흥덕구 오송읍 오송생명11로 48,28222.0,1.0
MA0101202311A0086197,역전할머니맥주,청주봉명점,I2,음식,I211,주점,I21103,생맥주 전문,I56111,한식 일반 음식점업,43,충청북도,43113,청주시 흥덕구,43113756,봉명2.송정동,4311311500,봉명동,4.31131150012724e+18,1,대지,충청북도 청주시 흥덕구 봉명동 2724,431134511253,충청북도 청주시 흥덕구 덕암로114번길,4.31131150012724e+24,충청북도 청주시 흥덕구 덕암로114번길 85,28465.0,1.0
MA0101202311A0087795,맛깔참죽&완도미역청주,복대점,I2,음식,I201,한식,I20101,백반/한정식,I56111,한식 일반 음식점업,43,충청북도,43113,청주시 흥덕구,43113741,복대1동,4311311400,복대동,4.31131140013366e+18,1,대지,충청북도 청주시 흥덕구 복대동 3366,431134511235,충청북도 청주시 흥덕구 대신로73번길,4.31131140013366e+24,충청북도 청주시 흥덕구 대신로73번길 8,28582.0,1.0
MA0101202311A0004163,빽다방충북,증평점,I2,음식,I212,비알코올,I21201,카페,I56221,커피 전문점,43,충청북도,43745,증평군,43745250,증평읍,4374525023,증평읍,4.37452502310016e+18,1,대지,충청북도 증평군 증평읍 중동리 16-3,437453244026,충청북도 증평군 증평읍 중앙로,4.37452502310016e+24,충청북도 증평군 증평읍 중앙로 197,27927.0,1.0
MA0101202311A0099789,철길부산집청주,율량점,I2,음식,I211,주점,I21104,요리 주점,I56219,기타 주점업,43,충청북도,43114,청주시 청원구,43114540,율량.사천동,4311410300,율량동,4.31141030012057e+18,1,대지,충청북도 청주시 청원구 율량동 2057,431144844107,충청북도 청주시 청원구 율량로202번길,4.31141030012057e+24,충청북도 청주시 청원구 율량로202번길 28,28320.0,1.0
MA0101202311A0047452,비에이치씨치킨성,본점,I2,음식,I210,기타 간이,I21006,치킨,I56193,치킨 전문점,43,충청북도,43770,음성군,43770340,대소면,4377034024,대소면,4.3770340241092495e+18,1,대지,충청북도 음성군 대소면 성본리 925,437703353150,충청북도 음성군 대소면 성본상가로,4.37703402410925e+24,충청북도 음성군 대소면 성본상가로 49,27741.0,1.0
MA0101202311A0099436,육솥솥뚜껑,전문점,I2,음식,I201,한식,I20107,돼지고기 구이/찜,I56113,한식 육류 요리 전문점,43,충청북도,43150,제천시,43150510,교동,4315011600,장락동,4.3150116001054894e+18,1,대지,충청북도 제천시 장락동 549-12,431504844153,충청북도 제천시 죽하로11안길,4.31501160010549e+24,충청북도 제천시 죽하로11안길 32,27144.0,1.0
MA0101202311A0005351,공차롯데시네마청주,용암점,I2,음식,I212,비알코올,I21201,카페,N75999,그 외 기타 분류 안된 사업 지원 서비스업,43,충청북도,43111,청주시 상당구,43111720,용암1동,4311112400,용암동,4.3111124001170294e+18,1,대지,충청북도 청주시 상당구 용암동 1703,431113236001,충청북도 청주시 상당구 1순환로,4.31111240011703e+24,충청북도 청주시 상당구 1순환로 1233,28776.0,1.0
MA0101202311A0013512,소코아청주,동남점,I2,음식,I203,일식,I20301,일식 회/초밥,I56122,일식 음식점업,43,충청북도,43111,청주시 상당구,43111720,용암1동,4311112400,용암동,4.3111124001304893e+18,1,대지,충청북도 청주시 상당구 용암동 3049,431114857347,충청북도 청주시 상당구 중고개로141번길,4.31111240013049e+24,충청북도 청주시 상당구 중고개로141번길 18-4,28808.0,1.0
MA0101202311A0086105,에스알트레이더스,청주지점,M1,과학·기술,M107,본사·경영 컨설팅,M10703,경영 컨설팅업,M71531,경영 컨설팅업,43,충청북도,43114,청주시 청원구,43114253,오창읍,4311425345,오창읍,4.31142534510798e+18,1,대지,충청북도 청주시 청원구 오창읍 양청리 798-3,431143240077,충청북도 청주시 청원구 오창읍 중심상업로,4.37102534500798e+24,충청북도 청주시 청원구 오창읍 중심상업로 32-13,28119.0,7.0
MA0101202311A0035665,휴대폰하우스,운천점,G2,소매,G208,가전·통신 소매,G20802,핸드폰 소매업,G47312,통신기기 소매업,43,충청북도,43113,청주시 흥덕구,43113700,운천.신봉동,4311310400,운천동,4.31131040010555e+18,1,대지,충청북도 청주시 흥덕구 운천동 555-17,431133237036,충청북도 청주시 흥덕구 사운로,4.31131040010555e+24,충청북도 청주시 흥덕구 사운로 286,28467.0,2.0
MA0101202311A0046656,바다수퍼해물천하조개구이,진천점,I2,음식,I201,한식,I20112,해산물 구이/찜,I56114,한식 해산물 요리 전문점,43,충청북도,43750,진천군,43750250,진천읍,4375025024,진천읍,4.37502502410307e+18,1,대지,충청북도 진천군 진천읍 읍내리 307-4,437503245020,충청북도 진천군 진천읍 중앙서로,4.37502502410307e+24,충청북도 진천군 진천읍 중앙서로 33-10,27833.0,1.0
MA0101202311A0092871,신전떡볶이,가경점,I2,음식,I210,기타 간이,I21007,김밥/만두/분식,I56194,김밥 및 기타 간이 음식점업,43,충청북도,43113,청주시 흥덕구,43113747,가경동,4311311300,가경동,4.31131130012256e+18,1,대지,충청북도 청주시 흥덕구 가경동 2256,431133237046,충청북도 청주시 흥덕구 서현로,4.31131130010644e+24,충청북도 청주시 흥덕구 서현로 32,28382.0,1.0
MA0101202311A0038192,뿅카는생막창오창,본점,I2,음식,I201,한식,I20109,곱창 전골/구이,I56113,한식 육류 요리 전문점,43,충청북도,43114,청주시 청원구,43114253,오창읍,4311425344,오창읍,4.3114253441065103e+18,1,대지,충청북도 청주시 청원구 오창읍 각리 651-6,431143240009,충청북도 청주시 청원구 오창읍 과학산업5로,4.37102534400651e+24,충청북도 청주시 청원구 오창읍 과학산업5로 108-11,28123.0,1.0
MA0101202311A0051287,감성족발청주,직영점,I2,음식,I201,한식,I20103,족발/보쌈,I56111,한식 일반 음식점업,43,충청북도,43113,청주시 흥덕구,43113751,봉명1동,4311311500,봉명동,4.3113115001098097e+18,1,대지,충청북도 청주시 흥덕구 봉명동 981,431134511416,충청북도 청주시 흥덕구 봉명로205번길,4.31131150010981e+24,충청북도 청주시 흥덕구 봉명로205번길 8,28561.0,1.0
MA0101202311A0065237,세븐일레븐청주봉명,빌리지점,G2,소매,G204,종합 소매,G20405,편의점,G46103,섬유; 의복; 신발 및 가죽제품 중개업,43,충청북도,43113,청주시 흥덕구,43113751,봉명1동,4311311500,봉명동,4.3113115001017e+18,1,대지,충청북도 청주시 흥덕구 봉명동 170-4,431134512189,충청북도 청주시 흥덕구 1순환로570번길,4.3113115001017e+24,충청북도 청주시 흥덕구 1순환로570번길 46,28570.0,1.0
MA0101202311A0032406,이화본죽,금왕점,I2,음식,I201,한식,I20101,백반/한정식,I56111,한식 일반 음식점업,43,충청북도,43770,음성군,43770253,금왕읍,4377025322,금왕읍,4.37702532210224e+18,1,대지,충청북도 음성군 금왕읍 금석리 224,437703247044,충청북도 음성군 금왕읍 음성로,4.37702532210224e+24,충청북도 음성군 금왕읍 음성로 1208,27627.0,1.0
MA0101202406A0051297,세븐일레븐청주뉴,하복대점,G2,소매,G204,종합 소매,G20405,편의점,G46103,섬유; 의복; 신발 및 가죽제품 중개업,43,충청북도,43113,청주시 흥덕구,43113741,복대1동,4311311400,복대동,4.31131140012836e+18,1,대지,충청북도 청주시 흥덕구 복대동 2836,431134511888,충청북도 청주시 흥덕구 짐대로72번길,4.31131140012836e+24,충청북도 청주시 흥덕구 짐대로72번길 51,28418.0,1.0
MA0101202406A0105288,던킨도너츠충북,금왕점,I2,음식,I210,기타 간이,I21001,빵/도넛,I56192,피자; 햄버거; 샌드위치 및 유사 음식점업,43,충청북도,43770,음성군,43770253,금왕읍,4377025321,금왕읍,4.3770253211051295e+18,1,대지,충청북도 음성군 금왕읍 무극리 513-1,437703247019,충청북도 음성군 금왕읍 무극로,4.37702532110513e+24,충청북도 음성군 금왕읍 무극로 255,27629.0,1.0
MA0101202406A0070032,효자동솥뚜껑충주,연수점,I2,음식,I201,한식,I20101,백반/한정식,I56111,한식 일반 음식점업,43,충청북도,43130,충주시,43130630,연수동,4313011800,연수동,4.31301180011358e+18,1,대지,충청북도 충주시 연수동 1358,431302238004,충청북도 충주시 번영대로,4.31301180011358e+24,충청북도 충주시 번영대로 210-1,27352.0,1.0
MA0101202406A0431347,천사분평7단지,무인점,G2,소매,G204,종합 소매,G20404,슈퍼마켓,G47121,슈퍼마켓,43,충청북도,43112,청주시 서원구,43112560,분평동,4311210600,분평동,4.31121060011386e+18,1,대지,충청북도 청주시 서원구 분평동 1386-2,431123237034,충청북도 청주시 서원구 분평로,4.31131080011386e+24,충청북도 청주시 서원구 분평로 20,28799.0,1.0
MA0101202406A0235390,아임일리터,청주봉명점,I2,음식,I212,비알코올,I21201,카페,I56221,커피 전문점,43,충청북도,43113,청주시 흥덕구,43113756,봉명2.송정동,4311311500,봉명동,4.3113115001275095e+18,1,대지,충청북도 청주시 흥덕구 봉명동 2751,431134511376,충청북도 청주시 흥덕구 백봉로223번길,4.31131150012751e+24,충청북도 청주시 흥덕구 백봉로223번길 17,28465.0,1.0
MA0101202406A0261577,에꼴리에,증평점,G2,소매,G209,섬유·의복·신발 소매,G20905,기타 의류 소매업,G47414,셔츠 및 블라우스 소매업,43,충청북도,43745,증평군,43745250,증평읍,4374525025,증평읍,4.37452502510008e+18,1,대지,충청북도 증평군 증평읍 신동리 8,437453244026,충청북도 증평군 증평읍 중앙로,4.37452502510008e+24,충청북도 증평군 증평읍 중앙로 192-1,27930.0,1.0
MA0101202406A0039399,고돼지청주,흥덕점,I2,음식,I201,한식,I20107,돼지고기 구이/찜,I56111,한식 일반 음식점업,43,충청북도,43113,청주시 흥덕구,43113756,봉명2.송정동,4311311500,봉명동,4.31131150010642e+18,1,대지,충청북도 청주시 흥덕구 봉명동 642-1,431133236001,충청북도 청주시 흥덕구 1순환로,4.31131150010642e+24,충청북도 청주시 흥덕구 1순환로 543,28477.0,1.0
MA0101202406A0047173,씨유충주호암,중앙점,G2,소매,G204,종합 소매,G20405,편의점,G47122,체인화 편의점,43,충청북도,43130,충주시,43130580,호암.직동,4313010700,호암동,4.3130107001010094e+18,1,대지,충청북도 충주시 호암동 101-1,431303238084,충청북도 충주시 호암중앙1로,4.31301070010101e+24,충청북도 충주시 호암중앙1로 4,27483.0,1.0
MA0101202406A0360693,백세장수촌,증평점,I2,음식,I201,한식,I20101,백반/한정식,I56111,한식 일반 음식점업,43,충청북도,43745,증평군,43745250,증평읍,4374525032,증평읍,4.3745250321088097e+18,1,대지,충청북도 증평군 증평읍 송산리 881,437454532229,충청북도 증평군 증평읍 송산로5길,4.37452503210881e+24,충청북도 증평군 증평읍 송산로5길 37,27917.0,1.0
MA0101202406A0144245,천사,무인점,G2,소매,G204,종합 소매,G20404,슈퍼마켓,G47129,기타 음ㆍ식료품 위주 종합 소매업,43,충청북도,43114,청주시 청원구,43114540,율량.사천동,4311410300,율량동,4.31141030012319e+18,1,대지,충청북도 청주시 청원구 율량동 2319,431143349125,충청북도 청주시 청원구 율중로,4.31141030012319e+24,충청북도 청주시 청원구 율중로 11,28315.0,1.0
MA0101202406A0556207,트래블,데일리,N1,시설관리·임대,N105,여행사·보조,N10501,여행사,N75210,여행사업,43,충청북도,43114,청주시 청원구,43114540,율량.사천동,4311410300,율량동,4.3114103001086095e+18,1,대지,충청북도 청주시 청원구 율량동 861,431144508648,충청북도 청주시 청원구 충청대로139번길,4.31111150010861e+24,충청북도 청주시 청원구 충청대로139번길 40,28326.0,2.0
MA0101202406A0519227,설아아이스크림청주리버,파크자이점,G2,소매,G204,종합 소매,G20404,슈퍼마켓,G47129,기타 음ㆍ식료품 위주 종합 소매업,43,충청북도,43113,청주시 흥덕구,43113320,옥산면,4311332025,옥산면,4.3113320251097697e+18,1,대지,충청북도 청주시 흥덕구 옥산면 가락리 977,431133240054,충청북도 청주시 흥덕구 옥산면 오송가락로,4.31133202510879e+24,충청북도 청주시 흥덕구 옥산면 오송가락로 1055,28113.0,1.0
MA0101202406A0471073,에스케이티맥스,가경점,G2,소매,G208,가전·통신 소매,G20802,핸드폰 소매업,G47312,통신기기 소매업,43,충청북도,43113,청주시 흥덕구,43113747,가경동,4311311300,가경동,4.31131130012068e+18,1,대지,충청북도 청주시 흥덕구 가경동 2068,431133237047,충청북도 청주시 흥덕구 서현북로,4.31131130012068e+24,충청북도 청주시 흥덕구 서현북로 78,28384.0,1.0
MA0101202406A0485142,어라운드스터디카페,분평점,R1,예술·스포츠,R102,도서관·사적지,R10202,독서실/스터디 카페,R90212,독서실 운영업,43,충청북도,43112,청주시 서원구,43112560,분평동,4311210600,분평동,4.31121060011378e+18,1,대지,충청북도 청주시 서원구 분평동 1378,431123237034,충청북도 청주시 서원구 분평로,4.31131080011378e+24,충청북도 청주시 서원구 분평로 36,28799.0,5.0
MA0101202406A0369444,그라운드코어청주주짓수,코리아,P1,교육,P106,기타 교육,P10601,태권도/무술학원,P85611,태권도 및 무술 교육기관,43,충청북도,43112,청주시 서원구,43112530,사창동,4311210200,사창동,4.31121020010147e+18,1,대지,충청북도 청주시 서원구 사창동 147-12,431123236025,충청북도 청주시 서원구 사직대로,4.31131020010147e+24,충청북도 청주시 서원구 사직대로 85,28575.0,4.0
MA0101202406A0275133,철판요리전심지웰시티,본점,I2,음식,I203,일식,I20301,일식 회/초밥,I56122,일식 음식점업,43,충청북도,43113,청주시 흥덕구,43113741,복대1동,4311311400,복대동,4.31131140010288e+18,1,대지,충청북도 청주시 흥덕구 복대동 288-6,431133237020,충청북도 청주시 흥덕구 대농로,4.31131140010288e+24,충청북도 청주시 흥덕구 대농로 33,28424.0,1.0
MA0101202406A0301991,스터디카페봄,금천점,R1,예술·스포츠,R102,도서관·사적지,R10202,독서실/스터디 카페,R90212,독서실 운영업,43,충청북도,43111,청주시 상당구,43111680,금천동,4311112000,금천동,4.31111200010278e+18,1,대지,충청북도 청주시 상당구 금천동 278,431113236055,충청북도 청주시 상당구 중고개로,4.31111200010278e+24,충청북도 청주시 상당구 중고개로 334,28744.0,5.0
MA010120220814392075,JM,골프연습장,R1,예술·스포츠,R103,스포츠 서비스,R10311,골프 연습장,R91136,골프 연습장 운영업,43,충청북도,43114,청주시 청원구,43114550,오근장동,4311410500,주성동,4.31141050010338e+18,1,대지,충청북도 청주시 청원구 주성동 338,431143349124,충청북도 청주시 청원구 율량로,4.31111310010142e+24,충청북도 청주시 청원구 율량로 104,28318.0,3.0
MA010120220805573088,가나세계주류,백화점,G2,소매,G206,음료 소매,G20602,주류 소매업,G47221,음료 소매업,43,충청북도,43114,청주시 청원구,43114510,우암동,4311410100,우암동,4.31141010010111e+18,1,대지,충청북도 청주시 청원구 우암동 111-1,431143236027,충청북도 청주시 청원구 상당로,4.31111130010111e+24,충청북도 청주시 청원구 상당로 246-2,28505.0,1.0
MA010120220806581406,1954무한등심,진천점,I2,음식,I201,한식,I20108,소고기 구이/찜,I56113,한식 육류 요리 전문점,43,충청북도,43750,진천군,43750250,진천읍,4375025028,진천읍,4.3750250281000294e+18,1,대지,충청북도 진천군 진천읍 장관리 3-26,437503245021,충청북도 진천군 진천읍 진광로,4.37502502810003e+24,충청북도 진천군 진천읍 진광로 97-12,27844.0,2.0
MA010120220808707216,숯겹살,산남점,I2,음식,I201,한식,I20107,돼지고기 구이/찜,I56113,한식 육류 요리 전문점,43,충청북도,43112,청주시 서원구,43112550,산남동,4311210400,산남동,4.3112104001061094e+18,1,대지,충청북도 청주시 서원구 산남동 611,431124511286,충청북도 청주시 서원구 두꺼비로94번길,4.31131060010611e+24,충청북도 청주시 서원구 두꺼비로94번길 56-15,28625.0,1.0
MA010120220812760669,꾸브라꼬숯불두마리치킨,용암점,I2,음식,I210,기타 간이,I21006,치킨,I56193,치킨 전문점,43,충청북도,43111,청주시 상당구,43111720,용암1동,4311112400,용암동,4.3111124001165906e+18,1,대지,충청북도 청주시 상당구 용암동 1659,431114508560,충청북도 청주시 상당구 월평로184번길,4.31111240011659e+24,충청북도 청주시 상당구 월평로184번길 127,28776.0,1.0
MA010120220806341200,패리스,청담동,G2,소매,G209,섬유·의복·신발 소매,G20911,가방 소매업,G47440,가방 및 기타 가죽제품 소매업,43,충청북도,43111,청주시 상당구,43111690,용담.명암.산성동,4311112100,용담동,4.31111210010366e+18,1,대지,충청북도 청주시 상당구 용담동 366,431113014064,충청북도 청주시 상당구 산성로,4.31111210010366e+24,충청북도 청주시 상당구 산성로 104,28744.0,2.0
MA010120220806346759,아워홈더블유스코프주,오창점,I2,음식,I207,구내식당·뷔페,I20701,구내식당,I56130,기관 구내식당업,43,충청북도,43114,청주시 청원구,43114253,오창읍,4311425344,오창읍,4.31142534410653e+18,1,대지,충청북도 청주시 청원구 오창읍 각리 653-7,431143240008,충청북도 청주시 청원구 오창읍 과학산업4로,4.37102534410653e+24,충청북도 청주시 청원구 오창읍 과학산업4로 106,28122.0,1.0
MA010120220804424919,비에이치씨제천,중앙점,I2,음식,I210,기타 간이,I21006,치킨,I56193,치킨 전문점,43,충청북도,43150,제천시,43150528,중앙동,4315010100,의림동,4.31501010010008e+18,1,대지,충청북도 제천시 의림동 8-9,431502239002,충청북도 제천시 의림대로,4.31501010010008e+24,충청북도 제천시 의림대로 157,27165.0,1.0
MA010120220812916636,대동집청주,산남점,I2,음식,I211,주점,I21104,요리 주점,I56219,기타 주점업,43,충청북도,43112,청주시 서원구,43112550,산남동,4311210400,산남동,4.3112104001065206e+18,1,대지,충청북도 청주시 서원구 산남동 652,431123237037,충청북도 청주시 서원구 산남로,4.31131060010652e+24,충청북도 청주시 서원구 산남로 50,28625.0,1.0
MA010120220803124274,파리바게뜨청주동남,씨티점,I2,음식,I210,기타 간이,I21001,빵/도넛,I56191,제과점업,43,충청북도,43111,청주시 상당구,43111720,용암1동,4311112400,용암동,4.31111240013146e+18,1,대지,충청북도 청주시 상당구 용암동 3146,431114857348,충청북도 청주시 상당구 중고개로142번길,4.31111240012942e+24,충청북도 청주시 상당구 중고개로142번길 31,28807.0,1.0
MA010120220812473443,노군꼬치,분평점,I2,음식,I211,주점,I21104,요리 주점,I56219,기타 주점업,43,충청북도,43112,청주시 서원구,43112560,분평동,4311210600,분평동,4.3112106001131894e+18,1,대지,충청북도 청주시 서원구 분평동 1319,431124511741,충청북도 청주시 서원구 원마루로14번길,4.31131080011319e+24,충청북도 청주시 서원구 원마루로14번길 14,28794.0,1.0
MA010120220810005793,시크헤어,본점,S2,수리·개인,S207,이용·미용,S20701,미용실,S96112,두발 미용업,43,충청북도,43130,충주시,43130630,연수동,4313011800,연수동,4.31301180011404e+18,1,대지,충청북도 충주시 연수동 1404-1,431304514368,충청북도 충주시 동수2길,4.31301180011404e+24,충청북도 충주시 동수2길 19-1,27350.0,1.0
MA010120220809235841,미니스톱제천,법원점,G2,소매,G204,종합 소매,G20405,편의점,G47122,체인화 편의점,43,충청북도,43150,제천시,43150590,청전동,4315011300,청전동,4.31501130010168e+18,1,대지,충청북도 제천시 청전동 168-3,431504518066,충청북도 제천시 칠성로9길,4.31501130010168e+24,충청북도 제천시 칠성로9길 22,27165.0,1.0
MA010120220813953316,공차,충북대점,I2,음식,I212,비알코올,I21201,카페,I56229,기타 비알코올 음료점업,43,충청북도,43112,청주시 서원구,43112530,사창동,4311210200,사창동,4.31121020010461e+18,1,대지,충청북도 청주시 서원구 사창동 461,431124512175,충청북도 청주시 서원구 1순환로672번길,4.31131020010461e+24,충청북도 청주시 서원구 1순환로672번길 64,28643.0,1.0
MA010120220805927760,아쿠아워시,음성점,S2,수리·개인,S209,세탁,S20901,세탁소,S96912,가정용 세탁업,43,충청북도,43770,음성군,43770250,음성읍,4377025021,음성읍,4.377025021104e+18,1,대지,충청북도 음성군 음성읍 읍내리 400-21,437704854512,충청북도 음성군 음성읍 중앙로50번길,4.377025021104e+24,충청북도 음성군 음성읍 중앙로50번길 14,27706.0,1.0
MA010120220809630055,우돈부페무카타,금왕점,I2,음식,I207,구내식당·뷔페,I20702,뷔페,I56113,한식 육류 요리 전문점,43,충청북도,43770,음성군,43770253,금왕읍,4377025321,금왕읍,4.37702532110062e+18,1,대지,충청북도 음성군 금왕읍 무극리 62-5,437704541477,충청북도 음성군 금왕읍 응천서길,4.37702532110063e+24,충청북도 음성군 금왕읍 응천서길 35,27634.0,1.0
MA010120220804598794,뮤작,충북대점,N1,시설관리·임대,N110,가정용품 대여,N11099,기타 개인/가정용품 대여업,N76299,그 외 기타 개인 및 가정용품 임대업,43,충청북도,43112,청주시 서원구,43112530,사창동,4311210200,사창동,4.31121020010525e+18,1,대지,충청북도 청주시 서원구 사창동 525,431123236001,충청북도 청주시 서원구 1순환로,4.31131020010525e+24,충청북도 청주시 서원구 1순환로 698,28643.0,4.0
MA010120220813236853,요거프레소충주,연수점,I2,음식,I212,비알코올,I21201,카페,I56229,기타 비알코올 음료점업,43,충청북도,43130,충주시,43130630,연수동,4313011800,연수동,4.31301180011354e+18,1,대지,충청북도 충주시 연수동 1354,431303238044,충청북도 충주시 연수동산로,4.31301180011354e+24,충청북도 충주시 연수동산로 47,27352.0,1.0
MA010120220810142737,도미노피자청주,충북대점,I2,음식,I210,기타 간이,I21003,피자,I56192,피자; 햄버거; 샌드위치 및 유사 음식점업,43,충청북도,43112,청주시 서원구,43112530,사창동,4311210200,사창동,4.3112102001049e+18,1,대지,충청북도 청주시 서원구 사창동 490,431123236001,충청북도 청주시 서원구 1순환로,4.3113102001049e+24,충청북도 청주시 서원구 1순환로 684,28643.0,1.0
MA010120220805141558,착한초밥,율량점,I2,음식,I203,일식,I20301,일식 회/초밥,I56122,일식 음식점업,43,충청북도,43114,청주시 청원구,43114540,율량.사천동,4311410300,율량동,4.3114103001087094e+18,1,대지,충청북도 청주시 청원구 율량동 871,431143236050,충청북도 청주시 청원구 율봉로,4.31141030010871e+24,충청북도 청주시 청원구 율봉로 211,28326.0,1.0
MA010120220809776104,알포유제천,본점,S2,수리·개인,S208,욕탕·신체관리,S20803,체형/비만 관리,S96129,체형 등 기타 신체 관리 서비스업,43,충청북도,43150,제천시,43150560,용두동,4315011100,하소동,4.3150111001012495e+18,1,대지,충청북도 제천시 하소동 125-7,431504517625,충청북도 제천시 용두대로15길,4.31501110010124e+24,충청북도 제천시 용두대로15길 35,27162.0,1.0
MA010120220806316371,블루페페청주,용암점,G2,소매,G209,섬유·의복·신발 소매,G20905,기타 의류 소매업,G47414,셔츠 및 블라우스 소매업,43,충청북도,43111,청주시 상당구,43111720,용암1동,4311112400,용암동,4.3111124001162496e+18,1,대지,충청북도 청주시 상당구 용암동 1625,431114508560,충청북도 청주시 상당구 월평로184번길,4.31111240011625e+24,충청북도 청주시 상당구 월평로184번길 67,28776.0,1.0
MA010120220806333890,애니카랜드,오창점,S2,수리·개인,S203,자동차 수리·세차,S20301,자동차 정비소,S95212,자동차 전문 수리업,43,충청북도,43114,청주시 청원구,43114253,오창읍,4311425330,오창읍,4.31142533010403e+18,1,대지,충청북도 청주시 청원구 오창읍 장대리 403-7,431143240028,충청북도 청주시 청원구 오창읍 두릉유리로,4.37102533010403e+24,충청북도 청주시 청원구 오창읍 두릉유리로 1073,28109.0,1.0
MA0101202305A0161014,호치스,청주지점,M1,과학·기술,M105,광고,M10501,광고 대행업,M71310,광고 대행업,43,충청북도,43111,청주시 상당구,43111690,용담.명암.산성동,4311112100,용담동,4.31111210010372e+18,1,대지,충청북도 청주시 상당구 용담동 372,431114508297,충청북도 청주시 상당구 산성로98번길,4.31111210010372e+24,충청북도 청주시 상당구 산성로98번길 23,28744.0,7.0
MA0101202306A0075484,토리아에즈청주,동남점,I2,음식,I211,주점,I21104,요리 주점,I56219,기타 주점업,43,충청북도,43111,청주시 상당구,43111720,용암1동,4311112400,용암동,4.3111124001303506e+18,1,대지,충청북도 청주시 상당구 용암동 3035,431114857347,충청북도 청주시 상당구 중고개로141번길,4.31111240013035e+24,충청북도 청주시 상당구 중고개로141번길 22,28808.0,1.0
MA0101202305A0127184,제비스코,대리점,G2,소매,G210,철물·건설자재 소매,G21099,기타 건설/건축자재 소매업,G47519,페인트; 창호 및 기타 건설자재 소매업,43,충청북도,43745,증평군,43745250,증평읍,4374525030,증평읍,4.3745250301058703e+18,1,대지,충청북도 증평군 증평읍 초중리 587-14,437454532183,충청북도 증평군 증평읍 초중11길,4.37452503010587e+24,충청북도 증평군 증평읍 초중11길 5,27938.0,1.0
MA0101202305A0076233,탕화쿵푸마라탕청주,터미널점,I2,음식,I202,중식,I20202,마라탕/훠궈,I56121,중식 음식점업,43,충청북도,43113,청주시 흥덕구,43113747,가경동,4311311300,가경동,4.31131130011412e+18,1,대지,충청북도 청주시 흥덕구 가경동 1412,431133237092,충청북도 청주시 흥덕구 풍년로,4.31131130011412e+24,충청북도 청주시 흥덕구 풍년로 160,28395.0,1.0
MA0101202306A0030751,듬뿍,직영점,I2,음식,I201,한식,I20101,백반/한정식,I56111,한식 일반 음식점업,43,충청북도,43113,청주시 흥덕구,43113747,가경동,4311311300,가경동,4.31131130011212e+18,1,대지,충청북도 청주시 흥덕구 가경동 1212,431134511073,충청북도 청주시 흥덕구 가경로149번길,4.31131130011212e+24,충청북도 청주시 흥덕구 가경로149번길 3,28393.0,1.0
MA0101202306A0087616,이마트24제천,명동점,G2,소매,G204,종합 소매,G20405,편의점,G47122,체인화 편의점,43,충청북도,43150,제천시,43150528,중앙동,4315010800,명동,4.3150108001024696e+18,1,대지,충청북도 제천시 명동 247-22,431503239051,충청북도 제천시 용두천로,4.31501080010247e+24,충청북도 제천시 용두천로 33,27185.0,1.0
MA0101202305A0086057,볼빅청주,에버세이브점,G2,소매,G209,섬유·의복·신발 소매,G20905,기타 의류 소매업,G47419,기타 의복 소매업,43,충청북도,43112,청주시 서원구,43112560,분평동,4311210500,미평동,4.31121050010028e+18,1,대지,충청북도 청주시 서원구 미평동 28-2,431124511938,충청북도 청주시 서원구 청남로1936번길,4.31131070010031e+24,충청북도 청주시 서원구 청남로1936번길 2,28802.0,2.0
MA0101202305A0160642,이디야커피가경,아이파크점,I2,음식,I212,비알코올,I21201,카페,I56221,커피 전문점,43,충청북도,43113,청주시 흥덕구,43113747,가경동,4311311300,가경동,4.3113113001222897e+18,1,대지,충청북도 청주시 흥덕구 가경동 2229-2,431133237046,충청북도 청주시 흥덕구 서현로,4.31131130012229e+24,충청북도 청주시 흥덕구 서현로 102-22,28382.0,1.0
MA0101202306A0093951,현대충청빨질레리,백화점,G2,소매,G209,섬유·의복·신발 소매,G20901,남성 의류 소매업,G47411,남자용 겉옷 소매업,43,충청북도,43113,청주시 흥덕구,43113741,복대1동,4311311400,복대동,4.3113114001338e+18,1,대지,충청북도 청주시 흥덕구 복대동 3380,431133236058,충청북도 청주시 흥덕구 직지대로,4.31131140010584e+24,충청북도 청주시 흥덕구 직지대로 308,28424.0,4.0
MA0101202306A0036777,메고지고떡창고청주,율량점,I2,음식,I210,기타 간이,I21001,빵/도넛,I56191,제과점업,43,충청북도,43114,청주시 청원구,43114550,오근장동,4311410500,주성동,4.3114105001038495e+18,1,대지,충청북도 청주시 청원구 주성동 385,431143349124,충청북도 청주시 청원구 율량로,4.31141050010385e+24,충청북도 청주시 청원구 율량로 126,28318.0,1.0
MA0101202306A0012127,동래정,오창점,I2,음식,I201,한식,I20107,돼지고기 구이/찜,I56113,한식 육류 요리 전문점,43,충청북도,43114,청주시 청원구,43114253,오창읍,4311425345,오창읍,4.3114253451078897e+18,1,대지,충청북도 청주시 청원구 오창읍 양청리 789-6,431143240075,충청북도 청주시 청원구 오창읍 중심상업1로,4.37102534510789e+24,충청북도 청주시 청원구 오창읍 중심상업1로 8-27,28120.0,1.0
MA0101202306A0042122,지에스25충주연수,계룡점,G2,소매,G204,종합 소매,G20405,편의점,G47122,체인화 편의점,43,충청북도,43130,충주시,43130630,연수동,4313011800,연수동,4.3130118001071e+18,1,대지,충청북도 충주시 연수동 710-3,431304515027,충청북도 충주시 연수서편2길,4.3130118001071e+24,충청북도 충주시 연수서편2길 31,27346.0,1.0
MA0101202306A0072631,감동식혜,용암점,I2,음식,I212,비알코올,I21201,카페,I56229,기타 비알코올 음료점업,43,충청북도,43111,청주시 상당구,43111720,용암1동,4311112400,용암동,4.31111240013074e+18,1,대지,충청북도 청주시 상당구 용암동 3074,431114857347,충청북도 청주시 상당구 중고개로141번길,4.31111240013074e+24,충청북도 청주시 상당구 중고개로141번길 11-1,28808.0,1.0
MA0101202306A0026461,파스크린,골프연습장,R1,예술·스포츠,R103,스포츠 서비스,R10311,골프 연습장,R91136,골프 연습장 운영업,43,충청북도,43150,제천시,43150605,화산동,4315012100,강제동,4.31501210010816e+18,1,대지,충청북도 제천시 강제동 816,431503239001,충청북도 제천시 강저로,4.31501210010816e+24,충청북도 제천시 강저로 232,27200.0,2.0
MA0101202305A0063162,슈퍼막회,율량점,I2,음식,I201,한식,I20111,횟집,I56114,한식 해산물 요리 전문점,43,충청북도,43114,청주시 청원구,43114540,율량.사천동,4311410300,율량동,4.31141030012042e+18,1,대지,충청북도 청주시 청원구 율량동 2042,431144844105,충청북도 청주시 청원구 율량로190번길,4.31141030012042e+24,충청북도 청주시 청원구 율량로190번길 25,28320.0,1.0
MA0101202306A0064005,오레시피충북,혁신점,G2,소매,G205,식료품 소매,G20509,반찬/식료품 소매업,G47218,조리 반찬류 소매업,43,충청북도,43770,음성군,43770330,맹동면,4377033031,맹동면,4.37703303110484e+18,1,대지,충청북도 음성군 맹동면 동성리 484,437704541753,충청북도 음성군 맹동면 사예3길,4.37703303110484e+24,충청북도 음성군 맹동면 사예3길 18,27738.0,1.0
MA0101202305A0088712,메가MGC커피오창,호수공원점,I2,음식,I212,비알코올,I21201,카페,I56221,커피 전문점,43,충청북도,43114,청주시 청원구,43114253,오창읍,4311425345,오창읍,4.31142534510752e+18,1,대지,충청북도 청주시 청원구 오창읍 양청리 752-9,431143240006,충청북도 청주시 청원구 오창읍 과학산업2로,4.37102534500752e+24,충청북도 청주시 청원구 오창읍 과학산업2로 363,28115.0,1.0
MA0101202305A0041997,쑈진즈마라탕,옥천점,I2,음식,I202,중식,I20202,마라탕/훠궈,I56121,중식 음식점업,43,충청북도,43730,옥천군,43730250,옥천읍,4373025036,옥천읍,4.37302503610022e+18,1,대지,충청북도 옥천군 옥천읍 금구리 22-1,437303242048,충청북도 옥천군 옥천읍 중앙로,4.37302503610022e+24,충청북도 옥천군 옥천읍 중앙로 56,29046.0,1.0
MA0101202305A0104283,라쿵푸충주,호암점,I2,음식,I202,중식,I20201,중국집,I56121,중식 음식점업,43,충청북도,43130,충주시,43130580,호암.직동,4313010700,호암동,4.31301070010208e+18,1,대지,충청북도 충주시 호암동 208-8,431302238007,충청북도 충주시 호암대로,4.31301070010208e+24,충청북도 충주시 호암대로 112-2,27481.0,1.0
MA0101202305A0154339,티피컬짐,분평점,R1,예술·스포츠,R103,스포츠 서비스,R10307,헬스장,R91132,체력 단련시설 운영업,43,충청북도,43112,청주시 서원구,43112560,분평동,4311210600,분평동,4.3112106001126497e+18,1,대지,충청북도 청주시 서원구 분평동 1265,431123237068,충청북도 청주시 서원구 원마루로,4.31131080011265e+24,충청북도 청주시 서원구 원마루로 24,28794.0,5.0
MA0101202305A0076224,디저트39,청주대점,I2,음식,I212,비알코올,I21201,카페,I56221,커피 전문점,43,충청북도,43114,청주시 청원구,43114510,우암동,4311410100,우암동,4.31141010010237e+18,1,대지,충청북도 청주시 청원구 우암동 237-1,431143236027,충청북도 청주시 청원구 상당로,4.31111130010237e+24,충청북도 청주시 청원구 상당로 247,28536.0,1.0
MA0101202305A0154576,투다리,동남점,I2,음식,I211,주점,I21104,요리 주점,I56219,기타 주점업,43,충청북도,43111,청주시 상당구,43111720,용암1동,4311112400,용암동,4.3111124001307295e+18,1,대지,충청북도 청주시 상당구 용암동 3073,431114857347,충청북도 청주시 상당구 중고개로141번길,4.31111240010186e+24,충청북도 청주시 상당구 중고개로141번길 13-2,28808.0,1.0
MA0101202305A0109929,국수나무,성안점,I2,음식,I201,한식,I20105,국수/칼국수,I56112,한식 면 요리 전문점,43,충청북도,43111,청주시 상당구,43111545,성안동,4311110200,북문로1가,4.3111102001005e+18,1,대지,충청북도 청주시 상당구 북문로1가 50-4,431114508331,충청북도 청주시 상당구 상당로59번길,4.3111102001005e+24,충청북도 청주시 상당구 상당로59번길 12-1,28530.0,2.0
MA0101202305A0051186,버거프렌즈,충북대점,I2,음식,I210,기타 간이,I21004,버거,I56192,피자; 햄버거; 샌드위치 및 유사 음식점업,43,충청북도,43112,청주시 서원구,43112530,사창동,4311210200,사창동,4.3112102001047296e+18,1,대지,충청북도 청주시 서원구 사창동 473,431124512173,충청북도 청주시 서원구 1순환로674번길,4.31131020010473e+24,충청북도 청주시 서원구 1순환로674번길 52,28643.0,1.0
MA0101202305A0006114,릴라별청주,테크노점,I2,음식,I210,기타 간이,I21007,김밥/만두/분식,I56194,김밥 및 기타 간이 음식점업,43,충청북도,43113,청주시 흥덕구,43113770,강서2동,4311313300,문암동,4.3113133001004e+18,1,대지,충청북도 청주시 흥덕구 문암동 40,431134858893,충청북도 청주시 흥덕구 송화로197번길,4.3113133001004e+24,충청북도 청주시 흥덕구 송화로197번길 13,28291.0,1.0
MA0101202305A0205624,레푸스진천,혁신도시점,S2,수리·개인,S207,이용·미용,S20703,네일숍,S96119,기타 미용업,43,충청북도,43750,진천군,43750253,덕산읍,4375025325,덕산읍,4.37502532512473e+18,1,대지,충청북도 진천군 덕산읍 두촌리 2473,437503245034,충청북도 진천군 덕산읍 공원로,4.37502532512473e+24,충청북도 진천군 덕산읍 공원로 48,27871.0,3.0
MA0101202305A0159610,이에스지연합,코리아,P1,교육,P106,기타 교육,P10629,그 외 기타 교육기관,P85699,그 외 기타 분류 안된 교육기관,43,충청북도,43750,진천군,43750350,이월면,4375035025,이월면,4.3750350251014497e+18,1,대지,충청북도 진천군 이월면 송림리 145-3,437503000132,충청북도 진천군 이월면 진안로,4.37503502510145e+24,충청북도 진천군 이월면 진안로 137-3,27813.0,1.0
MA0101202305A0083945,께끼몽땅코아루,드림점,G2,소매,G204,종합 소매,G20404,슈퍼마켓,G47216,빵류; 과자류 및 당류 소매업,43,충청북도,43150,제천시,43150560,용두동,4315012400,왕암동,4.31501240010796e+18,1,대지,충청북도 제천시 왕암동 796,431503239025,충청북도 제천시 바이오밸리로,4.31501240011007e+24,충청북도 제천시 바이오밸리로 162,27159.0,1.0
MA0101202305A0059824,지에스25가경,아이파크점,G2,소매,G204,종합 소매,G20405,편의점,G47122,체인화 편의점,43,충청북도,43113,청주시 흥덕구,43113760,강서1동,4311311700,강서동,4.3113117001058294e+18,1,대지,충청북도 청주시 흥덕구 강서동 583,431133014066,충청북도 청주시 흥덕구 서부로,4.31131170010266e+24,충청북도 청주시 흥덕구 서부로 1123,28381.0,1.0
MA0101202305A0110187,골든구스현대,충청점,G2,소매,G209,섬유·의복·신발 소매,G20910,신발 소매업,G47430,신발 소매업,43,충청북도,43113,청주시 흥덕구,43113741,복대1동,4311311400,복대동,4.3113114001338e+18,1,대지,충청북도 청주시 흥덕구 복대동 3380,431133236058,충청북도 청주시 흥덕구 직지대로,4.31131140010584e+24,충청북도 청주시 흥덕구 직지대로 308,28424.0,1.0
MA0101202305A0068492,마이스타,본점,I2,음식,I204,서양식,I20401,경양식,I56123,서양식 음식점업,43,충청북도,43770,음성군,43770340,대소면,4377034021,대소면,4.3770340211013494e+18,1,대지,충청북도 음성군 대소면 오산리 135-3,437703014058,충청북도 음성군 대소면 대금로,4.37703402110135e+24,충청북도 음성군 대소면 대금로 446,27667.0,2.0
MA0101202305A0090433,한마음정육식당,가경점,I2,음식,I201,한식,I20107,돼지고기 구이/찜,I56113,한식 육류 요리 전문점,43,충청북도,43113,청주시 흥덕구,43113747,가경동,4311311300,가경동,4.3113113001227e+18,1,대지,충청북도 청주시 흥덕구 가경동 2270,431133237046,충청북도 청주시 흥덕구 서현로,4.3113113001227e+24,충청북도 청주시 흥덕구 서현로 60,28382.0,2.0
MA0101202305A0188432,인생고깃집,용암점,I2,음식,I201,한식,I20101,백반/한정식,I56111,한식 일반 음식점업,43,충청북도,43111,청주시 상당구,43111730,용암2동,4311112400,용암동,4.31111240012086e+18,1,대지,충청북도 청주시 상당구 용암동 2086,431113236049,충청북도 청주시 상당구 월평로,4.31111240012086e+24,충청북도 청주시 상당구 월평로 225,28781.0,1.0
MA0101202305A0031958,아쿠아워시,첨단점,S2,수리·개인,S209,세탁,S20901,세탁소,S96912,가정용 세탁업,43,충청북도,43130,충주시,43130335,대소원면,4313033531,대소원면,4.31303353110964e+18,1,대지,충청북도 충주시 대소원면 본리 964,431303238097,충청북도 충주시 대소원면 첨단산업4로,4.31303353110964e+24,충청북도 충주시 대소원면 첨단산업4로 25,27466.0,1.0
MA0101202303A0018369,기탄사고력교실충북,증평점,P1,교육,P105,일반 교육,P10501,입시·교과학원,P85501,일반 교과학원,43,충청북도,43745,증평군,43745250,증평읍,4374525021,증평읍,4.3745250211040497e+18,1,대지,충청북도 증평군 증평읍 증평리 405,437453244012,충청북도 증평군 증평읍 삼일로,4.37452502110405e+24,충청북도 증평군 증평읍 삼일로 82,27935.0,1.0
MA0101202305A0049847,갓튀긴후라이드가경,복대점,I2,음식,I210,기타 간이,I21006,치킨,I56193,치킨 전문점,43,충청북도,43113,청주시 흥덕구,43113747,가경동,4311311300,가경동,4.31131130010768e+18,1,대지,충청북도 청주시 흥덕구 가경동 768,431133237002,충청북도 청주시 흥덕구 가경로,4.31131130010768e+24,충청북도 청주시 흥덕구 가경로 180,28391.0,1.0
MA0101202305A0067935,토리헤어,복대점,S2,수리·개인,S207,이용·미용,S20701,미용실,S96112,두발 미용업,43,충청북도,43113,청주시 흥덕구,43113741,복대1동,4311311400,복대동,4.31131140010495e+18,1,대지,충청북도 청주시 흥덕구 복대동 495-21,431133237081,충청북도 청주시 흥덕구 진재로,4.31131140010495e+24,충청북도 청주시 흥덕구 진재로 81,28427.0,3.0
MA0101202305A0071231,달마설렁탕&숯불갈비금천,광장점,I2,음식,I201,한식,I20101,백반/한정식,I56111,한식 일반 음식점업,43,충청북도,43111,청주시 상당구,43111690,용담.명암.산성동,4311112100,용담동,4.31111210010386e+18,1,대지,충청북도 청주시 상당구 용담동 386,431114508278,충청북도 청주시 상당구 산성로104번길,4.31111210010386e+24,충청북도 청주시 상당구 산성로104번길 15,28744.0,1.0
MA0101202303A0029218,팔각도청주,산남점,I2,음식,I201,한식,I20107,돼지고기 구이/찜,I56113,한식 육류 요리 전문점,43,충청북도,43112,청주시 서원구,43112550,산남동,4311210400,산남동,4.3112104001060495e+18,1,대지,충청북도 청주시 서원구 산남동 605,431124511540,충청북도 청주시 서원구 산남로62번길,4.31131060010605e+24,충청북도 청주시 서원구 산남로62번길 20,28625.0,1.0
MA0101202303A0042389,세사리빙,청주봉명점,G2,소매,G209,섬유·의복·신발 소매,G20906,침구류/커튼 소매업,G47421,가정용 직물제품 소매업,43,충청북도,43113,청주시 흥덕구,43113756,봉명2.송정동,4311311500,봉명동,4.3113115001072896e+18,1,대지,충청북도 청주시 흥덕구 봉명동 729,431133236058,충청북도 청주시 흥덕구 직지대로,4.31131150010729e+24,충청북도 청주시 흥덕구 직지대로 635,28477.0,1.0
MA0101202305A0199298,쓰리픽,청주대점,M1,과학·기술,M113,사진 촬영,M11301,사진촬영업,M73301,인물 사진 및 행사용 영상 촬영업,43,충청북도,43114,청주시 청원구,43114510,우암동,4311410100,우암동,4.31141010010322e+18,1,대지,충청북도 청주시 청원구 우암동 322-1,431143236058,충청북도 청주시 청원구 직지대로,4.31111130010322e+24,충청북도 청주시 청원구 직지대로 881,28488.0,1.0
MA0101202305A0120880,고려평생교육원,오창점,P1,교육,P106,기타 교육,P10625,기타 기술/직업 훈련학원,P85669,기타 기술 및 직업 훈련학원,43,충청북도,43114,청주시 청원구,43114253,오창읍,4311425345,오창읍,4.31142534510792e+18,1,대지,충청북도 청주시 청원구 오창읍 양청리 792-5,431143240077,충청북도 청주시 청원구 오창읍 중심상업로,4.37102534500792e+24,충청북도 청주시 청원구 오창읍 중심상업로 31-4,28120.0,501.0
MA0101202305A0106979,휘트니스휴,금천점,R1,예술·스포츠,R103,스포츠 서비스,R10307,헬스장,R91132,체력 단련시설 운영업,43,충청북도,43111,청주시 상당구,43111680,금천동,4311112000,금천동,4.3111120001027697e+18,1,대지,충청북도 청주시 상당구 금천동 277,431113236055,충청북도 청주시 상당구 중고개로,4.31111200010277e+24,충청북도 청주시 상당구 중고개로 336,28744.0,7.0
MA0101202305A0188265,데상트골프,에버세이브점,G2,소매,G209,섬유·의복·신발 소매,G20905,기타 의류 소매업,G47419,기타 의복 소매업,43,충청북도,43112,청주시 서원구,43112560,분평동,4311210500,미평동,4.31121050010028e+18,1,대지,충청북도 청주시 서원구 미평동 28-2,431124511938,충청북도 청주시 서원구 청남로1936번길,4.31131070010031e+24,충청북도 청주시 서원구 청남로1936번길 2,28802.0,1.0
MA0101202305A0045288,이화수육개장청주,분평점,I2,음식,I201,한식,I20102,국/탕/찌개류,I56111,한식 일반 음식점업,43,충청북도,43112,청주시 서원구,43112560,분평동,4311210500,미평동,4.31121050010043e+18,1,대지,충청북도 청주시 서원구 미평동 43-3,431123236001,충청북도 청주시 서원구 1순환로,4.31131070010043e+24,충청북도 청주시 서원구 1순환로 1054,28802.0,1.0
MA0101202305A0197955,비에이치씨,청주봉명점,I2,음식,I210,기타 간이,I21006,치킨,I56193,치킨 전문점,43,충청북도,43113,청주시 흥덕구,43113756,봉명2.송정동,4311311500,봉명동,4.31131150011432e+18,1,대지,충청북도 청주시 흥덕구 봉명동 1432,431134512270,충청북도 청주시 흥덕구 1순환로536번길,4.31131150011432e+24,충청북도 청주시 흥덕구 1순환로536번길 16,28451.0,1.0
MA0101202305A0080952,빽다방청주,탑동점,I2,음식,I212,비알코올,I21201,카페,I56221,커피 전문점,43,충청북도,43111,청주시 상당구,43111620,탑대성동,4311111700,탑동,4.3111117001039e+18,1,대지,충청북도 청주시 상당구 탑동 390,431113236042,충청북도 청주시 상당구 용담로,4.31111170010233e+24,충청북도 청주시 상당구 용담로 50,28717.0,1.0
MA0101202303A0075361,투썸플레이스청주대,정문점,I2,음식,I212,비알코올,I21201,카페,I56221,커피 전문점,43,충청북도,43114,청주시 청원구,43114510,우암동,4311410100,우암동,4.311410100101181e+18,1,대지,충청북도 청주시 청원구 우암동 118-8,431143236027,충청북도 청주시 청원구 상당로,4.31111130010118e+24,충청북도 청주시 청원구 상당로 236,28505.0,1.0
MA0101202305A0114731,명장복국,복대점,I2,음식,I201,한식,I20101,백반/한정식,I56111,한식 일반 음식점업,43,충청북도,43113,청주시 흥덕구,43113741,복대1동,4311311400,복대동,4.31131140010328e+18,1,대지,충청북도 청주시 흥덕구 복대동 328-1,431133237078,충청북도 청주시 흥덕구 죽천로,4.31131140010328e+24,충청북도 청주시 흥덕구 죽천로 97-8,28426.0,1.0
MA0101202305A0152823,더덕솥뚜껑삼겹살,옥산점,I2,음식,I201,한식,I20107,돼지고기 구이/찜,I56111,한식 일반 음식점업,43,충청북도,43113,청주시 흥덕구,43113320,옥산면,4311332021,옥산면,4.31133202110548e+18,1,대지,충청북도 청주시 흥덕구 옥산면 오산리 548-7,431133240054,충청북도 청주시 흥덕구 옥산면 오송가락로,4.31133202110548e+24,충청북도 청주시 흥덕구 옥산면 오송가락로 833,28113.0,1.0
MA0101202305A0068892,내가조선의치킨이고맥주다제천,시청점,I2,음식,I211,주점,I21103,생맥주 전문,I56193,치킨 전문점,43,충청북도,43150,제천시,43150547,영서동,4315012500,천남동,4.3150125001001206e+18,1,대지,충청북도 제천시 천남동 12,431504517707,충청북도 제천시 원뜰로1길,4.31501250010012e+24,충청북도 제천시 원뜰로1길 22,27188.0,1.0
MA0101202305A0079517,못난이꽈배기,오창점,I2,음식,I210,기타 간이,I21001,빵/도넛,I56191,제과점업,43,충청북도,43114,청주시 청원구,43114253,오창읍,4311425344,오창읍,4.31142534410648e+18,1,대지,충청북도 청주시 청원구 오창읍 각리 648-5,431143240063,충청북도 청주시 청원구 오창읍 오창중앙로,4.37102534400648e+24,충청북도 청주시 청원구 오창읍 오창중앙로 115-6,28123.0,1.0
MA0101202303A0036227,아라치치킨청주,율량점,I2,음식,I210,기타 간이,I21006,치킨,I56193,치킨 전문점,43,충청북도,43114,청주시 청원구,43114540,율량.사천동,4311410300,율량동,4.3114103001237094e+18,1,대지,충청북도 청주시 청원구 율량동 2371,431144571749,충청북도 청주시 청원구 율중로79번길,4.31111150012371e+24,충청북도 청주시 청원구 율중로79번길 36,28315.0,1.0
MA0101202305A0157088,지코바치킨,금천점,I2,음식,I210,기타 간이,I21006,치킨,I56193,치킨 전문점,43,충청북도,43111,청주시 상당구,43111680,금천동,4311112000,금천동,4.3111120001023293e+18,1,대지,충청북도 청주시 상당구 금천동 233-2,431114508424,충청북도 청주시 상당구 수영로259번길,4.31111200010233e+24,충청북도 청주시 상당구 수영로259번길 29,28733.0,1.0
MA0101202305A0159214,일품양평해장국,테크노점,I2,음식,I201,한식,I20102,국/탕/찌개류,I56111,한식 일반 음식점업,43,충청북도,43113,청주시 흥덕구,43113770,강서2동,4311313400,송절동,4.31131340010696e+18,1,대지,충청북도 청주시 흥덕구 송절동 696,431133351696,충청북도 청주시 흥덕구 송화로,4.31131340010696e+24,충청북도 청주시 흥덕구 송화로 162,28292.0,1.0
MA0101202305A0126366,포인비에트,제천점,I2,음식,I205,동남아시아,I20501,베트남식 전문,I56129,기타 외국식 음식점업,43,충청북도,43150,제천시,43150510,교동,4315011600,장락동,4.31501160010595e+18,1,대지,충청북도 제천시 장락동 595-3,431504844153,충청북도 제천시 죽하로11안길,4.31501160010595e+24,충청북도 제천시 죽하로11안길 35-5,27144.0,1.0
MA0101202305A0111867,달콤왕가탕후루,제천점,I2,음식,I210,기타 간이,I21099,그 외 기타 간이 음식점,I56199,간이 음식 포장 판매 전문점,43,충청북도,43150,제천시,43150528,중앙동,4315010600,중앙로1가,4.31501060010086e+18,1,대지,충청북도 제천시 중앙로1가 86,431504518096,충청북도 제천시 풍양로13길,4.31501060010085e+24,충청북도 제천시 풍양로13길 12,27173.0,1.0
MA0101202305A0021639,바른모바일,증평점,G2,소매,G222,중고 상품 소매,G22201,중고 상품 소매업,G47862,중고 가전제품 및 통신장비 소매업,43,충청북도,43745,증평군,43745250,증평읍,4374525032,증평읍,4.37452503210892e+18,1,대지,충청북도 증평군 증평읍 송산리 892,437453244030,충청북도 증평군 증평읍 송산로,4.37452503210892e+24,충청북도 증평군 증평읍 송산로 130,27917.0,1.0
MA0101202305A0050381,핑,도담점,R1,예술·스포츠,R103,스포츠 서비스,R10312,테니스장,R91139,그 외 기타 스포츠시설 운영업,43,충청북도,43770,음성군,43770250,음성읍,4377025021,음성읍,4.377025021104e+18,1,대지,충청북도 음성군 음성읍 읍내리 400-26,437704854512,충청북도 음성군 음성읍 중앙로50번길,4.377025021104e+24,충청북도 음성군 음성읍 중앙로50번길 16,27706.0,2.0
MA0101202305A0044316,리턴,오창점,I2,음식,I212,비알코올,I21201,카페,I56221,커피 전문점,43,충청북도,43114,청주시 청원구,43114253,오창읍,4311425345,오창읍,4.31142534510766e+18,1,대지,충청북도 청주시 청원구 오창읍 양청리 766-9,431144520430,충청북도 청주시 청원구 오창읍 양청2길,4.37102534510766e+24,충청북도 청주시 청원구 오창읍 양청2길 13,28115.0,1.0
MA0101202303A0012819,임지훈의시골생고기,산남점,I2,음식,I201,한식,I20107,돼지고기 구이/찜,I56113,한식 육류 요리 전문점,43,충청북도,43112,청주시 서원구,43112550,산남동,4311210400,산남동,4.3112104001044096e+18,1,대지,충청북도 청주시 서원구 산남동 441,431124511538,충청북도 청주시 서원구 산남로10번길,4.31131060010441e+24,충청북도 청주시 서원구 산남로10번길 11,28626.0,1.0
MA0101202303A0027891,까스텔바작,제천점,G2,소매,G209,섬유·의복·신발 소매,G20905,기타 의류 소매업,G47419,기타 의복 소매업,43,충청북도,43150,제천시,43150528,중앙동,4315010600,중앙로1가,4.31501060010115e+18,1,대지,충청북도 제천시 중앙로1가 115-5,431502014004,충청북도 제천시 의병대로,4.31501060010115e+24,충청북도 제천시 의병대로 82,27172.0,1.0
MA0101202303A0113601,문구잼,복대점,G2,소매,G213,오락용품 소매,G21302,문구/회화용품 소매업,G47612,문구용품 및 회화용품 소매업,43,충청북도,43113,청주시 흥덕구,43113741,복대1동,4311311400,복대동,4.31131140012488e+18,1,대지,충청북도 청주시 흥덕구 복대동 2488,431133237079,충청북도 청주시 흥덕구 증안로,4.31131140012488e+24,충청북도 청주시 흥덕구 증안로 44,28416.0,1.0
MA0101202303A0050705,대마족발,오창점,I2,음식,I201,한식,I20103,족발/보쌈,I56111,한식 일반 음식점업,43,충청북도,43114,청주시 청원구,43114253,오창읍,4311425345,오창읍,4.3114253451079096e+18,1,대지,충청북도 청주시 청원구 오창읍 양청리 791-5,431143240077,충청북도 청주시 청원구 오창읍 중심상업로,4.37102534500791e+24,충청북도 청주시 청원구 오창읍 중심상업로 51-6,28120.0,1.0
MA0101202303A0038214,세븐일레븐청주,센터점,G2,소매,G204,종합 소매,G20405,편의점,G47122,체인화 편의점,43,충청북도,43114,청주시 청원구,43114540,율량.사천동,4311410300,율량동,4.31141030012036e+18,1,대지,충청북도 청주시 청원구 율량동 2036,431144844105,충청북도 청주시 청원구 율량로190번길,4.31141030012036e+24,충청북도 청주시 청원구 율량로190번길 45,28320.0,1.0
MA0101202303A0030743,탐라포차,충북대점,I2,음식,I211,주점,I21104,요리 주점,I56219,기타 주점업,43,충청북도,43112,청주시 서원구,43112530,사창동,4311210200,사창동,4.31121020010474e+18,1,대지,충청북도 청주시 서원구 사창동 474-2,431124512177,충청북도 청주시 서원구 1순환로704번길,4.31131020010474e+24,충청북도 청주시 서원구 1순환로704번길 63,28643.0,1.0
MA0101202303A0107752,몰디브태닝청주,율량점,S2,수리·개인,S207,이용·미용,S20702,피부 관리실,S96113,피부 미용업,43,충청북도,43114,청주시 청원구,43114550,오근장동,4311410500,주성동,4.31141050010364e+18,1,대지,충청북도 청주시 청원구 주성동 364,431144844115,충청북도 청주시 청원구 주성로279번길,4.31141050010364e+24,충청북도 청주시 청원구 주성로279번길 8,28318.0,4.0
MA0101202303A0096982,프랭크버거청주,가경점,I2,음식,I210,기타 간이,I21004,버거,I56192,피자; 햄버거; 샌드위치 및 유사 음식점업,43,충청북도,43113,청주시 흥덕구,43113747,가경동,4311311300,가경동,4.3113113001167503e+18,1,대지,충청북도 청주시 흥덕구 가경동 1675,431133237002,충청북도 청주시 흥덕구 가경로,4.31131130011676e+24,충청북도 청주시 흥덕구 가경로 9-12,28413.0,1.0
MA0101202303A0076849,가장맛있는치킨가경,복대점,I2,음식,I210,기타 간이,I21006,치킨,I56193,치킨 전문점,43,충청북도,43113,청주시 흥덕구,43113747,가경동,4311311300,가경동,4.31131130011218e+18,1,대지,충청북도 청주시 흥덕구 가경동 1218,431133237002,충청북도 청주시 흥덕구 가경로,4.31131130011218e+24,충청북도 청주시 흥덕구 가경로 155-1,28393.0,1.0
MA0101202303A0078921,프레드피자,용암점,I2,음식,I210,기타 간이,I21003,피자,I56192,피자; 햄버거; 샌드위치 및 유사 음식점업,43,충청북도,43111,청주시 상당구,43111720,용암1동,4311112400,용암동,4.31111240011294e+18,1,대지,충청북도 청주시 상당구 용암동 1294,431114508558,충청북도 청주시 상당구 월평로153번길,4.31111240011294e+24,충청북도 청주시 상당구 월평로153번길 37,28772.0,1.0
MA0101202303A0020770,소보양본가,용암점,I2,음식,I201,한식,I20102,국/탕/찌개류,I56111,한식 일반 음식점업,43,충청북도,43111,청주시 상당구,43111720,용암1동,4311112400,용암동,4.3111124001264097e+18,1,대지,충청북도 청주시 상당구 용암동 2641,431113236044,충청북도 청주시 상당구 용암북로,4.31111240012641e+24,충청북도 청주시 상당구 용암북로 156,28762.0,1.0
MA0101202303A0056704,투어테일러,충북지점,N1,시설관리·임대,N105,여행사·보조,N10501,여행사,N75210,여행사업,43,충청북도,43114,청주시 청원구,43114253,오창읍,4311425345,오창읍,4.31142534510798e+18,1,대지,충청북도 청주시 청원구 오창읍 양청리 798-3,431143240077,충청북도 청주시 청원구 오창읍 중심상업로,4.37102534500798e+24,충청북도 청주시 청원구 오창읍 중심상업로 32-13,28119.0,7.0
MA0101202303A0089060,씨유대소유통,센터점,G2,소매,G204,종합 소매,G20405,편의점,G47122,체인화 편의점,43,충청북도,43770,음성군,43770340,대소면,4377034031,대소면,4.37703403110826e+18,1,대지,충청북도 음성군 대소면 오류리 826,437704541123,충청북도 음성군 대소면 대물1길,4.37703403110826e+24,충청북도 음성군 대소면 대물1길 6-5,27669.0,1.0
MA0101202303A0078601,오송주짓수칼슨그레이시,코리아,P1,교육,P106,기타 교육,P10601,태권도/무술학원,P85611,태권도 및 무술 교육기관,43,충청북도,43113,청주시 흥덕구,43113250,오송읍,4311325026,오송읍,4.31132502610718e+18,1,대지,충청북도 청주시 흥덕구 오송읍 연제리 718,431133240059,충청북도 청주시 흥덕구 오송읍 오송생명5로,4.31132502610718e+24,충청북도 청주시 흥덕구 오송읍 오송생명5로 184-4,28165.0,3.0
MA0101202303A0042230,처갓집치킨오창1,산단점,I2,음식,I210,기타 간이,I21006,치킨,I56193,치킨 전문점,43,충청북도,43114,청주시 청원구,43114253,오창읍,4311425344,오창읍,4.31142534410649e+18,1,대지,충청북도 청주시 청원구 오창읍 각리 649-4,431143240063,충청북도 청주시 청원구 오창읍 오창중앙로,4.37102534400649e+24,충청북도 청주시 청원구 오창읍 오창중앙로 123-12,28123.0,1.0
MA0101202303A0036748,굽돈,본점,I2,음식,I201,한식,I20107,돼지고기 구이/찜,I56113,한식 육류 요리 전문점,43,충청북도,43112,청주시 서원구,43112560,분평동,4311210600,분평동,4.31121060011246e+18,1,대지,충청북도 청주시 서원구 분평동 1246,431124512137,충청북도 청주시 서원구 1순환로1063번길,4.31131080011246e+24,충청북도 청주시 서원구 1순환로1063번길 61-12,28797.0,1.0
MA0101202303A0050228,누구나아이스크림할인점,연수점,G2,소매,G204,종합 소매,G20404,슈퍼마켓,G47216,빵류; 과자류 및 당류 소매업,43,충청북도,43130,충주시,43130630,연수동,4313011800,연수동,4.3130118001070095e+18,1,대지,충청북도 충주시 연수동 701-9,431304515524,충청북도 충주시 후곡길,4.31301280010051e+24,충청북도 충주시 후곡길 19,27341.0,1.0
MA0101202303A0047968,굿타임뷰용암,동남점,G2,소매,G208,가전·통신 소매,G20802,핸드폰 소매업,G47312,통신기기 소매업,43,충청북도,43111,청주시 상당구,43111730,용암2동,4311112400,용암동,4.3111124001201e+18,1,대지,충청북도 청주시 상당구 용암동 2010,431113236049,충청북도 청주시 상당구 월평로,4.3111124001201e+24,충청북도 청주시 상당구 월평로 220,28782.0,1.0
MA0101202303A0098003,컴포즈커피청주오창,호수공원점,I2,음식,I212,비알코올,I21201,카페,I56221,커피 전문점,43,충청북도,43114,청주시 청원구,43114253,오창읍,4311425345,오창읍,4.3114253451082e+18,1,대지,충청북도 청주시 청원구 오창읍 양청리 820-2,431143240075,충청북도 청주시 청원구 오창읍 중심상업1로,4.3114253451082e+24,충청북도 청주시 청원구 오창읍 중심상업1로 20,28120.0,1.0
MA0101202305A0007160,제이델링,제천점,I2,음식,I210,기타 간이,I21001,빵/도넛,I56191,제과점업,43,충청북도,43150,제천시,43150528,중앙동,4315010700,중앙로2가,4.31501070010068e+18,1,대지,충청북도 제천시 중앙로2가 68-18,431503239071,충청북도 제천시 칠성로,4.31501070010068e+24,충청북도 제천시 칠성로 71,27165.0,1.0
MA0101202305A0176566,씨유청주분평,사거리점,G2,소매,G204,종합 소매,G20405,편의점,G47122,체인화 편의점,43,충청북도,43112,청주시 서원구,43112550,산남동,4311210600,분평동,4.31121060010244e+18,1,대지,충청북도 청주시 서원구 분평동 244-8,431124511940,충청북도 청주시 서원구 청남로1995번길,4.31131080010244e+24,충청북도 청주시 서원구 청남로1995번길 8,28701.0,1.0
MA0101202305A0185733,족발야시장,옥산점,I2,음식,I201,한식,I20103,족발/보쌈,I56111,한식 일반 음식점업,43,충청북도,43113,청주시 흥덕구,43113320,옥산면,4311332021,옥산면,4.3113320211054894e+18,1,대지,충청북도 청주시 흥덕구 옥산면 오산리 549-4,431133237111,충청북도 청주시 흥덕구 옥산면 청주역로,4.31133202110549e+24,충청북도 청주시 흥덕구 옥산면 청주역로 625,28113.0,1.0
MA0101202305A0147280,천연담뱃잎판매,전문점,G2,소매,G207,담배 소매,G20701,담배/전자담배 소매업,G47222,담배 소매업,43,충청북도,43770,음성군,43770350,삼성면,4377035021,삼성면,4.37703502110522e+18,1,대지,충청북도 음성군 삼성면 덕정리 522-4,437703247053,충청북도 음성군 삼성면 대성로,4.37703502110522e+24,충청북도 음성군 삼성면 대성로 627,27652.0,1.0
MA0101202305A0011642,세븐일레븐충북대,정문점,G2,소매,G204,종합 소매,G20405,편의점,G46102,음ㆍ식료품 및 담배 중개업,43,충청북도,43113,청주시 흥덕구,43113742,복대2동,4311311400,복대동,4.31131140010872e+18,1,대지,충청북도 청주시 흥덕구 복대동 872-15,431133350731,충청북도 청주시 흥덕구 충대로,4.31131140010872e+24,충청북도 청주시 흥덕구 충대로 2,28641.0,1.0
MA0101202305A0140722,마실파크골프,제천점,G2,소매,G213,오락용품 소매,G21304,운동용품 소매업,G47631,운동 및 경기용품 소매업,43,충청북도,43150,제천시,43150547,영서동,4315011000,영천동,4.3150110001219e+18,1,대지,충청북도 제천시 영천동 2190,431504844167,충청북도 제천시 청풍호로9길,4.3150110001219e+24,충청북도 제천시 청풍호로9길 8,27200.0,1.0
MA0101202305A0119928,뚜껑집,충북대점,I2,음식,I201,한식,I20107,돼지고기 구이/찜,I56113,한식 육류 요리 전문점,43,충청북도,43112,청주시 서원구,43112530,사창동,4311210200,사창동,4.3112102001041295e+18,1,대지,충청북도 청주시 서원구 사창동 413-2,431124511219,충청북도 청주시 서원구 내수동로108번길,4.31131020010413e+24,충청북도 청주시 서원구 내수동로108번길 28,28643.0,1.0
MA0101202305A0011709,코리아세븐충북,혁신점,G2,소매,G204,종합 소매,G20405,편의점,G47122,체인화 편의점,43,충청북도,43770,음성군,43770330,맹동면,4377033028,맹동면,4.3770330281137505e+18,1,대지,충청북도 음성군 맹동면 두성리 1375,437704541748,충청북도 음성군 맹동면 대하4길,4.37703302811375e+24,충청북도 음성군 맹동면 대하4길 6-10,27738.0,1.0
MA0101202305A0203993,피자스톰,오창점,I2,음식,I210,기타 간이,I21003,피자,I56192,피자; 햄버거; 샌드위치 및 유사 음식점업,43,충청북도,43114,청주시 청원구,43114253,오창읍,4311425345,오창읍,4.3114253451077494e+18,1,대지,충청북도 청주시 청원구 오창읍 양청리 775-3,431144520429,충청북도 청주시 청원구 오창읍 양청1길,4.31142534510775e+24,충청북도 청주시 청원구 오창읍 양청1길 6-7,28115.0,1.0
MA0101202305A0102503,국가대표,가경점,I2,음식,I201,한식,I20107,돼지고기 구이/찜,I56113,한식 육류 요리 전문점,43,충청북도,43113,청주시 흥덕구,43113747,가경동,4311311300,가경동,4.3113113001149297e+18,1,대지,충청북도 청주시 흥덕구 가경동 1493-5,431133237092,충청북도 청주시 흥덕구 풍년로,4.31131130011493e+24,충청북도 청주시 흥덕구 풍년로 89,28405.0,1.0
MA0101202305A0092065,씨유청주,운천점,G2,소매,G204,종합 소매,G20405,편의점,G47122,체인화 편의점,43,충청북도,43113,청주시 흥덕구,43113700,운천.신봉동,4311310400,운천동,4.31131040011372e+18,1,대지,충청북도 청주시 흥덕구 운천동 1372,431133237036,충청북도 청주시 흥덕구 사운로,4.31131040011372e+24,충청북도 청주시 흥덕구 사운로 226,28468.0,1.0
MA0101202305A0201732,구여사컵밥,오창점,I2,음식,I210,기타 간이,I21099,그 외 기타 간이 음식점,I56199,간이 음식 포장 판매 전문점,43,충청북도,43114,청주시 청원구,43114253,오창읍,4311425345,오창읍,4.3114253451073495e+18,1,대지,충청북도 청주시 청원구 오창읍 양청리 735-9,431143240050,충청북도 청주시 청원구 오창읍 양청택지로,4.37102534500735e+24,충청북도 청주시 청원구 오창읍 양청택지로 98,28115.0,1.0
MA0101202305A0029021,프레드피자청주,흥덕점,I2,음식,I210,기타 간이,I21003,피자,I56192,피자; 햄버거; 샌드위치 및 유사 음식점업,43,충청북도,43113,청주시 흥덕구,43113742,복대2동,4311311400,복대동,4.3113114001236895e+18,1,대지,충청북도 청주시 흥덕구 복대동 2369,431133237050,충청북도 청주시 흥덕구 성봉로,4.31131140012369e+24,충청북도 청주시 흥덕구 성봉로 231,28604.0,1.0
MA0101202305A0021570,세븐스타코인노래연습장,광혜원점,R1,예술·스포츠,R104,유원지·오락,R10407,노래방,R91223,노래 연습장 운영업,43,충청북도,43750,진천군,43750370,광혜원면,4375037027,광혜원면,4.3750370271052897e+18,1,대지,충청북도 진천군 광혜원면 광혜원리 529-3,437504535432,충청북도 진천군 광혜원면 화랑길,4.37503702710529e+24,충청북도 진천군 광혜원면 화랑길 77,27802.0,2.0
MA0101202305A0134962,비에이치씨청주,비하점,I2,음식,I210,기타 간이,I21006,치킨,I56193,치킨 전문점,43,충청북도,43113,청주시 흥덕구,43113760,강서1동,4311313800,비하동,4.31131380010754e+18,1,대지,충청북도 청주시 흥덕구 비하동 754,431134511441,충청북도 청주시 흥덕구 비하로42번길,4.31131380010754e+24,충청북도 청주시 흥덕구 비하로42번길 2,28364.0,1.0
MA0101202305A0010104,선비꼬마김밥,탑동점,I2,음식,I210,기타 간이,I21007,김밥/만두/분식,I56194,김밥 및 기타 간이 음식점업,43,충청북도,43111,청주시 상당구,43111620,탑대성동,4311111700,탑동,4.3111117001039e+18,1,대지,충청북도 청주시 상당구 탑동 390,431113236042,충청북도 청주시 상당구 용담로,4.31111170010233e+24,충청북도 청주시 상당구 용담로 50,28717.0,1.0
MA0101202305A0142930,마선생마약국밥,율량점,I2,음식,I201,한식,I20102,국/탕/찌개류,I56111,한식 일반 음식점업,43,충청북도,43114,청주시 청원구,43114540,율량.사천동,4311410300,율량동,4.3114103001166095e+18,1,대지,충청북도 청주시 청원구 율량동 1661,431143236023,충청북도 청주시 청원구 사뜸로,4.31111150011661e+24,충청북도 청주시 청원구 사뜸로 32,28349.0,1.0
MA0101202305A0098684,세븐오창부영점,코리아,G2,소매,G204,종합 소매,G20405,편의점,G47122,체인화 편의점,43,충청북도,43114,청주시 청원구,43114253,오창읍,4311425332,오창읍,4.31142533210564e+18,1,대지,충청북도 청주시 청원구 오창읍 주성리 564,431143257080,충청북도 청주시 청원구 오창읍 2산단4로,4.31142533110564e+24,충청북도 청주시 청원구 오창읍 2산단4로 60,28109.0,1.0
MA0101202305A0131605,백돈청주,오창점,I2,음식,I203,일식,I20301,일식 회/초밥,I56122,일식 음식점업,43,충청북도,43114,청주시 청원구,43114253,오창읍,4311425345,오창읍,4.31142534510798e+18,1,대지,충청북도 청주시 청원구 오창읍 양청리 798-3,431143240077,충청북도 청주시 청원구 오창읍 중심상업로,4.37102534500798e+24,충청북도 청주시 청원구 오창읍 중심상업로 32-13,28119.0,1.0
MA0101202305A0127414,워시프렌즈셀프빨래방충주,연수점,S2,수리·개인,S209,세탁,S20902,셀프 빨래방,S96912,가정용 세탁업,43,충청북도,43130,충주시,43130630,연수동,4313011800,연수동,4.3130118001140895e+18,1,대지,충청북도 충주시 연수동 1409,431304514367,충청북도 충주시 동수1길,4.31301180011409e+24,충청북도 충주시 동수1길 22,27351.0,1.0
MA0101202305A0025283,글라스타안경충주,연수점,G2,소매,G216,안경·정밀기기 소매,G21602,안경렌즈 소매업,G47822,안경 및 렌즈 소매업,43,충청북도,43130,충주시,43130630,연수동,4313011800,연수동,4.3130118001150095e+18,1,대지,충청북도 충주시 연수동 1501,431302238001,충청북도 충주시 계명대로,4.31301180011501e+24,충청북도 충주시 계명대로 239,27352.0,1.0
MA0101202305A0041592,사계진미,증평점,I2,음식,I201,한식,I20107,돼지고기 구이/찜,I56113,한식 육류 요리 전문점,43,충청북도,43745,증평군,43745250,증평읍,4374525032,증평읍,4.3745250321073695e+18,1,대지,충청북도 증평군 증평읍 송산리 737,437454532227,충청북도 증평군 증평읍 송산로1길,4.37452503210737e+24,충청북도 증평군 증평읍 송산로1길 17-11,27918.0,2.0
MA0101202305A0091851,씨유청주내수,초정점,G2,소매,G204,종합 소매,G20405,편의점,G47122,체인화 편의점,43,충청북도,43114,청주시 청원구,43114250,내수읍,4311425032,내수읍,4.3114250321024896e+18,1,대지,충청북도 청주시 청원구 내수읍 비중리 249-2,431143014023,충청북도 청주시 청원구 내수읍 초정약수로,4.31142503210249e+24,충청북도 청주시 청원구 내수읍 초정약수로 555,28146.0,1.0
MA0101202305A0125560,꿀잼실내놀이터,사천점,R1,예술·스포츠,R104,유원지·오락,R10405,기타 오락장,R91229,기타 오락장 운영업,43,충청북도,43114,청주시 청원구,43114540,율량.사천동,4311410400,사천동,4.3114104001072e+18,1,대지,충청북도 청주시 청원구 사천동 720,431143236023,충청북도 청주시 청원구 사뜸로,4.3114104001072e+24,충청북도 청주시 청원구 사뜸로 100-3,28337.0,1.0
MA0101202303A0049278,세븐청주뉴율량점,코리아,G2,소매,G204,종합 소매,G20405,편의점,G47122,체인화 편의점,43,충청북도,43114,청주시 청원구,43114550,오근장동,4311410600,주중동,4.31141060010906e+18,1,대지,충청북도 청주시 청원구 주중동 906,431143349124,충청북도 청주시 청원구 율량로,4.31141060010906e+24,충청북도 청주시 청원구 율량로 16,28325.0,1.0
MA0101202303A0088882,가마치통닭,용산점,I2,음식,I210,기타 간이,I21006,치킨,I56193,치킨 전문점,43,충청북도,43130,충주시,43130550,용산동,4313010600,용산동,4.31301060012067e+18,1,대지,충청북도 충주시 용산동 2067,431303238008,충청북도 충주시 남산로,4.31301060012067e+24,충청북도 충주시 남산로 64,27402.0,1.0
MA0101202305A0167152,테이큰카페충북대,중문점,I2,음식,I212,비알코올,I21201,카페,I56221,커피 전문점,43,충청북도,43112,청주시 서원구,43112530,사창동,4311210200,사창동,4.31121020010464e+18,1,대지,충청북도 청주시 서원구 사창동 464,431124512173,충청북도 청주시 서원구 1순환로674번길,4.31131020010464e+24,충청북도 청주시 서원구 1순환로674번길 72,28643.0,1.0
MA0101202302A0094820,애플,대리점,G2,소매,G208,가전·통신 소매,G20802,핸드폰 소매업,G47312,통신기기 소매업,43,충청북도,43130,충주시,43130630,연수동,4313011800,연수동,4.31301180011714e+18,1,대지,충청북도 충주시 연수동 1714,431302238001,충청북도 충주시 계명대로,4.31301180011714e+24,충청북도 충주시 계명대로 222,27371.0,2.0
MA0101202302A0004466,수유리혼밥왕,증평점,I2,음식,I201,한식,I20101,백반/한정식,I56111,한식 일반 음식점업,43,충청북도,43745,증평군,43745250,증평읍,4374525030,증평읍,4.37452503010559e+18,1,대지,충청북도 증평군 증평읍 초중리 559-9,437453244020,충청북도 증평군 증평읍 초중로,4.37452503010559e+24,충청북도 증평군 증평읍 초중로 97-1,27939.0,1.0
MA0101202303A0108139,장손족발서청주점,롯데마트,I2,음식,I201,한식,I20103,족발/보쌈,I56111,한식 일반 음식점업,43,충청북도,43113,청주시 흥덕구,43113760,강서1동,4311313800,비하동,4.31131380010811e+18,1,대지,충청북도 청주시 흥덕구 비하동 811,431133014065,충청북도 청주시 흥덕구 2순환로,4.31131380010332e+24,충청북도 청주시 흥덕구 2순환로 1004,28360.0,1.0
MA0101202303A0100029,빽비어충북대,중문점,I2,음식,I211,주점,I21104,요리 주점,I56219,기타 주점업,43,충청북도,43112,청주시 서원구,43112530,사창동,4311210200,사창동,4.31121020010446e+18,1,대지,충청북도 청주시 서원구 사창동 446,431124512175,충청북도 청주시 서원구 1순환로672번길,4.31131020010446e+24,충청북도 청주시 서원구 1순환로672번길 41,28643.0,2.0
MA0101202305A0158470,금용우암산짬뽕청주,본점,I2,음식,I202,중식,I20201,중국집,I56111,한식 일반 음식점업,43,충청북도,43113,청주시 흥덕구,43113756,봉명2.송정동,4311311500,봉명동,4.31131150012298e+18,1,대지,충청북도 청주시 흥덕구 봉명동 2298,431134511612,충청북도 청주시 흥덕구 송절로76번길,4.31131150012298e+24,충청북도 청주시 흥덕구 송절로76번길 3,28461.0,1.0
MA0101202303A0109978,기영이숯불두마리치킨교현,용산점,I2,음식,I210,기타 간이,I21006,치킨,I56193,치킨 전문점,43,충청북도,43130,충주시,43130535,교현.안림동,4313010500,교현동,4.31301050010173e+18,1,대지,충청북도 충주시 교현동 173-11,431303238002,충청북도 충주시 갱고개로,4.31301050010173e+24,충청북도 충주시 갱고개로 41,27379.0,1.0
MA0101202303A0042176,25오창,중앙로점,G2,소매,G204,종합 소매,G20405,편의점,G47122,체인화 편의점,43,충청북도,43114,청주시 청원구,43114253,오창읍,4311425344,오창읍,4.31142534410649e+18,1,대지,충청북도 청주시 청원구 오창읍 각리 649-2,431143240063,충청북도 청주시 청원구 오창읍 오창중앙로,4.37102534400649e+24,충청북도 청주시 청원구 오창읍 오창중앙로 123-6,28123.0,1.0
MA0101202303A0037771,무크충주,모다아울렛,G2,소매,G209,섬유·의복·신발 소매,G20910,신발 소매업,G47430,신발 소매업,43,충청북도,43130,충주시,43130605,달천동,4313011400,달천동,4.31301140010786e+18,1,대지,충청북도 충주시 달천동 786-3,431302246001,충청북도 충주시 중원대로,4.31301140010786e+24,충청북도 충주시 중원대로 3683,27476.0,2.0
MA0101202305A0109850,달쥬과일상점충주2,5호점,I2,음식,I210,기타 간이,I21099,그 외 기타 간이 음식점,I56199,간이 음식 포장 판매 전문점,43,충청북도,43130,충주시,43130515,성내.충인동,4313010300,성서동,4.3130103001058094e+18,1,대지,충청북도 충주시 성서동 581,431303238048,충청북도 충주시 예성로,4.31301030010581e+24,충청북도 충주시 예성로 148,27388.0,1.0
MA0101202305A0140261,얌샘김밥청주,동남점,I2,음식,I210,기타 간이,I21007,김밥/만두/분식,I56194,김밥 및 기타 간이 음식점업,43,충청북도,43111,청주시 상당구,43111720,용암1동,4311112400,용암동,4.3111124001309496e+18,1,대지,충청북도 청주시 상당구 용암동 3095,431113236055,충청북도 청주시 상당구 중고개로,4.31111240010211e+24,충청북도 청주시 상당구 중고개로 115,28808.0,1.0
MA0101202303A0112582,비에이치씨치킨,용산점,I2,음식,I210,기타 간이,I21006,치킨,I56193,치킨 전문점,43,충청북도,43130,충주시,43130535,교현.안림동,4313010500,교현동,4.31301050010911e+18,1,대지,충청북도 충주시 교현동 911,431303238047,충청북도 충주시 염밭로,4.31301050010911e+24,충청북도 충주시 염밭로 96,27396.0,1.0
MA0101202303A0114631,포크파스타,제천점,I2,음식,I204,서양식,I20401,경양식,I56123,서양식 음식점업,43,충청북도,43150,제천시,43150605,화산동,4315012100,강제동,4.3150121001089106e+18,1,대지,충청북도 제천시 강제동 891,431504854038,충청북도 제천시 청풍호로10안길,4.31501210010891e+24,충청북도 제천시 청풍호로10안길 14,27192.0,1.0
MA0101202305A0041990,스킨포유,제천점,S2,수리·개인,S207,이용·미용,S20702,피부 관리실,S96113,피부 미용업,43,충청북도,43150,제천시,43150560,용두동,4315011100,하소동,4.31501110010077e+18,1,대지,충청북도 제천시 하소동 77,431502239001,충청북도 제천시 용두대로,4.31501110010077e+24,충청북도 제천시 용두대로 111,27162.0,2.0
MA0101202303A0049707,네네치킨&봉구스밥버거,증평점,I2,음식,I210,기타 간이,I21007,김밥/만두/분식,I56111,한식 일반 음식점업,43,충청북도,43745,증평군,43745250,증평읍,4374525026,증평읍,4.3745250261066496e+18,1,대지,충청북도 증평군 증평읍 창동리 665,437454532065,충청북도 증평군 증평읍 삼보로5길,4.37452502610665e+24,충청북도 증평군 증평읍 삼보로5길 32,27928.0,1.0
MA0101202303A0065055,달시아이스크림세계과자,호암점,G2,소매,G204,종합 소매,G20404,슈퍼마켓,G47216,빵류; 과자류 및 당류 소매업,43,충청북도,43130,충주시,43130580,호암.직동,4313010700,호암동,4.31301070011212e+18,1,대지,충청북도 충주시 호암동 1212,431303352069,충청북도 충주시 사천개로,4.31301070011212e+24,충청북도 충주시 사천개로 40,27480.0,1.0
MA0101202303A0016105,더스무스왁싱피부청주,가경점,S2,수리·개인,S207,이용·미용,S20702,피부 관리실,S96113,피부 미용업,43,충청북도,43113,청주시 흥덕구,43113747,가경동,4311311300,가경동,4.3113113001185e+18,1,대지,충청북도 청주시 흥덕구 가경동 1850,431133237047,충청북도 청주시 흥덕구 서현북로,4.3113113001185e+24,충청북도 청주시 흥덕구 서현북로 38,28383.0,1.0
MA0101202305A0150398,블랙짐,3호점,R1,예술·스포츠,R103,스포츠 서비스,R10307,헬스장,R91132,체력 단련시설 운영업,43,충청북도,43111,청주시 상당구,43111720,용암1동,4311112400,용암동,4.31111240012612e+18,1,대지,충청북도 청주시 상당구 용암동 2612,431114508510,충청북도 청주시 상당구 용암북로138번길,4.31111240012612e+24,충청북도 청주시 상당구 용암북로138번길 5-8,28763.0,2.0
MA0101202305A0191698,60계치킨충북,혁신도시점,I2,음식,I210,기타 간이,I21006,치킨,I56193,치킨 전문점,43,충청북도,43770,음성군,43770330,맹동면,4377033028,맹동면,4.3770330281123697e+18,1,대지,충청북도 음성군 맹동면 두성리 1237,437703000235,충청북도 음성군 맹동면 대하로,4.37703302811237e+24,충청북도 음성군 맹동면 대하로 268,27738.0,1.0
MA0101202305A0089499,웍쟁이,봉명점,I2,음식,I201,한식,I20101,백반/한정식,I56111,한식 일반 음식점업,43,충청북도,43113,청주시 흥덕구,43113756,봉명2.송정동,4311311500,봉명동,4.3113115001179694e+18,1,대지,충청북도 청주시 흥덕구 봉명동 1797,431133237011,충청북도 청주시 흥덕구 과상미로,4.31131150011797e+24,충청북도 청주시 흥덕구 과상미로 34,28451.0,1.0
MA0101202303A0029828,다사랑치킨청주,동남점,I2,음식,I210,기타 간이,I21006,치킨,I56193,치킨 전문점,43,충청북도,43111,청주시 상당구,43111730,용암2동,4311112400,용암동,4.3111124001338895e+18,1,대지,충청북도 청주시 상당구 용암동 3389,431114857320,충청북도 청주시 상당구 동남로109번길,4.31111240013389e+24,충청북도 청주시 상당구 동남로109번길 13-9,28809.0,1.0
MA0101202302A0043175,크리닝마스터코인워시,분평점,S2,수리·개인,S209,세탁,S20901,세탁소,S96912,가정용 세탁업,43,충청북도,43112,청주시 서원구,43112550,산남동,4311210600,분평동,4.3112106001029094e+18,1,대지,충청북도 청주시 서원구 분평동 291-5,431124511688,충청북도 청주시 서원구 안뜸로12번길,4.31121060010291e+24,충청북도 청주시 서원구 안뜸로12번길 37,28699.0,1.0
MA0101202305A0084600,슈퍼막회율량,사천점,I2,음식,I203,일식,I20301,일식 회/초밥,I56122,일식 음식점업,43,충청북도,43114,청주시 청원구,43114540,율량.사천동,4311410300,율량동,4.3114103001128e+18,1,대지,충청북도 청주시 청원구 율량동 1280,431144508607,충청북도 청주시 청원구 주성로96번길,4.3111115001128e+24,충청북도 청주시 청원구 주성로96번길 46,28340.0,1.0
MA0101202305A0176326,빽다방청주분평농협,사거리점,I2,음식,I212,비알코올,I21201,카페,I56221,커피 전문점,43,충청북도,43112,청주시 서원구,43112560,분평동,4311210600,분평동,4.3112106001122094e+18,1,대지,충청북도 청주시 서원구 분평동 1221,431123236067,충청북도 청주시 서원구 청남로,4.31131080011221e+24,충청북도 청주시 서원구 청남로 2010,28790.0,2.0
MA0101202303A0119462,충주슈가링왁싱&속눈썹펌,데일리,S2,수리·개인,S207,이용·미용,S20702,피부 관리실,S96113,피부 미용업,43,충청북도,43130,충주시,43130630,연수동,4313011800,연수동,4.31301180011242e+18,1,대지,충청북도 충주시 연수동 1242,431304515385,충청북도 충주시 칠금18길,4.31301180011242e+24,충청북도 충주시 칠금18길 30,27356.0,1.0
MA0101202303A0071498,충남순대,죽림점,I2,음식,I201,한식,I20102,국/탕/찌개류,I56111,한식 일반 음식점업,43,충청북도,43112,청주시 서원구,43112590,성화.개신.죽림동,4311211000,죽림동,4.3112110001014006e+18,1,대지,충청북도 청주시 서원구 죽림동 140-3,431123240091,충청북도 청주시 서원구 대림로,4.3113112001014e+24,충청북도 청주시 서원구 대림로 397,28386.0,1.0
MA0101202302A0065977,국수나무,증평점,I2,음식,I201,한식,I20105,국수/칼국수,I56112,한식 면 요리 전문점,43,충청북도,43745,증평군,43745250,증평읍,4374525030,증평읍,4.37452503010534e+18,1,대지,충청북도 증평군 증평읍 초중리 534-6,437454532190,충청북도 증평군 증평읍 초중6길,4.37452503010534e+24,충청북도 증평군 증평읍 초중6길 11,27939.0,1.0
MA0101202302A0047233,큐사랑,수곡점,G2,소매,G215,의약·화장품 소매,G21503,화장품 소매업,G47813,화장품; 비누 및 방향제 소매업,43,충청북도,43112,청주시 서원구,43112580,수곡2동,4311210700,수곡동,4.31121070010848e+18,1,대지,충청북도 청주시 서원구 수곡동 848,431124511628,충청북도 청주시 서원구 수곡로68번길,4.31131090010848e+24,충청북도 청주시 서원구 수곡로68번길 2,28687.0,1.0
MA0101202302A0061829,피넛커피,광혜원점,I2,음식,I212,비알코올,I21201,카페,I56221,커피 전문점,43,충청북도,43750,진천군,43750370,광혜원면,4375037027,광혜원면,4.3750370271007293e+18,1,대지,충청북도 진천군 광혜원면 광혜원리 73-4,437504535429,충청북도 진천군 광혜원면 화랑5길,4.37503702710073e+24,충청북도 진천군 광혜원면 화랑5길 24-3,27802.0,1.0
MA0101202302A0032792,지에스25청주,캐슬점,G2,소매,G204,종합 소매,G20405,편의점,G47122,체인화 편의점,43,충청북도,43113,청주시 흥덕구,43113741,복대1동,4311311400,복대동,4.31131140010288e+18,1,대지,충청북도 청주시 흥덕구 복대동 288-62,431133237081,충청북도 청주시 흥덕구 진재로,4.31131140010288e+24,충청북도 청주시 흥덕구 진재로 141,28425.0,1.0
MA0101202302A0019423,기통찬족발,율량점,I2,음식,I201,한식,I20103,족발/보쌈,I56111,한식 일반 음식점업,43,충청북도,43114,청주시 청원구,43114540,율량.사천동,4311410300,율량동,4.3114103001118694e+18,1,대지,충청북도 청주시 청원구 율량동 1187-2,431144508605,충청북도 청주시 청원구 주성로118번길,4.31111150011187e+24,충청북도 청주시 청원구 주성로118번길 33,28339.0,1.0
MA0101202302A0112346,카페일분,복대점,I2,음식,I212,비알코올,I21201,카페,I56221,커피 전문점,43,충청북도,43113,청주시 흥덕구,43113741,복대1동,4311311400,복대동,4.3113114001258097e+18,1,대지,충청북도 청주시 흥덕구 복대동 2581,431134511821,충청북도 청주시 흥덕구 증안로22번길,4.31131140012581e+24,충청북도 청주시 흥덕구 증안로22번길 8,28416.0,1.0
MA0101202302A0027127,세븐일레븐진천신척,로드점,G2,소매,G204,종합 소매,G20405,편의점,G47122,체인화 편의점,43,충청북도,43750,진천군,43750350,이월면,4375035028,이월면,4.3750350281005297e+18,1,대지,충청북도 진천군 이월면 신월리 53-32,437503245014,충청북도 진천군 이월면 이덕로,4.37503502810053e+24,충청북도 진천군 이월면 이덕로 492,27816.0,1.0
MA0101202302A0107454,피자먹다&뽕뜨락피자,용암점,I2,음식,I210,기타 간이,I21003,피자,I56192,피자; 햄버거; 샌드위치 및 유사 음식점업,43,충청북도,43111,청주시 상당구,43111730,용암2동,4311112400,용암동,4.3111124001185695e+18,1,대지,충청북도 청주시 상당구 용암동 1857,431113236049,충청북도 청주시 상당구 월평로,4.31111240011857e+24,충청북도 청주시 상당구 월평로 212-1,28782.0,1.0
MA0101202302A0112217,생막창드라마,용암점,I2,음식,I201,한식,I20109,곱창 전골/구이,I56113,한식 육류 요리 전문점,43,충청북도,43111,청주시 상당구,43111680,금천동,4311112000,금천동,4.3111120001011297e+18,1,대지,충청북도 청주시 상당구 금천동 113-7,431114508369,충청북도 청주시 상당구 쇠내로125번길,4.31111200010113e+24,충청북도 청주시 상당구 쇠내로125번길 5,28732.0,1.0
MA0101202302A0000532,소소한숯불갈비충주,호암점,I2,음식,I201,한식,I20107,돼지고기 구이/찜,I56113,한식 육류 요리 전문점,43,충청북도,43130,충주시,43130580,호암.직동,4313010700,호암동,4.3130107001101e+18,1,대지,충청북도 충주시 호암동 1010,431304856476,충청북도 충주시 호암수청8길,4.3130107001101e+24,충청북도 충주시 호암수청8길 7,27502.0,1.0
MA0101202303A0063100,춘리마라탕,금천점,I2,음식,I202,중식,I20202,마라탕/훠궈,I56121,중식 음식점업,43,충청북도,43111,청주시 상당구,43111680,금천동,4311112000,금천동,4.3111120001027896e+18,1,대지,충청북도 청주시 상당구 금천동 279,431113236055,충청북도 청주시 상당구 중고개로,4.31111200010279e+24,충청북도 청주시 상당구 중고개로 330-1,28744.0,1.0
MA0101202302A0057267,굽네치킨,옥산점,I2,음식,I210,기타 간이,I21006,치킨,I56193,치킨 전문점,43,충청북도,43113,청주시 흥덕구,43113320,옥산면,4311332025,옥산면,4.31133202520068e+18,2,산,충청북도 청주시 흥덕구 옥산면 가락리 산 68-8,431134520010,충청북도 청주시 흥덕구 옥산면 가락길,4.31133202520068e+24,충청북도 청주시 흥덕구 옥산면 가락길 28,28113.0,1.0
MA0101202302A0062563,씨유청주사직,캐슬점,G2,소매,G204,종합 소매,G20405,편의점,G47122,체인화 편의점,43,충청북도,43112,청주시 서원구,43112520,사직2동,4311210100,사직동,4.31121010010936e+18,1,대지,충청북도 청주시 서원구 사직동 936,431123237084,충청북도 청주시 서원구 창직로,4.31131010010669e+24,충청북도 청주시 서원구 창직로 60,28661.0,1.0
MA0101202302A0009251,한솥도시락,금천점,I2,음식,I201,한식,I20101,백반/한정식,I56111,한식 일반 음식점업,43,충청북도,43111,청주시 상당구,43111690,용담.명암.산성동,4311112100,용담동,4.3111121001039606e+18,1,대지,충청북도 청주시 상당구 용담동 396,431114508279,충청북도 청주시 상당구 산성로112번길,4.31111210010396e+24,충청북도 청주시 상당구 산성로112번길 32,28744.0,1.0
MA0101202302A0048823,면식당,청주대점,I2,음식,I201,한식,I20101,백반/한정식,I56111,한식 일반 음식점업,43,충청북도,43114,청주시 청원구,43114510,우암동,4311410100,우암동,4.31141010010026e+18,1,대지,충청북도 청주시 청원구 우암동 26-3,431144508402,충청북도 청주시 청원구 수암로88번길,4.31111130010026e+24,충청북도 청주시 청원구 수암로88번길 6-2,28506.0,1.0
MA0101202302A0000540,김형제고기의철학,율량점,I2,음식,I201,한식,I20107,돼지고기 구이/찜,I56111,한식 일반 음식점업,43,충청북도,43114,청주시 청원구,43114540,율량.사천동,4311410300,율량동,4.31141030012074e+18,1,대지,충청북도 청주시 청원구 율량동 2074,431143236001,충청북도 청주시 청원구 1순환로,4.31141030012074e+24,충청북도 청주시 청원구 1순환로 130,28320.0,1.0
MA0101202303A0098325,메이져복싱,용암점,P1,교육,P106,기타 교육,P10601,태권도/무술학원,P85611,태권도 및 무술 교육기관,43,충청북도,43111,청주시 상당구,43111720,용암1동,4311112400,용암동,4.31111240011606e+18,1,대지,충청북도 청주시 상당구 용암동 1606,431113236057,충청북도 청주시 상당구 중흥로,4.31111240011606e+24,충청북도 청주시 상당구 중흥로 40,28776.0,3.0
MA0101202302A0049193,더달달청주,시청점,G2,소매,G204,종합 소매,G20404,슈퍼마켓,G47216,빵류; 과자류 및 당류 소매업,43,충청북도,43111,청주시 상당구,43111525,중앙동,4311110400,북문로3가,4.3111104001012306e+18,1,대지,충청북도 청주시 상당구 북문로3가 123,431113236056,충청북도 청주시 상당구 중앙로,4.31111040010021e+24,충청북도 청주시 상당구 중앙로 80,28542.0,1.0
MA0101202303A0017093,올젠현대백화점,충청점,G2,소매,G209,섬유·의복·신발 소매,G20901,남성 의류 소매업,G47411,남자용 겉옷 소매업,43,충청북도,43113,청주시 흥덕구,43113741,복대1동,4311311400,복대동,4.3113114001338e+18,1,대지,충청북도 청주시 흥덕구 복대동 3380,431133236058,충청북도 청주시 흥덕구 직지대로,4.31131140010584e+24,충청북도 청주시 흥덕구 직지대로 308,28424.0,4.0
MA0101202303A0101399,더달콤25가경,푸르지오점,G2,소매,G204,종합 소매,G20405,편의점,G47122,체인화 편의점,43,충청북도,43113,청주시 흥덕구,43113747,가경동,4311311300,가경동,4.3113113001169505e+18,1,대지,충청북도 청주시 흥덕구 가경동 1695,431134511061,충청북도 청주시 흥덕구 2순환로1375번길,4.31131130011695e+24,충청북도 청주시 흥덕구 2순환로1375번길 20,28412.0,1.0
MA0101202310A0077174,펀비어킹제천,시청점,I2,음식,I211,주점,I21103,생맥주 전문,I56213,생맥주 전문점,43,충청북도,43150,제천시,43150547,영서동,4315012500,천남동,4.3150125001003e+18,1,대지,충청북도 제천시 천남동 30-1,431504517707,충청북도 제천시 원뜰로1길,4.3150125001003e+24,충청북도 제천시 원뜰로1길 9,27188.0,2.0
MA0101202310A0099282,고수닭,동남점,I2,음식,I210,기타 간이,I21006,치킨,I56193,치킨 전문점,43,충청북도,43111,청주시 상당구,43111720,용암1동,4311112400,용암동,4.31111240013219e+18,1,대지,충청북도 청주시 상당구 용암동 3219,431114857346,충청북도 청주시 상당구 중고개로125번길,4.31111240013219e+24,충청북도 청주시 상당구 중고개로125번길 36-7,28808.0,1.0
MA0101202310A0042682,공감드림컨설팅,청주지점,P1,교육,P106,기타 교육,P10621,직원 훈련기관,P85650,직원 훈련기관,43,충청북도,43111,청주시 상당구,43111690,용담.명암.산성동,4311112100,용담동,4.31111210010372e+18,1,대지,충청북도 청주시 상당구 용담동 372,431114508297,충청북도 청주시 상당구 산성로98번길,4.31111210010372e+24,충청북도 청주시 상당구 산성로98번길 23,28744.0,7.0
MA0101202310A0027666,고기명작,율량점,I2,음식,I201,한식,I20107,돼지고기 구이/찜,I56113,한식 육류 요리 전문점,43,충청북도,43114,청주시 청원구,43114540,율량.사천동,4311410300,율량동,4.3114103001203697e+18,1,대지,충청북도 청주시 청원구 율량동 2037,431144844105,충청북도 청주시 청원구 율량로190번길,4.31141030012037e+24,충청북도 청주시 청원구 율량로190번길 43,28320.0,1.0
MA0101202310A0022819,짱탁구장,교통대점,R1,예술·스포츠,R103,스포츠 서비스,R10313,탁구장,R91139,그 외 기타 스포츠시설 운영업,43,충청북도,43130,충주시,43130335,대소원면,4313033529,대소원면,4.3130335291035e+18,1,대지,충청북도 충주시 대소원면 검단리 350-58,431303238012,충청북도 충주시 대소원면 대학로,4.3130330291035e+24,충청북도 충주시 대소원면 대학로 20,27470.0,4.0
MA0101202310A0099027,세탁을위한사람들유성,오창점,S2,수리·개인,S209,세탁,S20901,세탁소,S96912,가정용 세탁업,43,충청북도,43114,청주시 청원구,43114253,오창읍,4311425345,오창읍,4.3114253451082e+18,1,대지,충청북도 청주시 청원구 오창읍 양청리 820,431143240075,충청북도 청주시 청원구 오창읍 중심상업1로,4.3710253451082e+24,충청북도 청주시 청원구 오창읍 중심상업1로 8-11,28120.0,2.0
MA0101202310A0051416,명장국밥,개신점,I2,음식,I201,한식,I20102,국/탕/찌개류,I56111,한식 일반 음식점업,43,충청북도,43112,청주시 서원구,43112590,성화.개신.죽림동,4311210900,개신동,4.3112109001057894e+18,1,대지,충청북도 청주시 서원구 개신동 579,431123237050,충청북도 청주시 서원구 성봉로,4.31131110010579e+24,충청북도 청주시 서원구 성봉로 215,28609.0,1.0
MA0101202310A0000099,조치원파닭,가경점,I2,음식,I210,기타 간이,I21006,치킨,I56193,치킨 전문점,43,충청북도,43113,청주시 흥덕구,43113747,가경동,4311311300,가경동,4.31131130011488e+18,1,대지,충청북도 청주시 흥덕구 가경동 1488-16,431133237074,충청북도 청주시 흥덕구 장구봉로,4.31131130011488e+24,충청북도 청주시 흥덕구 장구봉로 39-1,28403.0,1.0
MA0101202310A0051778,마리텔,제천점,G2,소매,G221,기타 상품 소매,G22199,그 외 기타 상품 전문 소매업,G47859,그 외 기타 분류 안된 상품 전문 소매업,43,충청북도,43150,제천시,43150590,청전동,4315011300,청전동,4.3150113001088896e+18,1,대지,충청북도 제천시 청전동 889,431503239009,충청북도 제천시 내제로,4.31501130010889e+24,충청북도 제천시 내제로 221,27153.0,1.0
MA0101202310A0010228,돼지도있소,금천점,I2,음식,I201,한식,I20107,돼지고기 구이/찜,I56113,한식 육류 요리 전문점,43,충청북도,43111,청주시 상당구,43111680,금천동,4311112000,금천동,4.31111200010301e+18,1,대지,충청북도 청주시 상당구 금천동 301,431114508297,충청북도 청주시 상당구 산성로98번길,4.31111200010301e+24,충청북도 청주시 상당구 산성로98번길 34,28744.0,1.0
MA0101202310A0084430,신림춘천집청주,지웰시티점,I2,음식,I201,한식,I20107,돼지고기 구이/찜,I56113,한식 육류 요리 전문점,43,충청북도,43113,청주시 흥덕구,43113741,복대1동,4311311400,복대동,4.3113114001324e+18,1,대지,충청북도 청주시 흥덕구 복대동 3240,431134511866,충청북도 청주시 흥덕구 진재로110번길,4.3113114001324e+24,충청북도 청주시 흥덕구 진재로110번길 7,28426.0,1.0
MA0101202310A0097658,가마치통닭,충북대점,I2,음식,I210,기타 간이,I21006,치킨,I56193,치킨 전문점,43,충청북도,43112,청주시 서원구,43112590,성화.개신.죽림동,4311210900,개신동,4.3112109001049e+18,1,대지,충청북도 청주시 서원구 개신동 490-8,431123237104,충청북도 청주시 서원구 모충로,4.3112109001049e+24,충청북도 청주시 서원구 모충로 9,28666.0,1.0
MA0101202310A0097151,메가엠지씨커피,옥천점,I2,음식,I212,비알코올,I21201,카페,I56221,커피 전문점,43,충청북도,43730,옥천군,43730250,옥천읍,4373025036,옥천읍,4.37302503610018e+18,1,대지,충청북도 옥천군 옥천읍 금구리 18-22,437303242004,충청북도 옥천군 옥천읍 금장로,4.37302503610018e+24,충청북도 옥천군 옥천읍 금장로 49-1,29046.0,1.0
MA0101202310A0100198,우리할매떡볶이,옥천점,I2,음식,I210,기타 간이,I21007,김밥/만두/분식,I56194,김밥 및 기타 간이 음식점업,43,충청북도,43730,옥천군,43730250,옥천읍,4373025038,옥천읍,4.3730250381023094e+18,1,대지,충청북도 옥천군 옥천읍 삼양리 231-1,437303242048,충청북도 옥천군 옥천읍 중앙로,4.37302503810231e+24,충청북도 옥천군 옥천읍 중앙로 85-1,29032.0,1.0
MA0101202310A0034517,써브웨이충북,증평점,I2,음식,I210,기타 간이,I21005,토스트/샌드위치/샐러드,I56192,피자; 햄버거; 샌드위치 및 유사 음식점업,43,충청북도,43745,증평군,43745250,증평읍,4374525023,증평읍,4.3745250231000095e+18,1,대지,충청북도 증평군 증평읍 중동리 1-3,437453014040,충청북도 증평군 증평읍 광장로,4.37452502310001e+24,충청북도 증평군 증평읍 광장로 92,27927.0,1.0
MA0101202310A0081586,메밀면묵밥리앙성,온천점,I2,음식,I201,한식,I20106,냉면/밀면,I56111,한식 일반 음식점업,43,충청북도,43130,충주시,43130370,앙성면,4313037034,앙성면,4.31303703410621e+18,1,대지,충청북도 충주시 앙성면 능암리 621-27,431303197001,충청북도 충주시 앙성면 가곡로,4.31303703410621e+24,충청북도 충주시 앙성면 가곡로 1509,27302.0,1.0
MA0101202310A0095824,8900원삼겹살비빔밥,옥산점,I2,음식,I201,한식,I20101,백반/한정식,I56111,한식 일반 음식점업,43,충청북도,43113,청주시 흥덕구,43113320,옥산면,4311332021,옥산면,4.3113320211054495e+18,1,대지,충청북도 청주시 흥덕구 옥산면 오산리 545-8,431134520490,충청북도 청주시 흥덕구 옥산면 옥산시내1길,4.37104102100545e+24,충청북도 청주시 흥덕구 옥산면 옥산시내1길 32-6,28113.0,1.0
MA0101202310A0067018,씨유청주신사천,푸르지오점,G2,소매,G204,종합 소매,G20405,편의점,G47122,체인화 편의점,43,충청북도,43114,청주시 청원구,43114540,율량.사천동,4311410400,사천동,4.31141040010718e+18,1,대지,충청북도 청주시 청원구 사천동 718,431143236023,충청북도 청주시 청원구 사뜸로,4.31141040010718e+24,충청북도 청주시 청원구 사뜸로 100-1,28337.0,1.0
MA0101202310A0021646,댄스스쿨,코리아,P1,교육,P106,기타 교육,P10605,레크리에이션 교육기관,P85613,레크리에이션 교육기관,43,충청북도,43150,제천시,43150528,중앙동,4315010800,명동,4.3150108001020897e+18,1,대지,충청북도 제천시 명동 209-3,431502239002,충청북도 제천시 의림대로,4.31501080010209e+24,충청북도 제천시 의림대로 75,27185.0,2.0
MA0101202310A0064589,고위드짐,동남점,R1,예술·스포츠,R103,스포츠 서비스,R10307,헬스장,R91132,체력 단련시설 운영업,43,충청북도,43111,청주시 상당구,43111720,용암1동,4311112400,용암동,4.3111124001307694e+18,1,대지,충청북도 청주시 상당구 용암동 3077,431113236055,충청북도 청주시 상당구 중고개로,4.31111240013077e+24,충청북도 청주시 상당구 중고개로 129,28808.0,7.0
MA0101202310A0037292,호박꽃청주,오창점,I2,음식,I201,한식,I20107,돼지고기 구이/찜,I56113,한식 육류 요리 전문점,43,충청북도,43114,청주시 청원구,43114253,오창읍,4311425345,오창읍,4.31142534510787e+18,1,대지,충청북도 청주시 청원구 오창읍 양청리 787-5,431143240075,충청북도 청주시 청원구 오창읍 중심상업1로,4.37102534500787e+24,충청북도 청주시 청원구 오창읍 중심상업1로 50,28120.0,1.0
MA0101202310A0046034,비에이치씨치킨충주,노은점,I2,음식,I210,기타 간이,I21006,치킨,I56193,치킨 전문점,43,충청북도,43130,충주시,43130360,노은면,4313036021,노은면,4.3130360211055606e+18,1,대지,충청북도 충주시 노은면 연하리 556-2,431304515046,충청북도 충주시 노은면 연하중앙길,4.31303602110556e+24,충청북도 충주시 노은면 연하중앙길 42,27452.0,1.0
MA0101202310A0031810,석호네닭발송절,테크노폴리스점,I2,음식,I201,한식,I20110,닭/오리고기 구이/찜,I56111,한식 일반 음식점업,43,충청북도,43113,청주시 흥덕구,43113770,강서2동,4311313400,송절동,4.3113134001070095e+18,1,대지,충청북도 청주시 흥덕구 송절동 701,431134855164,충청북도 청주시 흥덕구 송화로150번길,4.31131340010701e+24,충청북도 청주시 흥덕구 송화로150번길 7-7,28292.0,1.0
MA0101202310A0055343,정미희사과게장,오창점,I2,음식,I201,한식,I20112,해산물 구이/찜,I56111,한식 일반 음식점업,43,충청북도,43114,청주시 청원구,43114253,오창읍,4311425346,오창읍,4.3114253461041894e+18,1,대지,충청북도 청주시 청원구 오창읍 구룡리 419-2,431144520069,충청북도 청주시 청원구 오창읍 구룡6길,4.37102534600419e+24,충청북도 청주시 청원구 오창읍 구룡6길 32,28121.0,1.0
MA0101202310A0021068,보배반점청주,가경점,I2,음식,I202,중식,I20201,중국집,I56121,중식 음식점업,43,충청북도,43113,청주시 흥덕구,43113747,가경동,4311311300,가경동,4.31131130011746e+18,1,대지,충청북도 청주시 흥덕구 가경동 1746,431133237045,충청북도 청주시 흥덕구 서현동로,4.31131130011746e+24,충청북도 청주시 흥덕구 서현동로 8,28378.0,1.0
MA0101202310A0019405,한식대장,용암점,I2,음식,I201,한식,I20101,백반/한정식,I56111,한식 일반 음식점업,43,충청북도,43111,청주시 상당구,43111720,용암1동,4311112400,용암동,4.3111124001282806e+18,1,대지,충청북도 청주시 상당구 용암동 2828,431114508514,충청북도 청주시 상당구 용암북로180번길,4.31111240012828e+24,충청북도 청주시 상당구 용암북로180번길 6-20,28762.0,1.0
MA0101202310A0077839,감성커피,분평점,I2,음식,I212,비알코올,I21201,카페,I56221,커피 전문점,43,충청북도,43112,청주시 서원구,43112560,분평동,4311210600,분평동,4.31121060011235e+18,1,대지,충청북도 청주시 서원구 분평동 1235,431123236067,충청북도 청주시 서원구 청남로,4.31131080011235e+24,충청북도 청주시 서원구 청남로 1990,28797.0,1.0
MA0101202310A0017133,피자닭터청주,1호점,I2,음식,I210,기타 간이,I21003,피자,I56192,피자; 햄버거; 샌드위치 및 유사 음식점업,43,충청북도,43112,청주시 서원구,43112590,성화.개신.죽림동,4311210900,개신동,4.3112109001055e+18,1,대지,충청북도 청주시 서원구 개신동 550,431124511787,충청북도 청주시 서원구 장구봉로138번길,4.3113111001055e+24,충청북도 청주시 서원구 장구봉로138번길 3,28609.0,1.0
MA0101202310A0040702,스텔라떡볶이충북,오창점,I2,음식,I210,기타 간이,I21007,김밥/만두/분식,I56194,김밥 및 기타 간이 음식점업,43,충청북도,43114,청주시 청원구,43114253,오창읍,4311425345,오창읍,4.3114253451082097e+18,1,대지,충청북도 청주시 청원구 오창읍 양청리 821-2,431142014001,충청북도 청주시 청원구 오창읍 오창대로,4.37102534500821e+24,충청북도 청주시 청원구 오창읍 오창대로 315,28120.0,1.0
MA0101202310A0059114,60계치킨청주복대,가경점,I2,음식,I210,기타 간이,I21006,치킨,I56193,치킨 전문점,43,충청북도,43113,청주시 흥덕구,43113741,복대1동,4311311400,복대동,4.3113114001307295e+18,1,대지,충청북도 청주시 흥덕구 복대동 3073,431133237021,충청북도 청주시 흥덕구 대신로,4.31131140013073e+24,충청북도 청주시 흥덕구 대신로 6,28423.0,1.0
MA0101202310A0060125,간식창고,충북대점,G2,소매,G204,종합 소매,G20404,슈퍼마켓,G47216,빵류; 과자류 및 당류 소매업,43,충청북도,43112,청주시 서원구,43112530,사창동,4311210200,사창동,4.31121020010454e+18,1,대지,충청북도 청주시 서원구 사창동 454-1,431124512175,충청북도 청주시 서원구 1순환로672번길,4.31131020010454e+24,충청북도 청주시 서원구 1순환로672번길 46,28643.0,1.0
MA0101202310A0026578,노모어피자청주,가경점,I2,음식,I210,기타 간이,I21003,피자,I56192,피자; 햄버거; 샌드위치 및 유사 음식점업,43,충청북도,43113,청주시 흥덕구,43113747,가경동,4311311300,가경동,4.3113113001199094e+18,1,대지,충청북도 청주시 흥덕구 가경동 1991,431133237047,충청북도 청주시 흥덕구 서현북로,4.31131130011991e+24,충청북도 청주시 흥덕구 서현북로 72,28384.0,1.0
MA0101202310A0023984,팔팔장어,분평점,I2,음식,I201,한식,I20112,해산물 구이/찜,I56114,한식 해산물 요리 전문점,43,충청북도,43112,청주시 서원구,43112560,분평동,4311210600,분평동,4.3112106001128294e+18,1,대지,충청북도 청주시 서원구 분평동 1283,431124511742,충청북도 청주시 서원구 원마루로20번길,4.31131080011283e+24,충청북도 청주시 서원구 원마루로20번길 21,28794.0,1.0
MA0101202311A0062535,크로스핏빌드업,충북대점,P1,교육,P106,기타 교육,P10603,요가/필라테스 학원,P85612,기타 스포츠 교육기관,43,충청북도,43112,청주시 서원구,43112530,사창동,4311210200,사창동,4.3112102001038495e+18,1,대지,충청북도 청주시 서원구 사창동 385-19,431124511218,충청북도 청주시 서원구 내수동로102번길,4.31131020010385e+24,충청북도 청주시 서원구 내수동로102번길 52,28643.0,1.0
MA0101202310A0053203,번쩍피자청주,용암점,I2,음식,I210,기타 간이,I21003,피자,I56192,피자; 햄버거; 샌드위치 및 유사 음식점업,43,충청북도,43111,청주시 상당구,43111720,용암1동,4311112400,용암동,4.31111240012514e+18,1,대지,충청북도 청주시 상당구 용암동 2514,431114508112,충청북도 청주시 상당구 낙영로40번길,4.31111240012514e+24,충청북도 청주시 상당구 낙영로40번길 7,28767.0,1.0
MA0101202311A0037411,플레이그라운드문구팬시,개신점,G2,소매,G213,오락용품 소매,G21302,문구/회화용품 소매업,G47612,문구용품 및 회화용품 소매업,43,충청북도,43112,청주시 서원구,43112590,성화.개신.죽림동,4311210900,개신동,4.31121090010634e+18,1,대지,충청북도 청주시 서원구 개신동 634,431123237058,충청북도 청주시 서원구 신율로,4.31131110010634e+24,충청북도 청주시 서원구 신율로 15,28611.0,1.0
MA0101202310A0039638,청주휴대폰성지옆커폰,가경점,G2,소매,G208,가전·통신 소매,G20802,핸드폰 소매업,G47312,통신기기 소매업,43,충청북도,43112,청주시 서원구,43112590,성화.개신.죽림동,4311210900,개신동,4.3112109001062497e+18,1,대지,충청북도 청주시 서원구 개신동 625,431123237030,충청북도 청주시 서원구 복대로,4.31131110010625e+24,충청북도 청주시 서원구 복대로 34,28611.0,1.0
MA0101202311A0019919,가마솥순대국밥청주,용암점,I2,음식,I201,한식,I20101,백반/한정식,I56111,한식 일반 음식점업,43,충청북도,43111,청주시 상당구,43111720,용암1동,4311112400,용암동,4.3111124001166495e+18,1,대지,충청북도 청주시 상당구 용암동 1665,431114508560,충청북도 청주시 상당구 월평로184번길,4.31111240011665e+24,충청북도 청주시 상당구 월평로184번길 151,28776.0,1.0
MA0101202311A0089980,임지훈시골생고기,복대점,I2,음식,I201,한식,I20107,돼지고기 구이/찜,I56113,한식 육류 요리 전문점,43,충청북도,43113,청주시 흥덕구,43113741,복대1동,4311311400,복대동,4.3113114001029294e+18,1,대지,충청북도 청주시 흥덕구 복대동 293-1,431134511866,충청북도 청주시 흥덕구 진재로110번길,4.31131140010293e+24,충청북도 청주시 흥덕구 진재로110번길 35,28426.0,1.0
MA0101202308A0043043,구이구이쪽갈비충북,혁신도시점,I2,음식,I201,한식,I20107,돼지고기 구이/찜,I56113,한식 육류 요리 전문점,43,충청북도,43750,진천군,43750253,덕산읍,4375025325,덕산읍,4.3750253251258097e+18,1,대지,충청북도 진천군 덕산읍 두촌리 2581,437503245036,충청북도 진천군 덕산읍 자안로,4.37503102512581e+24,충청북도 진천군 덕산읍 자안로 9,27871.0,1.0
MA0101202310A0082171,짱탁구장,청주대점,R1,예술·스포츠,R103,스포츠 서비스,R10313,탁구장,R91139,그 외 기타 스포츠시설 운영업,43,충청북도,43114,청주시 청원구,43114510,우암동,4311410100,우암동,4.3114101001001697e+18,1,대지,충청북도 청주시 청원구 우암동 17-4,431143236034,충청북도 청주시 청원구 수암로,4.31111130010017e+24,충청북도 청주시 청원구 수암로 98-3,28504.0,2.0
MA0101202310A0037277,이게볶음밥청주,2호점,I2,음식,I201,한식,I20101,백반/한정식,I56111,한식 일반 음식점업,43,충청북도,43111,청주시 상당구,43111680,금천동,4311112000,금천동,4.31111200010143e+18,1,대지,충청북도 청주시 상당구 금천동 143-43,431114508417,충청북도 청주시 상당구 수영로207번길,4.31111200010143e+24,충청북도 청주시 상당구 수영로207번길 22,28734.0,1.0
MA0101202310A0040444,모도리,가경점,I2,음식,I211,주점,I21104,요리 주점,I56219,기타 주점업,43,충청북도,43113,청주시 흥덕구,43113747,가경동,4311311300,가경동,4.3113113001146097e+18,1,대지,충청북도 청주시 흥덕구 가경동 1461-7,431133237007,충청북도 청주시 흥덕구 경산로,4.31131130011461e+24,충청북도 청주시 흥덕구 경산로 12,28404.0,1.0
MA0101202308A0072422,문구잼,산남점,G2,소매,G213,오락용품 소매,G21302,문구/회화용품 소매업,G47612,문구용품 및 회화용품 소매업,43,충청북도,43112,청주시 서원구,43112550,산남동,4311210400,산남동,4.31121040010654e+18,1,대지,충청북도 청주시 서원구 산남동 654,431123237037,충청북도 청주시 서원구 산남로,4.31131060010654e+24,충청북도 청주시 서원구 산남로 54,28625.0,1.0
MA0101202310A0003362,공만치킨충주,연수점,I2,음식,I210,기타 간이,I21006,치킨,I56193,치킨 전문점,43,충청북도,43130,충주시,43130630,연수동,4313011800,연수동,4.3130118001066706e+18,1,대지,충청북도 충주시 연수동 667,431303238048,충청북도 충주시 예성로,4.31301180010667e+24,충청북도 충주시 예성로 400,27342.0,1.0
MA0101202311A0072428,야끼니꾸요우,율량점,I2,음식,I203,일식,I20301,일식 회/초밥,I56122,일식 음식점업,43,충청북도,43114,청주시 청원구,43114540,율량.사천동,4311410300,율량동,4.3114103001204306e+18,1,대지,충청북도 청주시 청원구 율량동 2043,431144844105,충청북도 청주시 청원구 율량로190번길,4.31141030012043e+24,충청북도 청주시 청원구 율량로190번길 19,28320.0,1.0
MA0101202310A0021500,이노티안경원충주,호암점,G2,소매,G216,안경·정밀기기 소매,G21602,안경렌즈 소매업,G47822,안경 및 렌즈 소매업,43,충청북도,43130,충주시,43130580,호암.직동,4313010700,호암동,4.3130107001102095e+18,1,대지,충청북도 충주시 호암동 1021,431304856103,충청북도 충주시 호암수청4길,4.31301070011021e+24,충청북도 충주시 호암수청4길 5,27502.0,1.0
MA0101202310A0038493,고요,산남점,I2,음식,I211,주점,I21104,요리 주점,I56219,기타 주점업,43,충청북도,43112,청주시 서원구,43112550,산남동,4311210400,산남동,4.3112104001058294e+18,1,대지,충청북도 청주시 서원구 산남동 583,431124511541,충청북도 청주시 서원구 산남로70번길,4.31131060010583e+24,충청북도 청주시 서원구 산남로70번길 26,28625.0,1.0
MA0101202311A0089280,육칠이,충북대점,I2,음식,I201,한식,I20107,돼지고기 구이/찜,I56113,한식 육류 요리 전문점,43,충청북도,43113,청주시 흥덕구,43113742,복대2동,4311311400,복대동,4.31131140011644e+18,1,대지,충청북도 청주시 흥덕구 복대동 1644,431133237050,충청북도 청주시 흥덕구 성봉로,4.31131140011644e+24,충청북도 청주시 흥덕구 성봉로 299,28595.0,1.0
MA0101202310A0064317,컴포즈커피충북괴산,터미널점,I2,음식,I212,비알코올,I21201,카페,I56221,커피 전문점,43,충청북도,43760,괴산군,43760250,괴산읍,4376025021,괴산읍,4.3760250211066097e+18,1,대지,충청북도 괴산군 괴산읍 동부리 661-56,437604538573,충청북도 괴산군 괴산읍 읍내로10길,4.37602502110661e+24,충청북도 괴산군 괴산읍 읍내로10길 3,28030.0,1.0
MA0101202311A0067343,푸라닭치킨청주,교대점,I2,음식,I210,기타 간이,I21006,치킨,I56193,치킨 전문점,43,충청북도,43112,청주시 서원구,43112570,수곡1동,4311210700,수곡동,4.3112107001009505e+18,1,대지,충청북도 청주시 서원구 수곡동 95-1,431123236067,충청북도 청주시 서원구 청남로,4.31131090010095e+24,충청북도 청주시 서원구 청남로 2083,28689.0,1.0
MA0101202310A0058411,버거프렌즈,지웰시티점,I2,음식,I210,기타 간이,I21004,버거,I56192,피자; 햄버거; 샌드위치 및 유사 음식점업,43,충청북도,43113,청주시 흥덕구,43113741,복대1동,4311311400,복대동,4.31131140010288e+18,1,대지,충청북도 청주시 흥덕구 복대동 288-122,431133237020,충청북도 청주시 흥덕구 대농로,4.31131140010288e+24,충청북도 청주시 흥덕구 대농로 68,28427.0,1.0
MA0101202310A0094132,역전할머니맥주용암,광장점,I2,음식,I211,주점,I21103,생맥주 전문,I56213,생맥주 전문점,43,충청북도,43111,청주시 상당구,43111720,용암1동,4311112400,용암동,4.31111240011642e+18,1,대지,충청북도 청주시 상당구 용암동 1642,431114508001,충청북도 청주시 상당구 1순환로1253번길,4.31111240011642e+24,충청북도 청주시 상당구 1순환로1253번길 76,28776.0,1.0
MA0101202310A0088938,베러먼데이충주건국대,병원점,I2,음식,I212,비알코올,I21201,카페,I56221,커피 전문점,43,충청북도,43130,충주시,43130540,교현2동,4313010500,교현동,4.31301050010618e+18,1,대지,충청북도 충주시 교현동 618-10,431304514093,충청북도 충주시 광명2길,4.31301050010618e+24,충청북도 충주시 광명2길 10,27376.0,1.0
MA0101202309A0061781,반올림피자충북청주,오창점,I2,음식,I210,기타 간이,I21003,피자,I56192,피자; 햄버거; 샌드위치 및 유사 음식점업,43,충청북도,43114,청주시 청원구,43114253,오창읍,4311425345,오창읍,4.3114253451082097e+18,1,대지,충청북도 청주시 청원구 오창읍 양청리 821-4,431143240077,충청북도 청주시 청원구 오창읍 중심상업로,4.37102534500821e+24,충청북도 청주시 청원구 오창읍 중심상업로 7,28120.0,1.0
MA0101202309A0054421,현대백화점지고트,충청점,G2,소매,G209,섬유·의복·신발 소매,G20902,여성 의류 소매업,G47412,여자용 겉옷 소매업,43,충청북도,43113,청주시 흥덕구,43113741,복대1동,4311311400,복대동,4.3113114001338e+18,1,대지,충청북도 청주시 흥덕구 복대동 3380,431133236058,충청북도 청주시 흥덕구 직지대로,4.31131140010584e+24,충청북도 청주시 흥덕구 직지대로 308,28424.0,2.0
MA0101202309A0036594,노군꼬치,충북대점,I2,음식,I211,주점,I21104,요리 주점,I56111,한식 일반 음식점업,43,충청북도,43112,청주시 서원구,43112530,사창동,4311210200,사창동,4.3112102001041295e+18,1,대지,충청북도 청주시 서원구 사창동 413-1,431124512177,충청북도 청주시 서원구 1순환로704번길,4.31131020010413e+24,충청북도 청주시 서원구 1순환로704번길 78,28643.0,1.0
MA0101202309A0019430,더덕솥뚜껑삼겹살,율량점,I2,음식,I201,한식,I20107,돼지고기 구이/찜,I56111,한식 일반 음식점업,43,충청북도,43114,청주시 청원구,43114540,율량.사천동,4311410300,율량동,4.3114103001091697e+18,1,대지,충청북도 청주시 청원구 율량동 917-2,431144508576,충청북도 청주시 청원구 율봉로176번길,4.31111150010917e+24,충청북도 청주시 청원구 율봉로176번길 36-2,28331.0,1.0
MA0101202309A0083324,한마음정육식당지웰,복대점,I2,음식,I201,한식,I20107,돼지고기 구이/찜,I56113,한식 육류 요리 전문점,43,충청북도,43113,청주시 흥덕구,43113741,복대1동,4311311400,복대동,4.31131140010288e+18,1,대지,충청북도 청주시 흥덕구 복대동 288-123,431133237020,충청북도 청주시 흥덕구 대농로,4.31131140010288e+24,충청북도 청주시 흥덕구 대농로 70,28427.0,2.0
MA0101202309A0043342,광조렌트카,청주지점,N1,시설관리·임대,N109,운송장비 대여,N10901,자동차 대여업,N76110,자동차 임대업,43,충청북도,43113,청주시 흥덕구,43113700,운천.신봉동,4311310500,신봉동,4.3113105001022894e+18,1,대지,충청북도 청주시 흥덕구 신봉동 229-3,431133236020,충청북도 청주시 흥덕구 무심서로,4.31131050010229e+24,충청북도 청주시 흥덕구 무심서로 793,28455.0,2.0
MA0101202309A0074561,세븐일레븐오창,부영점,G2,소매,G204,종합 소매,G20405,편의점,G47122,체인화 편의점,43,충청북도,43114,청주시 청원구,43114253,오창읍,4311425332,오창읍,4.31142533210564e+18,1,대지,충청북도 청주시 청원구 오창읍 주성리 564,431143257080,충청북도 청주시 청원구 오창읍 2산단4로,4.31142533110564e+24,충청북도 청주시 청원구 오창읍 2산단4로 60,28109.0,1.0
MA0101202309A0022351,철뚝집,제천점,I2,음식,I201,한식,I20107,돼지고기 구이/찜,I56113,한식 육류 요리 전문점,43,충청북도,43150,제천시,43150590,청전동,4315011300,청전동,4.3150113001001e+18,1,대지,충청북도 제천시 청전동 10-7,431502239002,충청북도 제천시 의림대로,4.3150113001001e+24,충청북도 제천시 의림대로 308,27147.0,2.0
MA0101202309A0009564,블랑베베충주,호암점,S2,수리·개인,S209,세탁,S20901,세탁소,S96912,가정용 세탁업,43,충청북도,43130,충주시,43130580,호암.직동,4313010700,호암동,4.31301070011212e+18,1,대지,충청북도 충주시 호암동 1212,431303352069,충청북도 충주시 사천개로,4.31301070011212e+24,충청북도 충주시 사천개로 40,27480.0,1.0
MA0101202309A0052336,화락바베큐치킨청주,오창점,I2,음식,I210,기타 간이,I21006,치킨,I56193,치킨 전문점,43,충청북도,43114,청주시 청원구,43114253,오창읍,4311425344,오창읍,4.31142534410636e+18,1,대지,충청북도 청주시 청원구 오창읍 각리 636-2,431143240062,충청북도 청주시 청원구 오창읍 오창공원로,4.31142534410636e+24,충청북도 청주시 청원구 오창읍 오창공원로 96,28120.0,1.0
MA0101202309A0026039,티엔에프청주,에버세이브점,G2,소매,G209,섬유·의복·신발 소매,G20905,기타 의류 소매업,G47419,기타 의복 소매업,43,충청북도,43112,청주시 서원구,43112560,분평동,4311210500,미평동,4.3112105001003494e+18,1,대지,충청북도 청주시 서원구 미평동 35-8,431124511938,충청북도 청주시 서원구 청남로1936번길,4.31131070010035e+24,충청북도 청주시 서원구 청남로1936번길 1,28802.0,1.0
MA0101202309A0023853,씨유음성대소,로드점,G2,소매,G204,종합 소매,G20405,편의점,G47122,체인화 편의점,43,충청북도,43770,음성군,43770340,대소면,4377034024,대소면,4.37703402420091e+18,2,산,충청북도 음성군 대소면 성본리 산 91-2,437704541203,충청북도 음성군 대소면 멍심이길,4.37703402420091e+24,충청북도 음성군 대소면 멍심이길 98,27644.0,1.0
MA0101202308A0090908,진천쌀빵미잠미과진천,터미널점,I2,음식,I210,기타 간이,I21001,빵/도넛,I56191,제과점업,43,충청북도,43750,진천군,43750250,진천읍,4375025024,진천읍,4.3750250241065206e+18,1,대지,충청북도 진천군 진천읍 읍내리 652,437504535372,충청북도 진천군 진천읍 중앙북1길,4.37502502610569e+24,충청북도 진천군 진천읍 중앙북1길 3,27831.0,1.0
MA0101202309A0065238,방방파닭,봉명점,I2,음식,I210,기타 간이,I21006,치킨,I56193,치킨 전문점,43,충청북도,43113,청주시 흥덕구,43113756,봉명2.송정동,4311311500,봉명동,4.31131150012718e+18,1,대지,충청북도 청주시 흥덕구 봉명동 2718,431133237029,충청북도 청주시 흥덕구 백봉로,4.31131150012718e+24,충청북도 청주시 흥덕구 백봉로 209,28465.0,1.0
MA0101202309A0085504,효자동솥뚜껑청주,분평점,I2,음식,I201,한식,I20107,돼지고기 구이/찜,I56113,한식 육류 요리 전문점,43,충청북도,43112,청주시 서원구,43112560,분평동,4311210600,분평동,4.3112106001125e+18,1,대지,충청북도 청주시 서원구 분평동 1250-24,431124512136,충청북도 청주시 서원구 1순환로1107번길,4.3113108001125e+24,충청북도 청주시 서원구 1순환로1107번길 95,28796.0,1.0
MA0101202309A0061122,삼동소바,오창점,I2,음식,I203,일식,I20303,일식 면 요리,I56122,일식 음식점업,43,충청북도,43114,청주시 청원구,43114253,오창읍,4311425346,오창읍,4.31142534610429e+18,1,대지,충청북도 청주시 청원구 오창읍 구룡리 429-3,431144520067,충청북도 청주시 청원구 오창읍 구룡4길,4.37102534600429e+24,충청북도 청주시 청원구 오창읍 구룡4길 6-6,28121.0,1.0
MA0101202308A0061863,평민,코리아,I2,음식,I201,한식,I20101,백반/한정식,I56111,한식 일반 음식점업,43,충청북도,43112,청주시 서원구,43112530,사창동,4311210200,사창동,4.3112102001028705e+18,1,대지,충청북도 청주시 서원구 사창동 287-9,431124511890,충청북도 청주시 서원구 창신로21번길,4.31131020010287e+24,충청북도 청주시 서원구 창신로21번길 12,28663.0,1.0
MA0101202308A0006453,이디야청주성안,홈플러스점,I2,음식,I212,비알코올,I21201,카페,I56221,커피 전문점,43,충청북도,43111,청주시 상당구,43111545,성안동,4311110900,서문동,4.3111109001015695e+18,1,대지,충청북도 청주시 상당구 서문동 157-14,431113236025,충청북도 청주시 상당구 사직대로,4.31111090010157e+24,충청북도 청주시 상당구 사직대로 346,28524.0,1.0
MA0101202308A0063699,엽기떡볶이청주북문로점,동대문,I2,음식,I210,기타 간이,I21007,김밥/만두/분식,I56194,김밥 및 기타 간이 음식점업,43,충청북도,43111,청주시 상당구,43111545,성안동,4311110200,북문로1가,4.31111020010111e+18,1,대지,충청북도 청주시 상당구 북문로1가 111,431113236031,충청북도 청주시 상당구 성안로,4.31111020010111e+24,충청북도 청주시 상당구 성안로 4-2,28525.0,2.0
MA0101202308A0015498,초벌간,봉명점,I2,음식,I201,한식,I20107,돼지고기 구이/찜,I56113,한식 육류 요리 전문점,43,충청북도,43113,청주시 흥덕구,43113756,봉명2.송정동,4311311500,봉명동,4.3113115001272694e+18,1,대지,충청북도 청주시 흥덕구 봉명동 2727,431134511253,충청북도 청주시 흥덕구 덕암로114번길,4.31131150012727e+24,충청북도 청주시 흥덕구 덕암로114번길 63,28465.0,1.0
MA0101202308A0012343,한솥도시락,분평점,I2,음식,I201,한식,I20101,백반/한정식,I56111,한식 일반 음식점업,43,충청북도,43112,청주시 서원구,43112560,분평동,4311210600,분평동,4.3112106001137695e+18,1,대지,충청북도 청주시 서원구 분평동 1377,431124512136,충청북도 청주시 서원구 1순환로1107번길,4.31131080011377e+24,충청북도 청주시 서원구 1순환로1107번길 42,28800.0,1.0
MA0101202309A0010658,달빛에구운고등어,분평점,I2,음식,I201,한식,I20112,해산물 구이/찜,I56114,한식 해산물 요리 전문점,43,충청북도,43112,청주시 서원구,43112560,분평동,4311210600,분평동,4.31121060010164e+18,1,대지,충청북도 청주시 서원구 분평동 164,431124511938,충청북도 청주시 서원구 청남로1936번길,4.31131080010164e+24,충청북도 청주시 서원구 청남로1936번길 132,28802.0,1.0
MA0101202309A0041004,롯데리아서청주점,롯데마트,I2,음식,I210,기타 간이,I21004,버거,I56193,치킨 전문점,43,충청북도,43113,청주시 흥덕구,43113760,강서1동,4311313800,비하동,4.31131380010811e+18,1,대지,충청북도 청주시 흥덕구 비하동 811,431133014065,충청북도 청주시 흥덕구 2순환로,4.31131380010332e+24,충청북도 청주시 흥덕구 2순환로 1004,28360.0,2.0
MA0101202309A0023522,일일수작,충북대점,I2,음식,I211,주점,I21104,요리 주점,I56219,기타 주점업,43,충청북도,43112,청주시 서원구,43112530,사창동,4311210200,사창동,4.3112102001040497e+18,1,대지,충청북도 청주시 서원구 사창동 405,431124512175,충청북도 청주시 서원구 1순환로672번길,4.31131020010405e+24,충청북도 청주시 서원구 1순환로672번길 34,28643.0,2.0
MA0101202309A0092864,짜글이미식회,봉명점,I2,음식,I201,한식,I20101,백반/한정식,I56111,한식 일반 음식점업,43,충청북도,43113,청주시 흥덕구,43113751,봉명1동,4311311500,봉명동,4.31131150010218e+18,1,대지,충청북도 청주시 흥덕구 봉명동 218-17,431133237031,충청북도 청주시 흥덕구 봉명로,4.31131150010218e+24,충청북도 청주시 흥덕구 봉명로 124,28573.0,1.0
MA0101202309A0037818,서가앤쿡청주,율량점,I2,음식,I204,서양식,I20403,패밀리레스토랑,I56123,서양식 음식점업,43,충청북도,43114,청주시 청원구,43114540,율량.사천동,4311410300,율량동,4.3114103001112294e+18,1,대지,충청북도 청주시 청원구 율량동 1123,431143236054,충청북도 청주시 청원구 주성로,4.31141030011123e+24,충청북도 청주시 청원구 주성로 89,28336.0,2.0
MA0101202308A0011505,어라운드스터디카페청주,용암점,R1,예술·스포츠,R102,도서관·사적지,R10202,독서실/스터디 카페,R90212,독서실 운영업,43,충청북도,43111,청주시 상당구,43111720,용암1동,4311112400,용암동,4.31111240012586e+18,1,대지,충청북도 청주시 상당구 용암동 2586,431114508629,충청북도 청주시 상당구 중흥로187번길,4.31111240012586e+24,충청북도 청주시 상당구 중흥로187번길 3,28763.0,2.0
MA0101202309A0070260,아띠몽충주한스,타워점,I2,음식,I210,기타 간이,I21001,빵/도넛,I56191,제과점업,43,충청북도,43130,충주시,43130540,교현2동,4313010500,교현동,4.3130105001053906e+18,1,대지,충청북도 충주시 교현동 539-1,431302238002,충청북도 충주시 국원대로,4.31301050010539e+24,충청북도 충주시 국원대로 107,27364.0,1.0
MA0101202309A0087891,용우동충주,터미널점,I2,음식,I210,기타 간이,I21007,김밥/만두/분식,I56194,김밥 및 기타 간이 음식점업,43,충청북도,43130,충주시,43130625,칠금.금릉동,4313011600,칠금동,4.3130116001084897e+18,1,대지,충청북도 충주시 칠금동 849,431304514580,충청북도 충주시 봉계1길,4.31301160010849e+24,충청북도 충주시 봉계1길 49,27360.0,1.0
MA0101202308A0100771,한양전자담배,오창점,G2,소매,G207,담배 소매,G20701,담배/전자담배 소매업,G47222,담배 소매업,43,충청북도,43114,청주시 청원구,43114253,오창읍,4311425345,오창읍,4.3114253451082e+18,1,대지,충청북도 청주시 청원구 오창읍 양청리 820-2,431143240075,충청북도 청주시 청원구 오창읍 중심상업1로,4.3114253451082e+24,충청북도 청주시 청원구 오창읍 중심상업1로 20,28120.0,1.0
MA0101202310A0030110,생극해장국청주,분평점,I2,음식,I201,한식,I20102,국/탕/찌개류,I56111,한식 일반 음식점업,43,충청북도,43112,청주시 서원구,43112560,분평동,4311210600,분평동,4.31121060010595e+18,1,대지,충청북도 청주시 서원구 분평동 595-4,431123237065,충청북도 청주시 서원구 용평로,4.31121060010595e+24,충청북도 청주시 서원구 용평로 100,28804.0,2.0
MA0101202309A0049780,역전할머니맥주오송2,산단점,I2,음식,I211,주점,I21103,생맥주 전문,I56213,생맥주 전문점,43,충청북도,43113,청주시 흥덕구,43113250,오송읍,4311325031,오송읍,4.31132503111226e+18,1,대지,충청북도 청주시 흥덕구 오송읍 봉산리 1226,431134520285,충청북도 청주시 흥덕구 오송읍 봉산2길,4.31132503111226e+24,충청북도 청주시 흥덕구 오송읍 봉산2길 42-4,28222.0,1.0
MA0101202309A0017456,에이치비티복싱클럽,성화지점,P1,교육,P106,기타 교육,P10601,태권도/무술학원,P85611,태권도 및 무술 교육기관,43,충청북도,43112,청주시 서원구,43112590,성화.개신.죽림동,4311210800,성화동,4.3112108001044306e+18,1,대지,충청북도 청주시 서원구 성화동 443,431123237061,충청북도 청주시 서원구 신화로,4.31121080010443e+24,충청북도 청주시 서원구 신화로 43,28636.0,3.0
MA0101202309A0077794,임지훈의시골생고기,비하점,I2,음식,I201,한식,I20107,돼지고기 구이/찜,I56113,한식 육류 요리 전문점,43,충청북도,43113,청주시 흥덕구,43113760,강서1동,4311313800,비하동,4.31131380010175e+18,1,대지,충청북도 청주시 흥덕구 비하동 175-25,431134511442,충청북도 청주시 흥덕구 비하로45번길,4.31131380010175e+24,충청북도 청주시 흥덕구 비하로45번길 13,28366.0,1.0
MA0101202309A0005260,한신우동,충북대점,I2,음식,I201,한식,I20105,국수/칼국수,I56194,김밥 및 기타 간이 음식점업,43,충청북도,43112,청주시 서원구,43112530,사창동,4311210200,사창동,4.31121020010446e+18,1,대지,충청북도 청주시 서원구 사창동 446,431124512175,충청북도 청주시 서원구 1순환로672번길,4.31131020010446e+24,충청북도 청주시 서원구 1순환로672번길 41,28643.0,1.0
MA0101202309A0003060,슈퍼커피,제천점,I2,음식,I212,비알코올,I21201,카페,I56221,커피 전문점,43,충청북도,43150,제천시,43150560,용두동,4315011100,하소동,4.3150111001006295e+18,1,대지,충청북도 제천시 하소동 63-6,431504517624,충청북도 제천시 용두대로15가길,4.31501110010063e+24,충청북도 제천시 용두대로15가길 23,27162.0,1.0
MA0101202307A0022067,본도시락청주,동남점,I2,음식,I201,한식,I20101,백반/한정식,I56111,한식 일반 음식점업,43,충청북도,43111,청주시 상당구,43111720,용암1동,4311112400,용암동,4.3111124001303506e+18,1,대지,충청북도 청주시 상당구 용암동 3035,431114857347,충청북도 청주시 상당구 중고개로141번길,4.31111240013035e+24,충청북도 청주시 상당구 중고개로141번길 22,28808.0,1.0
MA0101202309A0062747,레드페이스이마트,제천점,G2,소매,G209,섬유·의복·신발 소매,G20905,기타 의류 소매업,G47419,기타 의복 소매업,43,충청북도,43150,제천시,43150605,화산동,4315012100,강제동,4.31501210010684e+18,1,대지,충청북도 제천시 강제동 684,431503239064,충청북도 제천시 장평천로,4.31501210010278e+24,충청북도 제천시 장평천로 11,27198.0,2.0
MA0101202309A0085801,지에스25용암,중앙점,G2,소매,G204,종합 소매,G20405,편의점,G47122,체인화 편의점,43,충청북도,43111,청주시 상당구,43111720,용암1동,4311112400,용암동,4.31111240012406e+18,1,대지,충청북도 청주시 상당구 용암동 2406,431114508525,충청북도 청주시 상당구 용암북로80번길,4.31111240012406e+24,충청북도 청주시 상당구 용암북로80번길 21-1,28766.0,1.0
MA0101202309A0025507,달콤왕가탕후루청주,용암점,I2,음식,I210,기타 간이,I21099,그 외 기타 간이 음식점,I56199,간이 음식 포장 판매 전문점,43,충청북도,43111,청주시 상당구,43111730,용암2동,4311112400,용암동,4.31111240012012e+18,1,대지,충청북도 청주시 상당구 용암동 2012,431113236049,충청북도 청주시 상당구 월평로,4.31111240012012e+24,충청북도 청주시 상당구 월평로 224,28782.0,1.0
MA0101202309A0060795,제이제이필라테스,동남점,P1,교육,P106,기타 교육,P10603,요가/필라테스 학원,P85612,기타 스포츠 교육기관,43,충청북도,43111,청주시 상당구,43111720,용암1동,4311112400,용암동,4.3111124001302497e+18,1,대지,충청북도 청주시 상당구 용암동 3025,431113236055,충청북도 청주시 상당구 중고개로,4.31111240010182e+24,충청북도 청주시 상당구 중고개로 151,28808.0,3.0
MA0101202309A0056125,뚜레쥬르오송,파라곤점,I2,음식,I210,기타 간이,I21001,빵/도넛,I56191,제과점업,43,충청북도,43113,청주시 흥덕구,43113250,오송읍,4311325031,오송읍,4.31132503111022e+18,1,대지,충청북도 청주시 흥덕구 오송읍 봉산리 1022,431133351770,충청북도 청주시 흥덕구 오송읍 오송생명7로,4.31132503111022e+24,충청북도 청주시 흥덕구 오송읍 오송생명7로 164,28222.0,1.0
MA0101202309A0004808,쉬즈미스,율량점,G2,소매,G209,섬유·의복·신발 소매,G20902,여성 의류 소매업,G47412,여자용 겉옷 소매업,43,충청북도,43114,청주시 청원구,43114540,율량.사천동,4311410300,율량동,4.31141030011318e+18,1,대지,충청북도 청주시 청원구 율량동 1318,431143236050,충청북도 청주시 청원구 율봉로,4.31111150011318e+24,충청북도 청주시 청원구 율봉로 142,28350.0,1.0
MA0101202307A0021193,순곱궁,곱창전골,I2,음식,I201,한식,I20101,백반/한정식,I56111,한식 일반 음식점업,43,충청북도,43113,청주시 흥덕구,43113770,강서2동,4311313400,송절동,4.31131340010717e+18,1,대지,충청북도 청주시 흥덕구 송절동 717,431134855164,충청북도 청주시 흥덕구 송화로150번길,4.31131340010717e+24,충청북도 청주시 흥덕구 송화로150번길 15-1,28292.0,1.0
MA0101202309A0041700,이앤에프,가경점,G2,소매,G208,가전·통신 소매,G20802,핸드폰 소매업,G47312,통신기기 소매업,43,충청북도,43113,청주시 흥덕구,43113747,가경동,4311311300,가경동,4.31131130011554e+18,1,대지,충청북도 청주시 흥덕구 가경동 1554,431133237002,충청북도 청주시 흥덕구 가경로,4.31131130011554e+24,충청북도 청주시 흥덕구 가경로 8-1,28409.0,1.0
MA0101202309A0073165,조선반점,2호점,I2,음식,I202,중식,I20201,중국집,I56121,중식 음식점업,43,충청북도,43111,청주시 상당구,43111720,용암1동,4311112400,용암동,4.3111124001257103e+18,1,대지,충청북도 청주시 상당구 용암동 2571,431114508510,충청북도 청주시 상당구 용암북로138번길,4.31111240012571e+24,충청북도 청주시 상당구 용암북로138번길 30-8,28763.0,1.0
MA0101202309A0024643,하이루탕후루,청주대점,I2,음식,I210,기타 간이,I21099,그 외 기타 간이 음식점,I56199,간이 음식 포장 판매 전문점,43,충청북도,43114,청주시 청원구,43114510,우암동,4311410100,우암동,4.31141010010236e+18,1,대지,충청북도 청주시 청원구 우암동 236-14,431143236027,충청북도 청주시 청원구 상당로,4.31111130010236e+24,충청북도 청주시 청원구 상당로 255,28536.0,1.0
MA0101202309A0003077,스텔라떡볶이충북청주,가경점,I2,음식,I210,기타 간이,I21007,김밥/만두/분식,I56194,김밥 및 기타 간이 음식점업,43,충청북도,43113,청주시 흥덕구,43113747,가경동,4311311300,가경동,4.3113113001169894e+18,1,대지,충청북도 청주시 흥덕구 가경동 1699,431133237002,충청북도 청주시 흥덕구 가경로,4.311311300117e+24,충청북도 청주시 흥덕구 가경로 9-9,28413.0,1.0
MA0101202307A0006927,엘린스샌드위치,제천점,I2,음식,I210,기타 간이,I21005,토스트/샌드위치/샐러드,I56192,피자; 햄버거; 샌드위치 및 유사 음식점업,43,충청북도,43150,제천시,43150528,중앙동,4315010600,중앙로1가,4.31501060010115e+18,1,대지,충청북도 제천시 중앙로1가 115-3,431504517807,충청북도 제천시 의병대로16길,4.31501060010226e+24,충청북도 제천시 의병대로16길 4,27172.0,1.0
MA0101202307A0004545,더벤티충주,시청점,I2,음식,I212,비알코올,I21201,카페,I56221,커피 전문점,43,충청북도,43130,충주시,43130625,칠금.금릉동,4313012800,금릉동,4.3130128001086e+18,1,대지,충청북도 충주시 금릉동 860,431302238002,충청북도 충주시 국원대로,4.3130128001086e+24,충청북도 충주시 국원대로 189,27340.0,1.0
MA0101202309A0018812,라라코스트충주,연수점,I2,음식,I204,서양식,I20403,패밀리레스토랑,I56123,서양식 음식점업,43,충청북도,43130,충주시,43130630,연수동,4313011800,연수동,4.3130118001147295e+18,1,대지,충청북도 충주시 연수동 1473,431303238002,충청북도 충주시 갱고개로,4.31301180011473e+24,충청북도 충주시 갱고개로 147,27351.0,2.0
MA0101202309A0029195,비비큐청주사천,중앙점,I2,음식,I210,기타 간이,I21006,치킨,I56193,치킨 전문점,43,충청북도,43114,청주시 청원구,43114540,율량.사천동,4311410400,사천동,4.3114104001071503e+18,1,대지,충청북도 청주시 청원구 사천동 715,431143236023,충청북도 청주시 청원구 사뜸로,4.31141040010715e+24,충청북도 청주시 청원구 사뜸로 100-6,28337.0,1.0
MA010120220809395185,요거프레소,증평점,I2,음식,I212,비알코올,I21201,카페,I56221,커피 전문점,43,충청북도,43745,증평군,43745250,증평읍,4374525022,증평읍,4.37452502210045e+18,1,대지,충청북도 증평군 증평읍 교동리 45,437453244026,충청북도 증평군 증평읍 중앙로,4.37452502210045e+24,충청북도 증평군 증평읍 중앙로 224-1,27931.0,1.0
MA010120220800678078,현대백화점헨리코튼,충청점,G2,소매,G209,섬유·의복·신발 소매,G20905,기타 의류 소매업,G47414,셔츠 및 블라우스 소매업,43,충청북도,43113,청주시 흥덕구,43113741,복대1동,4311311400,복대동,4.3113114001338e+18,1,대지,충청북도 청주시 흥덕구 복대동 3380,431133236058,충청북도 청주시 흥덕구 직지대로,4.31131140010584e+24,충청북도 청주시 흥덕구 직지대로 308,28424.0,4.0
MA010120220813677330,말자싸롱,청담동,I2,음식,I211,주점,I21103,생맥주 전문,I56213,생맥주 전문점,43,충청북도,43112,청주시 서원구,43112590,성화.개신.죽림동,4311210900,개신동,4.31121090010004e+18,1,대지,충청북도 청주시 서원구 개신동 4-33,431123237104,충청북도 청주시 서원구 모충로,4.31131110010004e+24,충청북도 청주시 서원구 모충로 13,28666.0,1.0
MA010120220804049611,육쌈냉면,충북대점,I2,음식,I201,한식,I20106,냉면/밀면,I56112,한식 면 요리 전문점,43,충청북도,43112,청주시 서원구,43112530,사창동,4311210200,사창동,4.31121020010461e+18,1,대지,충청북도 청주시 서원구 사창동 461,431124512175,충청북도 청주시 서원구 1순환로672번길,4.31131020010461e+24,충청북도 청주시 서원구 1순환로672번길 64,28643.0,2.0
MA010120220814180725,오렌지팟진천,혁신점,G2,소매,G213,오락용품 소매,G21302,문구/회화용품 소매업,G47612,문구용품 및 회화용품 소매업,43,충청북도,43750,진천군,43750253,덕산읍,4375025325,덕산읍,4.37502532512718e+18,1,대지,충청북도 진천군 덕산읍 두촌리 2718,437503000235,충청북도 진천군 덕산읍 대하로,4.37503102511582e+24,충청북도 진천군 덕산읍 대하로 87,27875.0,1.0
MA010120220811953622,못난이꽈배기,제천점,I2,음식,I210,기타 간이,I21001,빵/도넛,I56191,제과점업,43,충청북도,43150,제천시,43150528,중앙동,4315010600,중앙로1가,4.31501060010077e+18,1,대지,충청북도 제천시 중앙로1가 77,431503239074,충청북도 제천시 풍양로,4.31501060010077e+24,충청북도 제천시 풍양로 108,27173.0,1.0
MA010120220806397300,포토이즘박스금천,광장점,M1,과학·기술,M113,사진 촬영,M11301,사진촬영업,S96999,그 외 기타 달리 분류되지 않은 개인 서비스업,43,충청북도,43111,청주시 상당구,43111690,용담.명암.산성동,4311112100,용담동,4.31111210010378e+18,1,대지,충청북도 청주시 상당구 용담동 378,431114508278,충청북도 청주시 상당구 산성로104번길,4.31111210010378e+24,충청북도 청주시 상당구 산성로104번길 16,28744.0,1.0
MA010120220808624963,또래오래치킨피자,복대점,I2,음식,I210,기타 간이,I21006,치킨,I56193,치킨 전문점,43,충청북도,43113,청주시 흥덕구,43113741,복대1동,4311311400,복대동,4.31131140012594e+18,1,대지,충청북도 청주시 흥덕구 복대동 2594,431134511821,충청북도 청주시 흥덕구 증안로22번길,4.31131140012594e+24,충청북도 청주시 흥덕구 증안로22번길 36,28416.0,1.0
MA010120220810536627,충북송어직판장,금천점,I2,음식,I201,한식,I20111,횟집,I56114,한식 해산물 요리 전문점,43,충청북도,43111,청주시 상당구,43111690,용담.명암.산성동,4311112100,용담동,4.3111121001016294e+18,1,대지,충청북도 청주시 상당구 용담동 163-3,431113014064,충청북도 청주시 상당구 산성로,4.31111210010163e+24,충청북도 청주시 상당구 산성로 119,28314.0,1.0
MA010120220804151989,셀픽스,금천점,M1,과학·기술,M113,사진 촬영,M11301,사진촬영업,M73301,인물 사진 및 행사용 영상 촬영업,43,충청북도,43111,청주시 상당구,43111680,금천동,4311112000,금천동,4.31111200010304e+18,1,대지,충청북도 청주시 상당구 금천동 304,431114508296,충청북도 청주시 상당구 산성로92번길,4.31111200010304e+24,충청북도 청주시 상당구 산성로92번길 43-1,28744.0,1.0
MA010120220813013984,바른치킨청주,가경점,I2,음식,I210,기타 간이,I21006,치킨,I56193,치킨 전문점,43,충청북도,43113,청주시 흥덕구,43113747,가경동,4311311300,가경동,4.3113113001222497e+18,1,대지,충청북도 청주시 흥덕구 가경동 2225,431133237046,충청북도 청주시 흥덕구 서현로,4.31131130012225e+24,충청북도 청주시 흥덕구 서현로 90,28382.0,1.0
MA010120220806130580,롯데와인현대백화점,충청점,G2,소매,G206,음료 소매,G20602,주류 소매업,G47221,음료 소매업,43,충청북도,43113,청주시 흥덕구,43113741,복대1동,4311311400,복대동,4.3113114001338e+18,1,대지,충청북도 청주시 흥덕구 복대동 3380,431133236058,충청북도 청주시 흥덕구 직지대로,4.31131140010584e+24,충청북도 청주시 흥덕구 직지대로 308,28424.0,1.0
MA010120220805249549,노군꼬치,개신점,I2,음식,I211,주점,I21104,요리 주점,I56199,간이 음식 포장 판매 전문점,43,충청북도,43112,청주시 서원구,43112590,성화.개신.죽림동,4311210900,개신동,4.3112109001061094e+18,1,대지,충청북도 청주시 서원구 개신동 611,431123237058,충청북도 청주시 서원구 신율로,4.31131110010611e+24,충청북도 청주시 서원구 신율로 49,28608.0,1.0
MA010120220805568626,현대닥스핸드백,충청점,G2,소매,G209,섬유·의복·신발 소매,G20911,가방 소매업,G47440,가방 및 기타 가죽제품 소매업,43,충청북도,43113,청주시 흥덕구,43113741,복대1동,4311311400,복대동,4.3113114001338e+18,1,대지,충청북도 청주시 흥덕구 복대동 3380,431133236058,충청북도 청주시 흥덕구 직지대로,4.31131140010584e+24,충청북도 청주시 흥덕구 직지대로 308,28424.0,1.0
MA010120220803027977,트래블,데일리,N1,시설관리·임대,N105,여행사·보조,N10501,여행사,N75210,여행사업,43,충청북도,43111,청주시 상당구,43111525,중앙동,4311110400,북문로3가,4.31111040010044e+18,1,대지,충청북도 청주시 상당구 북문로3가 44-1,431114508270,충청북도 청주시 상당구 사직대로361번길,4.31111040010044e+24,충청북도 청주시 상당구 사직대로361번길 158-10,28541.0,2.0
MA010120220805617897,한빛회계법인,청주지점,M1,과학·기술,M104,회계·세무,M10401,공인회계사,M71201,공인회계사업,43,충청북도,43113,청주시 흥덕구,43113700,운천.신봉동,4311310400,운천동,4.311310400117e+18,1,대지,충청북도 청주시 흥덕구 운천동 1700,431133237036,충청북도 청주시 흥덕구 사운로,4.311310400117e+24,충청북도 청주시 흥덕구 사운로 186,28469.0,5.0
MA010120220805618108,세무법인한,청주지점,M1,과학·기술,M104,회계·세무,M10402,세무사,M71202,세무사업,43,충청북도,43112,청주시 서원구,43112590,성화.개신.죽림동,4311210900,개신동,4.31121090010692e+18,1,대지,충청북도 청주시 서원구 개신동 692,431123237030,충청북도 청주시 서원구 복대로,4.31131110010692e+24,충청북도 청주시 서원구 복대로 27,28612.0,3.0
MA0101202306A0048262,푸라닭,충북영동점,I2,음식,I210,기타 간이,I21006,치킨,I56193,치킨 전문점,43,충청북도,43740,영동군,43740250,영동읍,4374025021,영동읍,4.3740250211069696e+18,1,대지,충청북도 영동군 영동읍 계산리 697-12,437403243042,충청북도 영동군 영동읍 영산로,4.37402502110697e+24,충청북도 영동군 영동읍 영산로 10,29145.0,1.0
MA0101202306A0043069,생극해장국,오창점,I2,음식,I201,한식,I20102,국/탕/찌개류,I56111,한식 일반 음식점업,43,충청북도,43114,청주시 청원구,43114253,오창읍,4311425331,오창읍,4.31142533110056e+18,1,대지,충청북도 청주시 청원구 오창읍 창리 56-28,431143236064,충청북도 청주시 청원구 오창읍 공항로,4.37102533110056e+24,충청북도 청주시 청원구 오창읍 공항로 1025,28109.0,1.0
MA0101202306A0043338,워시프렌즈셀프빨래방청주,사직점,S2,수리·개인,S209,세탁,S20902,셀프 빨래방,S96912,가정용 세탁업,43,충청북도,43112,청주시 서원구,43112520,사직2동,4311210100,사직동,4.31121010010932e+18,1,대지,충청북도 청주시 서원구 사직동 932,431123237084,충청북도 청주시 서원구 창직로,4.31131010010932e+24,충청북도 청주시 서원구 창직로 97,28650.0,1.0
MA0101202306A0100331,전서방오창,본점,I2,음식,I201,한식,I20101,백반/한정식,I56111,한식 일반 음식점업,43,충청북도,43114,청주시 청원구,43114253,오창읍,4311425346,오창읍,4.3114253461042493e+18,1,대지,충청북도 청주시 청원구 오창읍 구룡리 425-4,431143240012,충청북도 청주시 청원구 오창읍 구룡택지로,4.37102534610425e+24,충청북도 청주시 청원구 오창읍 구룡택지로 8-21,28121.0,1.0
MA0101202306A0081632,세븐청주용암수정점,코리아,G2,소매,G204,종합 소매,G20405,편의점,G47122,체인화 편의점,43,충청북도,43111,청주시 상당구,43111720,용암1동,4311112400,용암동,4.31111240011628e+18,1,대지,충청북도 청주시 상당구 용암동 1628,431114508560,충청북도 청주시 상당구 월평로184번길,4.31111240011628e+24,충청북도 청주시 상당구 월평로184번길 45,28776.0,1.0
MA0101202306A0082639,메가엠지씨커피서충주,신도시점,I2,음식,I212,비알코올,I21201,카페,I56221,커피 전문점,43,충청북도,43130,충주시,43130385,중앙탑면,4313038526,중앙탑면,4.3130385261066097e+18,1,대지,충청북도 충주시 중앙탑면 용전리 661,431304515564,충청북도 충주시 중앙탑면 원앙9길,4.31303852610661e+24,충청북도 충주시 중앙탑면 원앙9길 15,27465.0,1.0
MA0101202306A0040322,홍초불닭발&막창청주,용암점,I2,음식,I211,주점,I21104,요리 주점,I56219,기타 주점업,43,충청북도,43111,청주시 상당구,43111720,용암1동,4311112400,용암동,4.31111240011165e+18,1,대지,충청북도 청주시 상당구 용암동 1165,431114508508,충청북도 청주시 상당구 용암로99번길,4.31111240011165e+24,충청북도 청주시 상당구 용암로99번길 22,28771.0,1.0
MA0101202306A0096935,꿀꺽,오창점,I2,음식,I201,한식,I20101,백반/한정식,I56111,한식 일반 음식점업,43,충청북도,43114,청주시 청원구,43114253,오창읍,4311425346,오창읍,4.3114253461042493e+18,1,대지,충청북도 청주시 청원구 오창읍 구룡리 425-4,431143240012,충청북도 청주시 청원구 오창읍 구룡택지로,4.37102534610425e+24,충청북도 청주시 청원구 오창읍 구룡택지로 8-21,28121.0,1.0
MA0101202306A0045223,세븐일레븐충북,혁신점,G2,소매,G204,종합 소매,G20405,편의점,G47122,체인화 편의점,43,충청북도,43770,음성군,43770330,맹동면,4377033028,맹동면,4.3770330281137505e+18,1,대지,충청북도 음성군 맹동면 두성리 1375,437704541748,충청북도 음성군 맹동면 대하4길,4.37703302811375e+24,충청북도 음성군 맹동면 대하4길 6-10,27738.0,1.0
MA0101202306A0089581,또만나,충북대점,I2,음식,I211,주점,I21104,요리 주점,I56219,기타 주점업,43,충청북도,43112,청주시 서원구,43112530,사창동,4311210200,사창동,4.3112102001041695e+18,1,대지,충청북도 청주시 서원구 사창동 417,431124511219,충청북도 청주시 서원구 내수동로108번길,4.31131020010418e+24,충청북도 청주시 서원구 내수동로108번길 18,28643.0,1.0
MA0101202306A0019053,충북대_런드리익스프레스샵,정문점,S2,수리·개인,S209,세탁,S20901,세탁소,S96912,가정용 세탁업,43,충청북도,43113,청주시 흥덕구,43113742,복대2동,4311311400,복대동,4.3113114001085297e+18,1,대지,충청북도 청주시 흥덕구 복대동 853-5,431133236025,충청북도 청주시 흥덕구 사직대로,4.31131140010853e+24,충청북도 청주시 흥덕구 사직대로 38,28594.0,1.0
MA0101202306A0096866,쿱스토어전북충주,연수점,G2,소매,G204,종합 소매,G20404,슈퍼마켓,G47121,슈퍼마켓,43,충청북도,43130,충주시,43130630,연수동,4313011800,연수동,4.31301180011226e+18,1,대지,충청북도 충주시 연수동 1226,431303238046,충청북도 충주시 연원로,4.31301180011226e+24,충청북도 충주시 연원로 39,27345.0,1.0
MA0101202306A0061181,진1926제천,중앙점,I2,음식,I201,한식,I20199,기타 한식 음식점,I56113,한식 육류 요리 전문점,43,충청북도,43150,제천시,43150528,중앙동,4315010700,중앙로2가,4.31501070010024e+18,1,대지,충청북도 제천시 중앙로2가 24-3,431504517272,충청북도 제천시 독순로11길,4.31501070010024e+24,충청북도 제천시 독순로11길 12,27169.0,1.0
MA0101202306A0001248,고가네연구소정육,진천점,G2,소매,G205,식료품 소매,G20503,정육점,G47212,육류 소매업,43,충청북도,43750,진천군,43750250,진천읍,4375025024,진천읍,4.37502502410493e+18,1,대지,충청북도 진천군 진천읍 읍내리 493,437504535065,충청북도 진천군 진천읍 남산길,4.37502502410493e+24,충청북도 진천군 진천읍 남산길 107,27834.0,2.0
MA0101202306A0076468,브넬헤어,금천점,S2,수리·개인,S207,이용·미용,S20701,미용실,S96112,두발 미용업,43,충청북도,43111,청주시 상당구,43111620,탑대성동,4311111700,탑동,4.3111117001006e+18,1,대지,충청북도 청주시 상당구 탑동 60-11,431113236055,충청북도 청주시 상당구 중고개로,4.3111117001006e+24,충청북도 청주시 상당구 중고개로 344,28523.0,2.0
MA0101202306A0075074,무냐무냐현대백화점,충청점,G2,소매,G209,섬유·의복·신발 소매,G20903,유아용 의류 소매업,G47417,유아용 의류 소매업,43,충청북도,43113,청주시 흥덕구,43113741,복대1동,4311311400,복대동,4.3113114001338e+18,1,대지,충청북도 청주시 흥덕구 복대동 3380,431133236058,충청북도 청주시 흥덕구 직지대로,4.31131140010584e+24,충청북도 청주시 흥덕구 직지대로 308,28424.0,3.0
MA0101202306A0053780,분당만강원청주,직영점,I2,음식,I202,중식,I20201,중국집,I56121,중식 음식점업,43,충청북도,43114,청주시 청원구,43114530,내덕2동,4311410200,내덕동,4.31141020010201e+18,1,대지,충청북도 청주시 청원구 내덕동 201-1,431143236027,충청북도 청주시 청원구 상당로,4.31111140010201e+24,충청북도 청주시 청원구 상당로 314,28501.0,1.0
MA0101202306A0080998,케이제이테크청주,오창지점,G2,소매,G204,종합 소매,G20405,편의점,G47122,체인화 편의점,43,충청북도,43114,청주시 청원구,43114253,오창읍,4311425349,오창읍,4.3114253491015695e+18,1,대지,충청북도 청주시 청원구 오창읍 용두리 157-3,431143240028,충청북도 청주시 청원구 오창읍 두릉유리로,4.37102534910075e+24,충청북도 청주시 청원구 오창읍 두릉유리로 474,28106.0,1.0
MA0101202306A0069364,블루샥청주,율량점,I2,음식,I212,비알코올,I21201,카페,I56221,커피 전문점,43,충청북도,43114,청주시 청원구,43114540,율량.사천동,4311410300,율량동,4.3114103001202094e+18,1,대지,충청북도 청주시 청원구 율량동 2021,431144844105,충청북도 청주시 청원구 율량로190번길,4.31141030012021e+24,충청북도 청주시 청원구 율량로190번길 71,28320.0,1.0
MA0101202306A0107175,워시프렌즈셀프빨래방청주,복대점,S2,수리·개인,S209,세탁,S20902,셀프 빨래방,S96912,가정용 세탁업,43,충청북도,43113,청주시 흥덕구,43113741,복대1동,4311311400,복대동,4.31131140010288e+18,1,대지,충청북도 청주시 흥덕구 복대동 288-66,431133237081,충청북도 청주시 흥덕구 진재로,4.31131140010288e+24,충청북도 청주시 흥덕구 진재로 131,28425.0,1.0
MA0101202306A0074796,곱깨비,증평점,I2,음식,I201,한식,I20109,곱창 전골/구이,I56113,한식 육류 요리 전문점,43,충청북도,43745,증평군,43745250,증평읍,4374525032,증평읍,4.37452503210815e+18,1,대지,충청북도 증평군 증평읍 송산리 815,437454532228,충청북도 증평군 증평읍 송산로2길,4.37452503210815e+24,충청북도 증평군 증평읍 송산로2길 36-1,27917.0,1.0
MA0101202306A0065735,휴게소,오창점,I2,음식,I210,기타 간이,I21099,그 외 기타 간이 음식점,I56199,간이 음식 포장 판매 전문점,43,충청북도,43114,청주시 청원구,43114253,오창읍,4311425345,오창읍,4.3114253451082e+18,1,대지,충청북도 청주시 청원구 오창읍 양청리 820-1,431143240075,충청북도 청주시 청원구 오창읍 중심상업1로,4.3114253451082e+24,충청북도 청주시 청원구 오창읍 중심상업1로 8-9,28120.0,1.0
MA0101202306A0084832,기울어진뚝배기청주,충북대점,I2,음식,I201,한식,I20102,국/탕/찌개류,I56111,한식 일반 음식점업,43,충청북도,43112,청주시 서원구,43112530,사창동,4311210200,사창동,4.31121020010171e+18,1,대지,충청북도 청주시 서원구 사창동 171-5,431123236001,충청북도 청주시 서원구 1순환로,4.31131020010171e+24,충청북도 청주시 서원구 1순환로 642,28575.0,1.0
MA0101202306A0108102,럭키마라탕,오창점,I2,음식,I202,중식,I20202,마라탕/훠궈,I56121,중식 음식점업,43,충청북도,43114,청주시 청원구,43114253,오창읍,4311425332,오창읍,4.3114253321060895e+18,1,대지,충청북도 청주시 청원구 오창읍 주성리 609,431144571746,충청북도 청주시 청원구 오창읍 주성1길,4.31142533210609e+24,충청북도 청주시 청원구 오창읍 주성1길 16,28117.0,1.0
MA0101202306A0063519,그랑프리짐,옥산점,P1,교육,P106,기타 교육,P10605,레크리에이션 교육기관,P85613,레크리에이션 교육기관,43,충청북도,43113,청주시 흥덕구,43113320,옥산면,4311332021,옥산면,4.3113320211054295e+18,1,대지,충청북도 청주시 흥덕구 옥산면 오산리 543-4,431133237111,충청북도 청주시 흥덕구 옥산면 청주역로,4.37104102100543e+24,충청북도 청주시 흥덕구 옥산면 청주역로 632,28113.0,3.0
MA0101202306A0023885,또봉이통닭음성,혁신점,I2,음식,I210,기타 간이,I21006,치킨,I56193,치킨 전문점,43,충청북도,43770,음성군,43770330,맹동면,4377033028,맹동면,4.37703302811362e+18,1,대지,충청북도 음성군 맹동면 두성리 1362,437704541748,충청북도 음성군 맹동면 대하4길,4.3770330281078e+24,충청북도 음성군 맹동면 대하4길 10,27738.0,1.0
MA0101202306A0056172,진짜무쇠삼겹청주,산남점,I2,음식,I201,한식,I20107,돼지고기 구이/찜,I56113,한식 육류 요리 전문점,43,충청북도,43112,청주시 서원구,43112550,산남동,4311210400,산남동,4.31121040010604e+18,1,대지,충청북도 청주시 서원구 산남동 604,431124511540,충청북도 청주시 서원구 산남로62번길,4.31131060010604e+24,충청북도 청주시 서원구 산남로62번길 24,28625.0,1.0
MA0101202305A0140251,조치원파닭청주,2호점,I2,음식,I210,기타 간이,I21006,치킨,I56193,치킨 전문점,43,충청북도,43112,청주시 서원구,43112560,분평동,4311210600,분평동,4.3112106001142006e+18,1,대지,충청북도 청주시 서원구 분평동 1420,431124512153,충청북도 청주시 서원구 분평로6번길,4.3113108001142e+24,충청북도 청주시 서원구 분평로6번길 32,28799.0,1.0
MA0101202305A0128673,금복주류청주,오창점,I2,음식,I211,주점,I21104,요리 주점,I56219,기타 주점업,43,충청북도,43114,청주시 청원구,43114253,오창읍,4311425345,오창읍,4.31142534510792e+18,1,대지,충청북도 청주시 청원구 오창읍 양청리 792-4,431143240077,충청북도 청주시 청원구 오창읍 중심상업로,4.37102534500792e+24,충청북도 청주시 청원구 오창읍 중심상업로 39,28120.0,1.0
MA0101202305A0038737,취한골목,직영점,I2,음식,I204,서양식,I20401,경양식,I56123,서양식 음식점업,43,충청북도,43130,충주시,43130515,성내.충인동,4313010200,성남동,4.3130102001000694e+18,1,대지,충청북도 충주시 성남동 7,431303238029,충청북도 충주시 사직로,4.31301020010007e+24,충청북도 충주시 사직로 192,27393.0,1.0
MA0101202305A0038114,충주피에르가르뎅,모다아울렛,G2,소매,G209,섬유·의복·신발 소매,G20901,남성 의류 소매업,G47411,남자용 겉옷 소매업,43,충청북도,43130,충주시,43130605,달천동,4313011400,달천동,4.31301140010786e+18,1,대지,충청북도 충주시 달천동 786-3,431302246001,충청북도 충주시 중원대로,4.31301140010786e+24,충청북도 충주시 중원대로 3683,27476.0,1.0
MA0101202305A0206429,꽁꽁냠냠,용암점,G2,소매,G204,종합 소매,G20404,슈퍼마켓,G47216,빵류; 과자류 및 당류 소매업,43,충청북도,43111,청주시 상당구,43111730,용암2동,4311112400,용암동,4.3111124001208294e+18,1,대지,충청북도 청주시 상당구 용암동 2083,431113236018,충청북도 청주시 상당구 무농정로,4.31111240012083e+24,충청북도 청주시 상당구 무농정로 99,28778.0,1.0
MA0101202306A0052091,한촌설렁탕,호암점,I2,음식,I201,한식,I20102,국/탕/찌개류,I56111,한식 일반 음식점업,43,충청북도,43130,충주시,43130580,호암.직동,4313010700,호암동,4.3130107001115494e+18,1,대지,충청북도 충주시 호암동 1155,431304856109,충청북도 충주시 호암토성5길,4.31301070011155e+24,충청북도 충주시 호암토성5길 42,27480.0,1.0
MA0101202306A0009525,1KG탕수육,용산점,I2,음식,I202,중식,I20201,중국집,I56121,중식 음식점업,43,충청북도,43130,충주시,43130550,용산동,4313010600,용산동,4.31301060010598e+18,1,대지,충청북도 충주시 용산동 598,431303238083,충청북도 충주시 형설로,4.31301060010598e+24,충청북도 충주시 형설로 110,27398.0,1.0
MA0101202306A0060238,디플레이스스터디카페청주,산남점,R1,예술·스포츠,R102,도서관·사적지,R10202,독서실/스터디 카페,R90212,독서실 운영업,43,충청북도,43112,청주시 서원구,43112550,산남동,4311210400,산남동,4.31121040010659e+18,1,대지,충청북도 청주시 서원구 산남동 659,431123237037,충청북도 청주시 서원구 산남로,4.31131060010659e+24,충청북도 청주시 서원구 산남로 68,28625.0,6.0
