가격,종가,고가,저가,시가,거래량,시가총액
날짜,,,,,,
2020-01-02,28.68400002,28.71333313,28.11400032,28.29999924,142981500 ,95397797037 
2020-01-03,29.5340004,30.26666641,29.12800026,29.36666679,266677500 ,98224744598 
2020-01-06,30.10266685,30.10400009,29.33333206,29.36466789,151995000 ,100116026404 
2020-01-07,31.27066612,31.44199944,30.22400093,30.76000023,268231500 ,104000580755 
2020-01-08,32.8093338,33.23266602,31.21533394,31.57999992,467164500 ,109117911213 
2020-01-09,32.08933258,33.25333405,31.52466774,33.13999939,426606000 ,106723317353 
2020-01-10,31.87666702,32.32933426,31.57999992,32.11933136,194392500 ,106016030164 
2020-01-13,34.99066544,35.04199982,32.79999924,32.90000153,397764000 ,116372625772 
2020-01-14,35.86133194,36.49399948,34.99333191,36.2840004,434943000 ,119268305119 
2020-01-15,34.56666565,35.85599899,34.45266724,35.31733322,260532000 ,114962479156 
2020-01-16,34.23266602,34.29733276,32.8113327,32.91666794,326050500 ,113851656772 
2020-01-17,34.03333282,34.37799835,33.54399872,33.84066772,204436500 ,113188710625 
2020-01-21,36.47999954,36.5719986,35.22733307,35.34999847,267052500 ,121325881690 
2020-01-22,37.97066879,39.6333313,37.2733345,38.12599945,470535000 ,126283578055 
2020-01-23,38.14666748,38.79999924,37.04000092,37.6166687,294765000 ,126868917864 
2020-01-24,37.6546669,38.25733185,36.95066833,38.04199982,215304000 ,125232612905 
2020-01-27,37.20133209,37.6293335,35.95199966,36.13266754,204121500 ,123724903310 
2020-01-28,37.79333115,38.45399857,37.20533371,37.89933395,176827500 ,125693785111 
2020-01-29,38.73266602,39.31999969,37.82866669,38.3793335,267022500 ,128817843024 
2020-01-30,42.72066879,43.39199829,41.20000076,42.16133118,435085500 ,142081219098 
2020-01-31,43.37133408,43.53333282,42.16799927,42.66666794,235789500 ,144245214168 
2020-02-03,52,52.40933228,44.90133286,44.91266632,705975000 ,172942596684 
2020-02-04,59.13733292,64.59933472,55.59199905,58.86399841,914082000 ,196680075298 
2020-02-05,48.97999954,56.39866638,46.9406662,54.88399887,726357000 ,162898621277 
2020-02-06,49.93066788,53.05533218,45.79999924,46.66133118,598212000 ,166060372247 
2020-02-07,49.87133408,51.31666565,48.66666794,48.70333481,255952500 ,165863038754 
2020-02-10,51.41866684,54.66600037,50.15999985,53.33333206,370338000 ,171009187717 
2020-02-11,51.62533188,52.23400116,50.53333282,51.25266647,175462500 ,171696518265 
2020-02-12,51.152668,52.65000153,50.89133453,51.85800171,180337500 ,170124523675 
2020-02-13,53.59999847,54.53333282,49,49.45600128,394339500 ,178263902276 
2020-02-14,53.33533478,54.19800186,52.3666687,52.48133469,235405500 ,177383678682 
2020-02-18,57.2266655,57.33333206,55.49066544,56.10666656,245725500 ,190325540973 
2020-02-19,61.16133118,62.98533249,60.06800079,61.56666565,381345000 ,203411527507 
2020-02-20,59.96066666,60.79999924,57.32933426,60.79666519,264523500 ,199418334432 
2020-02-21,60.06666565,60.8706665,58.69666672,60.46533203,214722000 ,199770867915 
2020-02-24,55.58599854,57.56666565,54.8133316,55.93333435,227883000 ,184868979345 
2020-02-25,53.32733154,57.10666656,52.46666718,56.59999847,259357500 ,177357061371 
2020-02-26,51.91999817,54.22066879,51.74066544,52.16666794,211282500 ,172676525061 
2020-02-27,45.26666641,49.31800079,44.59999847,48.66666794,364158000 ,150548746780 
2020-02-28,44.53266525,46.03466797,40.76800156,41.97999954,363343500 ,148107591655 
2020-03-02,49.57466888,49.57933426,45.77799988,47.4173317,302925000 ,164876383973 
2020-03-03,49.70066833,53.79866791,47.74066544,53.66666794,386760000 ,165295435361 
2020-03-04,49.96666718,51.10133362,48.31533432,50.93066788,225735000 ,166180099403 
2020-03-05,48.30266571,49.71666718,47.87133408,48.25133133,162790500 ,160645931437 
2020-03-06,46.89866638,47.1333313,45.61800003,46,189943500 ,155976483559 
2020-03-09,40.53333282,44.20000076,40.33333206,40.35933304,256105500 ,134806535211 
2020-03-10,43.02199936,44.53333282,40.53333282,43.9620018,233916000 ,143083390071 
2020-03-11,42.2820015,43.5719986,40.8666687,42.68000031,199837500 ,140622290992 
2020-03-12,37.36999893,39.6333313,36.41666794,38.72600174,283636500 ,124285858718 
2020-03-13,36.44133377,40.50466537,33.46666718,39.66666794,339604500 ,121197286326 
2020-03-16,29.67133331,32.99133301,29.47800064,31.29999924,307342500 ,98681489043 
2020-03-17,28.68000031,31.45666695,26.39999962,29.33399963,359919000 ,95384494725 
2020-03-18,24.08133316,26.99066734,23.36733246,25.93333244,356793000 ,80090159392 
2020-03-19,28.50933266,30.13333321,23.89733315,24.97999954,452932500 ,94816884989 
2020-03-20,28.50200081,31.79999924,28.38599968,29.21333313,424282500 ,94792500587 
2020-03-23,28.95266724,29.46666718,27.36666679,28.90666771,246817500 ,96291335630 
2020-03-24,33.66666794,34.24599838,31.60000038,31.81999969,343428000 ,111969249518 
2020-03-25,35.95000076,37.1333313,34.07400131,36.34999847,318340500 ,119563201591 
2020-03-26,35.21066666,37.33333206,34.15000153,36.49266815,260710500 ,117104310049 
2020-03-27,34.29066849,35.05333328,32.93533325,33.66666794,215661000 ,114044562505 
2020-03-30,33.47533417,34.44333267,32.74866867,34.01733398,179971500 ,111332907996 
2020-03-31,34.93333435,36.19733429,33.1333313,33.41666794,266572500 ,116181952950 
2020-04-01,32.10400009,34.26333237,31.67333221,33.59999847,200298000 ,106772098842 
2020-04-02,30.29800034,32.95066833,29.76000023,32.06866837,297876000 ,100765670238 
2020-04-03,32.00066757,34.36600113,31.22599983,33.96666718,338431500 ,106428433568 
2020-04-06,34.41600037,34.73333359,33.19733429,34.08000183,223527000 ,114461393669 
2020-04-07,36.36333466,37.66666794,35.48933411,36.33333206,268797000 ,120937875374 
2020-04-08,36.58933258,37.14733124,35.55533218,36.94666672,189840000 ,121689503604 
2020-04-09,38.20000076,38.3453331,37.14066696,37.47266769,204750000 ,127046294717 
2020-04-13,43.39666748,43.46666718,38.70199966,39.34400177,337131000 ,144329468490 
2020-04-14,47.32600021,49.45866776,46.16199875,46.59799957,458647500 ,157397718608 
2020-04-15,48.65533447,50.20866776,47.33333206,49.46666718,353655000 ,161818843966 
2020-04-16,49.68066788,50.63000107,47.11466599,47.79600143,309868500 ,165228917455 
2020-04-17,50.25933456,51.66333389,49.84400177,51.48533249,196923000 ,167153458214 
2020-04-20,49.75733185,51.0379982,47.48066711,48.84666824,221199000 ,165483887959 
2020-04-21,45.78133392,50.22200012,44.91933441,48.67466736,303136500 ,152260437853 
2020-04-22,48.8073349,48.93333435,45.91400146,46.93199921,212482500 ,162324369900 
2020-04-23,47.04199982,48.93333435,46.87533188,48.50666809,198550500 ,156453184645 
2020-04-24,48.3433342,48.71533203,46.54533386,47.38733292,198180000 ,160781187472 
2020-04-27,53.25,53.29933167,49,49.17399979,310221000 ,177099870643 
2020-04-28,51.27466583,53.66666794,50.44599915,53.04266739,228330000 ,170530266407 
2020-04-29,53.36733246,53.54666519,52.21066666,52.6780014,243240000 ,177490097182 
2020-04-30,52.12533188,57.98799896,50.90000153,57.01266861,427078500 ,173359427848 
2020-05-01,46.75466537,51.51800156,45.5359993,50.33333206,487977000 ,155497562250 
2020-05-04,50.74599838,50.79999924,46.53333282,46.73333359,288556500 ,168772014069 
2020-05-05,51.2140007,53.26133347,50.81200027,52.652668,254875500 ,170328505153 
2020-05-06,52.17200089,52.65333176,50.74066544,51.76666641,166848000 ,173514640524 
2020-05-07,52.00266647,53.0933342,51.49000168,51.81399918,172915500 ,172951464892 
2020-05-08,54.62799835,54.93333435,52.46733475,52.91799927,241297500 ,181682843974 
2020-05-11,54.08599854,54.93333435,52.33333206,52.70066833,247794000 ,179880250595 
2020-05-12,53.96066666,56.21933365,53.8666687,55.1333313,238603500 ,179463419430 
2020-05-13,52.73066711,55.06666565,50.88666534,54.72200012,285982500 ,175372663377 
2020-05-14,53.55533218,53.5573349,50.93333435,52,205233000 ,178115350272 
2020-05-15,53.27799988,53.66999817,52.4366684,52.68999863,157776000 ,177192993173 
2020-05-18,54.24200058,55.64799881,53.59199905,55.18533325,174987000 ,180399085185 
2020-05-19,53.86733246,54.80466843,53.73866653,54.34466553,144547500 ,179153006766 
2020-05-20,54.3706665,55.06666565,54.11999893,54.70000076,109639500 ,180827004781 
2020-05-21,55.17333221,55.5,53.06666565,54.40000153,183819000 ,183496525786 
2020-05-22,54.45866776,55.45199966,54.1333313,54.8113327,149812500 ,181119681029 
2020-05-26,54.59133148,55.63999939,54.38066864,55.6333313,121345500 ,181560896595 
2020-05-27,54.68199921,55.18066788,52.33333206,54.72399902,173242500 ,181862441051 
2020-05-28,53.72066879,54.98333359,53.44599915,54.23400116,108834000 ,178665229935 
2020-05-29,55.66666794,55.66666794,53.61399841,53.91666794,176467500 ,185137271192 
2020-06-01,59.87333298,59.93333435,56.93999863,57.20000076,224092500 ,199127878408 
2020-06-02,58.77066803,60.57733154,58.06666565,59.64666748,203484000 ,195460614191 
2020-06-03,58.86399841,59.86266708,58.67333221,59.20800018,119242500 ,195771014168 
2020-06-04,57.62533188,59.71666718,57.22933197,59.32533264,133315500 ,191651433267 
2020-06-05,59.04399872,59.10133362,57.74666595,58.52266693,117178500 ,196369662634 
2020-06-08,63.32799911,63.33333206,60.61066818,61.26666641,212620500 ,210617473264 
2020-06-09,62.71133423,63.6293335,61.5953331,62.6673317,170823000 ,208566557365 
2020-06-10,68.33666992,68.49866486,65.5,66.12533569,278451000 ,227275406635 
2020-06-11,64.85600281,67.93066406,64.80000305,66.01333618,238747500 ,215699337233 
2020-06-12,62.35200119,65.86533356,60.84000015,65.33333588,251451000 ,207371480659 
2020-06-15,66.05999756,66.58933258,60.56666565,61.18600082,235458000 ,219703606052 
2020-06-16,65.47533417,67.52532959,64.15933228,67.45666504,210766500 ,217759121340 
2020-06-17,66.11933136,67,65.50466919,65.84733582,148362000 ,219900939546 
2020-06-18,66.93066406,67.94667053,66.29799652,66.8666687,146278500 ,222599285399 
2020-06-19,66.72666931,67.73133087,66.08933258,67.51866913,130195500 ,221920835746 
2020-06-22,66.28800201,67.25866699,66.00133514,66.66333008,95436000 ,220461907641 
2020-06-23,66.78533173,67.46666718,66.26733398,66.59200287,95479500 ,222115936329 
2020-06-24,64.05666351,66.72533417,63.54266739,66.27400208,164394000 ,213040879286 
2020-06-25,65.73200226,65.73200226,62.4766655,63.61800003,138817500 ,218612752996 
2020-06-26,63.98266602,66.33333588,63.65800095,66.31866455,132823500 ,212794776991 
2020-06-29,67.29000092,67.33333588,63.23466873,64.60066986,135396000 ,223794374792 
2020-06-30,71.98733521,72.51266479,66.91533661,67.09999847,253777500 ,239416859206 
2020-07-01,74.64199829,75.6886673,72.03333282,72.19999695,199903500 ,248245788579 
2020-07-02,80.57733154,81.8666687,79.04000092,81.43199921,258751500 ,267985633671 
2020-07-06,91.4386673,91.85266876,84.40266418,85.11266327,308548500 ,304108472303 
2020-07-07,92.65733337,95.30000305,89.11399841,93.66733551,322345500 ,308161535298 
2020-07-08,91.05867004,94.48400116,87.42266846,93.66666412,244669500 ,302844670154 
2020-07-09,92.95200348,93.90399933,90.08533478,93.13266754,175764000 ,309141554782 
2020-07-10,102.9766693,103.2613297,91.73400116,93.06666565,350064000 ,342481780550 
2020-07-13,99.80400085,119.6660004,98.0739975,110.5999985,584781000 ,331930058985 
2020-07-14,101.1200027,106,95.40000153,103.7333298,351271500 ,336306843302 
2020-07-15,103.0673294,103.3333359,97.1333313,102.8666687,245517000 ,342783299632 
2020-07-16,100.0426636,102.1139984,97.73332977,98.47733307,214512000 ,332723808033 
2020-07-17,100.0559998,102.5006638,99.33333588,100.8966675,139950000 ,332768161761 
2020-07-20,109.5333328,110,99.19999695,101.267334,256821000 ,364288057734 
2020-07-21,104.5573349,111.6666641,103.8666687,109.3286667,241608000 ,347738788461 
2020-07-22,106.1553345,108.4280014,104.1333313,106.5999985,212416500 ,353053446068 
2020-07-23,100.8713303,112.5999985,98.71800232,111.9300003,364927500 ,335479803584 
2020-07-24,94.46666718,97.66666412,91.10266876,94.40066528,290949000 ,314179052334 
2020-07-27,102.6399994,103.1959991,94.19999695,95.66666412,240730500 ,341362077271 
2020-07-28,98.43267059,104.3133316,98.2946701,100.2666702,237130500 ,327369262518 
2020-07-29,99.9406662,102.3206635,99.1333313,100.0666656,141403500 ,332384583206 
2020-07-30,99.16600037,100.8826675,98.06666565,99.19999695,114315000 ,329808184733 
2020-07-31,95.38400269,101.1366653,94.73200226,101,183123000 ,317229944357 
2020-08-03,99,100.6539993,96.29199982,96.61333466,132139500 ,329256097533 
2020-08-04,99.1333313,101.8273315,97.46666718,99.66733551,126225000 ,329699533322 
2020-08-05,99.00133514,99.98933411,97.88733673,99.53266907,74217000 ,329260537981 
2020-08-06,99.305336,101.1539993,98.48400116,99.38866425,89884500 ,330271589849 
2020-08-07,96.84733582,99.98332977,94.33399963,99.96932983,133446000 ,322096725728 
2020-08-10,94.57133484,97.16666412,92.38933563,96.53333282,112834500 ,314527158056 
2020-08-11,91.62599945,94.66666412,91,93.06666565,129387000 ,304731505169 
2020-08-12,103.6506653,105.6666641,95.66666412,98,327441000 ,344723369271 
2020-08-13,108.0666656,110.0786667,104.4840012,107.4000015,306379500 ,359410187931 
2020-08-14,110.0473328,111.253334,108.4426651,110.9993362,188664000 ,365997528583 
2020-08-17,122.3759995,123.0573349,111.5220032,111.8000031,303634500 ,407000444554 
2020-08-18,125.8059998,128.2599945,123.0073318,126.5993347,247117500 ,418408005312 
2020-08-19,125.2353363,127.4000015,122.7473297,124.3333359,183079500 ,416510081865 
2020-08-20,133.4553375,134.7993317,123.8040009,124.0453339,309177000 ,443848319477 
2020-08-21,136.665329,139.6993256,135.0033264,136.317337,322344000 ,454524170584 
2020-08-24,134.2799988,141.9333344,128.5013275,141.7519989,300954000 ,446590993685 
2020-08-25,134.889328,135.1966705,131.1999969,131.6593323,159883500 ,448617512496 
2020-08-26,143.5446625,144.3999939,136.9086609,137.3333282,213591000 ,477403589782 
2020-08-27,149.25,153.0399933,142.8333282,145.3639984,355395000 ,496378510675 
2020-08-28,147.5599976,154.5659943,145.7680054,153.0079956,301218000 ,490757868163 
2020-08-31,166.1066742,166.7133331,146.7033386,148.2033386,355123200 ,552440760802 
2020-09-01,158.3500061,167.4966736,156.8366699,167.3800049,269523300 ,526643485394 
2020-09-02,149.1233368,159.6799927,135.0399933,159.6633301,288528300 ,495957251750 
2020-09-03,135.6666718,143.9333344,134,135.7433319,262788300 ,451202817239 
2020-09-04,139.4400024,142.6666718,124.0066681,134.2700043,330965700 ,463752232766 
2020-09-08,110.0699997,122.9133301,109.9599991,118.6666641,346397100 ,366072914697 
2020-09-09,122.0933304,123,113.8366699,118.8666687,238397400 ,406060338352 
2020-09-10,123.7799988,132.9966736,120.1866684,128.7366638,254791800 ,411669892431 
2020-09-11,124.2399979,127.5,120.1666641,127.3133316,182152500 ,413199766203 
2020-09-14,139.8733368,140,124.4333344,126.9833298,249061800 ,465193424455 
2020-09-15,149.9199982,153.9799957,143.5666656,145.5200043,291894600 ,498606803427 
2020-09-16,147.2533264,152.5966644,145.1033325,146.6233368,216837900 ,489737935399 
2020-09-17,141.1433258,145.9299927,136,138.5333405,230337600 ,469417178259 
2020-09-18,147.3833313,150.3333282,142.9333344,149.3133392,259220400 ,490170308130 
2020-09-21,149.7966614,151.8933258,135.6900024,151.043335,328430400 ,498196607560 
2020-09-22,141.4100037,145.9199982,139.1999969,143.1999969,238742400 ,470304100585 
2020-09-23,126.7866669,137.3833313,125.293335,135.0533295,285222600 ,421669526797 
2020-09-24,129.2633362,133.1666718,117.0999985,121.2666702,289683300 ,429906481063 
2020-09-25,135.7799988,136.2433319,130.4333344,131.156662,201625500 ,451579722435 
2020-09-28,140.3999939,142.6933289,138.5166626,141.5399933,149158800 ,466944990748 
2020-09-29,139.6900024,142.8333282,137.1999969,138.6666718,150657900 ,464583687558 
2020-09-30,143.0033264,144.6433258,140.156662,140.4400024,144436800 ,475603203939 
2020-10-01,149.386673,149.6266632,144.8066711,146.9199982,152224500 ,496833060270 
2020-10-02,138.363327,146.3766632,138.3333282,140.4633331,214290000 ,460171405034 
2020-10-05,141.8933258,144.5466614,139.7766724,141.1166687,134168400 ,471911542634 
2020-10-06,137.9933319,142.9266663,135.3500061,141.2633362,147438900 ,458940868182 
2020-10-07,141.7666626,143.3000031,137.9499969,139.956665,129383100 ,471490283709 
2020-10-08,141.9733276,146.3333282,141.7666626,146.1466675,121263300 ,472177614257 
2020-10-09,144.6666718,144.863327,142.1533356,143.3766632,86777100 ,481135189742 
2020-10-12,147.4333344,149.5800018,146.1933289,147.3333282,116373300 ,490336609238 
2020-10-13,148.8833313,149.6300049,145.5333405,147.7833405,103391100 ,495159036880 
2020-10-14,153.7666626,155.3000031,149.1166687,149.9266663,143639100 ,511400113713 
2020-10-15,149.6266632,152.1900024,147.5,150.1033325,107017200 ,497631224391 
2020-10-16,146.5566711,151.9833374,146.2833405,151.4799957,98327700 ,487420985938 
2020-10-19,143.6100006,149,142.956665,148.7466736,108863400 ,477620892603 
2020-10-20,140.6466675,143.9166718,139.6833344,143.9166718,94968900 ,467765382481 
2020-10-21,140.8800049,144.3166656,140.4166718,140.8999939,97111500 ,468541420486 
2020-10-22,141.9299927,148.4100037,141.5033264,147.3066711,119979600 ,472033490013 
2020-10-23,140.2100067,140.9633331,135.793335,140.613327,101151000 ,466313127734 
2020-10-26,140.093338,141.9199982,136.6666718,137.2100067,84717600 ,465925108732 
2020-10-27,141.5599976,143.5,140.0333405,141.2533264,68059500 ,470802953161 
2020-10-28,135.3399963,139.5333405,135.3333282,138.8266602,76354200 ,450116353882 
2020-10-29,136.9433289,139.3533325,135.4866638,136.6533356,67965900 ,455448747907 
2020-10-30,129.3466644,135.863327,126.3700027,135.6333313,127533900 ,430183615745 
2020-11-02,133.5033264,135.6600037,130.7666626,131.3333282,87063300 ,444007921853 
2020-11-03,141.3000031,142.5899963,135.5633392,136.5766602,103055100 ,469938258447 
2020-11-04,140.3266602,145.1333313,139.0333405,143.5399933,96429300 ,466701095989 
2020-11-05,146.0299988,146.6666718,141.3333282,142.7666626,85243500 ,485669368897 
2020-11-06,143.3166656,145.5233307,141.4266663,145.3666687,65118000 ,476645313567 
2020-11-09,140.4199982,150.8333282,140.3333282,146.5,104499000 ,467011521340 
2020-11-10,136.7866669,140.0299988,132.0099945,140.0299988,90852600 ,454927718467 
2020-11-11,139.043335,139.5666656,136.8600006,138.8166656,52073100 ,462432988457 
2020-11-12,137.2533264,141,136.5066681,138.3500061,59565300 ,456479743729 
2020-11-13,136.1666718,137.5099945,133.886673,136.9499969,59313300 ,452865726822 
2020-11-16,136.0299988,137.4833374,134.6966705,136.3099976,80515800 ,452411177227 
2020-11-17,147.2033386,154,144.3366699,153.3899994,183564900 ,489571685039 
2020-11-18,162.2133331,165.3333282,147.8333282,149.4499969,234132000 ,539492212466 
2020-11-19,166.4233398,169.5366669,162.5233307,164,187425900 ,553493933488 
2020-11-20,163.2033386,167.5,163.0200043,165.9966736,98735700 ,542784791711 
2020-11-23,173.9499969,175.3333282,167.2633362,167.8333282,150780900 ,578526233950 
2020-11-24,185.1266632,186.6633301,175.3999939,180.1333313,160945500 ,615697804820 
2020-11-25,191.3333282,191.3333282,181.7899933,183.3533325,146790600 ,636340050370 
2020-11-27,195.2533264,199.593338,192.8166656,193.7200012,112683300 ,649377255415 
2020-11-30,189.1999969,202.6000061,184.8366699,200.7366638,189009300 ,629244976247 
2020-12-01,194.9199982,199.2833405,190.6833344,199.1966705,120310500 ,648268665942 
2020-12-02,189.6066742,190.5133362,180.4033356,185.4799957,143327100 ,630597511227 
2020-12-03,197.793335,199.656662,194.1433258,196.6733398,127656000 ,657824864518 
2020-12-04,199.6799927,199.6799927,195.1666718,197.0033264,88203900 ,664099546908 
2020-12-07,213.9199982,216.2633362,201.0166626,201.6399994,168929100 ,711459230115 
2020-12-08,216.6266632,217.093338,206.1666718,208.5033264,192795000 ,720461108580 
2020-12-09,201.4933319,218.1066742,196,217.8966675,213873600 ,670130385286 
2020-12-10,209.0233307,209.25,188.7799988,191.456665,201249600 ,695173799554 
2020-12-11,203.3300018,208,198.9333344,205.0033264,139425000 ,676238817316 
2020-12-14,213.2766724,214.25,203.3999939,206.3333282,156121800 ,709319644820 
2020-12-15,211.0833282,215.6333313,207.9333344,214.4266663,135214500 ,702024978918 
2020-12-16,207.5899963,210.8333282,201.6666718,209.4100037,126287400 ,690406788698 
2020-12-17,218.6333313,219.6066742,206.5,209.3966675,168810300 ,727134923779 
2020-12-18,231.6666718,231.6666718,209.5133362,222.9666595,666378600 ,770481457271 
2020-12-21,216.6199951,222.8333282,215.3566742,222.0800018,174135900 ,720438931716 
2020-12-22,213.4466705,216.6266632,204.7433319,216,155148000 ,709885027988 
2020-12-23,215.3266602,217.1666718,207.5233307,210.7333374,99519000 ,716137533514 
2020-12-24,220.5899963,222.0299988,213.6666718,214.3300018,68596800 ,733642437869 
2020-12-28,221.2299957,227.1333313,220.2666626,224.8366699,96835800 ,735770960106 
2020-12-29,221.9966736,223.3000031,218.3333282,220.3333282,68732400 ,738320792016 
2020-12-30,231.593338,232.1999969,222.7866669,224,128538000 ,770237562512 
2020-12-31,235.2233276,239.5733337,230.3733368,233.3300018,148949700 ,782310251580 
2021-01-04,243.2566681,248.1633301,239.0633392,239.8200073,145914600 ,809027689237 
2021-01-05,245.0366669,246.9466705,239.7333374,241.2200012,96735600 ,814947643294 
2021-01-06,251.9933319,258,249.6999969,252.8300018,134100000 ,838084253220 
2021-01-07,272.0133362,272.3299866,258.3999939,259.2099915,154496700 ,904667167153 
2021-01-08,293.3399963,294.8299866,279.4633179,285.3333435,225166500 ,975595782268 
2021-01-11,270.3966675,284.8099976,267.8733215,283.1333313,177904800 ,899290419399 
2021-01-12,283.1466675,289.3333435,275.7799988,277,138812100 ,941694613779 
2021-01-13,284.8033447,286.8233337,277.3333435,284.2533264,99937500 ,947204422717 
2021-01-14,281.6666565,287.6666565,279.5833435,281.1300049,93798900 ,936772364873 
2021-01-15,275.3866577,286.6333313,273.0333252,284,116332800 ,915886224564 
2021-01-19,281.5166626,283.3333435,277.6666565,279.2666626,76101000 ,936273512297 
2021-01-20,283.4833374,286.5,279.0933228,286.2466736,76997700 ,942814317058 
2021-01-21,281.6633301,285.2399902,280.4733276,285,61563300 ,936761301815 
2021-01-22,282.2133179,282.6666565,276.206665,278.1033325,60199500 ,938590461758 
2021-01-25,293.6000061,300.1333313,279.6066589,285,123520200 ,976460527730 
2021-01-26,294.3633423,298.6333313,290.5333252,297.1266785,69394800 ,978999245834 
2021-01-27,288.0533447,297.1666565,286.2200012,290.1166687,82002000 ,958013335010 
2021-01-28,278.4766541,282.6666565,267,273.3333435,79134000 ,926162993611 
2021-01-29,264.5100098,280.8033447,260.0333252,276.6666565,104972400 ,879712460342 
2021-02-01,279.936676,280.6666565,265.186676,271.4299927,76174200 ,931018762672 
2021-02-02,290.9299927,293.5,280.7333374,281.5599976,73038600 ,967580545896 
2021-02-03,284.8966675,292.6933289,284.3533325,292.3399963,55030500 ,947514797321 
2021-02-04,283.3299866,285.5,277.8066711,285,47438100 ,942304299928 
2021-02-05,284.0766602,288.2566528,279.6566772,281.6666565,55699800 ,944787601245 
2021-02-08,287.8066711,292.5899963,284.9166565,289.8900146,60485100 ,957192943276 
2021-02-09,283.1533203,286.6000061,280.5833435,285.0400085,45473100 ,941716739895 
2021-02-10,268.2733459,281.6066589,266.6733398,281.2133179,108648300 ,892228635947 
2021-02-11,270.5533447,276.6266785,267.2433472,270.813324,64868400 ,899811499588 
2021-02-12,272.0400085,272.4433289,261.7766724,267.0866699,71304900 ,904755874610 
2021-02-16,265.4066772,273.6666565,264.1466675,272.6666565,59406900 ,882694614235 
2021-02-17,266.0499878,266.6133423,254.0033264,259.6966553,77989500 ,884834148782 
2021-02-18,262.4599915,264.8966675,258.7566528,260.2999878,53871300 ,872894470152 
2021-02-19,260.4333191,265.5966797,259.1233215,265,56874900 ,866154124361 
2021-02-22,238.1666718,256.1666565,236.7333374,254.2133331,111809100 ,792099281856 
2021-02-23,232.9466705,237.8699951,206.3333282,220.7100067,199820700 ,774738501745 
2021-02-24,247.3399963,248.3333282,231.3899994,237.2833405,110301000 ,822608100586 
2021-02-25,227.406662,245.7366638,223.5266724,242.0500031,117071700 ,756313435141 
2021-02-26,225.1666718,235.5666656,219.8366699,233.3333282,123267600 ,748863632685 
2021-03-01,239.4766693,239.6666718,228.3500061,230.0366669,81408600 ,796456096846 
2021-03-02,228.8133392,240.3699951,228.3333282,239.4266663,71196600 ,760991789288 
2021-03-03,217.7333374,233.5666656,217.2366638,229.3300018,90624000 ,724141706828 
2021-03-04,207.1466675,222.8166656,200,218.6000061,197758500 ,688932357087 
2021-03-05,199.3166656,209.2799988,179.8300018,208.6866608,268189500 ,662891186919 
2021-03-08,187.6666718,206.7100067,186.2633362,200.1833344,155361000 ,624145413923 
2021-03-09,224.5266724,226.0299988,198.4033356,202.7266693,202569900 ,746735110449 
2021-03-10,222.6866608,239.2833405,218.3533325,233.4333344,181817100 ,740615564613 
2021-03-11,233.1999969,234.1666718,225.7266693,233.1333313,108761700 ,775581019595 
2021-03-12,231.2433319,231.6266632,222.0466614,223.3333282,100751400 ,769073505504 
2021-03-15,235.9799957,237.7266693,228.0133362,231.363327,88006800 ,784826792819 
2021-03-16,225.6266632,235.9733276,223.6666718,234.4499969,96587100 ,750393481083 
2021-03-17,233.9366608,234.5766602,217.0033264,218.956665,121117500 ,778031030242 
2021-03-18,217.7200012,229.7433319,217.3333282,228.0966644,99674400 ,724097353099 
2021-03-19,218.2899933,219.0766602,208.206665,215.5333405,128682000 ,725993043635 
2021-03-22,223.3333282,233.206665,222.9166718,228.1966705,118536600 ,742766263714 
2021-03-23,220.7200012,225.9333344,219.1699982,225.2566681,91475700 ,734074810600 
2021-03-24,210.0899963,222.6733398,210.0366669,222.636673,101385600 ,698721336616 
2021-03-25,213.4633331,215.1666718,203.1666718,204.3333282,117674700 ,709940444775 
2021-03-26,206.2366638,214.6066742,199.9633331,213.956665,101558400 ,685905849465 
2021-03-29,203.7633362,205.4933319,198.6733398,205.2133331,85911000 ,677680009005 
2021-03-30,211.8733368,212.5533295,197.0033264,200.5833282,118297200 ,704652404479 
2021-03-31,222.6433258,224,213.7033386,215.5399933,100011900 ,740471440369 
2021-04-01,220.5833282,230.8066711,219.8066711,229.456665,105895200 ,733620261005 
2021-04-05,230.3500061,236.0533295,228.2333374,235.9033356,125528400 ,766102465418 
2021-04-06,230.5399933,232.1833344,227.1233368,230.1000061,84815400 ,766734328431 
2021-04-07,223.656662,230.4600067,222.613327,229,78928200 ,743841613265 
2021-04-08,227.9333344,229.8500061,223.8833313,225.793335,71772900 ,758065052181 
2021-04-09,225.6733398,226.9900055,223.1433258,225.9233398,64311300 ,750548719133 
2021-04-12,233.9933319,234.9333344,227.363327,228.5666656,87407100 ,778219508214 
2021-04-13,254.1066742,254.3333282,236.886673,237.5666656,133958400 ,845112847498 
2021-04-14,244.0766602,260.2633362,242.6766663,256.8999939,147052200 ,811754834565 
2021-04-15,246.2833405,247.8966675,240.4366608,247.6999969,83546700 ,819093854195 
2021-04-16,246.593338,249.8033295,241.5333405,242.8833313,83938500 ,820124850017 
2021-04-19,238.2100067,241.8000031,230.6000061,239.8666687,119058600 ,792243406100 
2021-04-20,239.6633301,245.75,236.8966675,239.1399994,106827000 ,797076896801 
2021-04-21,248.0399933,248.2799988,232.6666718,234.9233398,93646500 ,824936163854 
2021-04-22,239.8966675,251.2566681,239.3466644,247.1666718,106770900 ,797852934806 
2021-04-23,243.1333313,245.7866669,238.4866638,239.9333344,85110000 ,808617493370 
2021-04-26,246.0666656,249.7666626,244.2033386,247,93115500 ,818373232977 
2021-04-27,234.9133301,241.3333282,234.4499969,239.3200073,88311000 ,781279255758 
2021-04-28,231.4666595,236.1666718,231.1999969,232.136673,66813000 ,769816252839 
2021-04-29,225.6666718,234.0833282,222.8333282,233.1699982,86536200 ,750526542269 
2021-04-30,236.4799957,238.4900055,222.0466614,222.5299988,122276100 ,786489702403 
2021-05-03,228.3000031,235.3333282,226.8333282,234.6000061,81129300 ,759284525976 
2021-05-04,224.5333405,227.8166656,219.2333374,226.3133392,89217900 ,746757287313 
2021-05-05,223.6466675,228.4333344,222.4466705,227.0200043,65705700 ,743808373342 
2021-05-06,221.1799927,227.0066681,216.6666718,226.9199982,83353800 ,735604658998 
2021-05-07,224.1233368,230,220.0733337,221.9333344,70407600 ,745393689275 
2021-05-10,209.6799927,221.6833344,209.2033386,221.6333313,94177200 ,697357738578 
2021-05-11,205.7333374,209.0333405,198.5333405,199.7466736,139511700 ,684231876824 
2021-05-12,196.6300049,206.8033295,195.5899963,200.8300018,101470800 ,653955839047 
2021-05-13,190.5633392,202.1533356,186.5500031,200.5133362,132554700 ,633779206150 
2021-05-14,196.5800018,197.6233368,190.1533356,194.4700012,100112700 ,653789537939 
2021-05-17,192.2766724,196.5766602,187.0666656,191.8500061,97171200 ,639477442313 
2021-05-18,192.6233368,198.75,187.793335,189.3333282,110491800 ,640630385514 
2021-05-19,187.8200073,188.7366638,182.3266602,184.1833344,118735200 ,624655380305 
2021-05-20,195.593338,196.2833405,190.3566742,191.6666718,92463300 ,650508072500 
2021-05-21,193.6266632,198.8933258,193.3333282,198.7033386,78091800 ,643967267739 
2021-05-24,202.1466675,204.8266602,191.2166595,193.8666687,103674300 ,672303261252 
2021-05-25,201.5633392,204.6633301,198.5700073,202.4366608,84017700 ,670363216987 
2021-05-26,206.3766632,208.7233276,200.5,202.5200043,85917900 ,686371462119 
2021-05-27,210.2833405,210.3766632,205.4033356,206.7466736,79111800 ,699364364183 
2021-05-28,208.406662,211.863327,207.4600067,209.5,68211000 ,693122870968 
2021-06-01,207.9666595,211.2666626,206.8500061,209.2666626,54254700 ,691659502415 
2021-06-02,201.706665,207.7866669,199.7133331,206.7100067,69908400 ,670839892699 
2021-06-03,190.9466705,201.5166626,190.406662,200.6000061,90335700 ,635054096731 
2021-06-04,199.6833344,200.2033386,192.3999939,193.2366638,72110700 ,664110660714 
2021-06-07,201.7100067,203.3333282,194.293335,197.2766724,67631100 ,670851006505 
2021-06-08,201.1966705,207.6966705,198.5,207.6699982,78160200 ,669143743193 
2021-06-09,199.593338,203.9299927,199.2100067,200.7233276,49753800 ,663811349168 
2021-06-10,203.3733368,205.5299988,200.1666718,201.293335,71758800 ,676382941560 
2021-06-11,203.2966614,204.1866608,200.5066681,203.4100037,48615900 ,676127932995 
2021-06-14,205.8966675,208.4966736,203.0599976,204.0766602,61272000 ,684775083128 
2021-06-15,199.7866669,205.5966644,199.4100037,205.5633392,53292300 ,664454325988 
2021-06-16,201.6233368,202.8333282,197.8333282,199.1799927,66432300 ,670562758017 
2021-06-17,205.5333405,207.156662,200.4466705,200.6300049,68104200 ,683566723140 
2021-06-18,207.7700043,209.4499969,203.9333344,204.456665,73682700 ,691005462537 
2021-06-21,206.9433289,210.4633331,202.9600067,208.1600037,74438100 ,688256089597 
2021-06-22,207.9033356,209.5233307,205.1666718,206.0833282,57476700 ,691448898326 
2021-06-23,218.8566742,219.0666656,210.0133362,210.6666718,93297600 ,727877721861 
2021-06-24,226.6066742,232.5399933,222.5366669,224.9966736,137947200 ,753652820406 
2021-06-25,223.956665,231.2700043,222.8999939,229.8600006,97490100 ,744839369164 
2021-06-28,229.5733337,231.5666656,223.4400024,223.8800049,64884600 ,763519393585 
2021-06-29,226.9199982,229.1699982,225.2966614,228.2166595,52143900 ,754694879286 
2021-06-30,226.5666656,230.9366608,226.0466614,226.5899963,56774700 ,753519759220 
2021-07-01,225.9733276,229.3300018,224.2666626,227.9733276,55903500 ,751546424285 
2021-07-02,226.3000031,233.3333282,224.4199982,226.3266602,81163500 ,752632887642 
2021-07-06,219.8600006,228,217.1333313,227.2366638,69853500 ,731214604087 
2021-07-07,214.8833313,221.8999939,212.7733307,221.4233398,56376000 ,714663101902 
2021-07-08,217.6033325,218.1433258,206.8200073,209.456665,68319900 ,723709334097 
2021-07-09,218.9833374,219.636673,214.8966675,217.7266693,54421500 ,728298980786 
2021-07-12,228.5666656,229.0800018,220.7200012,220.7333374,77781000 ,760171397554 
2021-07-13,222.8466644,231.093338,222.1000061,228.7733307,62898300 ,741147707859 
2021-07-14,217.793335,226.2033386,217.613327,223.5833282,64923600 ,724341247858 
2021-07-15,216.8666687,222.0466614,212.6266632,219.4633331,60628800 ,721259323450 
2021-07-16,214.7400055,218.8999939,214.0666656,218.2266693,49113000 ,714186426191 
2021-07-19,215.406662,215.7333374,207.0966644,209.9633331,63891300 ,716403605137 
2021-07-20,220.1666718,220.7966614,213.5,217.3300018,46461300 ,732234536850 
2021-07-21,218.4299927,221.6199951,216.7633362,219.8699951,41859900 ,726458656289 
2021-07-22,216.4199982,220.7233276,214.8666687,218.8133392,45317100 ,719773778032 
2021-07-23,214.4600067,216.2666626,212.4333344,215.4533386,43814700 ,713255200884 
2021-07-26,219.206665,222.7333374,215.7033386,216.9900055,76009800 ,729041728121 
2021-07-27,214.9266663,222.1666718,209.0800018,221.1333313,98439900 ,714807226146 
2021-07-28,215.6600037,218.3233337,213.1333313,215.6666718,48019800 ,717246173735 
2021-07-29,225.7833405,227.8966675,216.2666626,216.5966644,91183800 ,750914561272 
2021-07-30,229.0666656,232.5099945,223,223.9199982,88969200 ,761834307138 
2021-08-02,236.5566711,242.3133392,232.8000031,233.3333282,100847400 ,786744710968 
2021-08-03,236.5800018,240.8833313,233.6699982,239.6666718,64860900 ,786822304619 
2021-08-04,236.9733276,241.6333313,236.3099976,237,51007800 ,788130435122 
2021-08-05,238.2100067,240.3166656,237.136673,238.6666718,38758800 ,792243406100 
2021-08-06,233.0333405,238.7766724,232.543335,237.3000031,46869000 ,775026750232 
2021-08-09,237.9199982,239.6766663,235.043335,236.7233276,44145900 ,791278890123 
2021-08-10,236.6633301,238.863327,233.9600067,237.9966736,40296900 ,787099439300 
2021-08-11,235.9400024,238.3933258,234.7366638,237.5700073,29401800 ,784693782382 
2021-08-12,240.75,240.9333344,233.1333313,235.4466705,52377300 ,800690964455 
2021-08-13,239.0566711,243.3000031,238.113327,241.2366638,50194500 ,795059258885 
2021-08-16,228.7233276,236.5,225.4666595,235.0233307,68032200 ,760692426994 
2021-08-17,221.9033356,224.8600006,216.2799988,224.2200012,71163900 ,738010366664 
2021-08-18,229.6633301,231.9233398,223.1166687,223.25,61048200 ,763818705131 
2021-08-19,224.4900055,228.8500061,222.5299988,226.0700073,42940500 ,746613163069 
2021-08-20,226.7533264,230.7100067,224.5666656,227.6166687,44525700 ,754140559175 
2021-08-23,235.4333344,237.3766632,226.9166718,228.4799957,60794700 ,783008695934 
2021-08-24,236.1633301,238.406662,234.2133331,236.8933258,39249300 ,785436529716 
2021-08-25,237.0666656,238.9900055,234.6666718,235.6766663,37936800 ,788440860474 
2021-08-26,233.7200012,238.4666595,232.5399933,236.1033325,39642900 ,777310459771 
2021-08-27,237.3066711,238.3333282,234.0333405,235,41501400 ,789239075343 
2021-08-30,243.636673,243.6666718,237.5766602,238.2400055,55812600 ,810291516760 
2021-08-31,245.2400055,246.7966614,242.1466675,244.3333282,62566200 ,815623910784 
2021-09-01,244.6966705,247.3300018,243.7566681,244.6933289,39612900 ,813816876957 
2021-09-02,244.1300049,246.9900055,243.5133362,244.8333282,38331900 ,811932249479 
2021-09-03,244.5233307,244.6666718,241.3999939,244.0833282,45738300 ,813240379982 
2021-09-07,250.9733276,253.3999939,246.4199982,246.6666718,60119400 ,834691903460 
2021-09-08,251.2899933,254.8166656,246.9233398,253.8600006,56379000 ,835745076146 
2021-09-09,251.6199951,254.0333405,250.543335,251.136673,42233100 ,836842602561 
2021-09-10,245.4233398,254.2033386,244.8399963,253.1999969,45552600 ,816233647681 
2021-09-13,247.6666718,248.2599945,236.2833405,246.7366638,68857500 ,823694563943 
2021-09-14,248.1633301,251.4900055,245.4666595,247.5233307,55574700 ,825346359720 
2021-09-15,251.9433289,252.2866669,246.1199951,248.3333282,46073100 ,837917952112 
2021-09-16,252.3300018,252.9700012,249.2033386,250.9433289,41770200 ,839203956499 
2021-09-17,253.1633301,253.6799927,250,252.3833313,84612600 ,841975455555 
2021-09-20,243.3899994,247.3333282,239.5399933,244.8533325,74273100 ,809471125026 
2021-09-21,246.4600067,248.2466736,243.4799957,244.9299927,48992100 ,819681414228 
2021-09-22,250.6466675,251.2233276,246.3733368,247.843338,45378900 ,833605490851 
2021-09-23,251.2133331,252.7333374,249.3066711,251.6666718,35842500 ,835490118329 
2021-09-24,258.1300049,258.2666626,248.1866608,248.6300049,64119000 ,858493717817 
2021-09-27,263.7866821,266.3333435,256.436676,257.706665,84212100 ,877306803424 
2021-09-28,259.186676,265.2133179,255.3933258,262.3999939,76144200 ,862008014956 
2021-09-29,260.436676,264.5,256.8933411,259.9333191,62828700 ,866165288915 
2021-09-30,258.4933472,263.043335,258.3333435,260.3333435,53868000 ,859702128553 
2021-10-01,258.4066772,260.2600098,254.5299988,259.4666748,51094200 ,859413880066 
2021-10-04,260.5100098,268.9899902,258.706665,265.5,91449900 ,866409183674 
2021-10-05,260.1966553,265.769989,258.0666809,261.6000061,55297800 ,865367023298 
2021-10-06,260.9166565,262.2200012,257.7399902,258.7333374,43898400 ,867761617158 
2021-10-07,264.5366821,268.3333435,261.1266785,261.8200073,57587400 ,879801167799 
2021-10-08,261.8299866,265.4599915,260.3033447,265.4033203,50215800 ,870799187837 
2021-10-11,263.980011,267.0799866,261.8333435,262.5499878,42600900 ,877949780243 
2021-10-12,268.5733337,270.7733459,265.5233459,266.9766541,66060000 ,893226341098 
2021-10-13,270.3599854,271.8033447,268.5933228,270.1566772,42360300 ,899168421272 
2021-10-14,272.7733459,273.4166565,271.1166687,271.8299866,36741600 ,907194822198 
2021-10-15,281.0100098,281.0700073,274.1166687,274.5799866,56773800 ,934588476597 
2021-10-18,290.0366821,291.7533264,283.8233337,283.9299927,72621600 ,964609556557 
2021-10-19,288.0899963,292.6499939,287.5033264,292.5100098,52143300 ,958135231642 
2021-10-20,288.6000061,289.8299866,285.793335,288.4500122,42096300 ,959831431895 
2021-10-21,298,300,285.1666565,285.3333435,94444500 ,991094111766 
2021-10-22,303.2266541,303.3333435,296.9866638,298.5,68642400 ,1008477017994 
2021-10-25,341.6199951,348.3399963,314.7333374,316.8433228,188556300 ,1136166327591 
2021-10-26,339.4766541,364.980011,333.813324,341.563324,187245000 ,1129037962798 
2021-10-27,345.9533386,356.9599915,343.5933228,346.5533447,115579500 ,1150578244480 
2021-10-28,359.0133362,360.3333435,351.3999939,356.1033325,81639600 ,1194013434682 
2021-10-29,371.3333435,371.7366638,357.7366638,360.6199951,89755200 ,1234987551178 
2021-11-01,402.8633423,403.25,372.8866577,381.6666565,168146100 ,1339850625454 
2021-11-02,390.6666565,402.8633423,382,386.4533386,128213400 ,1299286654076 
2021-11-03,404.6199951,405.1300049,384.206665,392.4433289,103885500 ,1345692935112 
2021-11-04,409.9700012,414.4966736,405.6666565,411.4700012,76192200 ,1363486087955 
2021-11-05,407.3633423,413.2900085,402.6666565,409.3333435,64886400 ,1354816811705 
2021-11-08,387.6466675,399,377.6666565,383.2633362,100337100 ,1289242716730 
2021-11-09,341.1666565,391.5,337.1733398,391.2000122,177317400 ,1134658605310 
2021-11-10,355.9833374,359.3666687,329.1033325,336.8033447,128408100 ,1183936206665 
2021-11-11,354.5033264,368.3233337,351.5599976,367.5899963,67189800 ,1179013957760 
2021-11-12,344.4733276,351.5,339.7333374,349.1666565,76719300 ,1145655995574 
2021-11-15,337.7966614,343.9933472,326.2000122,339.2099915,104326800 ,1123450610956 
2021-11-16,351.5766602,352.3999939,334.0599976,334.436676,79627200 ,1169280395018 
2021-11-17,363.0033264,373.2133179,351.8333435,354.5033264,94336200 ,1207283420679 
2021-11-18,365.4599915,370.6666565,358.3399963,368.8500061,62696700 ,1215453844353 
2021-11-19,379.019989,379.5733337,364.2333374,366.2900085,64926900 ,1260551944138 
2021-11-22,385.6233215,400.6499939,377.4766541,387.4433289,99217500 ,1282513433997 
2021-11-23,369.6766663,393.5,354.2333374,389.1700134,108515100 ,1229477742239 
2021-11-24,372,377.5899963,354,360.1300049,67680600 ,1237204730124 
2021-11-26,360.6400146,369.5933228,360.3333435,366.4899902,35042700 ,1199423473105 
2021-11-29,378.9966736,380.8900146,366.730011,366.9966736,58393500 ,1260474401235 
2021-11-30,381.5866699,389.3333435,372.6666565,381.456665,81276000 ,1269088260698 
2021-12-01,365,390.9466553,363.5866699,386.8999939,68450400 ,1213923995955 
2021-12-02,361.5333252,371,352.2166748,366.3533325,73114800 ,1202394462444 
2021-12-03,338.3233337,363.5266724,333.4033203,361.5966797,92322000 ,1125202227997 
2021-12-06,336.3366699,340.5466614,316.8333435,333.8366699,81663000 ,1118594943391 
2021-12-07,350.5833435,352.5566711,342.269989,348.0666809,56084700 ,1165976803463 
2021-12-08,356.3200073,357.4599915,344.3333435,350.9033203,41906400 ,1185055909944 
2021-12-09,334.6000061,354.1633301,334.1199951,353.5466614,59438400 ,1112819113577 
2021-12-10,339.0100098,340.3266602,327.5100098,336.25,59664300 ,1127485988283 
2021-12-13,322.1366577,335,317.1400146,333.6966553,78595500 ,1071368270621 
2021-12-14,319.5033264,322.1366577,310,315,70806300 ,1062610286915 
2021-12-15,325.3299866,326.25,309.4166565,317.7366638,75169200 ,1081988704942 
2021-12-16,308.9733276,331.6600037,307.2833252,331.5,82771500 ,1027589415146 
2021-12-17,310.8566589,320.2200012,303.0133362,304.9233398,100437300 ,1033853034477 
2021-12-20,299.980011,307.230011,297.7966614,303.5666809,56480100 ,997679270255 
2021-12-21,312.8433228,313.1666565,295.3733215,305.6233215,71517900 ,1040460319083 
2021-12-22,336.2900085,338.5533447,319.0166626,321.8866577,93634200 ,1118439756089 
2021-12-23,355.6666565,357.6600037,332.519989,335.6000061,92713200 ,1182882983231 
2021-12-27,364.6466675,372.3333435,356.9066772,357.8900146,71145900 ,1212748875889 
2021-12-28,362.8233337,373,359.4733276,369.8299866,60324000 ,1206684797588 
2021-12-29,362.063324,368,354.7133179,366.2133179,56154000 ,1204157142542 
2021-12-30,356.7799988,365.1833191,351.0499878,353.7766724,47040900 ,1186585758342 
2021-12-31,352.2600098,360.6666565,351.5299988,357.813324,40733700 ,1171553092246 
2022-01-03,399.9266663,400.3566589,378.6799927,382.5833435,103931400 ,1330083772041 
2022-01-04,383.1966553,402.6666565,374.3500061,396.5166626,100248300 ,1274442780839 
2022-01-05,362.706665,390.1133423,360.3366699,382.2166748,80119800 ,1206296778586 
2022-01-06,354.8999939,362.6666565,340.1666565,359,90336600 ,1180333202069 
2022-01-07,342.3200073,360.3099976,336.6666565,360.1233215,84164700 ,1138494441606 
2022-01-10,352.706665,353.0333252,326.6666565,333.3333435,91815000 ,1173038586916 
2022-01-11,354.7999878,358.6166687,346.2733459,351.2233276,66063300 ,1180000599853 
2022-01-12,368.7399902,371.6133423,357.5299988,359.6166687,83739000 ,1226362527161 
2022-01-13,343.8533325,371.8666687,342.1799927,369.6900024,97209900 ,1143594003930 
2022-01-14,349.8699951,350.6666565,337.793335,339.9599915,72924300 ,1163604335719 
2022-01-18,343.5033264,356.9299927,338.686676,342.2033386,66743400 ,1142429946923 
2022-01-19,331.8833313,351.5566711,331.6666565,347.2366638,75442500 ,1103783944441 
2022-01-20,332.0899963,347.2200012,331.3333435,336.5766602,70488600 ,1104471274990 
2022-01-21,314.6333313,334.8500061,313.5,332.1133423,103416000 ,1046413563811 
2022-01-24,310,311.1700134,283.8233337,301.5866699,151565700 ,1031003941770 
2022-01-25,306.1333313,317.0866699,301.0700073,304.7333374,86595900 ,1018144100891 
2022-01-26,312.4700012,329.230011,302,317.4766541,104867400 ,1039218719172 
2022-01-27,276.3666687,311.7966614,276.3333435,311.1199951,147109500 ,919145563886 
2022-01-28,282.1166687,285.8333435,264.0033264,277.186676,134789100 ,938269024097 
2022-01-31,312.2399902,312.6633301,287.3500061,290.9033203,104436000 ,1038453744225 
2022-02-01,310.4166565,314.5666809,301.6666565,311.7366638,73138200 ,1032389665924 
2022-02-02,301.8866577,310.5,296.4700012,309.3933411,66792900 ,1004020432490 
2022-02-03,297.0466614,312.3333435,293.5066528,294,78855600 ,987923479901 
2022-02-04,307.7733459,312.1666565,293.7233276,299.0733337,73625400 ,1023598493043 
2022-02-07,302.4466553,315.9233398,300.9033203,307.9299927,60994500 ,1005882883103 
2022-02-08,307.3333435,308.7633362,298.2666626,301.8433228,50729100 ,1022135124490 
2022-02-09,310.6666565,315.4233398,306.6666565,311.6666565,52259400 ,1033221120716 
2022-02-10,301.5166626,314.6033325,298.8999939,302.7900085,66126900 ,1002789895637 
2022-02-11,286.6666565,305.3200073,283.5666809,303.2099915,79645800 ,953401460708 
2022-02-14,291.9200134,299.6266785,284.3833313,287.1900024,67756500 ,970873175889 
2022-02-15,307.4766541,307.6666565,297.793335,300,57286200 ,1022611749454 
2022-02-16,307.7966614,308.8099976,300.4033203,304.6833191,51294300 ,1023676035946 
2022-02-17,292.1166687,306.1666565,291.3666687,304.4200134,55178400 ,971527215767 
2022-02-18,285.6600037,295.6233215,279.2033386,295.3333435,68501700 ,950053515425 
2022-02-22,273.8433228,285.5766602,267.0333252,278.043335,83288100 ,910753371570 
2022-02-23,254.6799927,278.4333191,253.5200043,276.8099976,95256900 ,847019601093 
2022-02-24,266.9233398,267.4933472,233.3333282,233.4633331,135322200 ,887738759772 
2022-02-25,269.956665,273.1666565,260.7999878,269.7433472,76067700 ,897827050846 
2022-02-28,290.1433411,292.2866821,271.5700073,271.6700134,99006900 ,964964284890 
2022-03-01,288.1233215,296.6266785,284.5933228,289.8933411,74766900 ,958246065215 
2022-03-02,293.2966614,295.4933472,281.4233398,290.7099915,74643300 ,975451658025 
2022-03-03,279.7633362,295.480011,277.5333252,292.9233398,61623600 ,930442265697 
2022-03-04,279.4299927,285.2166748,275.0533447,283.0333252,66999600 ,929333625476 
2022-03-07,268.1933289,288.7133179,268.1900024,285.4333191,72494100 ,891962513576 
2022-03-08,274.7999878,283.3299866,260.7233276,265.1766663,80399100 ,913935066493 
2022-03-09,286.3233337,286.8533325,277.3366699,279.8266602,59184000 ,952259631313 
2022-03-10,279.4333191,284.8166809,270.1199951,283.8166809,58648500 ,929344688534 
2022-03-11,265.1166687,281.2666626,264.5899963,280.0666809,67037100 ,881730098258 
2022-03-14,255.456665,266.8999939,252.0133362,260.2033386,71152200 ,849602672925 
2022-03-15,267.2966614,268.5233459,252.1900024,258.4233398,66841200 ,888980359683 
2022-03-16,280.0766602,280.6666565,267.4200134,269.6666565,84028800 ,931484324577 
2022-03-17,290.5333252,291.6666565,275.2399902,276.9966736,66582900 ,966261301587 
2022-03-18,301.7966614,302.6166687,289.1300049,291.4966736,100414200 ,1003721120944 
2022-03-21,307.0533447,314.2833252,302.3633423,304.9933472,81981600 ,1021203899183 
2022-03-22,331.3266602,332.6199951,307.25,310,105868500 ,1101932556886 
2022-03-23,333.0366821,346.8999939,325.4666748,326.6466675,120676200 ,1107619780738 
2022-03-24,337.9733276,341.4966736,329.6000061,336.5766602,68920800 ,1124038170989 
2022-03-25,336.8800049,340.6000061,332.4400024,336,62031600 ,1120401977218 
2022-03-28,363.9466553,365.9599915,351.2000122,355.0333252,102506100 ,1210420761874 
2022-03-29,366.5233459,371.5899963,357.7033386,369.3299866,73614900 ,1218990369104 
2022-03-30,364.6633301,371.3166809,361.3333435,363.7233276,59865000 ,1212804292676 
2022-03-31,359.2000122,367.7133179,358.8800049,364.8566589,48992700 ,1194634285385 
2022-04-01,361.5299988,364.9166565,355.5466614,360.3833313,54263100 ,1202383399386 
2022-04-04,381.8166809,383.3033447,357.5100098,363.1266785,82035900 ,1269853235645 
2022-04-05,363.7533264,384.2900085,362.4333191,378.7666626,80075100 ,1209777785054 
2022-04-06,348.5866699,359.6666565,342.5666809,357.8233337,89348400 ,1159336228187 
2022-04-07,352.4200134,358.8633423,340.5133362,350.7966614,79447200 ,1172085235492 
2022-04-08,341.8299866,349.480011,340.813324,347.7366638,55013700 ,1136864721197 
2022-04-11,325.3099976,336.1566772,324.8800049,326.7999878,59357100 ,1081922225097 
2022-04-12,328.9833374,340.3966675,325.5333252,332.5466614,65976000 ,1094139089156 
2022-04-13,340.7900085,342.0799866,324.3666687,327.0266724,55121100 ,1133405942341 
2022-04-14,328.3333435,337.5700073,327.3966675,333.0966797,58422300 ,1091977326997 
2022-04-18,334.7633362,338.3066711,324.4700012,329.6766663,51715200 ,1113362319882 
2022-04-19,342.7166748,344.980011,331.7766724,335.019989,49847700 ,1139813685916 
2022-04-20,325.7333374,344.6666565,325.0833435,343.3333435,70711200 ,1083330176864 
2022-04-21,336.2600098,364.0733337,332.1400146,358.2433472,105416400 ,1118339985574 
2022-04-22,335.0166626,344.9500122,331.3333435,338.3033447,69696600 ,1114204837732 
2022-04-25,332.6733398,336.206665,325.1000061,326.3233337,68341200 ,1106411370002 
2022-04-26,292.1400146,333.3333435,291.6666565,331.8099976,136133700 ,971604860165 
2022-04-27,293.8366699,306,292.4533386,299.5266724,76956300 ,977247628794 
2022-04-28,292.5033264,300,273.8999939,299.9933472,124948500 ,972813169406 
2022-04-29,290.2533264,311.4666748,290,300.75,88133100 ,965330076280 
2022-05-02,300.980011,302.1199951,282.6766663,286.9233398,75781500 ,1001005089422 
2022-05-03,303.0833435,308.0266724,296.1966553,301.0599976,63709500 ,1008000393030 
2022-05-04,317.5400085,318.5,295.0933228,301.313324,81643800 ,1056080646708 
2022-05-05,291.0933228,315.2000122,285.8999939,313.0066528,92519100 ,968123752201 
2022-05-06,288.5499878,296,281.0366821,295.6666565,72903000 ,959665080039 
2022-05-09,262.3699951,281.8766785,260.3833313,278.8166809,90810300 ,872595158606 
2022-05-10,266.6799927,275.1199951,258.0833435,273.1033325,84401700 ,886929431097 
2022-05-11,244.6666718,269.9233398,242.3999939,265,97224600 ,813717106442 
2022-05-12,242.6666718,253.2200012,226.6666718,233.6666718,140313000 ,807065468108 
2022-05-13,256.5299988,262.4500122,250.5233307,257.8266602,92150700 ,853172386851 
2022-05-16,241.456665,256.5866699,239.6966705,255.7200012,86098500 ,803041204587 
2022-05-17,253.8699951,254.8266602,242.9499969,249.1199951,80236200 ,844325695687 
2022-05-18,236.6033325,253.5,233.6033325,248.1733398,87811800 ,786899898270 
2022-05-19,236.4733276,244.6666718,231.3699951,235.6666718,90296700 ,786467525538 
2022-05-20,221.3000031,240.5266724,211,237.9966736,144973200 ,736003791807 
2022-05-23,224.9666595,226.6533356,212.6866608,218.3399963,88903500 ,748198428254 
2022-05-24,209.386673,217.9733276,206.8566742,217.843338,89092500 ,696382210290 
2022-05-25,219.6000061,223.1066742,207.6699982,207.9499969,92139300 ,730349909372 
2022-05-26,235.9100037,239.5566711,217.886673,220.4733276,106003200 ,784594011866 
2022-05-27,253.2100067,253.2666626,240.1766663,241.0833282,89295000 ,842130693605 
2022-05-31,252.7533264,259.6000061,244.7433319,257.9466553,101914500 ,840611857517 
2022-06-01,246.7899933,257.3266602,243.6399994,251.7200012,77247900 ,820778889895 
2022-06-02,258.3333435,264.2099915,242.0666656,244.156662,93473100 ,859169985307 
2022-06-03,234.5166626,247.7966614,233.4166718,243.2266693,112393800 ,779960011448 
2022-06-06,238.2799988,244.8666687,234.3500061,244.3533325,84204600 ,792476187053 
2022-06-07,238.886673,239.9966736,230.093338,234,72808500 ,794493875717 
2022-06-08,241.8666687,249.9633331,239.1766663,240.0866699,76210500 ,804404802625 
2022-06-09,239.706665,255.5466614,239.3266602,249.3399963,96491400 ,797221021045 
2022-06-10,232.2299957,239.5,227.9133301,235.156662,97536600 ,772354970943 
2022-06-13,215.7366638,226.6333313,214.6833344,223.1666718,102767400 ,717501131552 
2022-06-14,220.8899994,226.3300018,211.7366638,218.2866669,97988700 ,734640193769 
2022-06-15,233,235.6633301,218.1499939,220.9166718,119131800 ,774915865911 
2022-06-16,213.1000061,225.1666718,208.6933289,222.7366638,107390700 ,708732084787 
2022-06-17,216.7599945,220.9700012,213.1966705,213.4333344,92641800 ,720904544370 
2022-06-21,237.0366669,243.5766602,224.3333282,224.6033325,122793000 ,788341089958 
2022-06-22,236.0866699,246.8333282,233.8266602,234.5033264,101107500 ,785181571899 
2022-06-23,235.0700073,239.3166656,228.636673,237.906662,104202600 ,781800335946 
2022-06-24,245.706665,246.0666656,236.0866699,237.4700012,95770800 ,817175936047 
2022-06-27,244.9199982,252.0700073,242.5666656,249.3666687,89178300 ,814559624292 
2022-06-28,232.6633301,249.9700012,232.343338,244.4833374,90391200 ,773796162632 
2022-06-29,228.4900055,231.1733398,222.2733307,230.5,82897200 ,759916439737 
2022-06-30,224.4733276,229.456665,218.863327,224.5099945,94600500 ,746557695534 
2022-07-01,227.2633362,230.2299957,222.1199951,227,74460300 ,755836759429 
2022-07-05,233.0666656,233.1466675,216.1666718,223,84581100 ,775137583806 
2022-07-06,231.7333374,234.5633392,227.1866608,230.7799988,71853600 ,770703175166 
2022-07-07,244.543335,245.363327,232.2100067,233.9199982,81930600 ,813306910575 
2022-07-08,250.7633362,254.9799957,241.1600037,242.3333282,101854200 ,833993509854 
2022-07-11,234.343338,253.0633392,233.6266632,252.1033325,99241200 ,779383565221 
2022-07-12,233.0700073,239.7733307,228.3699951,236.8466644,87930900 ,775148697612 
2022-07-13,237.0399933,242.0599976,225.0333405,225.5,97954500 ,788352153017 
2022-07-14,238.3133392,238.6533356,229.3333282,234.8966675,78557400 ,792587071374 
2022-07-15,240.0666656,243.6233368,236.8899994,240,69683100 ,798418317975 
2022-07-18,240.5466614,250.5166626,239.6033325,244.9366608,82537500 ,800014696965 
2022-07-19,245.5299988,247.1399994,236.9766693,245,80890200 ,816588376014 
2022-07-20,247.5,250.6633301,243.4833374,246.7833405,88864200 ,823140243833 
2022-07-21,271.706665,273.2666626,254.8666687,255.1066742,142032300 ,903647234389 
2022-07-22,272.2433472,280.7866821,270.7133179,276.2200012,103472700 ,905432142099 
2022-07-25,268.4333191,274.1466675,267.3999939,272.2166748,64073400 ,892760677697 
2022-07-26,258.8599854,267.3099976,256.2633362,266.5133362,66820800 ,860921500852 
2022-07-27,274.8200073,275.9266663,261.7900085,263.8099976,88110000 ,914001647834 
2022-07-28,280.8999939,283.2999878,272.7999878,280.0666809,84723000 ,934222583711 
2022-07-29,297.1499939,298.3200073,279.1000061,280.7000122,95313000 ,988267145175 
2022-08-01,297.2766724,311.8766785,295,301.2766724,117042900 ,988688454848 
2022-08-02,300.5866699,307.8333435,292.6666565,294.0033264,95577600 ,999696908171 
2022-08-03,307.3966675,309.5499878,301.1499939,305,80091000 ,1022345728578 
2022-08-04,308.6333313,313.6066589,305,311,72256200 ,1026458648809 
2022-08-05,288.1700134,304.6066589,285.543335,302.6700134,113172900 ,958401354013 
2022-08-08,290.4233398,305.2000122,289.0866699,295,98994000 ,965895510196 
2022-08-09,283.3333435,292.3966675,279.3533325,290.293335,86244600 ,942315464482 
2022-08-10,294.3566589,297.5100098,283.3699951,297.0666809,94918800 ,978977018222 
2022-08-11,286.6300049,298.2366638,285.8333435,296.5133362,70155000 ,953279564077 
2022-08-12,300.0299988,300.1600037,285.0333252,289.4166565,79657200 ,997845520615 
2022-08-15,309.3200073,313.1333313,301.230011,301.7866821,89359200 ,1028742409095 
2022-08-16,306.563324,314.6666565,302.8833313,311.6666565,88136400 ,1019574178774 
2022-08-17,303.9966736,309.6566772,300.0333252,303.3966675,68766000 ,1011037963710 
2022-08-18,302.8699951,306.5,301.8533325,306,47500500 ,1007290834870 
2022-08-19,296.6666565,300.3599854,292.5,299,61395300 ,986659652378 
2022-08-22,289.9133301,292.3999939,286.2966614,291.9133301,55843200 ,964199309943 
2022-08-23,296.4533386,298.8266602,287.9233398,291.4533386,63984900 ,985950195714 
2022-08-24,297.0966797,303.6466675,296.5,297.563324,57259800 ,988089831757 
2022-08-25,296.0700073,302.9599915,291.6000061,302.3599854,53230000 ,984675305133 
2022-08-26,288.0899963,302,287.4700012,297.4299927,57163900 ,958135231642 
2022-08-29,284.8200073,287.7399902,280.7000122,282.8299866,41864700 ,947259839504 
2022-08-30,277.7000122,288.480011,272.6499939,287.8699951,50541800 ,923580023274 
2022-08-31,275.6099854,281.25,271.8099976,280.6199951,52107300 ,916628971899 
2022-09-01,277.1600037,277.5799866,266.1499939,272.5799866,54287000 ,921784052505 
2022-09-02,270.2099915,282.3500061,269.0799866,281.0700073,50890100 ,898669568696 
2022-09-06,274.4200134,275.9899902,265.7399902,272.6799927,55860000 ,912671340466 
2022-09-07,283.7000122,283.8399963,272.269989,273.1000061,50028900 ,943534938276 
2022-09-08,289.2600098,289.5,279.7600098,281.2999878,53713100 ,962026484725 
2022-09-09,299.6799927,299.8500061,291.25,291.6700134,54338100 ,996681463608 
2022-09-12,304.4200134,305.4899902,300.3999939,300.7200012,48674600 ,1012445915476 
2022-09-13,292.1300049,297.3999939,290.3999939,292.8999939,68229600 ,971571569495 
2022-09-14,302.6099854,306,291.6400146,292.2399902,72628700 ,1006426089408 
2022-09-15,303.75,309.1199951,300.7200012,301.8299866,64795500 ,1010217571976 
2022-09-16,303.3500061,303.7099915,295.6000061,299.6099854,87087800 ,1008887264609 
2022-09-19,309.0700073,309.8399963,297.7999878,300.0899963,60231200 ,1027910954304 
2022-09-20,308.730011,313.3299866,305.5799866,306.9100037,61642800 ,1026780187966 
2022-09-21,300.7999878,313.7999878,300.6300049,308.2900085,62555700 ,1000406364835 
2022-09-22,288.5899963,301.2900085,285.8200073,299.8599854,70545400 ,959798141225 
2022-09-23,275.3299866,284.5,272.8200073,283.0899963,63748400 ,915697746592 
2022-09-26,276.0100098,284.0899963,270.3099976,271.8299866,58076900 ,917959380762 
2022-09-27,282.9400024,288.6700134,277.5100098,283.8399963,61925200 ,941007283231 
2022-09-28,287.8099976,289,277.5700073,283.0799866,54664800 ,957204006335 
2022-09-29,268.2099915,283.6499939,265.7799988,282.7600098,77620600 ,892017930362 
2022-09-30,265.25,275.5700073,262.4700012,266.1499939,67726600 ,882173534047 
2022-10-03,242.3999939,255.1600037,241.0099945,254.5,98363500 ,806178545782 
2022-10-04,249.4400024,257.5,242.0099945,250.5200043,109578500 ,829592341136 
2022-10-05,240.8099976,246.6699982,233.2700043,245.0099945,86982700 ,800890505486 
2022-10-06,238.1300049,244.5800018,235.3500061,239.4400024,69298400 ,791977334477 
2022-10-07,223.0700073,234.5700073,222.0200043,233.9400024,83916800 ,741890505942 
2022-10-10,222.9600067,226.9900055,218.3600006,223.9299927,67925000 ,741524663803 
2022-10-11,216.5,225.75,215,220.9499969,77013200 ,720039849656 
2022-10-12,217.2400055,219.3000031,211.5099945,215.3300018,66860700 ,722500974108 
2022-10-13,221.7200012,222.9900055,206.2200012,208.3000031,91483000 ,737400629767 
2022-10-14,204.9900055,226.2599945,204.1600037,224.0099945,94124500 ,681759689313 
2022-10-17,219.3500061,221.8600006,209.4499969,210.0399933,79428800 ,729518454581 
2022-10-18,220.1900024,229.8200073,217.25,229.5,75891900 ,732312130501 
2022-10-19,222.0399933,222.9299927,217.7799988,219.8000031,66571500 ,738464865512 
2022-10-20,207.2799988,215.5500031,202,208.2799988,117798100 ,689375792876 
2022-10-21,214.4400024,214.6600037,203.8000031,206.4199982,75713800 ,713188670291 
2022-10-24,211.25,213.5,198.5899963,205.8200073,100446800 ,702579299029 
2022-10-25,222.4199982,224.3500061,210,210.1000061,96507900 ,739728693034 
2022-10-26,224.6399994,230.6000061,218.1999969,219.3999939,85012500 ,747112015645 
2022-10-27,225.0899963,233.8099976,222.8500061,229.7700043,61638800 ,748608624121 
2022-10-28,228.5200043,228.8600006,216.3500061,225.3999939,69152400 ,760016210252 
2022-10-31,227.5399933,229.8500061,221.9400024,226.1900024,61554300 ,756756870930 
2022-11-01,227.8200073,237.3999939,227.2799988,234.0500031,62688800 ,757688146985 
2022-11-02,214.9799957,227.8699951,214.8200073,226.0399933,63070300 ,714984590312 
2022-11-03,215.3099976,221.1999969,210.1399994,211.3600006,56538800 ,716082116727 
2022-11-04,207.4700012,223.8000031,203.0800018,222.6000061,98622200 ,690007706637 
2022-11-07,197.0800018,208.8999939,196.6600037,208.6499939,93916500 ,655452447522 
2022-11-08,191.3000031,195.1999969,186.75,194.0200043,128803400 ,636229216797 
2022-11-09,177.5899963,195.8899994,177.1199951,190.7799988,127062700 ,590632213688 
2022-11-10,190.7200012,191,180.0299988,189.8999939,132703000 ,634300235590 
2022-11-11,195.9700012,196.5200043,182.5899963,186,114403600 ,651760786217 
2022-11-14,190.9499969,195.7299957,186.3399963,192.7700043,92226600 ,635065159789 
2022-11-15,194.4199982,200.8200073,192.0599976,195.8800049,91293800 ,646605756358 
2022-11-16,186.9199982,192.5700073,185.6600037,191.5099945,66567600 ,621662112606 
2022-11-17,183.1699982,186.1600037,180.8999939,183.9600067,64336000 ,609190290730 
2022-11-18,180.1900024,185.1900024,176.5500031,185.0500031,76048900 ,599279363821 
2022-11-21,167.8699951,176.7700043,167.5399933,175.8500061,92882700 ,558305247325 
2022-11-22,169.9100037,170.9199982,166.1900024,168.6300049,78452300 ,565089946844 
2022-11-23,183.1999969,183.6199951,172.5,173.5700073,109536700 ,609290061245 
2022-11-25,182.8600006,185.1999969,180.6300049,185.0599976,50672700 ,608159294908 
2022-11-28,182.9199982,188.5,179,179.9600067,92905200 ,608358835938 
2022-11-29,180.8300018,186.3800049,178.75,184.9900055,83357100 ,601407886058 
2022-11-30,194.6999969,194.7599945,180.6300049,182.4299927,109186400 ,647536981665 
2022-12-01,194.6999969,198.9199982,191.8000031,197.0800018,80046200 ,647536981665 
2022-12-02,194.8600006,196.25,191.1100006,191.7799988,73645900 ,648069124912 
2022-12-05,182.4499969,191.2700043,180.5500031,189.4400024,93122700 ,606795696870 
2022-12-06,179.8200073,183.6499939,175.3300018,181.2200012,92150800 ,598048826969 
2022-12-07,174.0399933,179.3800049,172.2200012,175.0299988,84213300 ,578825545496 
2022-12-08,173.4400024,175.1999969,169.0599976,172.1999969,97624500 ,576830084444 
2022-12-09,179.0500031,182.5,173.3600006,173.8399963,104872300 ,595487932001 
2022-12-12,167.8200073,177.3699951,167.5200043,176.1000061,109794500 ,558138996965 
2022-12-13,160.9499969,175.0500031,156.9100037,174.8699951,175862700 ,535290584779 
2022-12-14,156.8000031,161.6199951,155.3099976,159.25,140682300 ,521488455535 
2022-12-15,157.6699982,160.9299927,153.2799988,153.4400024,122334500 ,524381901971 
2022-12-16,150.2299957,160.9900055,150.0399933,159.6399994,139032200 ,499637799249 
2022-12-19,149.8699951,155.25,145.8200073,154,139390600 ,498440502319 
2022-12-20,137.8000031,148.4700012,137.6600037,146.0500031,159563300 ,458297891362 
2022-12-21,137.5700073,141.2599945,135.8899994,139.3399963,145417400 ,457532967163 
2022-12-22,125.3499985,136.6300049,122.2600021,136,210090300 ,416891427509 
2022-12-23,123.1500015,128.6199951,121.0199966,126.3700027,166989700 ,409574635491 
2022-12-27,109.0999985,119.6699982,108.7600021,117.5,208643400 ,362846866045 
2022-12-28,112.7099991,116.2699966,108.2399979,110.3499985,221070500 ,374853075268 
2022-12-29,121.8199997,123.5699997,117.5,120.3899994,221923300 ,405151289909 
2022-12-30,123.1800003,124.4800034,119.75,119.9499969,157777300 ,409674406006 
2023-01-03,108.0999985,118.8000031,104.6399994,118.4700012,231402800 ,359521046878 
2023-01-04,113.6399994,114.5899963,107.5199966,109.1100006,180389000 ,377946088108 
2023-01-05,110.3399963,111.75,107.1600037,110.5100021,157986300 ,366970874707 
2023-01-06,113.0599976,114.3899994,101.8099976,103,220911100 ,376017106901 
2023-01-09,119.7699966,123.5199966,117.1100006,118.9599991,190284000 ,398333350467 
2023-01-10,118.8499985,122.7600021,114.9199982,121.0699997,167642500 ,395273602923 
2023-01-11,123.2200012,125.9499969,120.5100021,122.0899963,183810800 ,409807441818 
2023-01-12,123.5599976,124.1299973,117,122.5599976,169400900 ,410938208155 
2023-01-13,122.4000015,122.6299973,115.5999985,116.5500031,180714100 ,407080271116 
2023-01-17,131.4900055,131.6999969,125.0199966,125.6999969,186477000 ,437311980538 
2023-01-18,128.7799988,136.6799927,127.0100021,136.5599976,195680300 ,428298988266 
2023-01-19,127.1699982,129.9900055,124.3099976,127.2600021,170291900 ,422944417378 
2023-01-20,133.4199982,133.5099945,127.3499985,128.6799927,138858100 ,443730787171 
2023-01-23,143.75,145.3800049,134.2700043,135.8699951,203119200 ,478086505256 
2023-01-24,143.8899994,146.5,141.1000061,143,158699100 ,478552117910 
2023-01-25,144.4299927,146.4100037,138.0700073,141.9100037,192734300 ,480348037931 
2023-01-26,160.2700043,161.4199982,154.7599945,159.9700012,234815100 ,533029052105 
2023-01-27,177.8999939,180.6799927,161.1699982,162.4299927,306590600 ,591663209510 
2023-01-30,166.6600037,179.7700043,166.5,178.0500031,230878800 ,554281034552 
2023-01-31,173.2200012,174.3000031,162.7799988,164.5700073,196813500 ,576098400168 
2023-02-01,181.4100037,183.8099976,169.9299927,173.8899994,213806300 ,603336867265 
2023-02-02,188.2700043,196.75,182.6100006,187.3300018,217448300 ,626151988781 
2023-02-03,189.9799957,199,183.6900024,183.9499969,232662000 ,631839111137 
2023-02-06,194.7599945,198.1699982,189.9199982,193.0099945,186188100 ,647736522696 
2023-02-07,196.8099976,197.5,189.5500031,196.4299927,186010300 ,654554462138 
2023-02-08,201.2899933,203,194.3099976,196.1000061,180673600 ,669454117796 
2023-02-09,207.3200073,214,204.7700043,207.7799988,215431400 ,689508854061 
2023-02-10,196.8899994,206.1999969,192.8899994,202.2299957,204754100 ,654820533761 
2023-02-13,194.6399994,196.3000031,187.6100006,194.4199982,172475500 ,647337440635 
2023-02-14,209.25,209.8200073,189.4400024,191.9400024,216455700 ,695927660695 
2023-02-15,214.2400055,214.6600037,206.1100006,211.7599945,181006400 ,712523516607 
2023-02-16,202.0399933,217.6499939,201.8399963,210.7799988,229586500 ,671948482172 
2023-02-17,208.3099976,208.4400024,197.5,199.9900055,213738500 ,692801382558 
2023-02-21,197.3699951,209.7100067,197.2200012,204.9900055,180018600 ,656416912751 
2023-02-22,200.8600006,201.9900055,191.7799988,197.9299927,191828500 ,668024039914 
2023-02-23,202.0700073,205.1399994,196.3300018,203.9100037,146360000 ,672048303435 
2023-02-24,196.8800049,197.6699982,192.8000031,196.3300018,142228100 ,654787293838 
2023-02-27,207.6300049,209.4199982,201.2599945,202.0299988,161028300 ,690539849884 
2023-02-28,205.7100067,211.2299957,203.75,210.5899963,153144900 ,684154283173 
2023-03-01,202.7700043,207.1999969,198.5200043,206.2100067,156852800 ,674376366702 
2023-03-02,190.8999939,193.75,186.0099945,186.7400055,181500700 ,634898858681 
2023-03-03,197.7899933,200.4799957,192.8800049,194.8000031,154193300 ,657813750712 
2023-03-06,193.8099976,198.6000061,192.3000031,198.5399933,128100100 ,644577004637 
2023-03-07,187.7100067,194.1999969,186.1000061,191.3800049,148125800 ,624289538167 
2023-03-08,182,186.5,180,185.0399933,151897800 ,605299088394 
2023-03-09,172.9199982,185.1799927,172.5099945,180.25,170023800 ,575100644268 
2023-03-10,173.4400024,178.2899933,168.4400024,175.1300049,191488900 ,576830084444 
2023-03-13,174.4799957,177.3500061,163.9100037,167.4600067,167790300 ,580288914049 
2023-03-14,183.2599945,183.8000031,177.1399994,177.3099976,143717900 ,609489602275 
2023-03-15,180.4499969,182.3399963,176.0299988,180.8000031,145995600 ,600144058536 
2023-03-16,184.1300049,185.8099976,178.8399963,180.3699951,121136800 ,612383099459 
2023-03-17,180.1300049,186.2200012,177.3300018,184.5200043,133197100 ,599079822791 
2023-03-20,183.25,186.4400024,176.3500061,178.0800018,129684400 ,609456362353 
2023-03-21,197.5800018,198,188.0399933,188.2799988,153391400 ,657115357106 
2023-03-22,191.1499939,200.6600037,190.9499969,199.3000031,150376400 ,635730313473 
2023-03-23,192.2200012,199.3099976,188.6499939,195.2599945,144193900 ,639288964341 
2023-03-24,190.4100037,192.3600006,187.1499939,191.6499939,116312400 ,633269239768 
2023-03-27,191.8099976,197.3899994,189.9400024,194.4199982,120851600 ,637925366303 
2023-03-28,189.1900024,192.3500061,185.4299927,192,98654600 ,629211736324 
2023-03-29,193.8800049,195.2899933,189.4400024,193.1300049,123660000 ,644809836337 
2023-03-30,195.2799988,197.3300018,194.4199982,195.5800018,110252200 ,649465962872 
2023-03-31,207.4600067,207.7899933,197.1999969,197.5299988,170222100 ,689974466715 
2023-04-03,194.7700043,202.6900024,192.1999969,199.9100037,169545900 ,647769813366 
2023-04-04,192.5800018,198.7400055,190.3200073,197.3200073,126463800 ,640486261271 
2023-04-05,185.5200043,190.6799927,183.7599945,190.5200043,133882500 ,617005986071 
2023-04-06,185.0599976,186.3899994,179.7400055,183.0800018,123857900 ,615476086925 
2023-04-10,184.5099945,185.1000061,176.1100006,179.9400024,142154600 ,613646876234 
2023-04-11,186.7899933,189.1900024,185.6499939,186.6900024,115770900 ,621229739875 
2023-04-12,180.5399933,191.5800018,180.3099976,190.7400055,150256300 ,600443370081 
2023-04-13,185.8999939,186.5,180.9400024,182.9600067,112933000 ,618269762846 
2023-04-14,185,186.2799988,182.0099945,183.9499969,96438700 ,615276545895 
2023-04-17,187.0399933,189.6900024,182.6900024,186.3200073,116662200 ,622061194667 
2023-04-18,184.3099976,187.6900024,183.5800018,187.1499939,92067000 ,612981722550 
2023-04-19,180.5899963,183.5,177.6499939,179.1000061,125732700 ,600609671189 
2023-04-20,162.9900055,169.6999969,160.5599976,166.1699982,210970800 ,542075284299 
2023-04-21,165.0800018,166,161.3200073,164.8000031,123539000 ,549026234178 
2023-04-24,162.5500031,165.6499939,158.6100006,164.6499939,140006600 ,540611915745 
2023-04-25,160.6699982,163.4700012,158.75,159.8200073,121999300 ,534359359472 
2023-04-26,153.75,160.6699982,153.1399994,160.2899933,153364100 ,511344696926 
2023-04-27,160.1900024,160.4799957,152.3699951,152.6399994,127015200 ,532762980481 
2023-04-28,164.3099976,165,157.3200073,160.8999939,122515800 ,546465339210 
2023-05-01,161.8300018,163.2799988,158.8300018,163.1699982,109015000 ,538217321885 
2023-05-02,160.3099976,165.4900055,158.9299927,161.8800049,128259700 ,533162062542 
2023-05-03,160.6100006,165,159.9100037,160.0099945,119728000 ,534159818442 
2023-05-04,161.1999969,162.9499969,159.6499939,162.7100067,95108500 ,536122039571 
2023-05-05,170.0599976,170.7899933,163.5099945,163.9700012,107607300 ,565588799420 
2023-05-08,171.7899933,173.8000031,169.1900024,173.7200012,112249400 ,571342452370 
2023-05-09,169.1499939,169.8200073,166.5599976,168.9499969,88965000 ,562562291799 
2023-05-10,168.5399933,174.4299927,166.6799927,172.5500031,119840700 ,560533540077 
2023-05-11,172.0800018,173.5700073,166.7899933,168.6999969,103889900 ,572306968347 
2023-05-12,167.9799957,177.3800049,167.2299957,176.0700073,157849600 ,558671089463 
2023-05-15,166.3500061,169.7599945,164.5500031,167.6600037,105592500 ,553250038730 
2023-05-16,166.5200043,169.5200043,164.3500061,165.6499939,98288800 ,553815421898 
2023-05-17,173.8600006,174.5,167.1900024,168.4100037,125473600 ,578226922405 
2023-05-18,176.8899994,177.0599976,172.4499969,174.2200012,109520300 ,588304150421 
2023-05-19,180.1399994,181.9499969,176.3099976,177.1699982,136196700 ,599113062713 
2023-05-22,188.8699951,189.3200073,180.1100006,180.6999969,132001400 ,628147449832 
2023-05-23,185.7700043,192.9600067,185.2599945,186.1999969,156952100 ,617837440863 
2023-05-24,182.8999939,184.2200012,178.2200012,182.2299957,137605100 ,608292305345 
2023-05-25,184.4700012,186.7799988,180.5800018,186.5399933,96870700 ,613513865796 
2023-05-26,193.1699982,198.6000061,184.5299988,184.6199951,162061500 ,642448482400 
2023-05-30,201.1600037,204.4799957,197.5299988,200.1000061,128818700 ,669021795813 
2023-05-31,203.9299927,203.9499969,195.1199951,199.7799988,150711700 ,678234278367 
2023-06-01,207.5200043,209.8000031,199.3699951,202.5899963,148029900 ,690174007745 
2023-06-02,213.9700012,217.25,209.75,210.1499939,164398400 ,711625531223 
2023-06-05,217.6100006,221.2899933,214.5200043,217.8000031,151143100 ,723731510961 
2023-06-06,221.3099976,221.9100037,212.5299988,216.1399994,146911600 ,736037031729 
2023-06-07,224.5700073,230.8300018,223.1999969,228,185710800 ,746879234692 
2023-06-08,234.8600006,235.2299957,223.0099945,224.2200012,164489700 ,781101891592 
2023-06-09,244.3999939,252.4199982,242.0200043,249.0700073,200242400 ,812830184116 
2023-06-12,249.8300018,250.9700012,244.5899963,247.9400024,150337900 ,830889408581 
2023-06-13,258.7099915,259.6799927,251.3399963,253.5099945,162384300 ,860422648276 
2023-06-14,256.7900085,261.5700073,250.5,260.1700134,170575500 ,854037132313 
2023-06-15,255.8999939,258.9500122,247.2899933,248.3999939,160171200 ,851077104536 
2023-06-16,260.5400085,263.6000061,257.2099915,258.9200134,167915600 ,866508954189 
2023-06-20,274.4500122,274.75,261.1199951,261.5,165611200 ,912771110982 
2023-06-21,259.4599915,276.9899902,257.7799988,275.1300049,211797100 ,862917012651 
2023-06-22,264.6099854,265,248.25,250.7700043,166875900 ,880044961062 
2023-06-23,256.6000061,262.4500122,252.8000031,259.2900085,177460800 ,853405218551 
2023-06-26,241.0500031,258.3699951,240.6999969,250.0700073,179990600 ,801688720355 
2023-06-27,250.2100067,250.3899994,240.8500061,243.2400055,164968200 ,832153236104 
2023-06-28,256.2399902,259.8800049,248.8899994,249.6999969,159770800 ,852207870873 
2023-06-29,257.5,260.7399902,253.6100006,258.0299988,131283400 ,856398435503 
2023-06-30,261.769989,264.4500122,259.8900146,260.6000061,112620800 ,870599646807 
2023-07-03,279.8200073,284.25,275.1099854,276.4899902,119685900 ,930630743669 
2023-07-05,282.480011,283.8500061,277.6000061,278.8200073,131530900 ,939477434833 
2023-07-06,276.5400085,279.9700012,272.8800049,278.0899963,120332100 ,919722060861 
2023-07-07,274.4299927,280.7799988,273.769989,278.4299927,113879200 ,912704529641 
2023-07-10,269.6099854,277.519989,265.1000061,276.4700012,119425400 ,896674056897 
2023-07-11,269.7900085,270.8999939,266.3699951,268.6499939,91972400 ,897272781484 
2023-07-12,271.9899902,276.519989,271.4599915,276.3299866,95672100 ,904589522754 
2023-07-13,277.8999939,279.4500122,270.6000061,274.5899963,112681500 ,924245126210 
2023-07-14,281.3800049,285.2999878,276.3099976,277.0100098,120062400 ,935819013450 
2023-07-17,290.3800049,292.230011,283.5700073,286.6300049,131569600 ,965751385953 
2023-07-18,293.3399963,295.2600098,286.0100098,290.1499939,112120300 ,975595782268 
2023-07-19,291.2600098,299.2900085,289.519989,296.0400085,142355400 ,968678123059 
2023-07-20,262.8999939,280.9299927,261.2000122,279.5599976,175158300 ,874357838705 
2023-07-21,260.019989,268,255.8000031,268,161796100 ,864779463265 
2023-07-24,269.0599976,269.8500061,254.1199951,255.8500061,136508500 ,894844896953 
2023-07-25,265.2799988,272.8999939,265,272.3800049,112757300 ,882273304562 
2023-07-26,264.3500061,268.0400085,261.75,263.25,95856200 ,879180317096 
2023-07-27,255.7100067,269.1300049,255.3000031,268.3099976,103697300 ,850445241523 
2023-07-28,266.4400024,267.25,258.230011,259.8599854,111446000 ,886131266975 
2023-07-31,267.4299927,269.0799866,263.7799988,267.480011,84582200 ,889423795472 
2023-08-01,261.0700073,266.4700012,260.25,266.2600098,83166000 ,868271634288 
2023-08-02,254.1100006,259.519989,250.4900055,255.5700073,101752900 ,845123910556 
2023-08-03,259.3200073,260.4899902,252,252.0399933,97569100 ,862451450745 
2023-08-04,253.8600006,264.769989,253.1100006,260.9700012,99539900 ,844292455765 
2023-08-07,251.4499969,253.6499939,242.7599945,251.4499969,111097900 ,836277219393 
2023-08-08,249.6999969,250.9199982,245.0099945,247.4499969,96642200 ,830457035850 
2023-08-09,242.1900024,251.1000061,241.8999939,250.8699951,101596300 ,805480152175 
2023-08-10,245.3399963,251.8000031,243,245.3999939,109498600 ,815956462252 
2023-08-11,242.6499939,243.7899933,238.0200043,241.7700043,99038600 ,807010000573 
2023-08-14,239.7599945,240.6600037,233.75,235.6999969,98595300 ,797398385211 
2023-08-15,232.9600067,240.5,232.6100006,238.7299957,88197600 ,774782855473 
2023-08-16,225.6000061,233.9700012,225.3800049,228.0200043,112484500 ,750304824374 
2023-08-17,219.2200012,226.7400055,218.8300018,226.0599976,120718400 ,729086081850 
2023-08-18,215.4900055,217.5800018,212.3600006,214.1199951,136276600 ,716680790566 
2023-08-21,231.2799988,232.1300049,220.5800018,221.5500031,135702700 ,769195452884 
2023-08-22,233.1900024,240.8200073,229.5500031,240.25,130442800 ,775547779672 
2023-08-23,236.8600006,238.9799957,229.2899933,229.3399963,101077600 ,787753529926 
2023-08-24,230.0399933,238.9199982,228.1799927,238.6600037,99777400 ,765071418848 
2023-08-25,238.5899963,239,230.3500061,231.3099976,106612200 ,793507182875 
2023-08-28,238.8200073,244.3800049,235.3500061,242.5800018,107673700 ,794272157822 
2023-08-29,257.1799927,257.480011,237.7700043,238.5800018,134047600 ,855334149010 
2023-08-30,256.8999939,260.5100098,250.5899963,254.1999969,121988400 ,854402923703 
2023-08-31,258.0799866,261.1799927,255.0500031,255.9799957,108861700 ,858327365961 
2023-09-01,245.0099945,259.0799866,242.0099945,257.2600098,132541600 ,814858935837 
2023-09-05,256.4899902,258,244.8600006,245,129469600 ,853039325665 
2023-09-06,251.9199982,255.3899994,245.0599976,255.1399994,116959800 ,837840358461 
2023-09-07,251.4900055,252.8099976,243.2700043,245.0700073,115312900 ,836410280578 
2023-09-08,248.5,256.519989,246.6699982,251.2200012,118367700 ,826466063000 
2023-09-11,273.5799866,274.8500061,260.6099854,264.269989,174667900 ,909877563050 
2023-09-12,267.480011,278.3900146,266.6000061,270.7600098,135999900 ,889590147328 
2023-09-13,271.2999878,274.980011,268.1000061,270.0700073,111673700 ,902294699409 
2023-09-14,276.0400085,276.7099915,270.4200134,271.3200073,107709800 ,918059151278 
2023-09-15,274.3900146,278.980011,271,277.5499878,133692300 ,912571569951 
2023-09-18,265.2799988,271.4400024,263.7600098,271.1600037,101543300 ,882273304562 
2023-09-19,266.5,267.8500061,261.2000122,264.3500061,103704000 ,886330808006 
2023-09-20,262.5899963,273.9299927,262.4599915,267.0400085,122514600 ,873326842883 
2023-09-21,255.6999969,260.8599854,254.2100067,257.8500061,119951500 ,850411950852 
2023-09-22,244.8800049,257.7900085,244.4799957,257.3999939,127524100 ,814426613854 
2023-09-25,246.9900055,247.1000061,238.3099976,243.3800049,104636600 ,821444094327 
2023-09-26,244.1199951,249.5500031,241.6600037,242.9799957,101993600 ,811898958809 
2023-09-27,240.5,245.3300018,234.5800018,244.2599945,136597200 ,799859509664 
2023-09-28,246.3800049,247.5500031,238.6499939,240.0200043,117058900 ,819415342605 
2023-09-29,250.2200012,254.7700043,246.3500061,250,128522700 ,832186476027 
2023-10-02,251.6000061,254.2799988,242.6199951,244.8099976,123810400 ,836776122716 
2023-10-03,246.5299988,250.0200043,244.4499969,248.6100006,101985300 ,819914195181 
2023-10-04,261.1600037,261.8599854,247.6000061,248.1399994,129721600 ,868570945833 
2023-10-05,260.0499878,263.6000061,256.25,260,119159200 ,864879233780 
2023-10-06,260.5299988,261.6499939,250.6499939,253.9799957,118121800 ,866475663519 
2023-10-09,259.6700134,261.3599854,252.0500031,255.3099976,101377900 ,863615507753 
2023-10-10,263.6199951,268.9400024,257.6499939,257.75,122656000 ,876752432565 
2023-10-11,262.9899902,268.6000061,260.8999939,266.2000122,103706300 ,874657150251 
2023-10-12,258.8699951,265.4100037,256.6300049,262.9200134,111508100 ,860954791522 
2023-10-13,251.1199951,259.6000061,250.2200012,258.8999939,102073800 ,835179692978 
2023-10-16,253.9199982,255.3999939,248.4799957,250.0500031,88917200 ,844491996795 
2023-10-17,254.8500061,257.1799927,247.0800018,250.1000061,93562900 ,847585035009 
2023-10-18,242.6799927,254.6300049,242.0800018,252.6999969,125147800 ,807109771089 
2023-10-19,220.1100006,230.6100006,216.7799988,225.9499969,170772700 ,732046058878 
2023-10-20,211.9900055,218.8600006,210.4199982,217.0099945,138010100 ,705040423482 
2023-10-23,212.0800018,216.9799957,202.5099945,210,150683400 ,705339735027 
2023-10-24,216.5200043,222.0500031,214.1100006,216.5,118231100 ,720106380248 
2023-10-25,212.4199982,220.1000061,212.1999969,215.8800049,107065100 ,706470501364 
2023-10-26,205.7599945,214.8000031,204.8800049,211.3200073,115112600 ,684320533533 
2023-10-27,207.3000031,212.4100037,205.7700043,210.6000061,94881200 ,689442323469 
2023-10-30,197.3600006,210.8800049,194.6699982,209.2799988,136448200 ,656383672829 
2023-10-31,200.8399963,202.8000031,194.0700073,196.1199951,118068300 ,667957509321 
2023-11-01,205.6600037,205.9900055,197.8500061,204.0399933,121661700 ,683987982065 
2023-11-02,218.5099945,219.1999969,211.4499969,212.9700012,125987600 ,726724727912 
2023-11-03,219.9600067,226.3699951,218.3999939,221.1499939,119534800 ,731547206302 
2023-11-06,219.2700043,226.3200073,215,223.9799957,117335800 ,729252382958 
2023-11-07,222.1799927,223.1199951,215.7200012,219.9799957,116900100 ,738930478165 
2023-11-08,222.1100006,224.1499939,217.6399994,223.1499939,106584800 ,738697697212 
2023-11-09,209.9799957,220.8000031,206.6799927,219.75,142110500 ,698355494477 
2023-11-10,214.6499939,215.3800049,205.6900024,210.0299988,130994000 ,713887063897 
2023-11-13,223.7100067,225.3999939,211.6100006,215.6000061,140447600 ,744019028179 
2023-11-14,237.4100037,238.1399994,230.7200012,235.0299988,149771600 ,789582740617 
2023-11-15,242.8399963,246.6999969,236.4499969,239.2899933,150354000 ,807641914335 
2023-11-16,233.5899963,240.8800049,230.9600067,239.4900055,136816800 ,776878087040 
2023-11-17,234.3000031,237.3899994,226.5399933,232,142532800 ,779239440978 
2023-11-20,235.6000061,237.1000061,231.0200043,234.0399933,116320100 ,783563016044 
2023-11-21,241.1999969,243.6199951,233.3399963,235.0399933,122288000 ,802187572931 
2023-11-22,234.2100067,244.0099945,231.3999939,242.0399933,117950600 ,778940129432 
2023-11-24,235.4499969,238.75,232.3300018,233.75,65125200 ,783064112721 
2023-11-27,236.0800018,238.3300018,232.1000061,236.8899994,112031800 ,785159395035 
2023-11-28,246.7200012,247,234.0099945,236.6799927,148549900 ,820546108942 
2023-11-29,244.1399994,252.75,242.7599945,249.2100067,135401300 ,811965489401 
2023-11-30,240.0800018,245.2200012,236.9100037,245.1399994,132353200 ,798462671703 
2023-12-01,238.8300018,240.1900024,231.8999939,233.1399994,121331700 ,794305397744 
2023-12-04,235.5800018,239.3699951,233.2899933,235.75,104099800 ,783496485452 
2023-12-05,238.7200012,246.6600037,233.6999969,233.8699951,137971100 ,793939555606 
2023-12-06,239.3699951,246.5700073,239.1699982,242.9199982,126436200 ,796101317765 
2023-12-07,242.6399994,244.0800018,236.9799957,241.5500031,107142300 ,806976760651 
2023-12-08,243.8399963,245.2700043,239.2700043,240.2700043,103126800 ,810967733502 
2023-12-11,239.7400055,243.4400024,237.4499969,242.7400055,97913900 ,797331905366 
2023-12-12,237.0099945,238.9900055,233.8699951,238.5500031,95328300 ,788252382501 
2023-12-13,239.2899933,240.3000031,228.1999969,234.1900024,146286300 ,795835246142 
2023-12-14,251.0500031,253.8800049,240.7899933,241.2200012,160829200 ,834946912025 
2023-12-15,253.5,254.1300049,248.3000031,251.2100067,135932800 ,843095158835 
2023-12-18,252.0800018,258.7399902,251.3600006,253.7799988,116416500 ,838372501707 
2023-12-19,257.2200012,258.3399963,253.0099945,253.4799957,106737400 ,855467210196 
2023-12-20,247.1399994,259.8399963,247,256.4100037,125097000 ,821942946902 
2023-12-21,254.5,254.8000031,248.5500031,251.8999939,109594200 ,846420978002 
2023-12-22,252.5399933,258.2200012,251.3699951,256.7600098,93370100 ,839902350105 
2023-12-26,256.6099854,257.9700012,252.9100037,254.4900055,86892400 ,853438407726 
2023-12-27,261.4400024,263.3399963,257.519989,258.3500061,106494400 ,869502171140 
2023-12-28,253.1799927,265.1300049,252.7100067,263.6600037,113619900 ,842030872342 
2023-12-29,248.4799957,255.1900024,247.4299927,255.1000061,100891600 ,826399532407 
2024-01-02,248.4199982,251.25,244.4100037,250.0800018,104654200 ,826199991376 
2024-01-03,238.4499969,245.6799927,236.3200073,244.9799957,121082600 ,793041570222 
2024-01-04,237.9299927,242.6999969,237.7299957,239.25,102629300 ,791312130045 
2024-01-05,237.4900055,240.1199951,234.8999939,236.8600006,92488900 ,789848812240 
2024-01-08,240.4499969,241.25,235.3000031,236.1399994,85166600 ,799693208556 
2024-01-09,234.9600067,238.9600067,232.0399933,238.1100006,96705700 ,781434493807 
2024-01-10,233.9400024,235.5,231.2899933,235.1000061,91628500 ,778042144048 
2024-01-11,227.2200012,230.9299927,225.3699951,230.5700073,105873600 ,755692635186 
2024-01-12,218.8899994,225.3399963,217.1499939,220.0800018,123043800 ,727988555435 
2024-01-16,219.9100037,223.4900055,212.1799927,215.1000061,115355000 ,731380905194 
2024-01-17,215.5500031,215.6699982,212.0099945,214.8600006,103164400 ,716880331596 
2024-01-18,211.8800049,217.4499969,208.7400055,216.8800049,108595400 ,704674581343 
2024-01-19,212.1900024,213.1900024,207.5599976,209.9900055,102260300 ,705705577165 
2024-01-22,208.8000031,217.8000031,206.2700043,212.2599945,117952500 ,694431052219 
2024-01-23,209.1399994,215.6499939,207.75,211.3000031,106605900 ,695561818556 
2024-01-24,207.8300018,212.7299957,206.7700043,211.8800049,123369900 ,691205003567 
2024-01-25,182.6300049,193,180.0599976,189.6999969,198076800 ,607394370709 
2024-01-26,183.25,186.7799988,182.1000061,185.5,107343200 ,609456362353 
2024-01-29,190.9299927,191.4799957,183.6699982,185.6300049,125013100 ,634998629196 
2024-01-30,191.5899963,196.3600006,190.6100006,195.3300018,109982300 ,637193682026 
2024-01-31,187.2899933,193.9700012,185.8500061,187,103221400 ,622892649458 
2024-02-01,188.8600006,189.8800049,184.2799988,188.5,91843300 ,628114209910 
2024-02-02,187.9100037,188.6900024,182,185.0399933,110612700 ,624954691850 
2024-02-05,181.0599976,184.6799927,175.0099945,184.2599945,134294400 ,602172810257 
2024-02-06,185.1000061,186.4900055,177.1100006,177.2100067,122676000 ,615609148111 
2024-02-07,187.5800018,189.7899933,182.6799927,188.1799927,111535200 ,623857165436 
2024-02-08,189.5599976,191.6199951,185.5800018,189,83034000 ,630442273177 
2024-02-09,193.5700073,194.1199951,189.4799957,190.1799927,84476300 ,643778840515 
2024-02-12,188.1300049,194.7299957,187.2799988,192.1100006,95498600 ,625686376127 
2024-02-13,184.0200043,187.2599945,182.1100006,183.9900055,86759500 ,612017257321 
2024-02-14,188.7100067,188.8899994,183.3500061,185.3000031,81203000 ,627615357334 
2024-02-15,200.4499969,200.8800049,188.8600006,189.1600037,120831800 ,666660441876 
2024-02-16,199.9499969,203.1699982,197.3999939,202.0599976,111346700 ,664997532292 
2024-02-20,193.7599945,198.6000061,189.1300049,196.1300049,104545800 ,644410703529 
2024-02-21,194.7700043,199.4400024,191.9499969,193.3600006,103500300 ,647769813366 
2024-02-22,197.4100037,198.3200073,191.3600006,194,92739500 ,656549973937 
2024-02-23,191.9700012,197.5700073,191.5,195.3099976,78841900 ,638457509549 
2024-02-26,199.3999939,201.7799988,192,192.2899933,111747100 ,663168321601 
2024-02-27,199.7299957,205.6000061,198.2599945,204.0399933,108645400 ,664265848015 
2024-02-28,202.0399933,205.3000031,198.4400024,200.4199982,99806200 ,671948482172 
2024-02-29,201.8800049,205.2799988,198.4499969,204.1799927,85907000 ,671416389673 
2024-03-01,202.6399994,204.5200043,198.5,200.5200043,82243100 ,673943993971 
2024-03-04,188.1399994,199.75,186.7200012,198.7299957,134334900 ,625719616049 
2024-03-05,180.7400055,184.5899963,177.5700073,183.0500031,119660800 ,601108574513 
2024-03-06,176.5399933,181.5800018,173.6999969,179.9900055,107920900 ,587140093413 
2024-03-07,178.6499939,180.0399933,173.6999969,174.3500061,102129000 ,594157573885 
2024-03-08,175.3399963,182.7299957,174.6999969,181.5,85544600 ,583149120562 
2024-03-11,177.7700043,182.8699951,174.8000031,175.4499969,85391500 ,591230887527 
2024-03-12,177.5399933,179.4299927,172.4100037,177.7700043,87391700 ,590465912580 
2024-03-13,169.4799957,176.0500031,169.1499939,173.0500031,106524500 ,563659818214 
2024-03-14,162.5,171.1699982,160.5099945,167.7700043,126325700 ,540445614638 
2024-03-15,163.5700073,165.1799927,160.7599945,163.1600037,97146800 ,544004265505 
2024-03-18,173.8000031,174.7200012,165.8999939,170.0200043,108214400 ,578027381374 
2024-03-19,171.3200073,172.8200073,167.4199982,172.3600006,77271400 ,569779364049 
2024-03-20,175.6600037,176.25,170.8200073,173,83846700 ,584213407055 
2024-03-21,172.8200073,178.1799927,171.8000031,176.3899994,73178000 ,574768092800 
2024-03-22,170.8300018,171.1999969,166.3000031,166.6900024,75580600 ,568149694388 
2024-03-25,172.6300049,175.2400055,168.7299957,168.7599945,74228600 ,574136179039 
2024-03-26,177.6699982,184.25,177.3800049,178.5800018,113186200 ,590898285311 
2024-03-27,179.8300018,181.9100037,176,181.4100037,81804000 ,598082066891 
2024-03-28,175.7899933,179.5700073,175.3000031,177.4499969,77654800 ,584645729038 
2024-04-01,175.2200012,176.75,170.2100067,176.1699982,81562100 ,582750038502 
2024-04-02,166.6300049,167.6900024,163.4299927,164.75,116650600 ,554181264037 
2024-04-03,168.3800049,168.8200073,163.2799988,164.0200043,82950100 ,560001447579 
2024-04-04,171.1100006,177.1900024,168.0099945,170.0700073,123162000 ,569080919695 
2024-04-05,164.8999939,170.8600006,160.5099945,169.0800018,143157600 ,548427560339 
2024-04-08,172.9799957,174.5,167.7899933,169.3399963,104423300 ,575300185298 
2024-04-09,176.8800049,179.2200012,171.9199982,172.9100037,102951700 ,588270910498 
2024-04-10,171.7599945,174.9299927,170.0099945,173.0399933,84532400 ,571242681855 
2024-04-11,174.6000061,175.8800049,168.5099945,172.5500031,94516000 ,580688046857 
2024-04-12,171.0500031,173.8099976,170.3600006,172.3399963,64722700 ,568881378665 
2024-04-15,161.4799957,170.6900024,161.3800049,170.2400055,100245300 ,537053264878 
2024-04-16,157.1100006,158.1900024,153.75,156.7400055,97000000 ,522519451357 
2024-04-17,155.4499969,158.3300018,153.7799988,157.6399994,82439700 ,516998579361 
2024-04-18,149.9299927,152.1999969,148.6999969,151.25,96098800 ,498640043349 
2024-04-19,147.0500031,150.9400024,146.2200012,148.9700012,87074500 ,489061718657 
2024-04-22,142.0500031,144.4400024,138.8000031,140.5599976,107097600 ,472432622822 
2024-04-23,144.6799927,147.2599945,141.1100006,143.3300018,124545100 ,481179492723 
2024-04-24,162.1300049,167.9700012,157.5099945,162.8399963,181178000 ,539215077785 
2024-04-25,170.1799927,170.8800049,158.3600006,158.9600067,126427500 ,565987881481 
2024-04-26,168.2899933,172.1199951,166.3699951,168.8500061,109815700 ,559702085285 
2024-04-29,194.0500031,198.8699951,184.5399933,188.4199982,243869700 ,645375219506 
2024-04-30,183.2799988,190.9499969,182.8399963,186.9799957,127031800 ,609556132868 
2024-05-01,179.9900055,185.8600006,179.0099945,182,92829700 ,598614210138 
2024-05-02,180.0099945,184.6000061,176.0200043,182.8600006,89148000 ,598680689982 
2024-05-03,181.1900024,184.7799988,178.4199982,182.1000061,75491500 ,602605182988 
2024-05-06,184.7599945,187.5599976,182.1999969,183.8000031,84390300 ,614478331026 
2024-05-07,177.8099976,183.2599945,177.3999939,182.3999939,75045900 ,591363897965 
2024-05-08,174.7200012,176.0599976,170.1499939,171.5899963,79969500 ,581087128918 
2024-05-09,171.9700012,175.6199951,171.3699951,175.0099945,65950300 ,571941126209 
2024-05-10,168.4700012,173.0599976,167.75,173.0500031,72627200 ,560300759124 
2024-05-13,171.8899994,175.3999939,169,170,67018900 ,571675054586 
2024-05-14,177.5500031,179.4900055,174.0700073,174.5,86407400 ,590499203250 
2024-05-15,173.9900055,180,173.1100006,179.8999939,79663000 ,578659295136 
2024-05-16,174.8399963,175.7899933,171.4299927,174.1000061,59812200 ,581486210979 
2024-05-17,177.4600067,179.6300049,172.75,173.5500031,77445800 ,590199891705 
2024-05-20,174.9499969,177.75,173.5200043,177.5599976,61727400 ,581852053117 
2024-05-21,186.6000061,186.8800049,174.7100067,175.5099945,115266500 ,620597876861 
2024-05-22,180.1100006,183.8000031,178.1199951,182.8500061,88313500 ,599013292198 
2024-05-23,173.7400055,181.8999939,173.2599945,181.8000031,71975500 ,577827840344 
2024-05-24,179.2400055,180.0800018,173.7299957,174.8399963,65584500 ,596119845762 
2024-05-28,176.75,178.25,173.1600037,176.3999939,59736600 ,587838537767 
2024-05-29,176.1900024,178.1499939,173.9299927,174.1900024,54782600 ,585976087153 
2024-05-30,178.7899933,182.6699982,175.3800049,178.5800018,77618400 ,594623186539 
2024-05-31,178.0800018,180.3200073,173.8200073,178.5,67314600 ,592261883349 
2024-06-03,176.2899933,182.6399994,174.4900055,178.1300049,68568900 ,586308638621 
2024-06-04,174.7700043,177.7599945,174,174.7799988,60056300 ,581253430026 
2024-06-05,175,176.1499939,172.1300049,175.3500061,57953800 ,582018354225 
2024-06-06,177.9400024,179.7299957,172.7299957,174.6000061,69887000 ,591796270696 
2024-06-07,177.4799957,179.3500061,175.5800018,176.1300049,56244900 ,590266371550 
2024-06-10,173.7899933,178.5700073,173.1699982,176.0599976,50774600 ,577994090704 
2024-06-11,170.6600037,174.75,167.4100037,173.9199982,64761900 ,567584311220 
2024-06-12,177.2899933,180.5500031,169.8000031,171.1199951,90389400 ,589634457788 
2024-06-13,182.4700012,191.0800018,181.2299957,188.3899994,118984100 ,606862227462 
2024-06-14,178.0099945,186,176.9199982,185.8000031,82038200 ,592029051648 
2024-06-17,187.4400024,188.8099976,177,177.9199982,109786100 ,623391552782 
2024-06-18,184.8600006,187.1999969,182.3699951,186.5599976,68982300 ,614810933242 
2024-06-20,181.5700073,185.2100067,179.6600037,184.6799927,55893100 ,603869010511 
2024-06-21,183.0099945,183.9499969,180.6900024,182.3000031,61937300 ,608658147483 
2024-06-24,182.5800018,188.8000031,182.5500031,184.9700012,61992100 ,607228069601 
2024-06-25,187.3500061,187.9700012,182.0099945,184.3999939,62905700 ,623092241237 
2024-06-26,196.3699951,197.7599945,186.3600006,186.5399933,95737100 ,653091093584 
2024-06-27,197.4199982,198.7200012,194.0500031,195.1699982,72746500 ,656583213859 
2024-06-28,197.8800049,203.1999969,195.2599945,199.5500031,95438100 ,658113113005 
2024-07-01,209.8600006,213.2299957,200.8500061,201.0200043,135691400 ,697956412417 
2024-07-02,231.2599945,231.3000031,218.0599976,218.8899994,205047900 ,769128922291 
2024-07-03,246.3899994,248.3500061,234.25,234.5599976,166561500 ,819448582527 
2024-07-05,251.5200043,252.3699951,242.4600067,249.8099976,154501200 ,836510051093 
2024-07-08,252.9400024,259.4400024,244.5700073,247.7100067,157219600 ,841232708221 
2024-07-09,262.3299866,265.6099854,250.3000031,251,160210900 ,872462097421 
2024-07-10,263.2600098,267.5899963,257.8599854,262.7999878,128519400 ,875555186383 
2024-07-11,241.0299988,271,239.6499939,263.2999878,221707300 ,801622189762 
2024-07-12,248.2299957,251.8399963,233.0899963,235.8000031,155955800 ,825568077615 
2024-07-15,252.6399994,265.6000061,251.7299957,255.9700012,146912900 ,840234952321 
2024-07-16,256.5599976,258.6199951,245.8000031,255.3099976,126332500 ,853272157366 
2024-07-17,248.5,258.4700012,246.1799927,252.7299957,115584800 ,826466063000 
2024-07-18,249.2299957,257.1400146,247.1999969,251.0899963,110869000 ,828893896782 
2024-07-19,239.1999969,249.4400024,236.8300018,247.7899933,87403900 ,795535934597 
2024-07-22,251.5099945,253.2100067,243.75,244.2100067,101225400 ,836476760423 
2024-07-23,246.3800049,255.7599945,245.6300049,253.6000061,111928200 ,819415342605 
2024-07-24,215.9900055,225.9900055,214.7100067,225.4199982,167942900 ,718343700150 
2024-07-25,220.25,226,216.2299957,216.8000031,100636500 ,732511671532 
2024-07-26,219.8000031,222.2799988,215.3300018,221.1900024,94604100 ,731015063056 
2024-07-29,232.1000061,234.2700043,224.6999969,224.8999939,129201800 ,771922648960 
2024-07-30,222.6199951,232.4100037,220,232.25,100560300 ,740393846718 
2024-07-31,232.0700073,234.6799927,226.7899933,227.8999939,67497000 ,771822878445 
2024-08-01,216.8600006,231.8699951,214.3300018,227.6900024,83861900 ,721237146586 
2024-08-02,207.6699982,216.1300049,205.7799988,214.8800049,82880100 ,690672860321 
2024-08-05,198.8800049,203.8800049,182,185.2200012,100308800 ,661438932172 
2024-08-06,200.6399994,202.8999939,192.6699982,200.75,73783900 ,667292355637 
2024-08-07,191.7599945,203.4900055,191.4799957,200.7700043,71159800 ,637759065195 
2024-08-08,198.8399963,200.6999969,192.0399933,195.6999969,65033900 ,661305870987 
2024-08-09,200,200.8800049,195.1100006,197.0500031,58648300 ,665163833400 
2024-08-12,197.4900055,199.2599945,194.6699982,199.0200043,64044900 ,656816045560 
2024-08-13,207.8300018,208.4900055,197.0599976,198.4700012,76247400 ,691205003567 
2024-08-14,201.3800049,208.4400024,198.75,207.3899994,70250000 ,669753480090 
2024-08-15,214.1399994,215.8800049,204.8200073,205.0200043,89848500 ,712190914391 
2024-08-16,216.1199951,219.8000031,210.8000031,211.1499939,88765100 ,718776022133 
2024-08-19,222.7200012,222.9799957,214.0899963,217.0700073,76435200 ,740726448934 
2024-08-20,221.1000061,228.2200012,219.5599976,224.8800049,74001200 ,735338638123 
2024-08-21,223.2700043,224.6600037,218.8600006,222.6699982,70146000 ,742555659626 
2024-08-22,210.6600037,224.8000031,210.3200073,223.8200073,79514500 ,700617077900 
2024-08-23,220.3200073,221.4799957,214.2100067,214.4600067,81525200 ,732744503232 
2024-08-26,213.2100067,219.0899963,211.0099945,218.75,59301200 ,709097926925 
2024-08-27,209.2100067,215.6600037,206.9400024,213.25,62821400 ,695794650257 
2024-08-28,205.75,211.8399963,202.5899963,209.7200012,64116400 ,684287293610 
2024-08-29,206.2799988,214.8899994,205.9700012,209.8000031,62308800 ,686049973709 
2024-08-30,214.1100006,214.5700073,207.0299988,208.6300049,63370600 ,712091143876 
2024-09-03,210.6000061,219.8999939,209.6399994,215.2599945,76714200 ,700417536869 
2024-09-04,219.4100037,222.2200012,210.5700073,210.5899963,80651800 ,729717995611 
2024-09-05,230.1699982,235,222.25,223.4900055,119355000 ,765503791579 
2024-09-06,210.7299957,233.6000061,210.5099945,232.6000061,112177000 ,700849858852 
2024-09-09,216.2700043,219.8699951,213.6699982,216.1999969,67443500 ,719274925457 
2024-09-10,226.1699982,226.3999939,218.6399994,220.0700073,78891100 ,752200514911 
2024-09-11,228.1300049,228.4700012,216.8000031,224.5500031,83548600 ,758719142807 
2024-09-12,229.8099976,231.4499969,223.8300018,224.6600037,71894900 ,764306494649 
2024-09-13,230.2899933,232.6699982,226.3200073,228,59515100 ,765902873639 
2024-09-16,226.7799988,229.9600067,223.5299988,229.3000031,54323000 ,754229266632 
2024-09-17,227.8699951,234.5700073,226.5500031,229.4499969,66761600 ,757854397345 
2024-09-18,227.1999969,235.6799927,226.8800049,230.0899963,78010200 ,755626104593 
2024-09-19,243.9199982,244.2400055,232.1300049,234,102694600 ,811233805125 
2024-09-20,238.25,243.9900055,235.9199982,241.5200043,99879100 ,792376416538 
2024-09-23,250,250,241.9199982,242.6100006,86927200 ,831454791750 
2024-09-24,254.2700043,257.1900024,249.0500031,254.0800018,88491000 ,845656053803 
2024-09-25,257.019989,257.0499878,252.2799988,252.5399933,65034300 ,854802005764 
2024-09-26,254.2200012,261.75,251.5299988,260.6000061,67142200 ,845489752695 
2024-09-27,260.4599915,260.7000122,254.1199951,257.3800049,70988100 ,866242831818 
2024-09-30,261.6300049,264.8599854,255.7700043,259.0400085,80705700 ,870134084902 
2024-10-01,258.019989,263.980011,248.5299988,262.6700134,87397600 ,858127824931 
2024-10-02,249.0200043,251.1600037,241.5,247.5500031,93983900 ,828195503176 
2024-10-03,240.6600037,249.7899933,237.8099976,244.4799957,80729200 ,800391652910 
2024-10-04,250.0800018,250.9600067,244.5800018,246.6900024,86573200 ,831720863373 
2024-10-07,240.8300018,249.8300018,240.6999969,249,68113300 ,800957036078 
2024-10-08,244.5,246.2100067,240.5599976,243.5599976,56303200 ,813162786332 
2024-10-09,241.0500031,247.4299927,239.5099945,243.8200073,66289500 ,801688720355 
2024-10-10,238.7700043,242.7899933,232.3399963,241.8099976,83087100 ,794105856714 
2024-10-11,217.8000031,223.3399963,214.3800049,220.1300049,142628900 ,724363424722 
2024-10-14,219.1600037,221.9100037,213.7400055,220.1300049,86291900 ,728886540819 
2024-10-15,219.5700073,224.2599945,217.1199951,220.0099945,62988800 ,730250138857 
2024-10-16,221.3300018,222.8200073,218.9299927,221.3999939,49632800 ,736103562322 
2024-10-17,220.8899994,222.0800018,217.8999939,221.5899963,50791800 ,734640193769 
2024-10-18,220.6999969,222.2799988,219.2299957,220.7100067,49611900 ,734008280007 
2024-10-21,218.8500061,220.4799957,215.7299957,218.8999939,47329000 ,727855544997 
2024-10-22,217.9700012,218.2200012,215.2599945,217.3099976,43268700 ,724928807891 
2024-10-23,213.6499939,218.7200012,212.1100006,217.1300049,80938900 ,710561244730 
2024-10-24,260.480011,262.1199951,242.6499939,244.6799927,204491900 ,866309413159 
2024-10-25,269.1900024,269.4899902,255.3200073,256.0100098,161611900 ,895277269684 
2024-10-28,262.5100098,273.5400085,262.2399902,270,107653600 ,873060822008 
2024-10-29,259.519989,264.980011,255.5099945,264.5100098,80521800 ,863116553681 
2024-10-30,257.5499878,263.3500061,255.8200073,258.0400085,53993600 ,856564685862 
2024-10-31,249.8500061,259.75,249.25,257.9899902,66575300 ,830955939174 
2024-11-01,248.9799957,254,246.6300049,252.0399933,57544800 ,828062441990 
2024-11-04,242.8399963,248.8999939,238.8800049,244.5599976,68802400 ,807641914335 
2024-11-05,251.4400024,255.2799988,246.2100067,247.3399963,69282500 ,836243979470 
2024-11-06,288.5299988,289.5899963,275.6199951,284.6700134,165228700 ,959598600195 
2024-11-07,296.9100037,299.75,285.519989,288.8900146,117309200 ,987468981053 
2024-11-08,321.2200012,328.7099915,297.6600037,299.1400146,204782800 ,1068319636884 
2024-11-11,350,358.6400146,336,346.2999878,210521600 ,1164036708450 
2024-11-12,328.4899902,345.8399963,323.3099976,342.7399902,155726000 ,1092498305689 
2024-11-13,330.2399902,344.6000061,322.5,335.8500061,125405600 ,1098318489231 
2024-11-14,311.1799927,329.980011,310.3699951,327.6900024,120726100 ,1034928384028 
2024-11-15,320.7200012,324.6799927,309.2200012,310.5700073,114440300 ,1066656727300 
2024-11-18,338.7399902,348.5499878,330.0100098,340.730011,126085600 ,1126587952151 
2024-11-19,346,347.3800049,332.75,335.7600098,88852500 ,1150733431782 
2024-11-20,342.0299988,346.6000061,334.2999878,345,66340700 ,1137529925629 
2024-11-21,339.6400146,347.9899902,335.2799988,343.8099976,58011700 ,1129581270598 
2024-11-22,352.5599976,361.5299988,337.7000122,341.0899963,89140700 ,1172550797398 
2024-11-25,338.5899963,361.9299927,338.2000122,360.1400146,95890900 ,1126089099575 
2024-11-26,338.230011,346.9599915,335.6600037,341,62295900 ,1124891853393 
2024-11-27,332.8900146,342.5499878,326.5899963,341.7999878,57896400 ,1107131991221 
2024-11-29,345.1600037,345.4500122,334.6499939,336.0799866,37167600 ,1147939755861 
2024-12-02,357.0899963,360,351.1499939,352.3800049,77986500 ,1187616754165 
2024-12-03,351.4200134,355.6900024,348.2000122,351.7999878,58267200 ,1168759416325 
2024-12-04,357.9299927,358.1000061,348.6000061,353,50810900 ,1190410430085 
2024-12-05,369.4899902,375.4299927,359.5,359.8699951,81403600 ,1228856891536 
2024-12-06,389.2200012,389.4899902,370.7999878,377.4200134,81455800 ,1294475340240 
2024-12-09,389.7900085,404.7999878,378.0100098,397.6099854,96359200 ,1296371081524 
2024-12-10,400.9899902,409.730011,390.8500061,392.6799927,97563600 ,1333620195297 
2024-12-11,424.769989,424.8800049,402.3800049,409.7000122,104287600 ,1412708171028 
2024-12-12,418.1000061,429.2999878,415,424.8399963,87752200 ,1390525014022 
2024-12-13,436.230011,436.2999878,415.7099915,420,89000200 ,1450822131759 
2024-12-16,463.019989,463.1900024,436.1499939,441.0899963,114083800 ,1539920754166 
2024-12-17,479.8599854,483.9899902,457.5100098,475.8999939,131223000 ,1595927536759 
2024-12-18,440.1300049,488.5400085,427.0100098,466.5,149340800 ,1463792806211 
2024-12-19,436.1700134,456.3599854,420.019989,451.8800049,118566100 ,1450622590729 
2024-12-20,421.0599976,447.0799866,417.6400146,425.5100098,132216200 ,1400369410337 
2024-12-23,430.6000061,434.5100098,415.4100037,431,72698100 ,1432097753609 
2024-12-24,462.2799988,462.7799988,435.1400146,435.8999939,59551800 ,1537459680461 
2024-12-26,454.1300049,465.3299866,451.019989,465.1600037,76366400 ,1510354274549 
2024-12-27,431.6600037,450,426.5,449.519989,82666800 ,1435623113807 
2024-12-30,417.4100037,427,415.75,419.3999939,64941000 ,1388230190677 
2024-12-31,403.8399963,427.9299927,402.5400085,423.7900085,76825100 ,1343098800222 
2025-01-02,379.2799988,392.730011,373.0400085,390.1000061,109710700 ,1261416689600 
2025-01-03,410.4400024,411.8800049,379.4500122,381.480011,95423300 ,1365049227023 
2025-01-06,411.0499878,426.4299927,401.7000122,423.2000122,85516500 ,1367077927997 
2025-01-07,394.3599854,414.3299866,390,405.8299866,75699500 ,1311569997980 
2025-01-08,394.9400024,402.5,387.3999939,392.9500122,73038800 ,1313499029935 
2025-01-10,394.7399902,399.2799988,377.2900085,391.3999939,62287300 ,1312833825503 
2025-01-13,403.3099976,403.7900085,380.0700073,383.2099915,67580500 ,1341336120123 
2025-01-14,396.3599854,422.6400146,394.5400085,414.3399963,84565000 ,1318221636314 
2025-01-15,428.2200012,429.7999878,405.6600037,409.8999939,81375500 ,1424182287753 
2025-01-16,413.8200073,424,409.1300049,423.4899902,68335200 ,1376290512047 
2025-01-17,426.5,439.7399902,419.75,421.5,94991400 ,1418461874726 
2025-01-21,424.0700073,433.2000122,406.3099976,432.6400146,87320900 ,1410380158509 
2025-01-22,415.1099854,428,414.5899963,416.8099976,60963300 ,1380580745695 
2025-01-23,412.3800049,420.730011,408.9500122,416.0599976,50690600 ,1371501324327 
2025-01-24,406.5799866,418.8800049,405.7799988,414.4500122,56427100 ,1352211512261 
2025-01-27,397.1499939,406.6900024,389,394.7999878,58125500 ,1320849061875 
2025-01-28,398.0899963,400.5899963,386.5,396.9100037,48910700 ,1323975340012 
2025-01-29,389.1000061,398.5899963,384.480011,395.2099915,68033600 ,1294076258179 
2025-01-30,400.2799988,412.5,384.4100037,410.7799988,98092900 ,1331258892107 
2025-01-31,404.6000061,419.9899902,401.3399963,401.5299988,83283600 ,1345626455267 
2025-02-03,383.6799927,389.1700134,374.3599854,386.6799927,93732100 ,1276050273636 
2025-02-04,392.2099915,394,381.3999939,382.6300049,57072200 ,1304419507070 
2025-02-05,378.1700134,388.3900146,375.5299988,387.5100098,57223300 ,1257725079043 
2025-02-06,374.3200073,375.3999939,363.1799927,373.0299988,77918200 ,1244920654950 
2025-02-07,361.6199951,380.5499878,360.3399963,370.1900024,70298300 ,1202682710931 
2025-02-10,350.730011,362.7000122,350.5100098,356.2099915,77514900 ,1166464592980 
2025-02-11,328.5,349.3699951,325.1000061,345.7999878,118543400 ,1092531596360 
2025-02-12,336.5100098,346.3999939,329.1199951,329.9400024,105382700 ,1119171440366 
2025-02-13,355.9400024,358.6900024,342.8500061,345,89441500 ,1183792082422 
2025-02-14,355.8399963,362,347.5,360.6199951,68277300 ,1183459480206 
2025-02-18,354.1099854,359.1000061,350.019989,355.0100098,51631700 ,1177705776508 
2025-02-19,360.5599976,367.3399963,353.6700134,354,67094400 ,1199157350734 
2025-02-20,354.3999939,362.2999878,348,361.5100098,45965400 ,1178670292486 
2025-02-21,337.7999878,354.980011,334.4200134,353.4400024,74058600 ,1123461674014 
2025-02-24,330.5299988,342.3999939,324.7000122,338.1400146,76052300 ,1099283005209 
2025-02-25,302.7999878,328.8900146,297.25,327.019989,134228800 ,1007058003169 
2025-02-26,290.7999878,309,288.0400085,303.7099915,100118300 ,967148173165 
2025-02-27,281.9500122,297.230011,280.8800049,291.1600037,101748200 ,937714754734 
2025-02-28,292.980011,293.8800049,273.6000061,279.5,115697000 ,974398536086 
2025-03-03,284.6499939,303.9400024,277.2999878,300.3399963,115551400 ,946694405587 
2025-03-04,272.0400085,284.3500061,261.8399963,270.9299927,126706600 ,904755874610 
2025-03-05,279.1000061,279.5499878,267.7099915,272.9200134,94042900 ,928236149809 
2025-03-06,263.4500122,272.6499939,260.019989,272.0599976,98451600 ,876187100145 
2025-03-07,262.6700134,266.25,250.7299957,259.3200073,102369600 ,873592965254 
2025-03-10,222.1499939,253.3699951,220,252.5399933,189076900 ,738830707650 
2025-03-11,230.5800018,237.0599976,217.0200043,225.3099976,174896400 ,766867389617 
2025-03-12,248.0899963,251.8399963,241.1000061,247.2200012,142215700 ,825102464962 
2025-03-13,240.6799927,248.2899933,232.6000061,248.1300049,114813500 ,800458132755 
2025-03-14,249.9799957,251.5800018,240.7299957,247.3099976,100242300 ,831388261157 
2025-03-17,238.0099945,245.3999939,232.8000031,245.0599976,111900600 ,791578201668 
2025-03-18,225.3099976,230.1000061,222.2799988,228.1600037,111477600 ,749340308397 
2025-03-19,235.8600006,241.4100037,229.1999969,231.6100006,111993800 ,784427710759 
2025-03-20,236.2599945,238,230.0500031,233.3500061,99028300 ,785758018126 
2025-03-21,248.7100067,249.5200043,234.5500031,234.9900055,132728700 ,827164507354 
2025-03-24,278.3900146,278.6400146,256.3299866,258.0799866,169079900 ,925874846619 
2025-03-25,288.1400146,288.2000122,271.2799988,283.6000061,150361500 ,958301583497 
2025-03-26,272.0599976,284.8999939,266.5100098,282.6600037,153629800 ,904822354454 
2025-03-27,273.1300049,291.8500061,271.8200073,272.480011,162572100 ,908381005322 
2025-03-28,263.5499878,276.1000061,260.5700073,275.5799866,123809400 ,876519600864 
2025-03-31,259.1600037,260.5599976,243.3600006,249.3099976,134008900 ,861919307499 
2025-04-01,268.4599915,277.4500122,259.25,263.7999878,146486900 ,892849385154 
2025-04-02,282.7600098,284.9899902,251.2700043,254.6000061,212787800 ,940408660140 
2025-04-03,267.2799988,276.2999878,261.5100098,265.2900085,136174300 ,888924942896 
2025-04-04,239.4299927,261,236,255.3800049,181229400 ,796300858796 
2025-04-07,233.2899933,252,214.25,223.7799988,183453800 ,775880331140 
2025-04-08,221.8600006,250.4400024,217.8000031,245,171603500 ,737866242421 
2025-04-09,272.2000122,274.6900024,223.8800049,224.6900024,219433400 ,905288017856 
2025-04-10,252.3999939,262.4899902,239.3300018,260,181722600 ,839436737452 
2025-04-11,252.3099976,257.7399902,241.3600006,251.8399963,128948100 ,839137425906 
2025-04-14,252.3500061,261.7999878,245.9299927,258.3599854,100135200 ,839270487092 
2025-04-15,254.1100006,258.75,247.5399933,249.9100037,79594300 ,845123910556 
2025-04-16,241.5500031,251.9700012,233.8899994,247.6100006,112378700 ,803351629938 
2025-04-17,241.3699951,244.3399963,237.6799927,243.4700012,83404800 ,802752956099 
2025-04-21,227.5,232.2100067,222.7899933,230.2599945,97768000 ,756623860493 
2025-04-22,237.9700012,242.7899933,229.8500061,230.9600067,120858500 ,791445191231 
2025-04-23,250.7400055,259.4500122,244.4299927,254.8600006,150381900 ,833915916203 
2025-04-24,259.5100098,259.5400085,249.1999969,250.5,94464200 ,863083364507 
2025-04-25,284.9500122,286.8500061,259.6300049,261.6900024,167560700 ,947692212235 
2025-04-28,285.8800049,294.8599854,272.4200134,288.980011,151731800 ,950785199701 
2025-04-29,292.0299988,293.3200073,279.4700012,285.5,108906600 ,971238967279 
2025-04-30,282.1600037,284.4500122,270.7799988,279.8999939,128961100 ,938413148340 
2025-05-01,280.519989,290.8699951,279.8099976,280.0100098,99659000 ,932958756188 
2025-05-02,287.2099915,294.7799988,279.8099976,284.8999939,114454700 ,955208494535 
2025-05-05,280.2600098,284.8500061,274.3999939,284.5700073,94618900 ,932094112222 
2025-05-06,275.3500061,277.730011,271.3500061,273.1099854,76715800 ,915764327933 
2025-05-07,276.2200012,277.9200134,271,276.8800049,71592600 ,918657774369 
2025-05-08,284.8200073,289.7999878,279.4100037,279.6300049,97539400 ,947259839504 
2025-05-09,298.2600098,307.0400085,290,290.2099915,132387800 ,991958857228 
2025-05-12,318.3800049,322.2099915,311.5,321.9899902,112826700 ,1058874322629 
2025-05-13,334.0700073,337.5899963,316.7999878,320,136992600 ,1111056433479 
2025-05-14,347.6799927,350,337,342.5,136997300 ,1156320783624 
2025-05-15,342.8200073,346.1400146,334.7200012,340.3399963,97882600 ,1140157351190 
2025-05-16,349.980011,351.6199951,342.3299866,346.2399902,95895700 ,1163970228605 
2025-05-19,342.0899963,343,333.3699951,336.2999878,88869900 ,1137729466660 
2025-05-20,343.8200073,354.9899902,341.6300049,347.8699951,131715500 ,1143483170357 
2025-05-21,334.6199951,347.3500061,332.2000122,344.4299927,102354800 ,1112885593422 
2025-05-22,341.0400085,347.269989,331.3900146,331.8999939,97113400 ,1134237397133 
2025-05-23,339.3399963,343.1799927,333.2099915,337.9200134,84654800 ,1128583463950 
2025-05-27,362.8900146,363.7900085,347.3200073,347.3500061,120146400 ,1206906566231 
2025-05-28,356.8999939,365,355.9100037,364.8399963,91404300 ,1186984840403 
2025-05-29,358.4299927,367.7099915,356,365.2900085,88087800 ,1192073339669 
2025-05-30,346.4599915,363.6799927,345.2900085,355.519989,123474900 ,1152263280180 
2025-06-02,342.6900024,348.019989,333.3299866,343.5,81873800 ,1139724978459 
2025-06-03,344.269989,355.3999939,343.0400085,346.6000061,99324500 ,1144979728085 
2025-06-04,332.0499878,345.6000061,327.3299866,345.1000061,98912100 ,1104338213804 
2025-06-05,284.7000122,324.5499878,273.2099915,322.4899902,287499800 ,946860757443 
2025-06-06,295.1400146,305.5,291.1400146,298.8299866,164747700 ,981582317666 
2025-06-09,308.5799866,309.8299866,281.8500061,285.9599915,140908900 ,1026281233895 
2025-06-10,326.0899963,327.8299866,310.6700134,314.9400024,151256500 ,1084516359988 
2025-06-11,326.4299927,335.5,322.5,334.3999939,122611400 ,1085647126325 
2025-06-12,319.1099854,332.5599976,316.8599854,323.0799866,105127500 ,1061302105663 
2025-06-13,325.3099976,332.9899902,313.2999878,313.9700012,128964300 ,1081922225097 
2025-06-16,329.1300049,332.0499878,326.4100037,331.2900085,83925900 ,1094626878674 
2025-06-17,316.3500061,327.2600098,314.7399902,326.0899963,88282700 ,1052122913780 
2025-06-18,322.0499878,329.3200073,315.4500122,317.3099976,95137700 ,1071080022134 
2025-06-20,322.1600037,332.3599854,317.7799988,327.9500122,108688000 ,1071445915020 
2025-06-23,348.6799927,357.5400085,327.480011,327.5400085,190716800 ,1159646602791 
2025-06-24,340.4700012,356.2600098,340.4400024,356.1700134,114736200 ,1132341655848 
2025-06-25,327.5499878,343,320.3999939,342.7000122,119845100 ,1089372027552 
2025-06-26,325.7799988,331.0499878,323.6099854,324.6099854,80440900 ,1083485364165 
2025-06-27,323.6300049,329.3399963,317.5,324.5100098,89067000 ,1076334873256 
2025-06-30,317.6600037,325.5799866,316.6000061,319.8999939,76695100 ,1056479728769 
2025-07-01,300.7099915,305.8900146,293.2099915,298.4599915,145085700 ,1000107053290 
2025-07-02,315.6499939,316.8299866,303.8200073,312.6300049,119483700 ,1049794799764 
2025-07-03,315.3500061,318.4500122,312.7600098,317.9899902,58042300 ,1048797094613 
2025-07-07,293.9400024,296.1499939,288.769989,291.3699951,131177900 ,977591294068 
2025-07-08,297.8099976,304.0499878,294.3500061,297,103246700 ,990462198005 
2025-07-09,295.8800049,300.1499939,293.5499878,297.5499878,75586800 ,984043391371 
2025-07-10,309.8699951,310.480011,300,300.0499878,104365300 ,1030571569039 
2025-07-11,313.5100098,314.0899963,305.6499939,307.8900146,79236400 ,1042677599525 
2025-07-14,316.8999939,322.6000061,312.6700134,317.730011,78043400 ,1053952073723 
2025-07-15,310.7799988,321.2000122,310.5,319.6799927,77556300 ,1033598076660 
2025-07-16,321.6700134,323.5,312.6199951,312.7999878,97284800 ,1069816296107 
2025-07-17,319.4100037,324.3399963,317.0599976,323.1499939,73922900 ,1062299912311 
2025-07-18,329.6499939,330.8999939,321.4200134,321.6600037,94255000 ,1096356268102 
2025-07-21,328.4899902,338,326.8800049,334.3999939,75768800 ,1092498305689 
2025-07-22,332.1099854,335.4100037,321.5499878,329.7399902,77370400 ,1104537754834 
2025-07-23,332.5599976,336.2000122,328.6700134,330.8999939,92553800 ,1106034414058 
2025-07-24,305.2999878,310.1499939,300.4100037,310,156966000 ,1015372551087 
2025-07-25,316.0599976,323.6300049,308.0100098,308.7399902,148227000 ,1051158397802 
2025-07-28,325.5899963,330.4899902,315.6900024,318.4500122,112673800 ,1082853450404 
2025-07-29,321.2000122,326.25,318.25,325.5499878,87358900 ,1068253157039 
2025-07-30,319.0400085,324.4500122,311.6199951,322.1799927,83931900 ,1061069375459 
2025-07-31,308.269989,321.3699951,306.1000061,319.6099854,85270900 ,1025250238073 
2025-08-01,302.6300049,309.3099976,297.8200073,306.2099915,89121400 ,1006492670749 
2025-08-04,309.2600098,312.1199951,303,309.0799866,78683900 ,1028542868065 
2025-08-05,308.7200012,312.4500122,305.5,308.9500122,57961300 ,1026746897296 
2025-08-06,319.9100037,320.4700012,306.9299927,307.8900146,78523600 ,1063962821894 
2025-08-07,322.269989,322.3999939,316.1600037,319.7900085,66658700 ,1071811706411 
2025-08-08,329.6499939,335.1499939,320.980011,321.4299927,91200300 ,1096356268102 
2025-08-11,339.0299988,346.6400146,334.1499939,335,105320200 ,1127552468128 
2025-08-12,340.8399963,345.2600098,332.9400024,345,80522100 ,1133572192701 
2025-08-13,339.3800049,348.980011,338.2000122,341.5,67838900 ,1128716525136 
2025-08-14,335.5799866,340.4700012,330.3999939,335.7600098,75000700 ,1116078351404 
2025-08-15,330.5599976,339.2999878,327.019989,337.6600037,74319800 ,1099382775724 
2025-08-18,335.1600037,336.269989,329.5899963,329.6199951,56956600 ,1114681564191 
2025-08-19,329.3099976,340.5499878,327.8500061,335.7900085,75956000 ,1095225501765 
2025-08-20,323.8999939,331.3699951,314.6000061,329.2200012,77481800 ,1077232807892 
2025-08-21,320.1099854,324.8999939,318.6799927,322.0799866,55744400 ,1064627924830 
2025-08-22,340.0100098,340.25,319.6900024,321.6600037,94016300 ,1130811807450 
2025-08-25,346.6000061,349.5299988,335.0299988,338.8999939,86670000 ,1152728943581 
2025-08-26,351.6700134,351.8999939,343.7200012,344.9299927,76651600 ,1169590871117 
2025-08-27,349.6000061,355.3900146,349.1600037,351.9400024,65519000 ,1162706401082 
2025-08-28,345.980011,353.5499878,340.2600098,350.9100037,67903200 ,1150666951937 
2025-08-29,333.8699951,348.75,331.7000122,347.230011,81145700 ,1110391229047 
2025-09-02,329.3599854,333.3299866,325.6000061,328.230011,58392000 ,1095391752125 
2025-09-03,334.0899963,343.3299866,328.5100098,335.2000122,88733300 ,1111122913324 
2025-09-04,338.5299988,338.8900146,331.480011,336.1499939,60711000 ,1125889558545 
2025-09-05,350.8399963,355.8699951,344.6799927,348,108989800 ,1166830384371 
2025-09-08,346.3999939,358.4400024,344.8399963,354.6400146,75208300 ,1152063739150 
2025-09-09,346.9700012,350.769989,343.8200073,348.4400024,53816000 ,1153959480434 
2025-09-10,347.7900085,356.3299866,346.0700073,350.5499878,72121700 ,1156686676510 
2025-09-11,368.8099976,368.9899902,347.6000061,350.1700134,103756000 ,1226595358862 
2025-09-12,395.9400024,396.6900024,370.2399902,370.9400024,168156400 ,1316824849102 
2025-09-15,410.0400085,425.7000122,402.4299927,423.1300049,163823700 ,1363718919656 
2025-09-16,421.6199951,423.25,411.4299927,414.5,104285700 ,1402231860951 
2025-09-17,425.8599854,428.3099976,409.6700134,415.75,106133500 ,1416333301741 
2025-09-18,416.8500061,432.2200012,416.5599976,428.8699951,90454500 ,1386367740063 
2025-09-19,426.0700073,429.4700012,421.7200012,421.8200073,93131000 ,1417031796843 
2025-09-22,434.2099915,444.980011,429.1300049,431.1099854,97108800 ,1444103912084 
2025-09-23,425.8500061,440.9700012,423.7200012,439.8800049,83422700 ,1416300112566 
2025-09-24,442.7900085,444.2099915,429.0299988,429.8299866,93133600 ,1472639497375 
2025-09-25,423.3900146,435.3500061,419.0799866,435.2399902,96746400 ,1408118625834 
2025-09-26,440.3999939,440.4700012,421.019989,428.2999878,101628200 ,1464690740848 
2025-09-29,443.2099915,450.980011,439.5,444.3500061,79491500 ,1474036284587 
2025-09-30,444.7200012,445,433.1199951,441.519989,74358000 ,1479058304008 
2025-10-01,459.4599915,462.2900085,440.75,443.7999878,98122300 ,1528080846051 
2025-10-02,436,470.75,435.5700073,470.5400085,137009000 ,1450057156812 
2025-10-03,429.8299866,446.769989,416.5799866,443.2900085,133188200 ,1429536807893 
2025-10-06,453.25,453.5499878,436.6900024,440.75,85324900 ,1507427537443 
2025-10-07,433.0899963,452.6799927,432.4500122,447.8200073,102296100 ,1440379010857 
2025-10-08,438.6900024,441.3299866,425.230011,437.5700073,71192100 ,1459003618491 
2025-10-09,435.5400085,436.3500061,426.1799927,431.8099976,69339900 ,1448527308414 
2025-10-10,413.4899902,443.1300049,411.4500122,436.5400085,112107900 ,1375192934884 
2025-10-13,435.8999939,436.8900146,419.7000122,423.5299988,79552800 ,1449724554596 
2025-10-14,429.2399902,434.2000122,417.8599854,426.7900085,72669400 ,1427574586764 
2025-10-15,435.1499939,440.5100098,426.3299866,434.8999939,71558200 ,1447230190221 
2025-10-16,428.75,439.3500061,421.3099976,434.730011,77189900 ,1425944967851 
2025-10-17,439.3099976,441.4599915,423.6000061,425.5,89331600 ,1461065610135 
2025-10-20,447.4299927,449.7999878,440.6099854,443.8699951,63719000 ,1488071245532 
2025-10-21,442.6000061,449.2999878,442.0499878,445.7600098,54412200 ,1472007583613 
2025-10-22,438.9700012,445.5400085,429,443.4500122,84023500 ,1459934843798 
2025-10-23,448.980011,449.3999939,413.8999939,420,126709800 ,1493226326138 
2025-10-24,433.7200012,451.6799927,430.1700134,446.8299866,94727800 ,1442474293171 
2025-10-27,452.4200134,460.1600037,438.6900024,439.980011,105867500 ,1504667152192 
2025-10-28,460.5499878,467,451.6000061,454.7799988,80185700 ,1531705976763 
2025-10-29,461.5100098,465.7000122,452.6499939,462.5,67983500 ,1534898836241 
2025-10-30,440.1000061,455.0599976,439.6099854,451.0499878,72447900 ,1463693035696 
2025-10-31,456.5599976,458,443.6900024,446.75,83135800 ,1518435990766 
2025-11-03,468.3699951,474.0700073,453.7999878,455.9899902,84254000 ,1557713907008 
2025-11-03,468.3699951,474.0700073,453.7999878,455.9899902,84254000 ,1557713907008 
