가격,종가,고가,저가,시가,거래량,시가총액
날짜,,,,,,
2020-01-02,5.971409321,5.971409321,5.892009975,5.942536875,237536000 ,145385902734 
2020-01-03,5.875831604,5.919638519,5.826797768,5.851688071,205384000 ,143058872063 
2020-01-06,5.900473118,5.905700039,5.756359157,5.782493764,262636000 ,143658819000 
2020-01-07,5.971908569,6.017706563,5.883797196,5.928848419,314856000 ,145398057938 
2020-01-08,5.983108997,6.024426839,5.927603933,5.967676998,277108000 ,145670754758 
2020-01-09,6.048819065,6.12124967,5.995056308,6.069477986,255112000 ,147270597778 
2020-01-10,6.081175804,6.186461474,6.066988582,6.156095483,316296000 ,148058387303 
2020-01-13,6.271835327,6.296974398,6.141659346,6.164309814,319840000 ,152700374710 
2020-01-14,6.154850483,6.254411215,6.141658324,6.229022908,359088000 ,149852144708 
2020-01-15,6.112289906,6.189947445,6.086404059,6.167546213,263104000 ,148815922330 
2020-01-16,6.195919514,6.201893206,6.142405527,6.165802289,284192000 ,150852052400 
2020-01-17,6.204630852,6.222551927,6.157090559,6.215084693,253792000 ,151064147347 
2020-01-21,6.17127943,6.204881274,6.137179581,6.168043581,217916000 ,150252140292 
2020-01-22,6.225290298,6.311908122,6.19766215,6.216578763,239240000 ,151567142897 
2020-01-23,6.293736458,6.302199225,6.176503911,6.265362022,244516000 ,153233601539 
2020-01-24,6.234500408,6.459010228,6.180239643,6.409229613,373512000 ,151791381438 
2020-01-27,5.978628159,6.029653067,5.780252978,5.929843088,470536000 ,145561659777 
2020-01-28,6.172025681,6.204382745,5.99132232,6.044587545,310976000 ,150270309244 
2020-01-29,6.111542225,6.193679897,6.071717453,6.157588979,258848000 ,148797718549 
2020-01-30,6.118262291,6.131703217,5.958716335,6.013723391,290504000 ,148961331998 
2020-01-31,5.884791851,6.084411333,5.842976483,6.072463949,370420000 ,143277027197 
2020-02-03,5.981864452,6.001278596,5.86040001,5.866622468,255564000 ,145640453822 
2020-02-04,6.151117802,6.170283656,6.073709514,6.123738892,271544000 ,149761265117 
2020-02-05,6.241469383,6.282289219,6.158086929,6.272084142,208220000 ,151961055074 
2020-02-06,6.328334332,6.328334332,6.194674244,6.275816364,218284000 ,154075955969 
2020-02-07,6.262127399,6.310414463,6.236739092,6.288262003,189752000 ,152464015794 
2020-02-10,6.545379639,6.546125935,6.279800727,6.284778884,529608000 ,159360358063 
2020-02-11,6.667838573,6.782582557,6.591674588,6.653651351,638556000 ,162341865748 
2020-02-12,6.783576965,6.790048662,6.68177592,6.720604677,374644000 ,165159748375 
2020-02-13,6.739770889,6.806974571,6.698204284,6.725583667,528016000 ,164093201841 
2020-02-14,7.21293354,7.341864733,7.118599722,7.149961248,1041924000 ,175613292907 
2020-02-18,7.381689072,7.400108153,7.090224846,7.109638989,620164000 ,179721983828 
2020-02-19,7.832948685,7.850620995,7.504149233,7.504149233,694332000 ,190708801626 
2020-02-20,7.683609486,7.873272705,7.376215182,7.784912557,810052000 ,187072840147 
2020-02-21,7.319464207,7.59649247,7.234588686,7.571353399,768180000 ,178206995040 
2020-02-24,6.801996708,7.015803911,6.670576423,6.725085951,856916000 ,165608213848 
2020-02-25,6.522479057,6.939141091,6.420678007,6.877164335,1055496000 ,158802797608 
2020-02-26,6.661865234,6.856009063,6.521235875,6.522728942,747732000 ,162196432861 
2020-02-27,6.291027546,6.649661075,6.198629564,6.348309155,906416000 ,153167647661 
2020-02-28,6.726120472,6.785643742,6.021804452,6.038490728,1133252000 ,163760855131 
2020-03-02,6.884515285,6.913405477,6.500229854,6.8962209,890744000 ,167617293656 
2020-03-03,6.622015953,7.000075212,6.536591374,6.94030304,652792000 ,161226222409 
2020-03-04,7.085748672,7.095212635,6.654641251,6.729356822,597408000 ,172516722929 
2020-03-05,6.806313515,7.053122812,6.761733182,6.886258657,540328000 ,165713315143 
2020-03-06,6.625753403,6.684280545,6.425516168,6.626749535,515412000 ,161317218096 
2020-03-09,6.112707138,6.460382268,5.931896176,5.974732688,614160000 ,148826080690 
2020-03-10,6.502222538,6.502222538,6.126404913,6.389153282,580648000 ,158309612133 
2020-03-11,6.13835907,6.390647823,6.041229344,6.362255933,499964000 ,149450628273 
2020-03-12,5.387221813,5.880591548,5.374520065,5.61510321,816540000 ,131162689486 
2020-03-13,5.998142719,6.002625549,5.469407778,5.74062395,634836000 ,146036780786 
2020-03-16,4.891361237,5.631042973,4.831589057,5.290091825,726972000 ,119089972027 
2020-03-17,5.411130428,5.500540018,4.756873782,5.003683108,833632000 ,131744792538 
2020-03-18,5.051252365,5.228576654,4.499853742,4.983510652,874268000 ,122982841333 
2020-03-19,5.304038525,5.397681549,4.816396699,5.029832984,765512000 ,129137425959 
2020-03-20,5.124223709,5.736141627,5.108782481,5.454215947,804636000 ,124759474646 
2020-03-23,5.297064304,5.391455015,4.944159162,5.123226757,643876000 ,128967624618 
2020-03-24,6.205852985,6.292523107,5.679608451,5.703268126,1101644000 ,151093902635 
2020-03-25,6.117190361,6.520652691,6.068376106,6.320913789,793432000 ,148935233720 
2020-03-26,6.40658617,6.530613328,6.22627307,6.32439891,696108000 ,155981153486 
2020-03-27,6.29426527,6.553029115,6.193399458,6.226274178,638828000 ,153246476534 
2020-03-30,6.614544392,6.62375944,6.315683052,6.359765083,602252000 ,161044312303 
2020-03-31,6.564983845,6.858864071,6.419288778,6.654641873,949960000 ,159837661668 
2020-04-01,6.053682804,6.513431143,6.009102935,6.366989311,656912000 ,147389015232 
2020-04-02,6.362505913,6.37570549,6.034754811,6.082821375,675764000 ,154907931458 
2020-04-03,6.074603558,6.366491096,5.937127384,6.324899621,663212000 ,147898372817 
2020-04-06,6.684527874,6.721387595,6.299245814,6.356776811,727884000 ,162748200148 
2020-04-07,6.45116663,6.929842769,6.408080732,6.906182625,784520000 ,157066553936 
2020-04-08,6.648415565,6.673320757,6.490268143,6.560251499,542444000 ,161868973773 
2020-04-09,6.548794746,6.797098479,6.485784791,6.774186027,525564000 ,159443505691 
2020-04-13,6.720640659,6.729357405,6.400610197,6.489023178,398408000 ,163627438133 
2020-04-14,7.071802139,7.105921904,6.821256744,6.848901416,530948000 ,172177166685 
2020-04-15,6.994346142,7.077280146,6.858364453,6.903691525,366148000 ,170291345515 
2020-04-16,7.339531422,7.446623408,7.136555237,7.149754812,745620000 ,178695571523 
2020-04-17,7.280258179,7.443137349,7.146268728,7.421718855,539120000 ,177252445877 
2020-04-20,7.149007797,7.309645781,7.104676852,7.153740016,449388000 ,174056892839 
2020-04-21,6.712172508,7.092224043,6.652400335,7.03095791,735160000 ,163421264058 
2020-04-22,7.126593113,7.169430098,6.858863618,6.904439609,483356000 ,173511162521 
2020-04-23,7.073297024,7.300680607,7.048142915,7.168683885,424160000 ,172213562638 
2020-04-24,7.212266445,7.214258708,6.988369597,7.063085168,352328000 ,175597051140 
2020-04-27,7.398806572,7.558697351,7.322098729,7.346755008,479388000 ,180138743608 
2020-04-28,7.256348133,7.57612964,7.250869172,7.546243318,442904000 ,176670307996 
2020-04-29,7.433175087,7.485973864,7.315871918,7.391085319,379160000 ,180975513843 
2020-04-30,7.279260635,7.433174115,7.265313844,7.379129825,375916000 ,177228158689 
2020-05-01,7.042663574,7.195082652,6.994347623,7.081764475,342096000 ,171467730042 
2020-05-04,7.254606724,7.268304605,6.995344534,6.995344534,317556000 ,176627909904 
2020-05-05,7.315624237,7.47825451,7.254606533,7.358710144,368896000 ,178113503300 
2020-05-06,7.416488647,7.521339463,7.357214775,7.395070629,323464000 ,180569249100 
2020-05-07,7.59281683,7.656075704,7.504403849,7.555708193,373732000 ,184862311352 
2020-05-08,7.782843113,7.789069292,7.630672949,7.664543803,339216000 ,189488881271 
2020-05-11,8.034882545,8.081704059,7.749220771,7.777861575,469060000 ,195625285335 
2020-05-12,7.772880554,8.141475876,7.763167677,8.092662099,493060000 ,189246322853 
2020-05-13,7.750466347,8.047832789,7.565919298,7.887444189,625852000 ,188700604144 
2020-05-14,8.000013351,8.005492312,7.658315109,7.811979658,602312000 ,194776325068 
2020-05-15,8.458516121,8.468228521,7.844107304,7.859797443,987660000 ,205939491996 
2020-05-18,8.717032433,8.882651547,8.647547383,8.727243613,774460000 ,212233588635 
2020-05-19,8.772072792,9.05300186,8.729484721,8.756880479,717320000 ,213573656268 
2020-05-20,8.935949326,9.008672165,8.855007568,8.956869516,587536000 ,217563558229 
2020-05-21,8.741939545,9.018136441,8.704332601,9.017140784,761068000 ,212840002094 
2020-05-22,8.991984367,9.058481495,8.680172854,8.791747192,1038764000 ,218927843392 
2020-05-26,8.68465519,9.146894447,8.639079201,9.121988783,770780000 ,211445299899 
2020-05-27,8.492887497,8.599978539,7.966393196,8.5922584,1175892000 ,206776331888 
2020-05-28,8.45478344,8.727244712,8.347441574,8.380316297,734896000 ,205848612405 
2020-05-29,8.841806412,8.841806412,8.452788766,8.522024898,745256000 ,215271460707 
2020-06-01,8.772819519,8.807188672,8.656512959,8.799717448,389876000 ,213591836830 
2020-06-02,8.791744232,8.803698757,8.625129523,8.762855001,391320000 ,214052596821 
2020-06-03,8.736211777,8.832594783,8.666975621,8.788762129,365440000 ,212700548128 
2020-06-04,8.737205505,8.913364093,8.648502217,8.698833377,424280000 ,212724742439 
2020-06-05,8.890193939,8.96693631,8.678902443,8.765113571,481748000 ,216449551838 
2020-06-08,8.775577545,8.860043569,8.656725734,8.847585529,387736000 ,213658986492 
2020-06-09,9.015774727,9.079311989,8.722010293,8.770597332,468488000 ,219507067275 
2020-06-10,9.335448265,9.46825321,9.122910737,9.13711387,632180000 ,227290158910 
2020-06-11,8.766857147,9.230302524,8.756641307,9.119424348,583652000 ,213446670963 
2020-06-12,8.90265274,9.156551767,8.674168804,9.13188471,570908000 ,216752886272 
2020-06-15,9.143095016,9.151566712,8.714531596,8.785793448,400004000 ,222606934366 
2020-06-16,9.038199425,9.23578779,8.809217397,9.194177332,535716000 ,220053041394 
2020-06-17,9.205138206,9.26792742,9.039941554,9.083297097,408304000 ,224117499913 
2020-06-18,9.187197685,9.251482009,9.084043174,9.196167436,254408000 ,223680702043 
2020-06-19,9.230304718,9.413440902,9.196418878,9.211618128,524160000 ,224730228970 
2020-06-22,9.494916916,9.499402267,9.242263976,9.268925157,398468000 ,231172742151 
2020-06-23,9.418420792,9.610277629,9.37606327,9.519083113,375108000 ,229310291014 
2020-06-24,9.204640388,9.524567882,9.113943905,9.444585296,449372000 ,224105379539 
2020-06-25,9.458288193,9.473238411,9.151566814,9.324487111,376072000 ,230280942629 
2020-06-26,9.124410629,9.468258166,9.094511133,9.468258166,592084000 ,222152025591 
2020-06-29,9.169260025,9.173745377,8.870262219,9.139111502,342248000 ,223243973829 
2020-06-30,9.466013908,9.494418281,9.235536812,9.28287775,367892000 ,230469040627 
2020-07-01,9.498155594,9.543753338,9.381546918,9.488936814,326648000 ,231251594244 
2020-07-02,9.580131531,9.704962878,9.546244744,9.606791759,364056000 ,233247462379 
2020-07-06,9.806370735,9.875638463,9.680044291,9.709196694,315892000 ,238755708289 
2020-07-07,9.838766098,10.03635352,9.817836355,9.91301726,357800000 ,239544438189 
2020-07-08,10.18186474,10.19083544,9.932202011,9.960357361,365480000 ,247897860787 
2020-07-09,10.47388458,10.53468063,10.19930485,10.34556495,494548000 ,255007667931 
2020-07-10,10.44423389,10.61964544,10.34406961,10.55336794,497676000 ,254285762626 
2020-07-13,10.01866055,10.75618762,9.991501312,10.55959732,457076000 ,243924328298 
2020-07-14,10.34232521,10.36798933,9.752801421,10.0413343,542676000 ,251804591902 
2020-07-15,10.19307518,10.39813717,10.02214805,10.37945058,403984000 ,248170801409 
2020-07-16,10.10088539,10.17264436,9.862434656,9.98153551,344964000 ,245926256620 
2020-07-17,10.16741085,10.21425373,10.05404145,10.19133082,266284000 ,247545951978 
2020-07-20,10.4756279,10.49605958,10.12281071,10.23991838,284852000 ,255050112461 
2020-07-21,10.29398727,10.52471434,10.25237683,10.47787051,277036000 ,250627708164 
2020-07-22,10.40386963,10.56707216,10.25711148,10.33285775,367292000 ,253303013855 
2020-07-23,10.0959034,10.51175891,9.997732267,10.41508289,411660000 ,245804959997 
2020-07-24,10.16043568,10.33011674,9.744331183,9.842003297,473292000 ,247376127418 
2020-07-27,10.38667774,10.40685945,10.18360795,10.19806011,292132000 ,252884442985 
2020-07-28,10.18136597,10.34730972,10.17513742,10.33958605,271636000 ,247885717194 
2020-07-29,10.43052959,10.48110979,10.3124258,10.35602942,284508000 ,253952104035 
2020-07-30,10.57853508,10.58750483,10.26084976,10.34033335,308880000 ,257555593592 
2020-07-31,10.57928276,10.73052628,10.39813975,10.52795452,386080000 ,257573797373 
2020-08-03,10.97345924,11.06166354,10.67944491,10.69663733,412720000 ,267170812208 
2020-08-04,11.19023323,11.19023323,10.86955864,11.01307753,310336000 ,272448608465 
2020-08-05,11.24903488,11.33375089,11.12893792,11.20642832,249924000 ,273880252262 
2020-08-06,11.29762268,11.32004754,11.14139673,11.31182487,244316000 ,275063219406 
2020-08-07,11.1620779,11.4663081,11.00061951,11.27470024,342516000 ,271763110723 
2020-08-10,11.12768936,11.37012638,10.82022,11.29637426,427796000 ,270925852886 
2020-08-11,10.8137455,11.09953717,10.75967606,11.03674701,354512000 ,263282261656 
2020-08-12,11.40202713,11.42868737,10.9216372,10.95402888,464412000 ,277605154537 
2020-08-13,11.40476322,11.6825822,11.31780501,11.50741874,374460000 ,277671770160 
2020-08-14,11.52536011,11.66563974,11.4022729,11.49147332,366436000 ,280607942535 
2020-08-17,12.29577541,12.36828241,11.77776253,11.81164836,621300000 ,299365243993 
2020-08-18,12.21977997,12.45424434,12.04586355,12.40839757,503448000 ,297514982887 
2020-08-19,12.09793949,12.27384909,12.05757418,12.25541153,622624000 ,294548532794 
2020-08-20,12.10042858,12.33364684,11.83905499,11.93498388,921388000 ,294609134667 
2020-08-21,12.641119,12.76595035,12.15449974,12.16097826,999868000 ,307773324373 
2020-08-24,12.67774391,12.86935174,12.46570441,12.84069739,490564000 ,308665031019 
2020-08-25,12.70739651,12.71860846,12.53173498,12.58854468,289076000 ,309386982762 
2020-08-26,12.73031712,12.82549798,12.63538528,12.75647928,321244000 ,309945030818 
2020-08-27,12.58605289,12.80706218,12.52450882,12.73879055,317604000 ,306432629825 
2020-08-28,13.10381699,13.10406601,12.60025529,12.63264696,537160000 ,319038632160 
2020-08-31,13.32981014,13.52963972,12.99418534,13.13870034,500840000 ,324540887540 
2020-09-01,13.77893925,13.95116305,13.39560888,13.43897644,511316000 ,335475833850 
2020-09-02,14.30284119,14.68193399,13.8576992,14.65900327,874012000 ,348231274368 
2020-09-03,12.97588825,13.84224299,12.83955422,13.78666277,945128000 ,315923951278 
2020-09-04,12.58408642,13.13490477,11.66912905,12.74484485,1463684000 ,306384752023 
2020-09-08,11.87674522,12.51180672,11.66863074,11.69878828,795728000 ,289163115969 
2020-09-09,12.67630482,12.77026771,12.19452487,12.36226292,736200000 ,308629993384 
2020-09-10,12.27428055,13.02548731,12.12997049,12.9497184,698684000 ,298841908504 
2020-09-11,12.12748051,12.61399531,11.85954819,12.44750372,636928000 ,295267767901 
2020-09-14,12.83307457,13.27447709,12.5928088,13.04118999,1201744000 ,312446866549 
2020-09-15,12.95146275,13.25827587,12.78870962,13.23958275,727556000 ,315329263469 
2020-09-16,12.47641468,13.05290484,12.47566737,12.91781725,556384000 ,303763268226 
2020-09-17,12.42556858,12.55143462,11.9981234,12.09532652,792512000 ,302525318233 
2020-09-18,12.15215302,12.59405372,11.95226368,12.55542196,698460000 ,295868469460 
2020-09-21,12.47915554,12.48438954,11.86827031,11.8887081,721044000 ,303829999944 
2020-09-22,12.59928894,12.60950784,12.11850732,12.53673005,646452000 ,306754887833 
2020-09-23,12.08685493,12.68826964,12.04249096,12.53722998,647012000 ,294278657095 
2020-09-24,12.31042099,12.5312473,11.97743782,12.03551097,731240000 ,299721819843 
2020-09-25,12.83457088,12.84429158,12.20848278,12.40961859,588016000 ,312483297330 
2020-09-28,12.99532795,13.01202731,12.7111955,13.00056195,573808000 ,316397249587 
2020-09-29,13.18549919,13.40183879,12.89388983,12.89812647,621460000 ,321027348810 
2020-09-30,13.48932362,13.58104364,13.11023084,13.11745861,689184000 ,328424562079 
2020-10-01,13.57306862,13.72086709,13.41978609,13.71613225,525004000 ,330463501661 
2020-10-02,13.02249527,13.47835328,13.01127901,13.18475018,552496000 ,317058692333 
2020-10-05,13.60098267,13.60272733,13.18250985,13.19571988,479820000 ,331143124969 
2020-10-06,13.69469452,14.09896084,13.6234123,13.7879101,784420000 ,333424727455 
2020-10-07,13.92150307,14.07628114,13.82130881,13.95714466,418084000 ,338946835173 
2020-10-08,13.79663563,14.04163818,13.71613185,14.03216659,378900000 ,335906687629 
2020-10-09,13.7208643,13.78217768,13.61917544,13.72510189,346892000 ,334061883014 
2020-10-12,14.18270493,14.30333697,13.87015957,13.94692489,434744000 ,345306316822 
2020-10-13,14.20488739,14.30483254,13.97608602,14.25299075,344604000 ,345846393288 
2020-10-14,14.05235291,14.29909914,13.91751443,14.24700824,276100000 ,342132636185 
2020-10-15,13.92748451,13.96312515,13.72584955,13.76871891,267224000 ,339092465422 
2020-10-16,13.7694664,14.07852338,13.75052417,13.99403113,242392000 ,335245198444 
2020-10-19,13.45667171,13.94094265,13.36594811,13.86068799,298068000 ,327629586240 
2020-10-20,13.60397243,13.75775315,13.46589372,13.54216085,229212000 ,331215916875 
2020-10-21,13.48359013,13.74952867,13.43648413,13.58353528,219596000 ,328284968799 
2020-10-22,13.3203373,13.57032375,13.19148013,13.48134576,290480000 ,324310252134 
2020-10-23,13.54889202,13.55188315,13.25080215,13.40906863,233484000 ,329874874040 
2020-10-26,13.10125732,13.65107928,12.99882019,13.3861381,336896000 ,318976312073 
2020-10-27,13.35597801,13.40109023,13.15135194,13.26550351,250520000 ,325177996660 
2020-10-28,12.58857155,13.21964548,12.57062668,13.1578339,376520000 ,306493951490 
2020-10-29,12.98436451,13.15260077,12.7111982,12.79942889,320080000 ,316130322715 
2020-10-30,12.49585629,12.89713058,12.2625682,12.8108946,416820000 ,304236612973 
2020-11-02,12.5424633,12.79768378,12.35727859,12.61922863,299652000 ,305371354029 
2020-11-03,12.97987556,13.06511511,12.56439397,12.66982221,272900000 ,316021030371 
2020-11-04,13.75226879,13.78541841,13.29641072,13.34850161,410228000 ,334826488259 
2020-11-05,14.11690617,14.29536131,13.94842082,14.11939909,319028000 ,343704314425 
2020-11-06,14.51768303,14.54435123,13.85271313,14.0668089,383348000 ,353462028711 
2020-11-09,13.58926582,14.64678754,13.56932719,14.50821063,582976000 ,330857855001 
2020-11-10,12.73113728,13.56509076,12.58981833,13.56509076,644068000 ,309964999251 
2020-11-11,13.37716579,13.39411426,12.90884496,13.01402412,404744000 ,325693855596 
2020-11-12,13.41579723,13.72410598,13.27547564,13.4379797,365812000 ,326634415246 
2020-11-13,13.25653267,13.62715119,13.01950617,13.58577739,346312000 ,322756800894 
2020-11-16,13.47411919,13.60796031,13.11596243,13.13241173,413776000 ,328054379831 
2020-11-17,13.38140106,13.5548713,13.26326194,13.51125464,312028000 ,325796971657 
2020-11-18,13.38788319,13.56434458,13.14487536,13.42427209,510924000 ,325954791938 
2020-11-19,13.39934635,13.44645235,13.06013185,13.17253876,565936000 ,326233885623 
2020-11-20,13.04792023,13.45343208,13.02523861,13.41305565,341088000 ,317677713768 
2020-11-23,13.10001087,13.34177222,12.97588949,13.13116577,361356000 ,318945964698 
2020-11-24,12.91831493,13.12194271,12.84578625,13.10250227,346500000 ,314522213693 
2020-11-25,13.19447231,13.22911654,12.98037653,12.99283829,259916000 ,321245817403 
2020-11-27,13.220891,13.36669663,13.13041744,13.33429527,167276000 ,321889033149 
2020-11-30,13.36071777,13.37168493,12.93277426,13.22463375,286952000 ,325293395630 
2020-12-01,13.34925079,13.48757861,13.18799225,13.45118972,296948000 ,325014209068 
2020-12-02,13.50327873,13.63188584,13.19397267,13.30986891,283360000 ,328764327295 
2020-12-03,13.35917759,13.62245186,13.29236232,13.55015091,199520000 ,325255896770 
2020-12-04,13.52097988,13.52272506,13.35194547,13.41153083,202244000 ,329195297170 
2020-12-07,13.56934738,13.69350543,13.46289128,13.56386266,223244000 ,330372900700 
2020-12-08,13.31330395,13.56136992,13.24499172,13.54765764,271920000 ,324139011209 
2020-12-09,12.89520645,13.37712778,12.83287825,13.26394012,401300000 ,313959591473 
2020-12-10,12.93659306,13.0328282,12.81418018,12.83362731,207764000 ,314967231128 
2020-12-11,12.97748089,12.98421244,12.78775343,12.93160685,209264000 ,315962727189 
2020-12-14,13.27216625,13.35194627,13.04155212,13.05202321,270156000 ,323137431741 
2020-12-15,13.32377434,13.42698925,13.15050203,13.40280588,193016000 ,324393933802 
2020-12-16,13.20609856,13.40031305,13.17618034,13.38560312,223116000 ,321528881556 
2020-12-17,13.30457878,13.34272361,13.1422759,13.33000803,231384000 ,323926579584 
2020-12-18,13.23552036,13.36815422,13.03457427,13.34222566,342064000 ,322245214274 
2020-12-21,13.29560184,13.33324832,12.93185456,13.03880997,302332000 ,323708018115 
2020-12-22,13.24174881,13.30058664,13.01811542,13.28263647,185580000 ,322396858273 
2020-12-23,12.97349167,13.23851114,12.96925378,13.21956331,179144000 ,315865601658 
2020-12-24,12.9580307,13.09639936,12.90318254,13.00141107,97884000 ,315489173470 
2020-12-28,12.86454105,13.02659477,12.72816767,13.02659477,212564000 ,313212981036 
2020-12-29,12.90767097,13.03656621,12.80694877,12.88947163,170372000 ,314263065222 
2020-12-30,13.10961628,13.17742921,12.86130111,12.95454329,225396000 ,319179827559 
2020-12-31,13.0191164,13.11485225,12.87950087,13.10039244,192424000 ,316976427032 
2021-01-04,13.07745266,13.61497154,12.92686771,13.0682284,560640000 ,318396739903 
2021-01-05,13.36790085,13.40654402,13.05102435,13.06373897,322760000 ,325468281956 
2021-01-06,12.5798254,13.20859213,12.55140414,13.18615394,580424000 ,306281009046 
2021-01-07,13.30731964,13.3409774,12.85107772,12.93185444,461480000 ,323993311302 
2021-01-08,13.24025536,13.38410877,13.00615083,13.32577023,292528000 ,322360497149 
2021-01-11,13.58405876,13.92262601,13.32577085,13.38186585,518344000 ,330731078669 
2021-01-12,13.44768333,13.71669245,13.30831795,13.71469714,291476000 ,327410746141 
2021-01-13,13.49455547,13.58754943,13.34820934,13.45292028,210028000 ,328551942109 
2021-01-14,13.16396618,13.56236797,13.14427082,13.53768624,283120000 ,320503084558 
2021-01-15,12.8241539,13.28862347,12.81318445,13.19164079,277780000 ,312229675007 
2021-01-19,12.98944664,13.05800709,12.80869429,12.9804706,226188000 ,316254057344 
2021-01-20,13.32901096,13.3935827,13.02086032,13.07570849,258572000 ,324521429927 
2021-01-21,13.82938194,13.9607699,13.21657101,13.38161578,337780000 ,336703962160 
2021-01-22,13.67480659,13.80370184,13.58979103,13.70223115,246820000 ,332940516165 
2021-01-25,13.6157198,13.79048812,13.2001154,13.74386656,251112000 ,331501929854 
2021-01-26,13.3983202,13.6072437,13.35070098,13.54317031,163980000 ,326208901862 
2021-01-27,12.88224125,13.19637494,12.75858156,13.1936321,371272000 ,313643927691 
2021-01-28,13.01512527,13.30308221,12.92487416,12.96052628,228316000 ,316879255062 
2021-01-29,12.95404243,13.29809433,12.8760076,13.03905799,271552000 ,315392071157 
2021-02-01,13.20061207,13.23426887,12.86728047,13.01736704,217204000 ,321395302024 
2021-02-02,13.51948357,13.5346909,13.24897849,13.36191791,220440000 ,329158866388 
2021-02-03,13.49330997,13.89345697,13.47934852,13.59851926,245408000 ,328521617953 
2021-02-04,13.62669277,13.63591704,13.30109025,13.49380879,201340000 ,331769088918 
2021-02-05,13.55363846,13.69948715,13.50851291,13.68727087,169152000 ,329990435543 
2021-02-08,14.3990612,14.43396484,13.6895168,13.6895168,434624000 ,350573943110 
2021-02-09,14.22404289,14.54316296,14.18340441,14.30132925,287560000 ,346312772303 
2021-02-10,14.72366714,14.8640302,14.30207964,14.42349486,485352000 ,358477123974 
2021-02-11,15.20882988,15.23027137,14.88397587,14.93907417,450828000 ,370289381083 
2021-02-12,14.92012215,15.24921491,14.73438346,15.00862806,374756000 ,363260213903 
2021-02-16,15.28811073,15.33024523,14.90890597,15.02284211,321960000 ,372219632017 
2021-02-17,14.86502743,15.18165482,14.73937337,15.1292984,274756000 ,361918822782 
2021-02-18,14.78824043,14.83236834,14.53493793,14.68851492,233868000 ,360049289816 
2021-02-19,14.88546944,15.13528057,14.8059386,14.98319962,271724000 ,362416524374 
2021-02-22,14.31628799,15.0916509,14.28562225,14.73413589,325884000 ,348558663799 
2021-02-23,14.10312748,14.1996118,13.35269538,14.03656043,391780000 ,343368844745 
2021-02-24,14.45914268,14.46687189,13.71818512,14.08392766,448320000 ,352036746950 
2021-02-25,13.2709198,14.33523636,13.17992116,14.00689108,824436000 ,323107084366 
2021-02-26,13.67680168,13.81641624,13.32427303,13.71469638,500932000 ,332989090540 
2021-03-01,13.8037014,13.88672261,13.51599461,13.83685986,353184000 ,336078718004 
2021-03-02,13.36939907,13.88223531,13.35917715,13.86179148,264116000 ,325504759175 
2021-03-03,12.76955414,13.41452592,12.76357011,13.38934584,377592000 ,310900334602 
2021-03-04,12.33624744,12.93933579,12.05053497,12.76556415,573344000 ,300350616523 
2021-03-05,12.42724514,12.51550189,11.64714504,12.51550189,542840000 ,302566137425 
2021-03-08,11.56138325,12.43696915,11.53470621,12.41577779,543112000 ,281484997924 
2021-03-09,12.49014473,12.58641213,12.03025279,12.10108216,521824000 ,304097553732 
2021-03-10,12.43826866,12.94878736,12.42754469,12.80962314,384376000 ,302834527102 
2021-03-11,12.96225643,13.01488018,12.70387938,12.91886108,299916000 ,315592057340 
2021-03-12,12.82508755,12.85775893,12.55972735,12.61783676,243964000 ,312252406514 
2021-03-15,13.15953064,13.17499344,12.73655039,12.83381579,221988000 ,320395092484 
2021-03-16,13.25928974,13.4800073,13.08520888,13.32438228,272128000 ,322823927337 
2021-03-17,13.30917168,13.42090189,12.95826708,13.00839631,243864000 ,324038402811 
2021-03-18,12.69190693,13.15229736,12.68642031,13.10491192,293896000 ,309009858001 
2021-03-19,12.81486225,12.89043046,12.58217344,12.71934263,299208000 ,312003451232 
2021-03-22,13.15454197,13.36229126,12.87571405,12.88170014,297804000 ,320273633327 
2021-03-23,13.03932095,13.31241205,12.98993951,13.22237905,222048000 ,317468347066 
2021-03-24,12.61259651,13.12760567,12.60636211,13.11962454,245840000 ,307078887274 
2021-03-25,12.50510693,12.68417587,12.24249055,12.46944346,295144000 ,304461838326 
2021-03-26,12.8083744,12.82533372,12.34374468,12.52430917,363968000 ,311845491636 
2021-03-29,12.9171133,13.03108875,12.66946026,12.78942085,273520000 ,314492957616 
2021-03-30,12.84079838,12.94404987,12.67444939,12.81112004,200204000 ,312634918109 
2021-03-31,13.31615162,13.43810725,12.95128083,12.98420147,314776000 ,324208343467 
2021-04-01,13.77853966,13.83664907,13.47876135,13.5396155,308276000 ,335466105043 
2021-04-05,13.95386791,13.98030394,13.69997946,13.83415656,255672000 ,339734822061 
2021-04-06,13.82816792,14.0204544,13.74038018,13.96608582,191744000 ,336674404235 
2021-04-07,14.10949135,14.20925032,13.67852996,13.84737252,251284000 ,343523785856 
2021-04-08,14.2825737,14.4367022,14.21473642,14.2184782,244416000 ,347737821873 
2021-04-09,14.36537552,14.37335666,14.14091709,14.17982288,195172000 ,349753797756 
2021-04-12,15.17242908,15.31558436,14.1052515,14.25538992,869324000 ,369403130927 
2021-04-13,15.64179707,15.66224795,15.08937856,15.19487436,676212000 ,380830833159 
2021-04-14,15.24026775,15.68270095,15.19088631,15.58743058,385500000 ,371054798997 
2021-04-15,16.09844971,16.17526423,15.5939151,15.6248407,598480000 ,391948955017 
2021-04-16,15.8742342,16.12687531,15.82709708,16.01439544,335208000 ,386489980056 
2021-04-19,15.32481289,15.76949134,15.19637262,15.49914304,404420000 ,373113219411 
2021-04-20,15.13477135,15.45973749,14.92702203,15.28640534,334132000 ,368486277987 
2021-04-21,15.32356644,15.32556148,15.06593716,15.082397,216776000 ,373082872036 
2021-04-22,14.81454277,15.40137848,14.74795275,15.33803076,277788000 ,360689672831 
2021-04-23,15.22854328,15.29812539,14.86442119,14.89833888,227500000 ,370769343276 
2021-04-26,15.44078159,15.44177959,15.08863072,15.14848687,197796000 ,375936709453 
2021-04-27,15.3447628,15.63281816,15.31757804,15.54103938,164572000 ,373598939943 
2021-04-28,15.24001789,15.49490435,15.17891543,15.32755734,209416000 ,371048715590 
2021-04-29,15.28790283,15.39938379,15.03526163,15.36297157,173196000 ,372214570251 
2021-04-30,14.9734087,15.32805411,14.96093895,15.13801286,201912000 ,364557581595 
2021-05-03,14.80107498,15.21008898,14.75194375,15.08863185,203912000 ,360361772579 
2021-05-04,14.31674194,14.60230377,13.97656228,14.6020545,405324000 ,348569716095 
2021-05-05,14.42373276,14.77787961,14.35290339,14.67363013,292024000 ,351174621449 
2021-05-06,14.48807812,14.53621229,14.18381216,14.46039483,193380000 ,352741237924 
2021-05-07,14.77663326,14.93475186,14.63647103,14.77264317,229328000 ,359766690045 
2021-05-10,14.23144817,14.77039898,14.21573611,14.75169387,268904000 ,346493068681 
2021-05-11,14.27184772,14.32023116,13.71693571,13.79175517,285584000 ,347476676558 
2021-05-12,13.72541904,14.22596262,13.67628781,13.97581499,303408000 ,334172777476 
2021-05-13,13.63239098,14.04689252,13.42663673,14.00000465,285404000 ,331907823092 
2021-05-14,14.20875263,14.29354829,13.7154415,13.85660174,258616000 ,345940500335 
2021-05-17,14.13143539,14.13517622,13.82018635,14.12295574,216980000 ,344058057545 
2021-05-18,13.98204899,14.36961505,13.97032702,14.23269512,186256000 ,340420946719 
2021-05-19,14.03192616,14.04564317,13.51068257,13.53387629,344000000 ,341635306098 
2021-05-20,14.57736397,14.64844261,14.23618631,14.26810895,321592000 ,354915080526 
2021-05-21,14.95570278,15.18539951,14.83374712,15.12728915,672992000 ,364126495625 
2021-05-24,15.57446003,15.70713964,15.13950761,15.17591982,554816000 ,379191378341 
2021-05-25,15.61012554,15.78046465,15.44527305,15.72809111,435408000 ,380059726563 
2021-05-26,15.6622467,15.75577127,15.54877073,15.6964146,370440000 ,381328720505 
2021-05-27,15.45075703,15.7121271,15.42282448,15.66199788,581476000 ,376179581328 
2021-05-28,16.20544052,16.23836212,15.46372941,15.46372941,644536000 ,394553860371 
2021-06-01,16.22539139,16.34884451,15.8650101,16.23087895,472804000 ,395039604122 
2021-06-02,16.7379055,16.87806868,16.19646117,16.21317123,594168000 ,407517785265 
2021-06-03,16.92894554,17.21750136,16.54312622,16.66059325,580008000 ,412169037096 
2021-06-04,17.53598213,17.61853157,17.05439302,17.07135043,617120000 ,426948556967 
2021-06-07,17.57663345,17.76966869,17.15140985,17.5289997,575756000 ,427938294689 
2021-06-08,17.41502571,17.57912946,17.20951976,17.48510635,323848000 ,424003630987 
2021-06-09,17.32048035,17.53675982,17.21820436,17.47763886,381656000 ,421701735001 
2021-06-10,17.38708305,17.4539386,17.13862622,17.31224739,287772000 ,423323311106 
2021-06-11,17.78646469,17.90021696,17.40579455,17.4414662,416308000 ,433047055836 
2021-06-14,17.97953987,18.00024476,17.62431554,17.86703612,321376000 ,437747857244 
2021-06-15,17.74979019,17.97704536,17.68942265,17.876016,243032000 ,432154141796 
2021-06-16,17.77149391,17.91568021,17.54623518,17.75203752,307124000 ,432682562269 
2021-06-17,18.61665535,18.79401824,17.71761666,17.73582646,809656000 ,453259707800 
2021-06-18,18.59819221,19.33284006,18.54356091,18.74312647,968856000 ,452810185858 
2021-06-21,18.38715172,18.49616501,17.78396731,18.39513373,672384000 ,447671982882 
2021-06-22,18.84564972,18.92248373,18.34598981,18.43130447,580144000 ,458835033714 
2021-06-23,19.0157795,19.11107263,18.86660492,18.9663877,332356000 ,462977183371 
2021-06-24,19.16370583,19.37773947,19.04671054,19.18590853,320924000 ,466578745741 
2021-06-25,18.98958778,19.30340422,18.85338541,19.23854513,278364000 ,462339493773 
2021-06-28,19.94151688,20.03506289,19.27696561,19.31912336,495436000 ,485516111385 
2021-06-29,19.98317337,20.0550153,19.61422695,19.83923638,367632000 ,486530322048 
2021-06-30,19.95897675,20.11862845,19.82052858,19.9557337,326568000 ,485941206825 
2021-07-01,20.16801834,20.41148688,19.97543752,20.08120776,480136000 ,491030742550 
2021-07-02,20.44242096,20.46063266,20.24360525,20.39577357,342764000 ,497711623100 
2021-07-06,20.65345955,20.79664667,20.30596791,20.69237424,446708000 ,502849779638 
2021-07-07,20.3274231,20.8295782,20.28776044,20.80812535,418428000 ,494911770111 
2021-07-08,19.85944176,20.08919014,19.65788164,19.81329301,503300000 ,483517828463 
2021-07-09,20.00662231,20.03655772,19.71126684,19.91906376,296624000 ,487101233490 
2021-07-12,20.46786499,20.48806934,20.14382076,20.19595697,321984000 ,498331108917 
2021-07-13,20.20593452,20.41672513,20.07023079,20.35610637,290708000 ,491953887869 
2021-07-14,19.79832268,20.37331879,19.70976687,20.31344989,380100000 ,482029762232 
2021-07-15,18.92498207,19.80381636,18.81746658,19.76864335,550564000 ,460766538481 
2021-07-16,18.12148094,19.11531393,18.03367308,18.98909002,688224000 ,441203696489 
2021-07-19,18.73888588,19.00056422,17.82662397,17.876267,749060000 ,456235654509 
2021-07-20,18.57150459,18.79701271,18.12447937,18.68924789,434687000 ,452160422323 
2021-07-21,19.36776352,19.4845095,18.70121782,18.84091257,371017000 ,471546938404 
2021-07-22,19.55136871,19.8437305,19.2340598,19.59926461,323826000 ,476017174065 
2021-07-23,19.51544189,19.6571331,19.20811155,19.61322822,195672000 ,475142463806 
2021-07-26,19.25201988,19.39969667,18.87284564,19.26898309,203943000 ,468728928072 
2021-07-27,19.16620445,19.57930317,18.70021966,19.22307963,248863000 ,466639579805 
2021-07-28,19.46056175,19.60325023,18.95366774,19.27696212,202191000 ,473806296984 
2021-07-29,19.61921692,19.8098013,19.28594215,19.47652653,190781000 ,477669074326 
2021-07-30,19.45657539,19.58728898,19.22108881,19.37575035,183497000 ,473709241110 
2021-08-02,19.70702744,19.91756878,19.31887389,19.65713699,217444000 ,479806996967 
2021-08-03,19.77188683,20.17800086,19.17818022,19.69704925,301811000 ,481386128542 
2021-08-04,20.2298851,20.27378998,19.78485452,19.94650267,231309000 ,492537012562 
2021-08-05,20.59209633,20.68788812,20.29773813,20.45539529,211435000 ,501355769316 
2021-08-06,20.32168579,20.52524239,20.16602509,20.47934295,178497000 ,494772083954 
2021-08-09,20.25083923,20.4633751,20.09916955,20.40150974,146443000 ,493047182816 
2021-08-10,19.89262009,20.38554463,19.79183813,20.27777983,179238000 ,484325621250 
2021-08-11,19.65613174,20.00537048,19.38771802,19.99938302,185925000 ,478567839581 
2021-08-12,19.86168861,19.98541744,19.57730891,19.82676492,151652000 ,483572532682 
2021-08-13,20.14406967,20.17001407,19.80780311,19.86168645,183063000 ,490447664295 
2021-08-16,19.90659142,20.24285803,19.4106712,20.09118834,210876000 ,484665781191 
2021-08-17,19.41566277,19.72698418,19.22507837,19.64216814,204585000 ,472713141352 
2021-08-18,18.99856758,19.59127483,18.95865371,19.45756565,285913000 ,462558124899 
2021-08-19,19.75491905,20.45040285,18.72117223,19.45157972,766555000 ,480973014162 
2021-08-20,20.77070618,20.81959934,19.88962809,19.94750054,675741000 ,505704383286 
2021-08-23,21.9102211,21.9491358,20.90441502,20.92536923,575807000 ,533448153118 
2021-08-24,21.74558449,21.91122369,21.48814639,21.70567251,297299000 ,529439745527 
2021-08-25,22.16466331,22.42110405,21.67473252,21.68969927,347701000 ,539643057726 
2021-08-26,22.01998329,22.29139081,21.74258831,22.15169604,237940000 ,536120533201 
2021-08-27,22.58674812,22.67256145,22.11876871,22.13573192,304722000 ,549919556555 
2021-08-30,22.63862991,22.99285697,22.5019289,22.78032111,262580000 ,551182722500 
2021-08-31,22.34022903,22.64960848,22.07575966,22.64960848,259850000 ,543917556301 
2021-09-01,22.39612007,22.65160861,22.31228843,22.4400327,201767000 ,545278335379 
2021-09-02,22.35121155,22.54781808,22.2504137,22.47296731,187834000 ,544184947556 
2021-09-03,22.7973156,22.94002925,22.15560191,22.28035192,280532000 ,555046242853 
2021-09-07,22.61667442,22.85319991,22.47695314,22.78733193,198107000 ,550648172182 
2021-09-08,22.29432297,22.56478088,21.93304555,22.46797476,254434000 ,542799881290 
2021-09-09,22.13265038,22.49292851,22.08674284,22.26738063,196856000 ,538863638689 
2021-09-10,22.43304253,22.58074532,22.22545836,22.30330147,248376000 ,546177286386 
2021-09-13,22.10769844,22.91807479,21.81428579,22.63863408,297500000 ,538256133932 
2021-09-14,22.1975174,22.36518067,22.04182925,22.23045044,199755000 ,540442956017 
2021-09-15,22.29631996,22.32226894,21.92206992,22.26438437,166538000 ,542848502104 
2021-09-16,22.1975174,22.23244724,21.88314685,22.13863538,156033000 ,540442956017 
2021-09-17,21.85619926,22.27635679,21.78633957,22.25539888,294503000 ,532132883493 
2021-09-20,21.07077408,21.39013376,20.62067588,21.10370712,349440000 ,513010136486 
2021-09-21,21.20350647,21.3821474,20.90809897,21.37416398,204688000 ,516241772018 
2021-09-22,21.89711761,21.91607872,21.15360679,21.32326686,268726000 ,533129122566 
2021-09-23,22.43703651,22.48993001,21.84621955,22.09571955,248555000 ,546274528013 
2021-09-24,22.03683472,22.1046995,21.81727543,22.02585704,217655000 ,536530814850 
2021-09-27,21.61668205,21.75540401,21.28235293,21.6665813,245215000 ,526301357935 
2021-09-28,20.65760231,21.37616356,20.60969797,21.17157363,343069000 ,502950643446 
2021-09-29,20.47596741,20.97496744,20.42606626,20.89812177,218394000 ,498528378464 
2021-09-30,20.67456627,21.02386663,20.64662239,20.72646231,221009000 ,503363664949 
2021-10-01,20.70052147,20.81728617,20.16259788,20.70850489,240978000 ,503995596209 
2021-10-04,19.69253731,20.50091681,19.51589125,20.46299271,345635000 ,479454205832 
2021-10-05,20.41009903,20.60670554,19.81429288,19.91010156,279282000 ,496924681072 
2021-10-06,20.65859985,20.67855841,20.03983904,20.07975996,297202000 ,502974930634 
2021-10-07,21.03285217,21.27935793,20.93005753,21.04981647,256919000 ,512086851852 
2021-10-08,20.78933907,21.1635891,20.7334513,21.05879954,151258000 ,506158038229 
2021-10-11,20.65361023,21.02087427,20.46997821,20.53385129,163388000 ,502853448257 
2021-10-12,20.62965202,21.0148796,20.48693841,20.78633757,162134000 ,502270137812 
2021-10-13,20.89712334,20.94802194,20.67157548,20.87616543,180652000 ,508782261881 
2021-10-14,21.70250702,21.71148789,21.07975451,21.24542286,243589000 ,528390938393 
2021-10-15,21.81827736,21.88713961,21.61867848,21.76638131,226994000 ,531209598860 
2021-10-18,22.17756081,22.24642306,21.60071566,21.70550713,189494000 ,539957072950 
2021-10-19,22.24542046,22.33424125,21.9929262,22.23144661,161473000 ,541609251841 
2021-10-20,22.05879402,22.38813394,21.93803574,22.26038968,146276000 ,537065458044 
2021-10-21,22.64661789,22.6655809,22.03883657,22.05280851,187590000 ,551377205753 
2021-10-22,22.68054581,23.0837371,22.51587681,22.77735192,249384000 ,552203248760 
2021-10-25,23.11966515,23.3082863,22.72445729,22.92705038,230235000 ,562894487307 
2021-10-26,24.6675663,25.20848405,23.87615299,23.94102353,485898000 ,600581236692 
2021-10-27,24.4020977,25.03981963,24.23343508,24.42505242,245990000 ,594117872751 
2021-10-28,24.89112091,24.90010369,24.47395759,24.82824718,234204000 ,606024120811 
2021-10-29,25.51586342,25.65757961,24.94999803,24.95099548,292503000 ,621234726652 
2021-11-01,25.77534866,25.84221411,25.17654821,25.59770515,265740000 ,627552413906 
2021-11-02,26.34819603,26.62464245,25.74839822,25.77035548,294112000 ,641499528734 
2021-11-03,26.54480553,26.73043436,26.18253254,26.61666203,239910000 ,646286380159 
2021-11-04,29.74140167,31.30227301,27.06376683,27.1745449,1153631000 ,724113906517 
2021-11-05,29.69249344,31.33719606,29.35117652,30.12662286,851260000 ,722923137753 
2021-11-08,30.74239159,31.0377991,29.84718436,30.08870093,503101000 ,748485007952 
2021-11-09,30.59568596,32.24538176,29.90407306,32.21743788,646746000 ,744913166040 
2021-11-10,29.40008354,30.78830238,28.72044574,29.2972908,636206000 ,715803833994 
2021-11-11,30.32921982,30.52882058,29.71744685,30.40706484,332172000 ,738425514912 
2021-11-12,30.32921982,30.61864074,29.57073958,29.94998065,413054000 ,738425514912 
2021-11-15,29.96495056,30.58271206,29.18850666,30.490897,384909000 ,729556651321 
2021-11-16,30.14259148,30.32921774,29.64658576,29.69948116,264484000 ,733881674677 
2021-11-17,29.20247841,30.44798354,28.74239996,30.35716403,428508000 ,710992741819 
2021-11-18,31.61165237,32.69448157,31.25836025,32.30226978,781711000 ,769648900356 
2021-11-19,32.91902542,33.02182004,31.84118567,32.17850896,533867000 ,801479511929 
2021-11-22,31.89209175,34.5777101,31.83620399,33.44996888,754335000 ,776476757864 
2021-11-23,31.68251038,32.29528274,30.81824119,31.47193192,532163000 ,771374080124 
2021-11-24,32.60865021,32.78928796,30.866142,31.39807692,435162000 ,793922806602 
2021-11-26,31.43999672,32.64458164,31.28730283,32.53480102,283069000 ,765469600126 
2021-11-29,33.30924606,33.34517336,31.97192597,32.30126778,454964000 ,810980213902 
2021-11-30,32.61064148,33.28628932,31.80026724,33.10265543,622066000 ,793971288101 
2021-12-01,31.37597656,33.22649745,31.32107953,33.15662919,484368000 ,763910901367 
2021-12-02,32.0656662,32.41700632,30.96673407,31.1553802,472890000 ,780702774940 
2021-12-03,30.63536644,32.06867079,30.07342199,31.9399114,544325000 ,745879266710 
2021-12-06,29.98060226,30.1842178,27.9853551,29.82389556,658938000 ,729937723331 
2021-12-07,32.36611176,32.38807362,30.59344738,30.89887448,593053000 ,788017722908 
2021-12-08,31.76623726,32.22936666,31.36199708,31.93891273,475551000 ,773412578543 
2021-12-09,30.43274307,32.14452456,30.37085923,31.67440647,488507000 ,740945995586 
2021-12-10,30.14129448,31.24621612,29.8049274,31.09150649,488825000 ,733850096689 
2021-12-13,28.10811806,30.237114,28.06320248,30.19219842,598344000 ,684348350340 
2021-12-14,28.28378677,28.62414603,27.19882812,27.64698437,667035000 ,688625356579 
2021-12-15,30.40180969,30.44273308,27.7857306,28.34667566,698297000 ,740192860580 
2021-12-16,28.33369255,31.10148598,28.04024592,31.09350158,707366000 ,689840412531 
2021-12-17,27.74879837,28.86769375,27.70787499,27.93245289,713758000 ,675599993923 
2021-12-20,27.66695213,28.09115335,27.09403052,27.25372994,461847000 ,673607283587 
2021-12-21,29.02040482,29.06532039,27.3495465,28.32072091,524385000 ,706559796047 
2021-12-22,29.34479332,29.49950295,28.39557886,28.83675023,395184000 ,714457682955 
2021-12-23,29.58433723,30.002551,29.37573009,29.69912104,343022000 ,720289858648 
2021-12-27,30.88689041,31.02862396,29.58434067,29.60430357,403686000 ,752003120846 
2021-12-28,30.26506233,31.27116895,29.95564307,31.2532031,420591000 ,736863472601 
2021-12-29,29.94466591,30.49063968,29.31085803,30.21615643,343139000 ,729062780882 
2021-12-30,29.5304451,30.39980986,29.48453195,29.77099178,308864000 ,718977746822 
2021-12-31,29.35577393,29.97361301,29.27592422,29.61828058,266530000 ,714725027771 
2022-01-03,30.06443977,30.65333204,29.72907026,29.75901462,391547000 ,731978915167 
2022-01-04,29.2349968,30.41078411,28.29576393,30.22014281,527154000 ,711784466984 
2022-01-05,27.55216789,29.36076576,27.48130206,28.89464169,498064000 ,670812631678 
2022-01-06,28.12508583,28.38459782,27.0141769,27.588096,454186000 ,684761464720 
2022-01-07,27.19583702,28.36863182,27.00619326,28.08815933,409939000 ,662137043947 
2022-01-10,27.3485508,27.41742148,25.59584751,26.53108838,594681000 ,665855166243 
2022-01-11,27.76476669,28.01230211,26.78860437,27.27169481,404089000 ,675988774677 
2022-01-12,27.94642639,28.54130604,27.55615983,28.0142976,383413000 ,680411643356 
2022-01-13,26.5250988,28.42652041,26.44824182,28.32571024,540171000 ,645806580500 
2022-01-14,26.89140511,27.14592731,26.16077938,26.25061052,395832000 ,654725040106 
2022-01-18,25.85436058,26.58798105,25.7216109,26.21069057,424270000 ,629476117052 
2022-01-19,25.01992607,26.49315412,25.00495485,26.03002667,488315000 ,609160140055 
2022-01-20,24.1046524,25.53096998,24.0327871,25.25648674,435181000 ,586875972099 
2022-01-21,23.33011055,24.77638913,23.21931892,23.46286023,718958000 ,568018201559 
2022-01-24,23.32811165,23.33609605,20.84877687,22.28806851,913982000 ,567969534307 
2022-01-25,22.2820797,22.89991873,21.95868869,22.50366295,664616000 ,542501794374 
2022-01-26,22.72924042,24.01182742,22.25812657,23.19636207,755959000 ,553388816444 
2022-01-27,21.90279007,23.94993895,21.63429424,23.52374079,573353000 ,533267229824 
2022-01-28,22.79711342,22.81507927,21.25601197,21.97066714,543774000 ,555041320402 
2022-01-31,24.4400177,24.46297522,23.0087106,23.13846563,564680000 ,595041110947 
2022-02-01,24.59173584,25.09778378,23.84513932,25.0568604,518925000 ,598734992493 
2022-02-02,25.19460297,25.76852213,24.50689564,25.74556651,543419000 ,613412998421 
2022-02-03,23.9030304,25.02991007,23.7353466,24.41207295,410178000 ,581967081039 
2022-02-04,24.2733326,24.58873918,23.58762241,23.92698409,354829000 ,590982828711 
2022-02-07,24.68156624,25.13471228,24.15655299,24.32623384,376868000 ,600922093206 
2022-02-08,25.06085205,25.1826227,23.93496995,24.31325797,410359000 ,610156564880 
2022-02-09,26.65485382,26.67481672,25.30539329,25.57388727,524282000 ,648965725975 
2022-02-10,25.7755127,26.87444531,25.55193425,25.94619306,513200000 ,627556407593 
2022-02-11,23.90402794,26.10289216,23.72835974,25.86733526,605472000 ,581991368227 
2022-02-14,24.22142982,24.82828788,23.71039026,23.88905497,440424000 ,589719151945 
2022-02-15,26.44525337,26.49515873,24.73746553,24.90215474,699869000 ,643862583853 
2022-02-16,26.46121788,26.53208561,25.50401904,26.20969218,732676000 ,644251271730 
2022-02-17,24.46097946,25.73657945,24.11962263,25.58186983,810595000 ,595551466953 
2022-02-18,23.59760284,24.93907881,23.05662085,24.62167519,761255000 ,574530836449 
2022-02-22,23.34607697,24.0188111,22.95680993,22.99174405,633422000 ,568406935875 
2022-02-23,22.34495735,24.10963868,22.25912032,23.75730096,566511000 ,544032676641 
2022-02-24,23.70340538,23.75530778,20.85077231,20.97553758,735801000 ,577106810793 
2022-02-25,24.11163712,24.17152391,23.33709523,23.67645693,528866000 ,587046028851 
2022-02-28,24.33921051,24.61868542,23.66248415,23.94694883,477319000 ,592586758293 
2022-03-01,23.43291092,24.3312223,23.08855949,24.24538336,412056000 ,570521082150 
2022-03-02,24.17863846,24.36731678,23.37501477,23.71543204,389642000 ,588677310543 
2022-03-03,23.67350388,24.28445826,23.42892143,24.22056648,365095000 ,576378798862 
2022-03-04,22.89682961,23.63955845,22.4436045,23.34406444,431415000 ,557469110395 
2022-03-07,21.31553268,22.9936634,21.2935709,22.7780308,450821000 ,518969274265 
2022-03-08,21.47725868,22.33479095,20.61473389,21.27260885,557467000 ,522906817137 
2022-03-09,22.97469521,23.18034276,22.20900494,22.34876523,492742000 ,559364904173 
2022-03-10,22.61930656,22.74908372,21.84463081,22.49252264,428066000 ,550712256922 
2022-03-11,22.06225967,23.10547518,22.00835104,22.98268413,367209000 ,537149836285 
2022-03-14,21.29356956,22.22397697,21.12286209,21.83164854,385354000 ,518434538195 
2022-03-15,22.93376923,22.99865876,21.28558952,21.48125396,491996000 ,558368479347 
2022-03-16,24.45416832,24.55499567,23.13242992,23.45986891,671422000 ,595385636080 
2022-03-17,24.72370338,24.79957189,23.86517155,24.07880677,471941000 ,601948006300 
2022-03-18,26.40782356,26.52362659,24.5819485,24.75664888,730719000 ,642951280279 
2022-03-21,26.68834496,27.1056323,25.92265458,26.46173332,591727000 ,649781134630 
2022-03-22,26.47870255,27.19148388,26.0274748,26.68135498,547007000 ,644676970867 
2022-03-23,25.59022713,26.56655579,25.53132786,26.08138564,502120000 ,623045259863 
2022-03-24,28.1019268,28.27163656,25.86275723,26.1213157,877379000 ,684197611887 
2022-03-25,27.64471436,28.3095775,27.2244337,27.83838334,579016000 ,673065860413 
2022-03-28,28.17080879,28.20175599,27.15953826,27.70860014,425494000 ,685874681662 
2022-03-29,28.6070652,28.89656899,27.93221899,28.64599816,488984000 ,696496216444 
2022-03-30,27.64271545,28.44733884,27.45603451,28.25566727,463487000 ,673017193161 
2022-03-31,27.23939896,28.1997559,27.22342744,27.73455215,523440000 ,663197646389 
2022-04-01,26.66638374,27.4490453,26.22214398,27.32825164,517235000 ,649246444998 
2022-04-04,27.31327438,27.51093619,26.56755039,26.68235376,397120000 ,664996291416 
2022-04-05,25.88671875,27.27234902,25.77590824,27.20745949,436615000 ,630263941406 
2022-04-06,24.3653183,25.25679292,23.9620089,24.89141874,703833000 ,593222404610 
2022-04-07,24.1666584,24.67978054,23.43790553,24.39926029,557992000 ,588385632101 
2022-04-08,23.07951927,23.88214714,23.0226174,23.87615687,524781000 ,561917055712 
2022-04-11,21.87957001,22.28188164,21.62300894,22.17606367,575207000 ,532701890968 
2022-04-12,21.46727753,22.68619311,21.24565651,22.49851443,662258000 ,522663805946 
2022-04-13,22.16508102,22.46157469,21.41835926,21.69089375,516943000 ,539653227695 
2022-04-14,21.22170067,22.73810793,21.12686357,22.46657111,569097000 ,516684746172 
2022-04-18,21.74580383,22.05028141,21.04300553,21.16379919,525701000 ,529445085922 
2022-04-19,22.16008949,22.33478986,21.27759844,21.6829052,512781000 ,539531698881 
2022-04-20,21.44531631,22.63128734,21.16379829,22.47854873,468974000 ,522129116314 
2022-04-21,20.14853477,22.35376218,19.96584671,21.67192795,656209000 ,490556376162 
2022-04-22,19.48167801,20.45102072,19.46670423,20.26833263,624713000 ,474320414486 
2022-04-25,19.86801147,19.91093731,19.06338822,19.16920618,641566000 ,483726475372 
2022-04-26,18.75591278,19.75420492,18.63811428,19.68432477,653143000 ,456650208473 
2022-04-27,18.38355446,19.13426921,18.25876792,18.56624062,499460000 ,447584400404 
2022-04-28,19.74821663,20.00278222,18.45842324,18.93460792,570327000 ,480809830267 
2022-04-29,18.51532745,20.09362689,18.485378,19.36886688,500435000 ,450792677513 
2022-05-02,19.49964714,19.54057559,18.35959698,18.50934046,572049000 ,474757908930 
2022-05-03,19.56852341,19.79114405,19.10032449,19.36686871,475751000 ,476434839390 
2022-05-04,20.29927063,20.36515789,18.7189741,19.88897329,648855000 ,494226342026 
2022-05-05,18.81182289,19.89097641,18.46841042,19.83307679,626331000 ,458011451933 
2022-05-06,18.64310837,19.47867894,17.95927866,18.70400502,633297000 ,453903759434 
2022-05-09,16.92105484,18.22382466,16.79826379,18.0032033,644455000 ,411976922192 
2022-05-10,17.56495094,18.16692179,16.99592468,17.65879027,761474000 ,427653860609 
2022-05-11,16.60160065,17.72268403,16.53970815,17.31737721,670167000 ,404199170952 
2022-05-12,16.14737701,16.75933106,15.54041645,16.1913025,708728000 ,393140188164 
2022-05-13,17.67576218,17.89738318,16.56466392,16.75933061,670437000 ,430351781712 
2022-05-16,17.23452187,17.75762731,17.07679261,17.47910437,521446000 ,419608903868 
2022-05-17,18.14595795,18.33962688,17.603886,18.04313321,585830000 ,441799638130 
2022-05-18,16.90907478,18.08706001,16.83520175,17.67476518,545161000 ,411685243750 
2022-05-19,17.09475899,17.65679731,16.70542367,16.90807804,621310000 ,416206097067 
2022-05-20,16.6654892,17.38026597,15.72809275,17.30240007,739105000 ,405754665474 
2022-05-23,16.86914444,16.88611561,16.15137239,16.24620948,639889000 ,410713059673 
2022-05-24,16.12641144,16.56865567,15.75305056,16.48180436,588550000 ,392629739281 
2022-05-25,16.94601059,17.08177801,15.97267531,15.99264161,781132000 ,412584519825 
2022-05-26,17.82051468,18.06110233,15.99463769,16.00861372,996575000 ,433876070889 
2022-05-27,18.77887535,18.8487555,18.06908916,18.15494273,738379000 ,457209278170 
2022-05-31,18.64011383,19.16721202,18.31866322,18.9475865,664100000 ,453830851433 
2022-06-01,18.28871155,19.02045948,18.09104975,18.6920228,544514000 ,445275260056 
2022-06-02,19.55854225,19.58549657,18.16692365,18.26076299,648656000 ,476191828199 
2022-06-03,18.68803406,19.29899046,18.4903722,19.04941734,598779000 ,454997565201 
2022-06-06,18.75391579,19.30397536,18.53229481,19.10631356,422406000 ,456601587660 
2022-06-07,18.89368057,18.96755361,18.15693999,18.4404554,388914000 ,460004440899 
2022-06-08,18.62009239,19.1512958,18.50726064,18.77086548,363252000 ,453343389467 
2022-06-09,18.02098465,18.90466014,18.01399516,18.45333706,395574000 ,438756913265 
2022-06-10,16.94859695,17.67051446,16.84375265,17.57365951,465248000 ,412647490047 
2022-06-13,15.62358093,16.28758557,15.58264193,15.97605227,604153000 ,380387324966 
2022-06-14,15.81230068,16.04195601,15.38893449,15.70745733,469680000 ,384982084706 
2022-06-15,16.50226402,16.84275324,15.90216277,16.0709095,563936000 ,401780622164 
2022-06-16,15.57765007,15.91814026,15.3779496,15.83626225,545749000 ,379269046259 
2022-06-17,15.8562336,15.97106126,15.30505969,15.62458047,630334000 ,386051719381 
2022-06-21,16.54120445,16.98254232,16.38244204,16.45034105,483089000 ,402728704805 
2022-06-22,16.33551598,16.63706404,16.15578506,16.20171575,437135000 ,397720807467 
2022-06-23,16.20071411,16.56017395,15.82927024,16.49427276,463680000 ,394438786469 
2022-06-24,17.1003685,17.11434749,16.28558975,16.47530593,472153000 ,416342671864 
2022-06-27,16.84375,17.30406042,16.60111369,17.28608771,427968000 ,410094781250 
2022-06-28,15.95808029,17.17625365,15.92113501,16.8747056,461149000 ,388531380863 
2022-06-29,15.51873684,15.79632061,15.1472939,15.79033003,482352000 ,377834685826 
2022-06-30,15.13631153,15.54370086,14.83975613,15.33800886,686070000 ,368523776847 
2022-07-01,14.50126171,15.0404534,14.37045823,14.87669932,577610000 ,353062218881 
2022-07-05,14.94160271,14.9485922,14.03396379,14.15378407,651397000 ,363783201105 
2022-07-06,15.10735321,15.29607044,14.76686307,14.98753294,529066000 ,367818728615 
2022-07-07,15.83426476,15.92113443,15.36596686,15.43286696,492903000 ,385516843996 
2022-07-08,15.81429768,16.01300022,15.36596928,15.40690828,467972000 ,385030705520 
2022-07-11,15.1293211,15.5037598,15.01549141,15.5027609,437321000 ,368353580781 
2022-07-12,15.05942726,15.40790491,14.85473415,15.24514875,458483000 ,366651875532 
2022-07-13,15.14130306,15.35198769,14.44334987,14.56816278,521918000 ,368645305661 
2022-07-14,15.3489933,15.44984197,14.70595709,15.08538848,456235000 ,373701939909 
2022-07-15,15.73840904,15.75837861,15.42188311,15.63556352,385935000 ,383183044954 
2022-07-18,16.07690239,16.87171059,15.97805153,16.27760178,670517000 ,391424342478 
2022-07-19,16.96656799,17.08439141,16.14779562,16.46132482,702366000 ,413085030930 
2022-07-20,17.78034782,17.9061606,16.77585487,16.92163626,760538000 ,432898128473 
2022-07-21,18.02298164,18.11684081,17.51873838,17.85822961,557049000 ,438805534079 
2022-07-22,17.29308128,17.94011032,17.11135255,17.86622166,536671000 ,421034650011 
2022-07-25,16.9985218,17.09837252,16.62408304,16.99352822,480748000 ,413863010382 
2022-07-26,16.508255,16.89367694,16.45333702,16.86372115,397865000 ,401926484604 
2022-07-27,17.76337242,17.90915379,16.88768433,17.00650569,569776000 ,432484828341 
2022-07-28,17.95707893,18.11284555,17.41389453,17.94809353,474646000 ,437201000799 
2022-07-29,18.13581467,18.21669281,17.66551896,17.78633815,435460000 ,441552679691 
2022-08-01,18.41339874,18.81779325,17.96307356,18.15478562,476469000 ,448311019188 
2022-08-02,18.49827194,18.90965597,18.06492148,18.09487726,489527000 ,450377426975 
2022-08-03,18.86472321,18.93961172,18.10985416,18.1567847,418146000 ,459299415886 
2022-08-04,19.18623924,19.24515095,18.73192036,18.82078785,409652000 ,467127366838 
2022-08-05,18.96057892,19.20021947,18.63806241,18.78184598,386068000 ,461633214928 
2022-08-08,17.76637077,18.21170435,17.21619669,17.47580781,981859000 ,432557829218 
2022-08-09,17.06043243,17.42089228,16.69897463,17.22618439,668263000 ,415370348473 
2022-08-10,18.06991577,18.09088425,17.29108245,17.67151276,597422000 ,439948239288 
2022-08-11,17.91514587,18.6790022,17.84924467,18.10386408,509327000 ,436180056595 
2022-08-12,18.68100166,18.68998897,17.9261325,18.13282345,478094000 ,454826347494 
2022-08-15,19.00351334,19.13531573,18.58514176,18.67300939,457666000 ,462678539196 
2022-08-16,18.85074234,19.11334918,18.47330786,18.89168134,451240000 ,458959023754 
2022-08-17,18.30755806,18.66003038,18.11784379,18.49527832,446799000 ,445734116079 
2022-08-18,18.74490166,18.83676301,18.15578461,18.27360802,415447000 ,456382120646 
2022-08-19,17.82228279,18.4922779,17.74340057,18.37844823,441588000 ,433919119116 
2022-08-22,17.00850487,17.53172074,16.94060585,17.46382173,409593000 ,414106068010 
2022-08-23,17.15528488,17.43886021,16.94460024,16.96357281,369986000 ,417679721012 
2022-08-24,17.19622231,17.37994691,16.86971209,16.98653564,522661000 ,418676424467 
2022-08-25,17.8861866,17.9201361,16.8078033,16.81878651,770691000 ,435474985144 
2022-08-26,16.23566437,17.89717347,16.21269808,17.83027431,769127000 ,395289720360 
2022-08-29,15.77735043,16.31354641,15.74340187,15.99602347,496132000 ,384131150815 
2022-08-30,15.44484901,16.01499353,15.15927683,15.93611225,530181000 ,376035738951 
2022-08-31,15.07140732,15.51673985,14.93660916,15.36097321,573710000 ,366943553974 
2022-09-01,13.91614056,14.35847735,13.25013905,14.18773281,1178865000 ,338816274125 
2022-09-02,13.62657452,14.14978945,13.57065762,14.07889657,743157000 ,331766209748 
2022-09-06,13.44484711,13.75837727,13.33101741,13.71044878,535751000 ,327341692513 
2022-09-07,13.69754219,13.82139393,13.32998378,13.54672338,512657000 ,333494059713 
2022-09-08,13.97321033,13.99118933,13.35295626,13.44284745,624873000 ,340205752021 
2022-09-09,14.36973667,14.45663217,14.10905017,14.14001216,486612000 ,349859978740 
2022-09-12,14.48759365,14.52954307,14.1809619,14.35175718,484159000 ,352729442616 
2022-09-13,13.11524296,13.90529416,13.08328177,13.78543827,714956000 ,319316820300 
2022-09-14,13.11224747,13.27405278,12.8975053,13.23809573,588507000 ,319243889080 
2022-09-15,12.91348743,13.21712259,12.77465427,12.99938469,523625000 ,314404678565 
2022-09-16,13.18216228,13.19614542,12.60185916,12.72670916,670751000 ,320946105149 
2022-09-19,13.365942,13.44684513,12.99438865,12.9963861,569685000 ,325420589907 
2022-09-20,13.16018772,13.46681946,13.04133105,13.19914143,524818000 ,320411090449 
2022-09-21,13.24508667,14.01416314,13.09426784,13.19714489,807679000 ,322478125153 
2022-09-22,12.54592609,13.13322076,12.41308628,13.0543151,759162000 ,305455662612 
2022-09-23,12.50098228,12.59586856,12.24229322,12.40509775,663309000 ,304361415682 
2022-09-26,12.21332645,12.64380998,12.19934331,12.47601135,547343000 ,297357859179 
2022-09-27,12.39810562,12.720718,12.24329187,12.49199269,553854000 ,301856677563 
2022-09-28,12.72071743,12.80761293,12.33917584,12.3951084,542414000 ,309711307271 
2022-09-29,12.20533562,12.48499934,11.93166426,12.43306169,532763000 ,297163306269 
2022-09-30,12.12443256,12.61784017,12.06050924,12.07249492,565638000 ,295193559630 
2022-10-03,12.49698544,12.6627866,12.0904733,12.33218348,547478000 ,304264104398 
2022-10-04,13.15120029,13.20413715,12.86354577,12.86354577,584182000 ,320192273570 
2022-10-05,13.19314957,13.30501564,12.60585579,12.89550777,507131000 ,321213612499 
2022-10-06,13.11424541,13.63961429,13.08727739,13.20413758,644157000 ,319292533113 
2022-10-07,12.06150913,12.6547962,12.00757403,12.48999424,672478000 ,293661562846 
2022-10-10,11.65599537,12.10945006,11.3943097,12.02255457,698699000 ,283788519248 
2022-10-11,11.57209778,11.83178507,11.26946091,11.54712721,667482000 ,281745864609 
2022-10-12,11.48620224,11.72091994,11.33138848,11.56510793,492590000 ,279654565937 
2022-10-13,11.94564819,12.06350663,10.80002427,10.95783466,850103000 ,290840696564 
2022-10-14,11.21352863,12.09646772,11.19055647,12.04253262,713432000 ,273015781631 
2022-10-17,11.87373352,11.93366194,11.5031794,11.50417765,580774000 ,289089790024 
2022-10-18,11.95263958,12.4770092,11.6040584,12.32918703,659362000 ,291010915849 
2022-10-19,12.03653812,12.33518006,11.81979852,11.8647446,523131000 ,293053593707 
2022-10-20,12.17936802,12.75367786,12.09047411,12.09846489,652398000 ,296531073161 
2022-10-21,12.45104027,12.48300241,11.87273555,12.08348184,609494000 ,303145477404 
2022-10-24,12.58388233,12.6947492,12.04952444,12.49299192,517457000 ,306379783134 
2022-10-25,13.24508667,13.28404038,12.64880294,12.67876763,505482000 ,322478125153 
2022-10-26,12.88052368,13.37193287,12.69274957,12.85355661,532953000 ,313602110077 
2022-10-27,13.16018772,13.82139394,13.10625262,13.61364337,583113000 ,320411090449 
2022-10-28,13.81739902,13.83338057,13.04532685,13.08827547,521040000 ,336412214061 
2022-10-31,13.48080349,13.82139485,13.28104368,13.76146643,486341000 ,328217122563 
2022-11-01,13.52674866,13.90829023,13.50277729,13.79442671,432817000 ,329335749557 
2022-11-02,13.20313835,14.19294942,13.19514853,13.83338173,672628000 ,321456809443 
2022-11-03,13.40489483,13.76446345,12.94045361,13.02734911,500065000 ,326368974397 
2022-11-04,14.13901329,14.21192565,13.68056349,13.96921721,612576000 ,344242556581 
2022-11-07,14.28384018,14.39470705,13.93725737,14.21092782,410061000 ,347768656849 
2022-11-08,14.58447933,14.87313212,14.19894186,14.78323996,595292000 ,355088318295 
2022-11-09,13.75946903,14.19394746,13.74248923,14.14500552,454414000 ,335001792529 
2022-11-10,15.73110008,15.75407225,14.52954361,14.78224027,700819000 ,383005093706 
2022-11-11,16.30740929,16.36933517,15.46342387,15.78803372,655487000 ,397036493898 
2022-11-14,16.27544785,16.52015471,15.90289526,16.19854057,527852000 ,396258328693 
2022-11-15,16.645998,16.97759836,16.36233846,16.70193055,545876000 ,405280113333 
2022-11-16,15.89090824,16.34236552,15.85395294,16.14260666,649547000 ,386895942950 
2022-11-17,15.65818787,16.24648178,15.51635807,15.69614237,710894000 ,381229899979 
2022-11-18,15.39051056,15.98279941,15.10185683,15.9468414,492072000 ,374712760582 
2022-11-21,15.29862022,15.45842807,15.06190416,15.12882415,404739000 ,372475506594 
2022-11-22,16.01875305,16.03872951,15.10385197,15.30960508,472866000 ,390008580551 
2022-11-23,16.49917603,16.50716775,16.02874247,16.0786817,427241000 ,401705438690 
2022-11-25,16.25047874,16.46721743,16.15259676,16.29842149,167934000 ,395650405993 
2022-11-28,15.80800915,16.3373739,15.70613225,16.00676978,303741000 ,384877598718 
2022-11-29,15.62023258,15.91288119,15.5013759,15.8080067,298384000 ,380305802676 
2022-11-30,16.90701866,16.91401202,15.58227069,15.68217568,565298000 ,411635183352 
2022-12-01,17.11881638,17.24869275,16.61928862,16.98294515,470977000 ,416791822300 
2022-12-02,16.86006355,16.91701084,16.42947079,16.64326941,371389000 ,410491967321 
2022-12-05,16.59431076,16.97894732,16.45644063,16.66324583,352255000 ,404021684086 
2022-12-06,15.97190189,16.55734795,15.80406034,16.51438929,352694000 ,388867895404 
2022-12-07,16.10477638,16.17071403,15.65220319,15.75710452,372388000 ,392102990583 
2022-12-08,17.15278625,17.16277704,15.94392799,16.25763253,515456000 ,417618886948 
2022-12-09,16.98494148,17.5663925,16.95896697,17.1437917,465338000 ,413532370275 
2022-12-12,17.51843834,17.52143576,16.7811364,17.0209095,457328000 ,426521418245 
2022-12-13,18.05493355,18.77225589,17.69427441,18.51349971,656589000 ,439583467093 
2022-12-14,17.65731049,18.23476571,17.40355062,17.97001465,496888000 ,429902538399 
2022-12-15,16.93598938,17.30364185,16.68422848,17.1298064,478542000 ,412340533432 
2022-12-16,16.55534935,17.0249067,16.3945021,16.84807381,478232000 ,403073090624 
2022-12-19,16.23864555,16.59330975,16.12974927,16.55634595,354039000 ,395362303293 
2022-12-20,16.06980705,16.29459492,15.83702827,16.04882698,403260000 ,391251592310 
2022-12-21,16.48541451,16.61129686,16.08679119,16.09878089,325025000 ,401370386953 
2022-12-22,15.32451153,16.12275758,14.8679434,16.07879852,565045000 ,373105882173 
2022-12-23,15.19163799,15.32451179,14.86894312,15.18164721,349326000 ,369870810212 
2022-12-27,14.10766315,15.08573859,14.04272401,15.05976312,464902000 ,343479274825 
2022-12-28,14.02274418,14.24853057,13.87088731,13.91384692,351066000 ,341411752521 
2022-12-29,14.58920765,14.66913202,14.21356332,14.38839823,354923000 ,355203438636 
2022-12-30,14.60019779,14.61518302,14.21955712,14.32046156,310490000 ,355471015643 
2023-01-03,14.30147839,14.98183586,14.08268538,14.83697236,401277000 ,348198094262 
2023-01-04,14.73506927,14.83897114,14.22754966,14.55324197,431324000 ,358754731636 
2023-01-05,14.25152683,14.55024421,14.13463676,14.4773132,389168000 ,346981923793 
2023-01-06,14.84496593,14.99582334,14.02074533,14.46032934,405044000 ,361430385613 
2023-01-09,15.61324215,16.04083747,15.12670158,15.26956714,504231000 ,380135606610 
2023-01-10,15.89397526,15.9469247,15.4573877,15.4923545,384101000 ,386970615603 
2023-01-11,15.98588657,16.0128615,15.54830054,15.82503934,353285000 ,389208380412 
2023-01-12,16.4954071,16.62128756,15.47736937,16.08479594,551409000 ,401613676773 
2023-01-13,16.88304329,16.90602229,16.14973712,16.26262938,447287000 ,411051454962 
2023-01-17,17.68528366,17.71126008,16.88304244,16.88304244,511102000 ,430583601292 
2023-01-18,17.36058998,17.85611994,17.26567848,17.65031511,439624000 ,422678284269 
2023-01-19,16.7491684,17.18076158,16.71520201,17.0199124,452932000 ,407792002937 
2023-01-20,17.822155,17.83913914,16.8091126,16.99493587,564967000 ,433916007755 
2023-01-23,19.17487144,19.22682237,17.80117024,18.04693626,655163000 ,466850595064 
2023-01-24,19.24680328,19.47658749,18.8022239,18.80921726,496204000 ,468601919548 
2023-01-25,19.30475235,19.35170885,18.56245397,18.89513968,449537000 ,470012805462 
2023-01-26,19.78329849,20.14695504,19.2597932,19.68239405,489535000 ,481663968395 
2023-01-27,20.34576607,20.60851817,19.38667365,19.44361903,542142000 ,495358366446 
2023-01-30,19.14390182,20.12097682,19.13191212,19.93115765,488611000 ,466096577732 
2023-01-31,19.51854706,19.668405,18.93210161,19.15189313,498017000 ,475218065224 
2023-02-01,20.92322159,21.17198507,19.59247884,19.67240321,660477000 ,509417676006 
2023-02-02,21.68849564,21.92826873,20.68044976,20.98016565,564276000 ,528049803249 
2023-02-03,21.0800705,21.72446172,20.76936343,20.98016457,429366000 ,513236476357 
2023-02-06,21.06908798,21.5496328,20.76637268,20.78635425,452197000 ,512969085102 
2023-02-07,22.15205765,22.23797686,21.13002317,21.36180439,664150000 ,539336147549 
2023-02-08,22.18402863,22.85639335,21.98721418,22.36585594,559651000 ,540114544945 
2023-02-09,22.31590652,22.99826212,22.09911239,22.58465351,523876000 ,543325376156 
2023-02-10,21.24491501,22.05714687,20.79134524,21.66951475,550737000 ,517249945713 
2023-02-13,21.76741982,22.02717446,20.94219982,21.51765596,474919000 ,529971370237 
2023-02-14,22.94930649,23.02723194,21.34582083,21.5576205,675474000 ,558746765064 
2023-02-15,22.7424984,22.83341205,22.08512087,22.52770132,420575000 ,553711608492 
2023-02-16,21.98122215,22.52870305,21.90629222,22.11209705,412026000 ,535176815752 
2023-02-17,21.36780167,21.71946852,20.9551916,21.61057221,465888000 ,520241867168 
2023-02-21,20.63549042,21.47369671,20.59852471,20.98016385,410015000 ,502412285194 
2023-02-22,20.73439598,21.08406576,20.40171034,20.6874414,513184000 ,504820338945 
2023-02-23,23.64165115,23.86544054,23.00325469,23.41786368,1117995000 ,575603280636 
2023-02-24,23.26400757,23.45183165,22.92532893,23.20306626,589716000 ,566408792267 
2023-02-27,23.47880173,23.85744346,23.43184714,23.64764272,452994000 ,571638385654 
2023-02-28,23.19407463,23.80250066,23.18408385,23.34992744,455963000 ,564706135035 
2023-03-01,22.67656326,23.23403683,22.48674217,23.1700962,460026000 ,552106285763 
2023-03-02,23.29198074,23.3579184,22.41081376,22.46676253,389415000 ,567089855160 
2023-03-03,23.86743736,23.87742815,23.10815489,23.29797598,412393000 ,581100497469 
2023-03-06,23.53175545,24.22509834,23.46481738,23.86843706,437429000 ,572927649878 
2023-03-07,23.26995468,24.106306,23.22299022,23.58171319,515154000 ,566553586628 
2023-03-08,24.16226387,24.18125015,23.40585044,23.46880135,513573000 ,588278638449 
2023-03-09,23.41784286,24.43505378,23.36488253,24.15626871,501257000 ,570154220234 
2023-03-10,22.9472065,23.60869422,22.70839136,23.39086272,474866000 ,558695636587 
2023-03-13,22.94820595,23.27994945,22.27972556,22.73437296,421890000 ,558719970213 
2023-03-14,24.04435539,24.20023466,23.44182196,23.47779528,474910000 ,585407920740 
2023-03-15,24.20922852,24.26718223,23.34190102,23.74258939,524486000 ,589422086670 
2023-03-16,25.52121353,25.5681761,23.87548821,24.0083865,583253000 ,621364985851 
2023-03-17,25.7050724,26.37855007,25.64811545,25.96187329,848547000 ,625841397795 
2023-03-20,25.8799324,26.00383688,25.11052854,25.59515337,432747000 ,630098714230 
2023-03-21,26.17869949,26.37155074,25.36133442,26.15971511,547408000 ,637372796566 
2023-03-22,26.4474926,27.56762432,26.21667068,26.40452474,797295000 ,643917102320 
2023-03-23,27.16993332,27.47769526,26.66932203,27.09399199,564889000 ,661506366520 
2023-03-24,26.7582531,27.14595299,26.33458179,27.01005868,454920000 ,651483188166 
2023-03-27,26.51044464,26.97908114,26.34457289,26.81620732,361026000 ,645449795677 
2023-03-28,26.38953781,26.49245865,25.82997222,26.4265098,356104000 ,642506077091 
2023-03-29,26.96309471,27.05702175,26.57639539,26.8042194,393694000 ,656470466936 
2023-03-30,27.36178589,27.47769715,27.08100344,27.20790586,364516000 ,666177401031 
2023-03-31,27.75548172,27.81243677,27.08400143,27.11897416,433933000 ,675762713436 
2023-04-03,27.94333458,27.97830731,27.31482218,27.48768849,398716000 ,680336367006 
2023-04-04,27.43173218,27.97830932,27.28584537,27.94433526,368592000 ,667880383331 
2023-04-05,26.86017036,26.97707837,26.37454691,26.80821061,515015000 ,653964567862 
2023-04-06,27.01605415,27.05902011,26.40652613,26.56340409,397654000 ,657759870474 
2023-04-10,27.55763435,27.59960163,26.64833951,26.80221953,395279000 ,670945723608 
2023-04-11,27.14795113,27.76847029,27.10498327,27.70252144,314378000 ,660971166067 
2023-04-12,26.47447395,27.4467197,26.42750948,27.34879605,446259000 ,644574017340 
2023-04-13,26.44249535,26.86616661,26.3086003,26.71328528,353615000 ,643795434191 
2023-04-14,26.73726845,26.8621716,26.19968516,26.48346553,395660000 ,650972274900 
2023-04-17,26.9810791,26.98507571,26.41251973,26.54441742,321471000 ,656908332886 
2023-04-18,27.64556313,28.08822068,27.33580385,27.51166808,604812000 ,673086525419 
2023-04-19,27.90935707,27.97830385,27.21089929,27.33979905,358660000 ,679509116606 
2023-04-20,27.08300209,28.00828529,26.97908257,27.64956226,427713000 ,659389851896 
2023-04-21,27.09799004,27.16194154,26.70129824,26.9311196,345103000 ,659754763407 
2023-04-24,27.02104759,27.34479596,26.65033475,26.99207073,339282000 ,657881445726 
2023-04-25,26.22066879,27.2258899,26.20468235,27.05702021,378527000 ,638394623096 
2023-04-26,26.93511581,27.30882661,26.68431082,26.98108161,406337000 ,655789264729 
2023-04-27,27.20490646,27.47369906,26.60437226,27.34180136,377161000 ,662357857670 
2023-04-28,27.72750282,27.73649472,27.05002668,27.20390861,292216000 ,675081511229 
2023-05-01,28.88759995,29.03548599,27.75847632,27.8184293,570329000 ,703326395863 
2023-05-02,28.18814278,28.81365913,28.06124227,28.65777985,402730000 ,686296712179 
2023-05-03,27.78046227,28.3450251,27.45071799,27.81843293,383387000 ,676370914766 
2023-05-04,27.5406456,27.83741447,27.21889458,27.62957544,321850000 ,670532098408 
2023-05-05,28.6577816,28.73272235,27.7095174,27.80444311,361494000 ,697731008638 
2023-05-08,29.12841034,29.19735712,28.32803234,28.49989803,344979000 ,709189406532 
2023-05-09,28.54886055,28.95054948,28.42795592,28.87660742,314869000 ,695079107809 
2023-05-10,28.8626194,29.09044338,28.43894814,28.98252535,369350000 ,702718194532 
2023-05-11,28.5558567,28.92757012,28.22411511,28.87361111,322149000 ,695249443190 
2023-05-12,28.31804276,28.75770238,28.02426992,28.5068955,274222000 ,689459386959 
2023-05-15,28.93056488,28.94655323,28.13018685,28.48590999,293926000 ,704372463142 
2023-05-16,29.19036674,29.84685923,28.80966331,28.81865521,449405000 ,710697859140 
2023-05-17,30.1546154,30.17559904,29.40719581,29.56107581,432535000 ,734174421198 
2023-05-18,31.65345764,31.80334105,30.29650992,30.38644035,748725000 ,770666733200 
2023-05-19,31.23977852,31.55553369,30.89204855,31.51156715,473908000 ,760594887594 
2023-05-22,31.15184593,31.49557927,30.65622994,30.87705747,372000000 ,758453992907 
2023-05-23,30.66422462,31.26376016,30.60726958,30.97598318,356253000 ,746581876936 
2023-05-24,30.51433754,30.58328432,29.78290438,30.18659067,721419000 ,742932576078 
2023-05-25,37.95057678,39.44941475,36.60661752,38.49315539,1543911000 ,923982692917 
2023-05-26,38.91582108,39.13964653,37.52090288,37.86063958,714397000 ,947483495724 
2023-05-30,40.07992172,41.90550581,39.91804849,40.56354787,923401000 ,975825854176 
2023-05-31,37.8046875,40.26377936,37.79269576,39.45740538,1002580000 ,920430726563 
2023-06-01,39.73918152,40.01896332,38.31028936,38.45917216,635873000 ,967529852432 
2023-06-02,39.29653168,40.46862325,39.02773907,40.06593559,482731000 ,956752656746 
2023-06-05,39.14065552,39.53434748,38.67701428,38.87885745,396094000 ,952957539886 
2023-06-06,38.62405396,39.12966247,38.11844544,38.79992011,388729000 ,940379841644 
2023-06-07,37.44984055,39.47248386,37.33092095,38.88887628,511998000 ,911791267765 
2023-06-08,38.48414993,38.83791242,37.47982725,37.69867821,417772000 ,936973598415 
2023-06-09,38.74396896,39.68433522,38.54110615,39.01078798,427717000 ,943299412357 
2023-06-12,39.45549011,39.50345822,38.59207179,39.17368177,388701000 ,960622817764 
2023-06-13,40.99445724,41.07340658,39.7133203,40.15902,613208000 ,998092050541 
2023-06-14,42.96813583,42.97113217,40.52477376,40.79659433,740465000 ,1046145203144 
2023-06-15,42.62437057,43.25994527,42.11870969,42.57340612,568622000 ,1037775550388 
2023-06-16,42.66333771,43.69164616,42.63235648,43.4208282,655709000 ,1038724283165 
2023-06-20,43.77858353,43.96046434,42.64534609,42.96912985,451153000 ,1065877173122 
2023-06-21,43.01610184,43.5857227,42.05175331,43.471797,551603000 ,1047313031429 
2023-06-22,42.99611664,43.39684459,42.20564731,42.22463175,417737000 ,1046826451790 
2023-06-23,42.18066788,42.78026362,41.98679785,42.43549778,358140000 ,1026972720806 
2023-06-26,40.60472107,42.73528969,40.07307674,42.43249171,594322000 ,988603143875 
2023-06-27,41.84788513,41.91184134,40.42084626,40.77160853,462175000 ,1018870459305 
2023-06-28,41.08939743,41.81690934,40.49080053,40.6327035,582639000 ,1000403559238 
2023-06-29,40.79459381,41.5720714,40.57274272,41.53009978,380514000 ,993225975517 
2023-06-30,42.27360153,42.52143615,41.47314054,41.65202124,501148000 ,1029235376499 
2023-07-03,42.38452148,42.86919646,42.17366462,42.48845175,198209000 ,1031935944580 
2023-07-05,42.28859329,43.14801276,42.05674678,42.10671245,323618000 ,1029600380886 
2023-07-06,42.07473373,42.15068292,41.318242,41.81590875,303582000 ,1024393542225 
2023-07-07,42.4744606,43.18498556,42.15167943,42.29358237,355881000 ,1034125692272 
2023-07-10,42.15167618,42.78225298,41.6210307,42.62835706,353908000 ,1026266859905 
2023-07-11,42.37652588,42.7292895,42.03875539,42.45247506,298244000 ,1031741275574 
2023-07-12,43.87252426,43.90550305,42.7482796,43.00410823,481277000 ,1068164348194 
2023-07-13,45.94613647,46.12401457,44.46213276,44.48811628,478204000 ,1118650584747 
2023-07-14,45.43847275,48.05571377,45.02974696,46.55172319,772075000 ,1106290495991 
2023-07-17,46.42980576,46.4647821,45.23161324,46.25792416,510488000 ,1130426480732 
2023-07-18,47.46211624,47.8638468,45.70329943,46.66964932,569164000 ,1155560144131 
2023-07-19,47.0453949,47.78589856,46.71062071,47.43213613,427502000 ,1145414229568 
2023-07-20,45.4894371,47.05538632,45.03174443,46.47577392,537865000 ,1107531325153 
2023-07-21,44.27924347,45.83520092,44.07038418,45.75725037,963769000 ,1078066740746 
2023-07-24,44.58205032,45.07871832,44.01043572,44.70096992,382516000 ,1085439179226 
2023-07-25,45.6483345,46.15199395,44.89284152,44.91083099,348081000 ,1111400000149 
2023-07-26,45.42148209,46.0220803,44.6000354,45.99010029,364237000 ,1105876824352 
2023-07-27,45.86919022,47.3631856,45.71928938,46.48777418,455976000 ,1116777174191 
2023-07-28,46.71861267,46.99542712,46.34986093,46.63666699,331194000 ,1137458062698 
2023-07-31,46.69762802,47.09835978,46.47477816,46.72261276,251055000 ,1136947149433 
2023-08-01,46.47577667,46.86851438,45.99609939,46.42880734,237858000 ,1131545734642 
2023-08-02,44.2392807,45.80922514,43.35787287,45.80023232,530142000 ,1077093767220 
2023-08-03,44.48511505,45.08771088,43.7705949,43.7705949,324176000 ,1083079096153 
2023-08-04,44.65000534,45.61135751,44.36319926,44.95480089,362666000 ,1087093680027 
2023-08-07,45.38650894,45.50942746,44.53308219,45.08071462,322154000 ,1105025333202 
2023-08-08,44.63401794,45.21162904,44.02642439,44.82289024,353843000 ,1086704434891 
2023-08-09,42.52542877,44.28224782,42.10570879,44.24427132,586449000 ,1035366614311 
2023-08-10,42.35954285,43.54474744,41.80691271,42.13169528,492705000 ,1031327789688 
2023-08-11,40.82756805,41.98978919,40.61171348,41.72296636,533085000 ,994028799416 
2023-08-14,43.72361755,43.77058688,40.28393138,40.4588131,690286000 ,1064538916580 
2023-08-15,43.91049957,45.23761095,43.68065444,44.53008608,676512000 ,1069088933098 
2023-08-16,43.45679855,44.6449993,43.37685044,44.4901046,527451000 ,1058042674381 
2023-08-17,43.31489944,44.03241587,42.97212743,43.94047858,452395000 ,1054587856777 
2023-08-18,43.26993179,43.54874382,41.63203217,42.60637609,583768000 ,1053493029369 
2023-08-21,46.93546677,47.03340055,44.19231075,44.46412749,692573000 ,1142737809361 
2023-08-22,45.63733673,48.15464642,45.30256257,48.10267939,755293000 ,1111132237389 
2023-08-23,47.08436966,47.1683129,45.17764966,45.83520885,779046000 ,1146363148098 
2023-08-24,47.13133621,50.23225371,47.12734109,50.18228804,1156044000 ,1147506642757 
2023-08-25,45.98710632,47.77290533,44.99377037,46.98043846,925341000 ,1119648077652 
2023-08-28,46.80355453,46.94845764,44.85786313,46.4507909,685192000 ,1139526142262 
2023-08-29,48.75124741,49.04804889,46.35985248,46.63466938,701397000 ,1186946620594 
2023-08-30,49.2309227,49.89347574,48.39248533,49.01106919,735206000 ,1198625274952 
2023-08-31,49.32186127,49.71060002,48.92512846,49.34684601,528570000 ,1200839356270 
2023-09-01,48.47643661,49.76657038,48.10968239,49.72859769,463830000 ,1180255802265 
2023-09-05,48.51540375,48.81820171,47.82786597,48.1906212,382653000 ,1181204535042 
2023-09-06,47.0332756,48.52039794,46.55255998,48.41246367,468670000 ,1145119161137 
2023-09-07,46.21376801,46.31670799,45.12540866,45.49819008,433330000 ,1125166609627 
2023-09-08,45.54515076,46.57854199,45.2443294,45.91493552,473069000 ,1108887785477 
2023-09-11,45.15139008,46.13580668,44.28589905,46.12081612,473966000 ,1099300894173 
2023-09-12,44.84356308,45.64609138,44.50476211,44.71164088,349256000 ,1091806230305 
2023-09-13,45.45820999,45.90294758,44.47678613,44.57372912,398355000 ,1106771038662 
2023-09-14,45.55414963,45.95990869,45.10441396,45.92293173,370097000 ,1109106880985 
2023-09-15,43.87414169,45.57213838,43.78219302,45.31429093,506831000 ,1068203727802 
2023-09-18,43.94010162,44.21594002,41.97526008,42.72282058,500271000 ,1069809654228 
2023-09-19,43.49436951,43.94010598,42.97667303,43.80718489,373064000 ,1058957414383 
2023-09-20,42.21411896,43.8771403,42.19812954,43.57431737,367108000 ,1027787154259 
2023-09-21,40.992836,42.07519821,40.95585904,41.55850447,450736000 ,998052578056 
2023-09-22,41.58549118,42.09019479,41.20671281,41.54751155,479236000 ,1012481953770 
2023-09-25,42.1971283,42.5109425,41.15274189,41.56649948,419091000 ,1027373482620 
2023-09-26,41.88631821,42.7947833,41.63046844,41.97626536,402282000 ,1019806189381 
2023-09-27,42.44298172,42.84674688,41.60447906,42.30506634,444935000 ,1033359275936 
2023-09-28,43.06361771,43.42040585,42.09019245,42.43498662,424663000 ,1048469900295 
2023-09-29,43.47337723,44.11799774,43.28148898,43.80118313,397830000 ,1058446315365 
2023-10-02,44.75561523,45.14838142,43.83515647,44.00405561,433298000 ,1089664964111 
2023-10-03,43.49136734,45.10342008,43.22052705,44.78160732,470850000 ,1058884320629 
2023-10-04,44.01506042,44.11700154,43.26650103,43.71623675,361821000 ,1071634676163 
2023-10-05,44.66167831,44.87355524,43.86215028,44.02405361,393483000 ,1087377881916 
2023-10-06,45.73504639,45.76203091,44.00006886,44.16697031,434436000 ,1113511174377 
2023-10-09,45.24633026,45.57813543,44.34186458,44.81558439,409675000 ,1101612402870 
2023-10-10,45.77101898,46.23174593,45.06143819,45.28330752,368582000 ,1114386999153 
2023-10-11,46.77843475,46.83140494,46.02287946,46.16879338,378137000 ,1138914550941 
2023-10-12,46.91735077,47.58096116,46.30271512,46.74945045,481325000 ,1142296739174 
2023-10-13,45.43422318,47.08825102,45.25333002,46.93234085,474115000 ,1106187031643 
2023-10-16,46.06785202,46.19777271,44.88554632,45.03645836,375099000 ,1121613993137 
2023-10-17,43.91212082,44.7276421,42.45497938,43.97408458,812333000 ,1069128405582 
2023-10-18,42.17114258,43.19354258,41.80036274,42.56591035,627294000 ,1026740808350 
2023-10-19,42.07620239,43.27149704,41.85732962,42.78578326,501233000 ,1024429299652 
2023-10-20,41.36262131,42.44498353,41.05380141,41.86532336,477266000 ,1007055740971 
2023-10-23,42.94968796,43.22252979,40.92088476,41.2047179,478530000 ,1045696052708 
2023-10-24,43.6372757,43.67125606,42.66585201,43.05162238,401463000 ,1062436751366 
2023-10-25,41.75439453,43.62429484,41.53052743,43.37244054,398379000 ,1016594243652 
2023-10-26,40.30224609,42.23110953,39.85650967,41.82834704,541001000 ,981238785645 
2023-10-27,40.47614288,41.18172828,39.99142797,41.10577284,416784000 ,985472650780 
2023-10-30,41.1367569,41.74140012,40.45715709,41.06280298,388028000 ,1001556620171 
2023-10-31,40.75598145,40.85492598,39.20689508,40.42617778,517969000 ,992285880249 
2023-11-01,42.30007172,42.35603849,40.84492801,40.85991856,437593000 ,1029879846077 
2023-11-02,43.48037338,43.85814908,42.86873437,43.30247683,409172000 ,1058616650745 
2023-11-03,44.97848892,45.28230688,43.69724265,43.99406857,424610000 ,1095091269787 
2023-11-06,45.72405243,45.90794598,44.87255306,45.2583273,400733000 ,1113243504494 
2023-11-07,45.92793274,46.1907745,45.13140132,45.69207169,343165000 ,1118207378403 
2023-11-08,46.54656601,46.83939268,45.94092018,46.07284239,346719000 ,1133269242634 
2023-11-09,46.92234421,48.20158899,46.72246126,47.43903795,540496000 ,1142418314426 
2023-11-10,48.30653381,48.44345417,47.25515521,47.47202647,421245000 ,1176119178757 
2023-11-13,48.59135818,49.0870682,48.07066518,48.29153567,384136000 ,1183053797726 
2023-11-14,49.62674713,49.80464368,49.01111269,49.65073507,416954000 ,1208262412407 
2023-11-15,48.85919952,49.93056658,48.17160511,49.9055836,475497000 ,1189574930809 
2023-11-16,49.45085526,49.49583073,48.30153491,48.65032836,339756000 ,1203979972897 
2023-11-17,49.26896286,49.68771478,48.9781339,49.49482767,325205000 ,1199551438755 
2023-11-20,50.37930679,50.51822485,49.15202951,49.28295286,414120000 ,1226584982494 
2023-11-21,49.91458511,50.48724569,49.19301022,50.09647713,565747000 ,1215270403759 
2023-11-22,48.68730545,50.30535133,47.6619088,49.82263792,899420000 ,1185389825802 
2023-11-24,47.74785614,48.89218208,47.71687236,48.44144755,294645000 ,1162517053444 
2023-11-27,48.21358871,48.5014173,47.62393604,47.77184769,395662000 ,1173856244434 
2023-11-28,47.79282761,48.29453459,47.44503304,48.20758404,401491000 ,1163611973728 
2023-11-29,48.11164474,48.73328003,47.83181089,48.3505062,382005000 ,1171374214603 
2023-11-30,46.74245453,48.08166547,46.39465992,47.99571377,526247000 ,1138038540413 
2023-12-01,46.73746109,47.17220631,46.15980234,46.49760455,369317000 ,1137916965160 
2023-12-04,45.48319244,46.04985982,44.98348695,46.04985982,437543000 ,1107379286430 
2023-12-05,46.54266357,46.57664312,45.24831063,45.44321259,371718000 ,1133174230042 
2023-12-06,45.48019409,47.36325259,45.38924009,47.19133791,380590000 ,1107306285553 
2023-12-07,46.57265091,46.60563532,45.58114743,45.6771,350823000 ,1133904331692 
2023-12-08,47.48219299,47.71707583,46.52667081,46.57165024,359224000 ,1156048952805 
2023-12-11,46.60363007,47.50717632,45.80703244,47.46719927,509728000 ,1134658581215 
2023-12-12,47.63311768,47.64211204,46.02292498,46.02292498,372387000 ,1159723516052 
2023-12-13,48.06390381,48.56965076,47.5841448,47.60513418,447792000 ,1170211866028 
2023-12-14,48.3257637,48.645603,47.39823126,48.36574457,391232000 ,1176587368862 
2023-12-15,48.86549377,49.37923608,48.09587927,48.16984349,479948000 ,1189728176926 
2023-12-18,50.05190277,50.40772335,49.12536921,49.37524392,412587000 ,1218613676765 
2023-12-19,49.57913589,49.67508845,48.87049165,49.39922582,464444000 ,1207103221630 
2023-12-20,48.08689117,49.97394557,48.0738972,49.63011618,397894000 ,1170771539421 
2023-12-21,48.96545029,49.07039721,48.39473349,48.78653914,300425000 ,1192161818134 
2023-12-22,48.80553055,49.358251,48.44270969,49.17034549,252507000 ,1188268252254 
2023-12-26,49.25429916,49.57513741,48.93545881,48.94345422,244200000 ,1199194421741 
2023-12-27,49.3922348,49.65510349,49.06040045,49.48618946,233648000 ,1202552740730 
2023-12-28,49.49718094,49.85899903,49.38723546,49.61812249,246587000 ,1205107864315 
2023-12-29,49.49718094,49.97194518,48.72656742,49.78803547,389293000 ,1205107864315 
2024-01-02,48.14385605,49.27029006,47.57114521,49.21931694,411254000 ,1172158463215 
2024-01-03,47.54515839,48.15984801,47.29628264,47.46120085,320896000 ,1157581971230 
2024-01-04,47.97394562,48.47569293,47.48418952,47.74305858,306535000 ,1168021653954 
2024-01-05,49.0723877,49.52216287,48.28178386,48.4377077,415039000 ,1194765423218 
2024-01-08,52.22681046,52.2488026,49.45420245,49.48718686,642510000 ,1271566154156 
2024-01-09,53.11336899,54.29777651,51.66409487,52.37474091,773100000 ,1293151194752 
2024-01-10,54.32276535,54.57264008,53.46219671,53.58913579,533796000 ,1322596367985 
2024-01-11,54.79452133,55.31826077,53.53315663,54.97143457,596759000 ,1334082210865 
2024-01-12,54.68257904,54.94245087,54.30277224,54.592624,352994000 ,1331356751900 
2024-01-16,56.35374832,56.80652045,54.87249247,54.99043337,449580000 ,1372044710384 
2024-01-17,56.02491379,56.4427036,54.71257199,56.31876519,474394000 ,1364038575993 
2024-01-18,57.07838058,57.57113356,56.07888171,57.23130379,491650000 ,1389687332096 
2024-01-19,59.46119308,59.47018745,57.19632581,57.95994295,543501000 ,1447701668034 
2024-01-22,59.62410355,60.30076622,59.04039659,60.01890605,452955000 ,1451668049038 
2024-01-23,59.84299469,59.8799749,58.55563818,59.54014514,294654000 ,1456997391716 
2024-01-24,61.33124924,62.81750357,59.90796306,60.27378077,560271000 ,1493231925175 
2024-01-25,61.58611679,62.68756563,60.81949912,62.31874729,482777000 ,1499437185505 
2024-01-26,61.00041199,61.75203783,60.54264515,60.92944842,390309000 ,1485177030655 
2024-01-29,62.43369675,62.45768298,60.87647886,61.20131294,348733000 ,1520073214695 
2024-01-30,62.74253464,63.46117603,62.22879233,62.86847475,410735000 ,1527592490818 
2024-01-31,61.49617004,62.23779882,60.66958478,61.40921184,453795000 ,1497247252060 
2024-02-01,62.99541473,63.15933401,61.61910591,62.06887734,369146000 ,1533749362526 
2024-02-02,66.12685394,66.56662829,63.65808651,63.94194461,476578000 ,1609990512947 
2024-02-05,69.29725647,69.4621747,67.17132347,68.19080896,680078000 ,1687180303268 
2024-02-06,68.18881226,69.71904329,66.26677937,69.59510487,683111000 ,1660193011993 
2024-02-07,70.06386566,70.18480721,67.5661176,68.28475901,495575000 ,1705844937263 
2024-02-08,69.60610199,70.7585241,69.42019818,70.03888367,414422000 ,1694699765144 
2024-02-09,72.09687042,72.1488387,70.17682744,70.49766579,436637000 ,1755342504173 
2024-02-12,72.21179199,74.57360667,71.21429107,72.56361295,613710000 ,1758140499634 
2024-02-13,72.09186554,73.41320188,69.58512632,70.36473436,602580000 ,1755220650291 
2024-02-14,73.86296844,74.1987986,71.90195366,73.16532018,504917000 ,1798341692726 
2024-02-15,72.62158203,73.93792331,72.36371573,73.83198126,420122000 ,1768117657715 
2024-02-16,72.57660675,74.3647116,72.46466337,74.06286101,495327000 ,1767022644554 
2024-02-20,69.41720581,71.91994903,67.70006427,71.91095086,704833000 ,1690100709869 
2024-02-21,67.43818665,68.85347739,66.21480103,67.97191562,673755000 ,1641917530258 
2024-02-22,78.49864197,78.53561836,74.18280518,74.98740205,865100000 ,1911206435989 
2024-02-23,78.77750397,82.35270729,77.53112723,80.74951482,829388000 ,1917995889091 
2024-02-26,79.05236816,80.60559028,78.46565671,79.66005756,503973000 ,1924688007690 
2024-02-27,78.6615448,79.44016125,77.12332244,79.34120423,391705000 ,1915172631241 
2024-02-28,77.62408447,78.89344471,77.08635206,77.58110675,393110000 ,1889913584656 
2024-02-29,79.07234955,79.94990786,78.31073042,79.05436083,507289000 ,1925174494453 
2024-03-01,82.23776245,82.25875565,79.39518605,79.95990532,479135000 ,2002242802399 
2024-03-04,85.19428253,87.65105087,83.67704554,84.08783505,615616000 ,2074225196800 
2024-03-05,85.92495728,86.05790011,83.3791169,85.2312722,520639000 ,2092014934784 
2024-03-06,88.65969849,89.68323533,86.99045904,87.98201274,582520000 ,2158597679047 
2024-03-07,92.62689972,92.72485477,89.5612917,90.11703887,608119000 ,2255187127464 
2024-03-08,87.48823547,97.35575222,86.4666966,95.09477882,1142269000 ,2130076069077 
2024-03-11,85.73503876,88.75666054,84.12776749,86.38974,678364000 ,2087390988625 
2024-03-12,91.87124634,91.91822206,86.11086396,88.00900332,668075000 ,2236789234589 
2024-03-13,90.84671021,91.46242767,88.39482167,91.01363415,635713000 ,2211844853363 
2024-03-14,87.90405273,90.60482886,86.56066146,89.5363142,602318000 ,2140199971924 
2024-03-15,87.79710388,89.50532732,86.21782729,86.89051814,642086000 ,2137596088211 
2024-03-18,88.41481781,92.36302032,87.04543744,90.34693833,668976000 ,2152635569221 
2024-03-19,89.35738373,90.50285913,84.97137697,86.66060392,672171000 ,2175584221626 
2024-03-20,90.33094788,90.36893263,88.18292204,89.75620451,479063000 ,2199287587936 
2024-03-21,91.39345551,92.60590946,90.36392469,92.258068,480372000 ,2225156461189 
2024-03-22,94.24617004,94.73494633,90.79273767,91.09959742,586719000 ,2294611502060 
2024-03-25,94.95883942,96.72203797,93.46752047,93.89832442,552136000 ,2311962863274 
2024-03-26,92.51895142,96.33122191,92.45998011,95.80745786,513648000 ,2252558910126 
2024-03-27,90.20900726,93.19764703,89.08252026,93.06970682,586067000 ,2196318699837 
2024-03-28,90.31495667,91.25852808,89.15248297,89.95911558,435212000 ,2198898249924 
2024-04-01,90.32195282,92.18310654,89.1634827,90.25798653,452441000 ,2199068585304 
2024-04-02,89.41136169,90.0530683,87.58019332,88.40781242,433064000 ,2176898423172 
2024-04-03,88.92359161,90.33295489,88.35985241,88.44381389,370067000 ,2165022685020 
2024-04-04,85.86597443,90.59283007,85.84098426,90.36492919,434965000 ,2090578879356 
2024-04-05,87.96802521,88.44080992,85.88697023,86.82653805,399678000 ,2141757509727 
2024-04-08,87.09341431,88.78964187,86.69259553,88.65969606,283220000 ,2120463358124 
2024-04-09,85.31520844,87.59517773,82.98427507,87.40226464,501700000 ,2077169379768 
2024-04-10,86.99945831,87.36029437,83.67096935,83.88787363,431929000 ,2118175811546 
2024-04-11,90.5748291,90.69777432,86.88651071,87.38028195,431637000 ,2205225364136 
2024-04-12,88.14593506,90.13403752,87.49023484,89.65824821,426805000 ,2146089080872 
2024-04-15,85.96191406,90.57181753,85.88994819,89.05750667,443077000 ,2092914721680 
2024-04-16,87.37528229,88.07795817,86.02489821,86.39372622,370453000 ,2127325997856 
2024-04-17,83.99682617,88.73467063,83.91185808,88.29986307,495400000 ,2045070726807 
2024-04-18,84.63252258,86.15083716,82.36455644,84.93139031,447260000 ,2060548027328 
2024-04-19,76.16539001,84.28570097,75.57166564,83.11223818,875198000 ,1854398750687 
2024-04-22,79.48187256,80.03662073,76.36529285,78.06851348,596341000 ,1935145151184 
2024-04-23,82.38555908,82.7314026,80.22754314,80.73231102,438559000 ,2005841206970 
2024-04-24,79.64081573,84.04381393,79.1470368,83.9118701,512208000 ,1939014940697 
2024-04-25,82.59446716,83.28514753,78.1874658,78.83216944,424641000 ,2010927492020 
2024-04-26,87.69515991,88.29088994,83.34913478,83.77993882,551011000 ,2135114058380 
2024-04-29,87.71713257,87.95201878,85.22725938,87.55520361,388971000 ,2135649026642 
2024-04-30,86.36275482,88.77865679,86.26080378,87.20037162,363709000 ,2102673991646 
2024-05-01,83.00326538,85.9609204,81.21807385,85.03834331,559863000 ,2020880502228 
2024-05-02,85.77801514,86.1978225,83.16219963,84.41063277,377898000 ,2088437334534 
2024-05-03,88.74866486,89.24043811,87.00045887,87.74911915,398341000 ,2160763743248 
2024-05-06,92.09812927,92.17809475,89.01453207,89.34937892,376203000 ,2242313153397 
2024-05-07,90.51286316,91.73930312,88.97056486,91.05661474,437342000 ,2203716679337 
2024-05-08,90.37093353,91.152576,89.37937975,89.44235467,325721000 ,2200261118721 
2024-05-09,88.7066803,91.03062091,88.1909159,90.48786834,378013000 ,2159741545212 
2024-05-10,89.83717346,91.3594843,89.18646819,90.26398146,335325000 ,2187265662277 
2024-05-13,90.35793304,90.95665994,88.48877986,90.43689191,289680000 ,2199944595833 
2024-05-14,91.31450653,91.6093707,88.89360197,89.55830082,296507000 ,2223234290504 
2024-05-15,94.58701324,94.81891012,91.55739179,92.42999635,417735000 ,2302910011467 
2024-05-16,94.31613922,95.77547511,94.06025118,94.86689143,323952000 ,2296315041618 
2024-05-17,92.43698883,94.69696339,91.76429801,94.32613734,359691000 ,2250563367058 
2024-05-20,94.73694611,95.1567535,93.39755845,93.70741519,318764000 ,2306560426842 
2024-05-21,95.34266663,95.3566602,93.13766756,93.55647592,328946000 ,2321307904343 
2024-05-22,94.90686798,95.97638165,93.20664422,95.41563946,548648000 ,2310697514732 
2024-05-23,103.7518539,106.2717049,101.4738822,101.9816547,835065000 ,2526046387947 
2024-05-24,106.420639,106.426633,102.953213,104.4015523,429494000 ,2591023298660 
2024-05-28,113.8492508,114.8867812,109.8330786,110.1939146,652728000 ,2771887709068 
2024-05-29,114.7728271,115.4395239,110.850614,112.9986397,557442000 ,2794374022583 
2024-05-30,110.4497986,115.7663823,109.6131809,114.5979147,484553000 ,2689121246124 
2024-05-31,109.5831985,112.6657972,106.8914211,112.4688804,613263000 ,2668022135033 
2024-06-03,114.9477539,114.9477539,111.9521138,113.5693826,438392000 ,2798632964355 
2024-06-04,116.3841019,116.5470298,113.9931902,115.6634364,403324000 ,2833603728172 
2024-06-05,122.3843765,122.3933675,117.4146352,118.3172249,528402000 ,2979692415276 
2024-06-06,120.9430389,125.5299513,118.266254,123.9916489,664696000 ,2944600169083 
2024-06-07,120.8330841,121.6367197,117.9683887,119.7155881,412386000 ,2941923098740 
2024-06-10,121.7346725,123.044075,116.9568453,120.3153195,313434100 ,2963874072487 
2024-06-11,120.8650055,122.8242751,118.6958073,121.7246784,222551200 ,2942700288742 
2024-06-12,125.1534119,126.8327871,122.5243932,123.0142087,299595000 ,3047110118683 
2024-06-13,129.5617676,129.7516993,127.1126824,129.3418482,260704500 ,3154440355225 
2024-06-14,131.8309326,132.7905669,128.2722597,129.9116489,309320400 ,3209687716431 
2024-06-17,130.9312592,133.6802359,129.5317862,132.940521,288504400 ,3187783366653 
2024-06-18,135.529541,136.2792619,130.6413616,131.0911911,294335100 ,3299737735107 
2024-06-20,130.7313385,140.7076209,129.4718128,139.7479866,517768400 ,3182915898483 
2024-06-21,126.5228882,130.5813822,124.2537365,127.0726865,649445800 ,3080452758606 
2024-06-24,118.06604,124.413675,117.9960664,123.1941279,476060900 ,2874553876831 
2024-06-25,126.0430603,126.4529113,119.2755837,121.1548812,414192600 ,3068770389191 
2024-06-26,126.3529587,128.0723121,122.5543699,126.0830549,362975900 ,3076315484962 
2024-06-27,123.9438553,126.3629605,122.8742538,124.053815,252571700 ,3017661044640 
2024-06-28,123.4940262,127.6624725,122.7043193,124.5336401,315516700 ,3006709055504 
2024-07-01,124.253746,124.7935384,118.7857804,123.4240531,284885500 ,3025205954659 
2024-07-02,122.6243362,123.3640663,120.9849473,121.0849086,218374000 ,2985534714500 
2024-07-03,128.232254,128.232254,121.3148314,121.6147228,215749000 ,3122070688828 
2024-07-05,125.7831726,128.8020529,125.6332269,127.3325912,214176700 ,3062442903473 
2024-07-08,128.1522827,130.7213335,126.9927184,127.4425479,237677300 ,3120123627258 
2024-07-09,131.3311157,133.7702102,128.6021206,130.3015002,285366600 ,3197518674500 
2024-07-10,134.859787,135.0497187,132.3707083,133.9801097,248978600 ,3283431233780 
2024-07-11,127.3525848,136.0993206,127.0027166,135.6994755,374782700 ,3100653383072 
2024-07-12,129.1919098,131.8709051,127.1726572,128.2122635,252680500 ,3145435427658 
2024-07-15,128.3921967,131.3410956,127.1326635,130.5114027,208326200 ,3125964811966 
2024-07-16,126.312973,128.9919683,124.5336367,128.3922007,214769500 ,3075341954178 
2024-07-17,117.9460907,121.8046549,116.6765667,121.304841,390086200 ,2871633470230 
2024-07-18,121.0449295,122.3544471,116.5166167,121.8046488,320979500 ,2947080898643 
2024-07-19,117.8861084,121.5547406,117.3263193,120.3052059,217223800 ,2870173081177 
2024-07-22,123.4940262,124.0238277,119.8153954,120.3052109,258068900 ,3006709055504 
2024-07-23,122.5443649,124.6435894,122.0545495,122.7342966,173911000 ,2983587652931 
2024-07-24,114.2074814,119.9053571,113.3977853,119.1256486,327776900 ,2780609549263 
2024-07-25,112.2382126,116.5865922,106.2604424,112.9979319,460067000 ,2732663761818 
2024-07-26,113.0179138,116.1567444,111.538469,116.1467536,293399100 ,2751647147736 
2024-07-29,111.5484543,116.2367108,111.258569,113.6476786,248152100 ,2715870216469 
2024-07-30,103.691391,111.9483108,102.5018315,111.4784845,486833300 ,2524574296463 
2024-07-31,116.9764404,118.2959488,110.8387264,112.8579788,473174200 ,2848025395142 
2024-08-01,109.1693573,120.1152869,106.7702489,117.4862608,523462300 ,2657946342178 
2024-08-02,107.230072,108.6795369,101.332274,103.7213839,482027500 ,2610730563507 
2024-08-05,100.4126129,103.371518,90.65625074,92.02573599,552842400 ,2444745886642 
2024-08-06,104.2112045,107.669916,100.5125845,103.8013534,409012100 ,2537230196663 
2024-08-07,98.87319183,108.7595104,98.65327249,107.7698734,411440400 ,2407265601570 
2024-08-08,104.9309387,105.4607403,97.48370651,101.9620427,391910000 ,2554753565033 
2024-08-09,104.7110138,106.5603237,103.3915054,105.6006819,290844200 ,2549399052841 
2024-08-12,108.9794235,111.0286636,106.2204562,106.2804314,325559900 ,2653322024513 
2024-08-13,116.0967712,116.1867417,111.5384709,112.3981515,312646700 ,2826608089386 
2024-08-14,118.0360565,118.5558596,114.0275468,118.485886,339246400 ,2873823868057 
2024-08-15,122.8142776,123.1941335,117.4262842,118.715805,318086700 ,2990159217918 
2024-08-16,124.5336304,124.9534722,121.1348944,121.8946136,302589900 ,3032020298645 
2024-08-19,129.9516144,129.9516144,123.3740616,124.2337421,318333600 ,3163931955307 
2024-08-20,127.2026443,129.8316705,125.8431499,128.3522103,300087400 ,3097002781944 
2024-08-21,128.452179,129.3018687,126.6128674,127.2726178,257883600 ,3127425201019 
2024-08-22,123.6939468,130.7013401,123.0541856,129.9716161,376189100 ,3011576523674 
2024-08-23,129.3218384,129.5517637,125.1733893,125.8131504,323230300 ,3148598799011 
2024-08-26,126.4129333,131.2111423,124.3237149,129.5217841,331964700 ,3077775688263 
2024-08-27,128.2522583,129.1519173,123.8338973,125.0034677,303134600 ,3122557732849 
2024-08-28,125.5632553,128.2822443,122.5943594,128.0723157,448101100 ,3057088577034 
2024-08-29,117.5462341,124.3836925,116.6665644,121.3148354,453023300 ,2861898162384 
2024-08-30,119.3255768,121.7046883,117.1763754,119.4855133,333751600 ,2905219817917 
2024-09-03,107.9598083,116.1667521,107.2500735,115.9668296,477155100 ,2628497453888 
2024-09-04,106.1704712,113.2278412,104.0812527,105.3707735,372470300 ,2584932462097 
2024-09-05,107.1700974,109.6091917,104.7210122,104.9509224,306850700 ,2609270360207 
2024-09-06,102.7917404,108.1097606,100.9124351,107.9998009,413638100 ,2502670503944 
2024-09-09,106.4303818,106.5103538,103.6514175,104.8409695,273912000 ,2591260505074 
2024-09-10,108.059761,109.3592802,104.910932,107.7698681,268283700 ,2630931002220 
2024-09-11,116.8664932,117.1463878,107.3800196,109.3492877,441422400 ,2845348510551 
2024-09-12,119.1058426,120.7553711,115.3469184,116.8064989,366052700 ,2899869949547 
2024-09-13,119.0658569,119.925611,117.5662869,119.045866,238358300 ,2898896418762 
2024-09-16,116.746521,118.1461212,114.3272166,116.7565203,248772300 ,2842427546692 
2024-09-17,115.5568619,118.7659484,114.7970852,118.1361241,231925900 ,2813462916130 
2024-09-18,113.3375015,117.6662544,113.187543,115.8567757,310318900 ,2759428149651 
2024-09-19,117.8362122,119.6256999,117.2163872,117.316357,293506400 ,2868958257416 
2024-09-20,115.9667511,118.5860029,115.3569253,117.0264448,382462400 ,2823442488998 
2024-09-23,116.2266769,116.9564634,114.8270767,116.5165947,206228500 ,2829770903481 
2024-09-24,120.8353577,121.7650914,115.3469258,116.4865984,354966800 ,2941978453094 
2024-09-25,123.4745941,124.9041845,121.5751373,121.9850158,284692900 ,3006235942947 
2024-09-26,124.0044403,127.6333969,121.7650846,126.7636512,302582900 ,3019136108170 
2024-09-27,121.3652039,123.9944473,119.2258179,123.9344669,271009200 ,2954878618317 
2024-09-30,121.4051819,121.4651622,118.1161243,118.2760745,226553700 ,2955851963348 
2024-10-01,116.9664612,122.4049042,115.756809,121.7350905,302094500 ,2847782430389 
2024-10-02,118.8159256,119.3457724,115.1069901,116.4066205,221845900 ,2892811340538 
2024-10-03,122.8147812,124.3243505,120.3054986,120.8853342,277118000 ,2990171477608 
2024-10-04,124.8841858,125.0041541,121.7950753,124.9041843,243678100 ,3040555271454 
2024-10-07,127.6833954,130.6025567,124.914185,124.9541745,346250200 ,3108707627457 
2024-10-08,132.8518982,133.4417254,129.3828919,130.2226474,285722500 ,3234545165314 
2024-10-09,132.611969,134.4814433,131.342344,134.0715572,246191600 ,3228703609100 
2024-10-10,134.7713623,134.9613103,130.9624567,131.8721995,242311300 ,3281278358032 
2024-10-11,134.7613678,135.7410826,133.6216951,133.9715857,170209500 ,3281035021774 
2024-10-14,138.0304413,139.5600016,136.2609442,136.4308937,232347700 ,3360627153946 
2024-10-15,131.5622864,138.5302898,128.7031055,137.8304783,377831000 ,3203146986420 
2024-10-16,135.681076,136.5808118,131.542264,133.9415696,264879700 ,3303427158585 
2024-10-17,136.8907471,140.8496188,136.8307667,139.30006,306435900 ,3332879018921 
2024-10-18,137.960434,138.8601698,137.2406392,138.63024,176090200 ,3358922685623 
2024-10-21,143.668808,143.668808,137.9604382,138.0904058,264554500 ,3497904467972 
2024-10-22,143.5488434,144.3786073,141.7393646,142.8690456,226311600 ,3494983689865 
2024-10-23,139.519989,142.3891614,137.4206002,141.9892821,285930000 ,3396893172516 
2024-10-24,140.369751,141.3094839,138.4203131,140.7796371,172354900 ,3417582327026 
2024-10-25,141.4994202,144.0886893,140.7596421,140.8895944,205122100 ,3445086382782 
2024-10-28,140.4797363,143.0989806,140.0098698,142.9590214,173586700 ,3420260140381 
2024-10-29,141.2095032,142.2192081,138.8601708,140.2497717,157593600 ,3438027773773 
2024-10-30,139.3000488,140.2897705,136.7707754,139.4999884,179418100 ,3391538288818 
2024-10-31,132.7219391,137.5705549,132.0721315,137.5605633,270039600 ,3231381050949 
2024-11-01,135.3611908,137.2706471,134.5314421,134.6613945,207127800 ,3295638912308 
2024-11-04,136.0110016,138.920171,135.5311435,137.1706727,187528200 ,3311459855637 
2024-11-05,139.8698883,140.3297479,137.2906262,137.4105869,160537400 ,3405412170578 
2024-11-06,145.5682526,146.4480051,141.9193052,142.9190185,242043900 ,3544150245163 
2024-11-07,148.8373413,148.8873148,146.1281112,146.3480494,207323300 ,3623742748840 
2024-11-08,147.587677,149.7270628,146.2180594,148.7273495,175665800 ,3593317171967 
2024-11-11,145.2183533,148.8073357,143.5288506,148.637371,182325600 ,3535631247101 
2024-11-12,148.2474823,149.607093,145.9681371,146.7379207,198634700 ,3609381451553 
2024-11-13,146.2280579,149.2871779,145.8581536,149.0272579,191903300 ,3560214524750 
2024-11-14,146.717926,148.9572894,145.5082814,147.5976787,194463300 ,3572141344940 
2024-11-15,141.9392853,145.1983603,140.0398362,144.828456,250132900 ,3455795778671 
2024-11-18,140.1098022,141.5094099,137.1106626,139.4599948,221205300 ,3411253355286 
2024-11-19,146.9678497,147.0878257,140.9495865,141.2794938,227834900 ,3578226237411 
2024-11-20,145.848175,147.5176945,142.6890773,147.3677436,309871700 ,3550965517914 
2024-11-21,146.6279602,152.8461787,140.6596701,149.3072,400946600 ,3569950947113 
2024-11-22,141.9093018,147.1178148,141.0595546,145.8881565,236406200 ,3455065769897 
2024-11-25,135.9810028,142.0092726,135.7810632,141.9492922,344941900 ,3310729475357 
2024-11-26,136.8807526,139.2600753,135.6311109,137.6605278,190287700 ,3332635682663 
2024-11-27,135.3011932,137.1806591,131.7622149,134.971286,226370900 ,3294178151749 
2024-11-29,138.2103729,139.3100637,136.0110066,136.7407931,141863200 ,3365007949600 
2024-12-02,138.590271,140.4097414,137.7805056,138.7902106,171682800 ,3374257327942 
2024-12-03,140.2198029,140.4997214,137.9104672,138.220376,164414000 ,3413931540146 
2024-12-04,145.0984039,145.7482115,140.2497878,141.9593044,231224300 ,3532710840500 
2024-12-05,145.0284119,146.5080853,143.9186529,145.078404,172621200 ,3531006743683 
2024-12-06,142.4089966,145.6682815,141.2792377,144.5685301,188505600 ,3467231839783 
2024-12-09,138.7797546,139.9195057,137.100128,138.9397234,189308600 ,3378870686188 
2024-12-10,135.0405884,141.7891182,133.7608531,138.9797174,210020900 ,3287833205261 
2024-12-11,139.2796478,140.1394611,135.1805502,137.3300757,184905200 ,3391041585648 
2024-12-12,137.3100739,138.4098403,135.7704161,137.050136,159211400 ,3343088368088 
2024-12-13,134.2207642,139.5696052,132.5111298,138.9097453,231514900 ,3267872945007 
2024-12-16,131.9712372,134.3707081,130.3915796,134.1507548,237951100 ,3213103711685 
2024-12-17,130.3616028,131.5613384,126.8323728,129.0618828,259410300 ,3173913942963 
2024-12-18,128.8819275,136.6702241,128.2520598,133.8308463,277444500 ,3137888288605 
2024-12-19,130.6515198,134.000796,129.5217764,131.7312863,209719200 ,3180972551971 
2024-12-20,134.6706543,135.2505298,128.1920702,129.7817201,306528600 ,3278826420166 
2024-12-23,139.6395721,139.7595411,135.0905603,136.2503112,176053500 ,3399804662979 
2024-12-24,140.1894684,141.8690952,138.6198029,139.9695151,105157000 ,3413192986740 
2024-12-26,139.8995209,140.819334,137.700003,139.6695752,116205600 ,3406133634720 
2024-12-27,136.9801636,138.9897357,134.6806766,138.5198368,170582600 ,3335056042542 
2024-12-30,137.4600525,140.2394456,133.9908072,134.8006283,167734700 ,3346739897980 
2024-12-31,134.2607574,138.0399485,133.8008661,137.9999487,155659200 ,3268846661545 
2025-01-02,138.2798767,138.8497599,134.6006855,135.9703822,198247200 ,3366700158234 
2025-01-03,144.4385376,144.8684366,139.6995644,139.9795022,229322500 ,3516645074890 
2025-01-06,149.3974457,152.126862,147.787811,148.5576323,265377400 ,3637379609940 
2025-01-07,140.1094666,153.0966419,139.97949,152.9966575,351782200 ,3411245182159 
2025-01-08,140.079483,143.918643,137.5300354,142.5489463,227349900 ,3410515173386 
2025-01-10,135.8804169,139.8895384,134.1907823,137.4200749,207602500 ,3308280509537 
2025-01-13,133.2009888,133.4609419,129.4817975,129.9617039,204808900 ,3243044473572 
2025-01-14,131.7312927,136.3502967,130.0216738,136.0203668,195590500 ,3207261783966 
2025-01-15,136.2103424,136.4202881,131.2614079,133.6208947,185217300 ,3316313206589 
2025-01-16,133.5409088,138.719773,133.4609244,138.6097964,209235600 ,3251320506882 
2025-01-17,137.6800079,138.4698291,135.4304981,136.6602259,201188800 ,3352095153183 
2025-01-21,140.7993317,141.7991139,137.0601407,139.1296972,197749000 ,3428041328049 
2025-01-22,147.0379944,147.7578236,143.6387253,144.6285153,237651400 ,3579934049286 
2025-01-23,147.1879425,147.1979348,143.6887047,145.0184169,155915500 ,3583584836166 
2025-01-24,142.5889282,148.9375511,141.8490992,148.3376757,234657600 ,3471612635437 
2025-01-27,118.3942108,128.3720333,116.6745841,124.7728264,818830900 ,2882543850723 
2025-01-28,128.9619141,128.9719064,116.2246831,121.7834698,579666400 ,3139835721680 
2025-01-29,123.6730576,126.8623653,120.0238586,126.4724508,467120600 ,3011067932320 
2025-01-30,124.6228638,124.972786,118.0742867,123.0731982,392925500 ,3034192864197 
2025-01-31,120.0438538,127.8221584,119.1640481,123.753045,388161100 ,2922707707489 
2025-02-03,116.6345978,118.5441779,112.9853911,114.7250101,371235700 ,2839702552109 
2025-02-04,118.6241608,121.1736008,116.6745809,116.9345264,256550000 ,2888142442184 
2025-02-05,124.8028107,124.9727718,120.7336975,121.7334797,262230800 ,3038574031357 
2025-02-06,128.651947,128.741939,125.1827097,127.3922271,251483600 ,3132288954132 
2025-02-07,129.8117218,130.3416052,124.9727794,129.1918617,228186300 ,3160525990707 
2025-02-10,133.5409088,134.97059,129.9316946,130.061656,216989100 ,3251320506882 
2025-02-11,132.7710876,134.4507145,130.9914764,132.5511343,178902400 ,3232577670929 
2025-02-12,131.1114349,132.2112014,129.0518861,129.9916838,160278600 ,3192170106400 
2025-02-13,135.2605286,136.4702718,131.1414307,131.5313452,197430000 ,3293188088959 
2025-02-14,138.8197632,139.21967,135.4704867,136.450269,195479600 ,3379844774231 
2025-02-18,139.3696442,143.4087731,137.899963,141.2392474,219176600 ,3393232726486 
2025-02-19,139.1996765,141.3292176,137.1901197,139.4796143,167536000 ,3389094524078 
2025-02-20,140.079483,140.6293663,136.7601988,139.9994986,143903600 ,3410515173386 
2025-02-21,134.4007111,141.4291938,134.0008043,140.0094897,228217600 ,3272254112167 
2025-02-24,130.2516327,138.5598209,130.0516793,136.5302641,251381100 ,3171236501114 
2025-02-25,126.6024246,130.171647,124.4129067,129.9516937,271428700 ,3082389232262 
2025-02-26,131.2514191,133.7008827,128.4620332,129.9617066,322553800 ,3195578300034 
2025-02-27,120.1238403,134.9805977,119.9838714,134.9706054,443175800 ,2924655140564 
2025-02-28,124.8927917,125.0627529,116.3746507,117.994293,389091100 ,3040764800690 
2025-03-03,114.0351563,123.6730561,112.2555451,123.4831027,411381400 ,2776413949219 
2025-03-04,115.9647369,119.2840136,110.0860203,110.6259036,398163300 ,2823393450241 
2025-03-05,117.2744522,118.2542345,114.485059,117.55439,284337900 ,2855281087944 
2025-03-06,110.5459213,115.3248792,110.1959991,113.5052758,321181900 ,2691461546516 
2025-03-07,112.6654587,113.4552875,107.5365711,111.2257699,341755500 ,2743065922462 
2025-03-10,106.9567032,111.8256376,105.43703,109.8760654,366487400 ,2604074852470 
2025-03-11,108.7363129,112.2155506,104.7471764,106.9666941,354865700 ,2647403009354 
2025-03-12,115.725441,116.745317,112.8658001,114.1056496,323857500 ,2817567311516 
2025-03-13,115.5654602,117.7451862,113.7756845,117.0152747,299033100 ,2813672259613 
2025-03-14,121.6546936,121.8646663,118.1351397,118.595081,277593500 ,2961926825165 
2025-03-17,119.5149612,122.8745391,118.01515,122.7245565,255501500 ,2909830761375 
2025-03-18,115.4154739,119.0050185,114.5255866,117.9851502,299686900 ,2810020543968 
2025-03-19,117.5052032,120.4348347,115.6654385,117.2552347,273426200 ,2860899183456 
2025-03-20,118.5150833,120.1848713,116.455345,116.5353367,248829700 ,2885486733421 
2025-03-21,117.6851883,117.9751527,115.4054764,116.9252894,266498500 ,2865281279381 
2025-03-24,121.3947296,122.2046253,119.3249827,119.8649157,228452500 ,2955597481918 
2025-03-25,120.6748199,121.2747429,118.9050383,120.5348382,167447200 ,2938069841232 
2025-03-26,113.7456894,118.8250445,112.6958184,118.7150653,293463300 ,2769366299629 
2025-03-27,111.4159775,114.4355941,110.6460777,111.3359857,236902100 ,2712644803658 
2025-03-28,109.6561966,112.8557985,109.0562736,111.4759672,229872500 ,2669799418480 
2025-03-31,108.3663635,110.9460408,103.6369628,105.1167724,299212700 ,2638395852753 
2025-04-01,110.1361465,110.1861357,106.4566091,108.5063467,222614000 ,2681484759941 
2025-04-02,110.406105,111.9659139,106.7765645,107.2765016,220601200 ,2688057439445 
2025-04-03,101.7872009,105.6167135,101.5872215,103.496985,338769400 ,2478212980988 
2025-04-04,94.29813385,100.1174014,92.09841365,98.8975613,532273800 ,2295876664848 
2025-04-07,97.62770844,101.7371917,86.60909899,87.44898959,611041300 ,2376941817268 
2025-04-08,96.28788757,105.8366815,94.4481151,103.7969372,476243400 ,2344321198746 
2025-04-09,114.3156128,115.0855125,97.51772411,98.87755356,612918300 ,2783242224670 
2025-04-10,107.5564651,110.8460521,99.13752639,109.3562417,437812400 ,2618677256981 
2025-04-11,110.9160385,111.5359632,107.4664758,108.4863441,313417300 ,2700472789680 
2025-04-14,110.6960678,114.2756191,109.0562748,114.0956415,264705000 ,2695117162971 
2025-04-15,112.1858826,113.6057097,110.4860995,110.9560416,228966900 ,2731389682892 
2025-04-16,104.4768524,106.7765661,100.4373598,104.5368501,397016900 ,2543697925797 
2025-04-17,101.4772263,104.4568546,100.0374127,104.4368529,292517500 ,2470666027687 
2025-04-21,96.89781189,99.42749238,95.0280444,98.75757087,288501100 ,2359171026077 
2025-04-22,98.87755585,99.79743825,97.26775783,98.76756908,241004800 ,2407371852211 
2025-04-23,102.6970749,104.7868159,102.0071593,104.5068447,247526000 ,2500365682350 
2025-04-24,106.4166031,106.5265899,103.0970213,103.4669775,220815000 ,2590925035393 
2025-04-25,110.9960403,111.9059219,105.7167056,106.8365599,251064700 ,2702420594261 
2025-04-28,108.7163162,110.3561092,106.0066506,109.6761945,207708500 ,2646916151085 
2025-04-29,109.006279,110.1861308,107.4264836,107.6564504,170444300 ,2653975874611 
2025-04-30,108.9062958,108.9062958,104.0669083,104.4568586,235044600 ,2651541583267 
2025-05-01,111.5959549,114.9255377,111.2859963,113.0657711,236121500 ,2717026713829 
2025-05-02,114.4855957,115.385484,113.3557406,114.1656363,190194800 ,2787380798584 
2025-05-05,113.8056793,114.6555709,112.6458292,112.8957978,133163200 ,2770826874435 
2025-05-06,113.5257187,114.7255647,110.8060596,111.4659803,158525600 ,2764010672920 
2025-05-07,117.0452728,117.6651976,112.2658753,113.0357827,206758800 ,2849701257523 
2025-05-08,117.3552399,118.6650727,115.8354268,118.2351264,198428100 ,2857248025070 
2025-05-09,116.6353226,118.2151256,115.1955013,117.3352314,132972200 ,2839720198631 
2025-05-12,122.9845276,122.9845276,120.2648685,121.9546584,225023300 ,2994304293182 
2025-05-13,129.9136505,131.2034968,124.4543458,124.9642838,330430100 ,3163007649033 
2025-05-14,135.3229675,135.422961,131.6634244,133.1832374,281180800 ,3294708290436 
2025-05-15,134.8130341,136.2828503,132.643309,134.2730935,226632600 ,3282292940201 
2025-05-16,135.3829651,136.3328578,133.4432219,136.2028693,226542500 ,3296169050995 
2025-05-19,135.552948,135.852898,132.3733402,132.3733402,193154600 ,3300307624908 
2025-05-20,134.3630981,134.5630699,132.6033098,134.2730979,161514200 ,3271338350525 
2025-05-21,131.7834167,137.3827029,130.5735623,133.0432527,270608700 ,3208530847565 
2025-05-22,132.8132935,134.233113,131.5334557,132.2133628,187344000 ,3233605255798 
2025-05-23,131.2734833,132.6633079,129.1437615,129.9836522,198821300 ,3196115497330 
2025-05-27,135.4829407,135.6429242,133.293214,134.1331045,192953600 ,3298603156586 
2025-05-28,134.793045,137.2327407,134.7730433,136.0128928,304021100 ,3281806267685 
2025-05-29,139.1725006,143.471963,137.8926628,142.2321134,369241900 ,3388432872360 
2025-05-30,135.1130066,139.602432,132.9032779,138.7025513,333170900 ,3289596371490 
2025-06-02,137.3627167,138.1026138,135.3829549,135.4729551,197663100 ,3344370062881 
2025-06-03,141.2022247,141.9821253,137.9326321,138.7625294,225578800 ,3437850565536 
2025-06-04,141.9021454,142.3720875,139.5224399,142.1721157,167120800 ,3454891533707 
2025-06-05,139.9723969,143.981887,138.8125391,142.1521153,231397900 ,3407907946121 
2025-06-06,141.7021637,143.2519717,141.4921834,142.4920576,153986200 ,3450022579514 
2025-06-09,142.6120605,144.9817575,141.9221449,143.1719877,185114500 ,3472175838135 
2025-06-10,143.9418945,144.2718396,141.5121923,142.67205,155881900 ,3504553306152 
2025-06-11,142.8219452,144.981827,141.8619926,144.6018436,167694000 ,3477285899551 
2025-06-12,144.9918213,144.9918213,141.8420051,141.9619934,162365000 ,3530115872925 
2025-06-13,141.9619904,143.5719001,140.8420584,142.4719561,180820600 ,3456348579208 
2025-06-16,144.681839,146.1717452,143.1919176,143.3419183,183133700 ,3522568733871 
2025-06-17,144.1118622,145.2118062,143.771885,144.4818517,139108000 ,3508691508560 
2025-06-18,145.4717865,145.6417751,143.1119191,144.0018682,161494100 ,3541801585892 
2025-06-20,143.8418884,146.1917467,142.6419439,145.441789,242956200 ,3502118457550 
2025-06-23,144.1618652,144.7718314,142.0219866,142.4919613,154308900 ,3509908932861 
2025-06-24,147.8916473,147.9516568,145.4917889,145.5517831,187566100 ,3600717937759 
2025-06-25,154.3013,154.4412915,149.2515816,149.2615908,269146500 ,3756773752289 
2025-06-26,155.011261,156.7111621,153.9913142,155.9711983,198145700 ,3774059171234 
2025-06-27,157.7411041,158.7010567,155.251239,156.0311938,263234500 ,3840522662155 
2025-06-30,157.9810944,158.6510547,155.9512101,158.3910596,194580300 ,3846365704391 
2025-07-01,153.2913666,157.1911408,151.481471,156.2811884,213143600 ,3732184902054 
2025-07-02,157.2411346,157.591121,152.9613772,152.9713711,171224100 ,3828349905167 
2025-07-03,159.3310089,160.9709158,157.7611054,158.3610624,143716100 ,3879232073959 
2025-07-07,158.2310791,159.3010108,157.3311207,158.1910728,140139000 ,3852452082886 
2025-07-08,159.9909821,160.2109709,158.3810722,159.3210216,138133000 ,3895300440109 
2025-07-09,162.8708191,164.4107255,161.1509149,161.210909,183656400 ,3965415832428 
2025-07-10,164.0907593,164.4907306,161.6008941,164.3107481,167704100 ,3995117716125 
2025-07-11,164.9107056,167.8805394,163.4607903,163.7107762,193633300 ,4015080948425 
2025-07-14,164.0607605,165.4806786,162.010873,165.360675,136975800 ,3994387335846 
2025-07-15,170.6903687,172.3902697,169.1904533,171.1803465,230627400 ,4155798405579 
2025-07-16,171.3603363,171.7403198,168.8904743,171.0503562,158831500 ,4172110107986 
2025-07-17,172.9902496,174.1501879,170.8203738,172.0103091,160841100 ,4211793607834 
2025-07-18,172.4002838,174.2401764,171.2503395,173.6302102,146456400 ,4197429710007 
2025-07-21,171.3703461,173.3702334,170.9903626,172.740264,123126100 ,4172353815750 
2025-07-22,167.0205841,171.380339,164.5707253,171.3303387,193114300 ,4066450161240 
2025-07-23,170.7703705,171.2503391,167.9605313,169.520441,154082200 ,4157746210159 
2025-07-24,173.7302094,173.8202006,171.2903445,172.4302796,128984600 ,4229809407059 
2025-07-25,173.4902191,174.7101516,172.9502563,173.6002135,122316800 ,4223966364822 
2025-07-28,176.740036,176.9900219,173.9601939,174.0101942,140023500 ,4303089656754 
2025-07-29,175.5000916,179.3698836,175.010129,177.9499655,154077500 ,4272900729034 
2025-07-30,179.259903,179.8798631,176.030074,176.5000487,174312200 ,4364440857224 
2025-07-31,177.8599701,183.289672,175.920077,182.8896854,221685400 ,4330356691849 
2025-08-01,173.7102051,176.5300381,170.8803628,174.0801793,204529000 ,4229322363037 
2025-08-04,179.9898529,180.1898386,174.5101661,175.1501294,148174600 ,4382212948685 
2025-08-05,178.249939,180.2498261,175.8900715,179.6098629,156407600 ,4339851263977 
2025-08-06,179.4098816,179.8898503,176.2400622,176.3200595,137192300 ,4368092387115 
2025-08-07,180.7598114,183.8696367,178.7899213,181.5597693,151878400 ,4400959128189 
2025-08-08,182.6896973,183.2896695,180.3898239,181.5397682,123396700 ,4447946059326 
2025-08-11,182.0497284,183.8296268,180.2398329,182.0397345,138323200 ,4432364737198 
2025-08-12,183.1496735,184.4695911,179.4498852,182.9496878,145485700 ,4459145099777 
2025-08-13,181.5797577,183.9596284,179.3398938,182.6096984,179871700 ,4420922360489 
2025-08-14,182.0097351,183.0096787,179.449882,179.7398589,129554000 ,4431391020660 
2025-08-15,180.4398193,181.8897345,178.0299516,181.8697466,156602200 ,4393168281372 
2025-08-18,181.9997253,182.9296808,180.5798073,180.5898165,132008000 ,4431147312897 
2025-08-19,175.6300964,182.4897103,175.480111,182.4197069,185229200 ,4276065957916 
2025-08-20,175.3901062,175.9900785,168.7904874,175.1601234,215142700 ,4270222915680 
2025-08-21,174.9701233,176.8900131,173.8001911,174.840141,140040900 ,4259997591766 
2025-08-22,177.9799652,178.5799222,171.1903397,172.6002638,172789400 ,4333278212967 
2025-08-25,179.7998657,181.8997535,176.5600581,178.3399565,163012800 ,4377587330750 
2025-08-26,181.7597504,182.3797105,178.7999106,180.0498401,168688200 ,4425304642166 
2025-08-27,181.5897675,182.4797167,179.0899084,181.9697357,235518900 ,4421166068253 
2025-08-28,180.1598358,184.4595963,176.4000534,180.8098083,281787800 ,4386351522598 
2025-08-29,174.170166,178.1399433,173.1402253,178.0999522,243257900 ,4240521031982 
2025-09-02,170.7703705,172.3702864,167.2105736,169.9904157,231164900 ,4157746210159 
2025-09-03,170.6103821,172.4002898,168.8704899,171.0503597,164424900 ,4153850972504 
2025-09-04,171.6503296,171.8503153,169.4004564,170.5603947,141670100 ,4179170574524 
2025-09-05,167.0105896,169.0204708,164.0607589,168.0205272,224441400 ,4066206824982 
2025-09-08,168.3005066,170.9503663,167.3405693,167.5405549,163769100 ,4097612433990 
2025-09-09,170.7503662,170.970355,166.7306039,169.0804622,157548400 ,4157259166138 
2025-09-10,177.3200073,179.2798883,175.4601115,176.6300438,226852000 ,4317210218323 
2025-09-11,177.1699982,180.2799988,176.4799957,179.6799927,151159300 ,4313557945419 
2025-09-12,177.8200073,178.6000061,176.4499969,177.7700043,124911000 ,4329383718323 
2025-09-15,177.75,178.8500061,174.5099945,175.6699982,147061600 ,4327679250000 
2025-09-16,174.8800049,177.5,174.3800049,177,140737800 ,4257803478882 
2025-09-17,170.2899933,173.1999969,168.4100037,172.6399994,211843800 ,4146050466537 
2025-09-18,176.2400055,177.1000061,172.9600067,173.9799957,191763300 ,4290915413742 
2025-09-19,176.6699982,178.0800018,175.1799927,175.7700043,237182100 ,4301384445419 
2025-09-22,183.6100006,184.5500031,174.7100067,175.3000031,269637000 ,4470352684860 
2025-09-23,178.4299927,182.4199982,176.2100067,181.9700012,192559600 ,4344235031677 
2025-09-24,176.9700012,179.7799988,175.3999939,179.7700043,143564100 ,4308688619720 
2025-09-25,177.6900024,180.2599945,173.1300049,174.4799957,191586700 ,4326218489441 
2025-09-26,178.1900024,179.7700043,174.9299927,178.1699982,148573700 ,4338391989441 
2025-09-29,181.8500061,184,180.3200073,180.4299927,193063500 ,4427502098602 
2025-09-30,186.5800018,187.3500061,181.4799957,182.0800018,236981000 ,4542663304581 
2025-10-01,187.2400055,188.1399994,183.8999939,185.2400055,173844900 ,4558732413742 
2025-10-02,188.8899994,191.0500031,188.0599976,189.6000061,136805800 ,4598904815140 
2025-10-03,187.6199951,190.3600006,185.3800049,189.1900024,137596900 ,4567984021118 
2025-10-06,185.5399933,187.2299957,183.3300018,185.5,157678100 ,4517342216537 
2025-10-07,185.0399933,189.0599976,184,186.2299957,140088000 ,4505168716537 
2025-10-08,189.1100006,189.6000061,186.5399933,186.5700073,130168900 ,4604261184860 
2025-10-09,192.5700073,195.3000031,191.0599976,192.2299957,182997200 ,4688501968323 
2025-10-10,183.1600037,195.6199951,182.0500031,193.5099945,268774400 ,4459396609161 
2025-10-13,188.3200073,190.1100006,185.9600067,187.9700012,153482800 ,4585027218323 
2025-10-14,180.0299988,184.8000031,179.6999969,184.7700043,205641400 ,4383190380280 
2025-10-15,179.8300018,184.8699951,177.2899933,184.8000031,214450500 ,4378321054581 
2025-10-16,181.8099976,183.2799988,179.7700043,182.2299957,179723300 ,4426528010559 
2025-10-17,183.2200012,184.1000061,179.75,180.1799927,173135200 ,4460857369720 
2025-10-20,182.6399994,185.1999969,181.7299957,183.1300049,128544700 ,4446736065140 
2025-10-21,181.1600037,182.7899933,179.8000031,182.7899933,124240200 ,4410702609161 
2025-10-22,180.2799988,183.4400024,176.7599945,181.1399994,162249600 ,4389277130280 
2025-10-23,182.1600037,183.0299988,179.7899933,180.4199982,111363700 ,4435049609161 
2025-10-24,186.2599945,187.4700012,183.5,183.8399963,131296700 ,4534872086258 
2025-10-27,191.4900055,192,188.4299927,189.9900055,153452700 ,4662207163742 
2025-10-28,201.0299988,203.1499939,191.9100037,193.0500031,297986200 ,4894477380280 
2025-10-29,207.0399933,212.1900024,204.7799988,207.9799957,308829600 ,5040802716537 
2025-10-30,202.8899994,206.1600037,201.4100037,205.1499939,178864400 ,4939762815140 
2025-10-31,202.4900055,207.9700012,202.0700073,206.4499969,179802200 ,4930024163742 
2025-11-03,206.8800049,211.3399963,205.5599976,208.0800018,179626400 ,5036907478882 
2025-11-03,206.8800049,211.3399963,205.5599976,208.0800018,179626400 ,5036907478882 
